ISO-10303-21;
HEADER;
/* Generated by software containing ST-Developer
 * from STEP Tools, Inc. (www.steptools.com) 
 */
/* OPTION: using custom renumber hook */

FILE_DESCRIPTION(
/* description */ ('STEP AP242 Edition 2',
'CAx-IF Rec.Pracs.---Representation and Presentation of Product Manufa
cturing Information (PMI)---4.0---2014-10-13',
'CAx-IF Rec.Pracs.---3D Tessellated Geometry---0.4---2014-09-14','2;1',
'CAx-IF Rec.Pracs.---User Defined Attributes---1.5---2016-08-15'),
/* implementation_level */ '2;1');

FILE_NAME(
/* name */ 'Long Side Wall - Long Side Wall',
/* time_stamp */ '2026-09-28T19:16:54Z',
/* author */ (''),
/* organization */ (''),
/* preprocessor_version */ 'ST-DEVELOPER v20',
/* originating_system */ 'ONSHAPE BY PTC INC, 1.221',
/* authorisation */ '  ');

FILE_SCHEMA (('AP242_MANAGED_MODEL_BASED_3D_ENGINEERING_MIM_LF { 1 0 10303 442 3 1 4 }'));
ENDSEC;

DATA;
#10=SHAPE_REPRESENTATION_RELATIONSHIP('','',#10631,#11);
#11=ADVANCED_BREP_SHAPE_REPRESENTATION('',(#10629),#17072);
#12=CIRCLE('',#10887,0.002);
#13=CIRCLE('',#10888,0.002);
#14=CIRCLE('',#10891,0.002);
#15=CIRCLE('',#10892,0.002);
#16=CIRCLE('',#10895,0.002);
#17=CIRCLE('',#10896,0.002);
#18=CIRCLE('',#10899,0.002);
#19=CIRCLE('',#10900,0.002);
#20=CIRCLE('',#10903,0.002);
#21=CIRCLE('',#10904,0.002);
#22=CIRCLE('',#10907,0.002);
#23=CIRCLE('',#10908,0.002);
#24=CIRCLE('',#10911,0.002);
#25=CIRCLE('',#10912,0.002);
#26=CIRCLE('',#10915,0.002);
#27=CIRCLE('',#10916,0.002);
#28=CIRCLE('',#10919,0.002);
#29=CIRCLE('',#10920,0.002);
#30=CIRCLE('',#10923,0.002);
#31=CIRCLE('',#10924,0.002);
#32=CIRCLE('',#10927,0.002);
#33=CIRCLE('',#10928,0.002);
#34=CIRCLE('',#10931,0.002);
#35=CIRCLE('',#10932,0.002);
#36=CIRCLE('',#10935,0.002);
#37=CIRCLE('',#10936,0.002);
#38=CIRCLE('',#10939,0.002);
#39=CIRCLE('',#10940,0.002);
#40=CIRCLE('',#10943,0.002);
#41=CIRCLE('',#10944,0.002);
#42=CIRCLE('',#10947,0.002);
#43=CIRCLE('',#10948,0.002);
#44=CIRCLE('',#10951,0.002);
#45=CIRCLE('',#10952,0.002);
#46=CIRCLE('',#10955,0.002);
#47=CIRCLE('',#10956,0.002);
#48=CIRCLE('',#10959,0.002);
#49=CIRCLE('',#10960,0.002);
#50=CIRCLE('',#10963,0.002);
#51=CIRCLE('',#10964,0.002);
#52=CIRCLE('',#10967,0.002);
#53=CIRCLE('',#10968,0.002);
#54=CIRCLE('',#10971,0.002);
#55=CIRCLE('',#10972,0.002);
#56=CIRCLE('',#10975,0.002);
#57=CIRCLE('',#10976,0.002);
#58=CIRCLE('',#10979,0.002);
#59=CIRCLE('',#10980,0.002);
#60=CIRCLE('',#10983,0.002);
#61=CIRCLE('',#10984,0.002);
#62=CIRCLE('',#10987,0.002);
#63=CIRCLE('',#10988,0.002);
#64=CIRCLE('',#10991,0.002);
#65=CIRCLE('',#10992,0.002);
#66=CIRCLE('',#10995,0.002);
#67=CIRCLE('',#10996,0.002);
#68=CIRCLE('',#10999,0.002);
#69=CIRCLE('',#11000,0.002);
#70=CIRCLE('',#11003,0.002);
#71=CIRCLE('',#11004,0.002);
#72=CIRCLE('',#11007,0.002);
#73=CIRCLE('',#11008,0.002);
#74=CIRCLE('',#11011,0.002);
#75=CIRCLE('',#11012,0.002);
#76=CIRCLE('',#11015,0.002);
#77=CIRCLE('',#11016,0.002);
#78=CIRCLE('',#11019,0.002);
#79=CIRCLE('',#11020,0.002);
#80=CIRCLE('',#11023,0.002);
#81=CIRCLE('',#11024,0.002);
#82=CIRCLE('',#11027,0.002);
#83=CIRCLE('',#11028,0.002);
#84=CIRCLE('',#11031,0.002);
#85=CIRCLE('',#11032,0.002);
#86=CIRCLE('',#11035,0.002);
#87=CIRCLE('',#11036,0.002);
#88=CIRCLE('',#11039,0.002);
#89=CIRCLE('',#11040,0.002);
#90=CIRCLE('',#11043,0.002);
#91=CIRCLE('',#11044,0.002);
#92=CIRCLE('',#11047,0.002);
#93=CIRCLE('',#11048,0.002);
#94=CIRCLE('',#11051,0.002);
#95=CIRCLE('',#11052,0.002);
#96=CIRCLE('',#11055,0.002);
#97=CIRCLE('',#11056,0.002);
#98=CIRCLE('',#11059,0.002);
#99=CIRCLE('',#11060,0.002);
#100=CIRCLE('',#11063,0.002);
#101=CIRCLE('',#11064,0.002);
#102=CIRCLE('',#11067,0.002);
#103=CIRCLE('',#11068,0.002);
#104=CIRCLE('',#11071,0.002);
#105=CIRCLE('',#11072,0.002);
#106=CIRCLE('',#11075,0.002);
#107=CIRCLE('',#11076,0.002);
#108=CIRCLE('',#11079,0.002);
#109=CIRCLE('',#11080,0.002);
#110=CIRCLE('',#11083,0.002);
#111=CIRCLE('',#11084,0.002);
#112=CIRCLE('',#11087,0.002);
#113=CIRCLE('',#11088,0.002);
#114=CIRCLE('',#11091,0.002);
#115=CIRCLE('',#11092,0.002);
#116=CIRCLE('',#11095,0.002);
#117=CIRCLE('',#11096,0.002);
#118=CIRCLE('',#11099,0.002);
#119=CIRCLE('',#11100,0.002);
#120=CIRCLE('',#11103,0.002);
#121=CIRCLE('',#11104,0.002);
#122=CIRCLE('',#11107,0.002);
#123=CIRCLE('',#11108,0.002);
#124=CIRCLE('',#11111,0.002);
#125=CIRCLE('',#11112,0.002);
#126=CIRCLE('',#11115,0.002);
#127=CIRCLE('',#11116,0.002);
#128=CIRCLE('',#11119,0.002);
#129=CIRCLE('',#11120,0.002);
#130=CIRCLE('',#11123,0.002);
#131=CIRCLE('',#11124,0.002);
#132=CIRCLE('',#11127,0.002);
#133=CIRCLE('',#11128,0.002);
#134=CIRCLE('',#11131,0.002);
#135=CIRCLE('',#11132,0.002);
#136=CIRCLE('',#11135,0.002);
#137=CIRCLE('',#11136,0.002);
#138=CIRCLE('',#11139,0.002);
#139=CIRCLE('',#11140,0.002);
#140=CIRCLE('',#11143,0.002);
#141=CIRCLE('',#11144,0.002);
#142=CIRCLE('',#11147,0.002);
#143=CIRCLE('',#11148,0.002);
#144=CIRCLE('',#11151,0.002);
#145=CIRCLE('',#11152,0.002);
#146=CIRCLE('',#11155,0.002);
#147=CIRCLE('',#11156,0.002);
#148=CIRCLE('',#11159,0.002);
#149=CIRCLE('',#11160,0.002);
#150=CIRCLE('',#11163,0.002);
#151=CIRCLE('',#11164,0.002);
#152=CIRCLE('',#11167,0.002);
#153=CIRCLE('',#11168,0.002);
#154=CIRCLE('',#11171,0.002);
#155=CIRCLE('',#11172,0.002);
#156=CIRCLE('',#11175,0.002);
#157=CIRCLE('',#11176,0.002);
#158=CIRCLE('',#11179,0.002);
#159=CIRCLE('',#11180,0.002);
#160=CIRCLE('',#11183,0.002);
#161=CIRCLE('',#11184,0.002);
#162=CIRCLE('',#11187,0.002);
#163=CIRCLE('',#11188,0.002);
#164=CIRCLE('',#11191,0.002);
#165=CIRCLE('',#11192,0.002);
#166=CIRCLE('',#11195,0.002);
#167=CIRCLE('',#11196,0.002);
#168=CIRCLE('',#11199,0.002);
#169=CIRCLE('',#11200,0.002);
#170=CIRCLE('',#11203,0.002);
#171=CIRCLE('',#11204,0.002);
#172=CIRCLE('',#11207,0.002);
#173=CIRCLE('',#11208,0.002);
#174=CIRCLE('',#11211,0.002);
#175=CIRCLE('',#11212,0.002);
#176=CIRCLE('',#11215,0.002);
#177=CIRCLE('',#11216,0.002);
#178=CIRCLE('',#11219,0.002);
#179=CIRCLE('',#11220,0.002);
#180=CIRCLE('',#11223,0.002);
#181=CIRCLE('',#11224,0.002);
#182=CIRCLE('',#11227,0.002);
#183=CIRCLE('',#11228,0.002);
#184=CIRCLE('',#11231,0.002);
#185=CIRCLE('',#11232,0.002);
#186=CIRCLE('',#11235,0.002);
#187=CIRCLE('',#11236,0.002);
#188=CIRCLE('',#11239,0.002);
#189=CIRCLE('',#11240,0.002);
#190=CIRCLE('',#11243,0.002);
#191=CIRCLE('',#11244,0.002);
#192=CIRCLE('',#11247,0.002);
#193=CIRCLE('',#11248,0.002);
#194=CIRCLE('',#11251,0.002);
#195=CIRCLE('',#11252,0.002);
#196=CIRCLE('',#11254,0.003);
#197=CIRCLE('',#11255,0.003);
#198=CIRCLE('',#11257,0.003);
#199=CIRCLE('',#11258,0.003);
#200=CIRCLE('',#11260,0.003);
#201=CIRCLE('',#11261,0.003);
#202=CIRCLE('',#11263,0.003);
#203=CIRCLE('',#11264,0.003);
#204=CIRCLE('',#11266,0.002);
#205=CIRCLE('',#11267,0.002);
#206=CIRCLE('',#11268,0.002);
#207=CIRCLE('',#11269,0.002);
#208=CIRCLE('',#11271,0.002);
#209=CIRCLE('',#11272,0.002);
#210=CIRCLE('',#11273,0.002);
#211=CIRCLE('',#11274,0.002);
#212=CIRCLE('',#11276,0.00175);
#213=CIRCLE('',#11277,0.00175);
#214=CIRCLE('',#11280,0.003);
#215=CIRCLE('',#11281,0.003);
#216=CIRCLE('',#11283,0.003);
#217=CIRCLE('',#11284,0.003);
#218=CIRCLE('',#11287,0.00175);
#219=CIRCLE('',#11288,0.00175);
#220=CIRCLE('',#11291,0.003);
#221=CIRCLE('',#11292,0.003);
#222=CIRCLE('',#11294,0.00155);
#223=CIRCLE('',#11295,0.00155);
#224=CIRCLE('',#11296,0.003);
#225=CIRCLE('',#11298,0.003);
#226=CIRCLE('',#11299,0.003);
#227=CIRCLE('',#11305,0.003);
#228=CIRCLE('',#11310,0.003);
#229=CIRCLE('',#11312,0.003);
#230=CIRCLE('',#11315,0.0015);
#231=CIRCLE('',#11317,0.0015);
#232=CIRCLE('',#11320,0.0015);
#233=CIRCLE('',#11322,0.0015);
#234=CIRCLE('',#11325,0.0015);
#235=CIRCLE('',#11327,0.0015);
#236=CIRCLE('',#11330,0.0015);
#237=CIRCLE('',#11332,0.0015);
#238=CIRCLE('',#11358,0.00155);
#239=CIRCLE('',#11361,0.00155);
#240=CYLINDRICAL_SURFACE('',#10886,0.002);
#241=CYLINDRICAL_SURFACE('',#10890,0.002);
#242=CYLINDRICAL_SURFACE('',#10894,0.002);
#243=CYLINDRICAL_SURFACE('',#10898,0.002);
#244=CYLINDRICAL_SURFACE('',#10902,0.002);
#245=CYLINDRICAL_SURFACE('',#10906,0.002);
#246=CYLINDRICAL_SURFACE('',#10910,0.002);
#247=CYLINDRICAL_SURFACE('',#10914,0.002);
#248=CYLINDRICAL_SURFACE('',#10918,0.002);
#249=CYLINDRICAL_SURFACE('',#10922,0.002);
#250=CYLINDRICAL_SURFACE('',#10926,0.002);
#251=CYLINDRICAL_SURFACE('',#10930,0.002);
#252=CYLINDRICAL_SURFACE('',#10934,0.002);
#253=CYLINDRICAL_SURFACE('',#10938,0.002);
#254=CYLINDRICAL_SURFACE('',#10942,0.002);
#255=CYLINDRICAL_SURFACE('',#10946,0.002);
#256=CYLINDRICAL_SURFACE('',#10950,0.002);
#257=CYLINDRICAL_SURFACE('',#10954,0.002);
#258=CYLINDRICAL_SURFACE('',#10958,0.002);
#259=CYLINDRICAL_SURFACE('',#10962,0.002);
#260=CYLINDRICAL_SURFACE('',#10966,0.002);
#261=CYLINDRICAL_SURFACE('',#10970,0.002);
#262=CYLINDRICAL_SURFACE('',#10974,0.002);
#263=CYLINDRICAL_SURFACE('',#10978,0.002);
#264=CYLINDRICAL_SURFACE('',#10982,0.002);
#265=CYLINDRICAL_SURFACE('',#10986,0.002);
#266=CYLINDRICAL_SURFACE('',#10990,0.002);
#267=CYLINDRICAL_SURFACE('',#10994,0.002);
#268=CYLINDRICAL_SURFACE('',#10998,0.002);
#269=CYLINDRICAL_SURFACE('',#11002,0.002);
#270=CYLINDRICAL_SURFACE('',#11006,0.002);
#271=CYLINDRICAL_SURFACE('',#11010,0.002);
#272=CYLINDRICAL_SURFACE('',#11014,0.002);
#273=CYLINDRICAL_SURFACE('',#11018,0.002);
#274=CYLINDRICAL_SURFACE('',#11022,0.002);
#275=CYLINDRICAL_SURFACE('',#11026,0.002);
#276=CYLINDRICAL_SURFACE('',#11030,0.002);
#277=CYLINDRICAL_SURFACE('',#11034,0.002);
#278=CYLINDRICAL_SURFACE('',#11038,0.002);
#279=CYLINDRICAL_SURFACE('',#11042,0.002);
#280=CYLINDRICAL_SURFACE('',#11046,0.002);
#281=CYLINDRICAL_SURFACE('',#11050,0.002);
#282=CYLINDRICAL_SURFACE('',#11054,0.002);
#283=CYLINDRICAL_SURFACE('',#11058,0.002);
#284=CYLINDRICAL_SURFACE('',#11062,0.002);
#285=CYLINDRICAL_SURFACE('',#11066,0.002);
#286=CYLINDRICAL_SURFACE('',#11070,0.002);
#287=CYLINDRICAL_SURFACE('',#11074,0.002);
#288=CYLINDRICAL_SURFACE('',#11078,0.002);
#289=CYLINDRICAL_SURFACE('',#11082,0.002);
#290=CYLINDRICAL_SURFACE('',#11086,0.002);
#291=CYLINDRICAL_SURFACE('',#11090,0.002);
#292=CYLINDRICAL_SURFACE('',#11094,0.002);
#293=CYLINDRICAL_SURFACE('',#11098,0.002);
#294=CYLINDRICAL_SURFACE('',#11102,0.002);
#295=CYLINDRICAL_SURFACE('',#11106,0.002);
#296=CYLINDRICAL_SURFACE('',#11110,0.002);
#297=CYLINDRICAL_SURFACE('',#11114,0.002);
#298=CYLINDRICAL_SURFACE('',#11118,0.002);
#299=CYLINDRICAL_SURFACE('',#11122,0.002);
#300=CYLINDRICAL_SURFACE('',#11126,0.002);
#301=CYLINDRICAL_SURFACE('',#11130,0.002);
#302=CYLINDRICAL_SURFACE('',#11134,0.002);
#303=CYLINDRICAL_SURFACE('',#11138,0.002);
#304=CYLINDRICAL_SURFACE('',#11142,0.002);
#305=CYLINDRICAL_SURFACE('',#11146,0.002);
#306=CYLINDRICAL_SURFACE('',#11150,0.002);
#307=CYLINDRICAL_SURFACE('',#11154,0.002);
#308=CYLINDRICAL_SURFACE('',#11158,0.002);
#309=CYLINDRICAL_SURFACE('',#11162,0.002);
#310=CYLINDRICAL_SURFACE('',#11166,0.002);
#311=CYLINDRICAL_SURFACE('',#11170,0.002);
#312=CYLINDRICAL_SURFACE('',#11174,0.002);
#313=CYLINDRICAL_SURFACE('',#11178,0.002);
#314=CYLINDRICAL_SURFACE('',#11182,0.002);
#315=CYLINDRICAL_SURFACE('',#11186,0.002);
#316=CYLINDRICAL_SURFACE('',#11190,0.002);
#317=CYLINDRICAL_SURFACE('',#11194,0.002);
#318=CYLINDRICAL_SURFACE('',#11198,0.002);
#319=CYLINDRICAL_SURFACE('',#11202,0.002);
#320=CYLINDRICAL_SURFACE('',#11206,0.002);
#321=CYLINDRICAL_SURFACE('',#11210,0.002);
#322=CYLINDRICAL_SURFACE('',#11214,0.002);
#323=CYLINDRICAL_SURFACE('',#11218,0.002);
#324=CYLINDRICAL_SURFACE('',#11222,0.002);
#325=CYLINDRICAL_SURFACE('',#11226,0.002);
#326=CYLINDRICAL_SURFACE('',#11230,0.002);
#327=CYLINDRICAL_SURFACE('',#11234,0.002);
#328=CYLINDRICAL_SURFACE('',#11238,0.002);
#329=CYLINDRICAL_SURFACE('',#11242,0.002);
#330=CYLINDRICAL_SURFACE('',#11246,0.002);
#331=CYLINDRICAL_SURFACE('',#11250,0.002);
#332=CYLINDRICAL_SURFACE('',#11253,0.003);
#333=CYLINDRICAL_SURFACE('',#11256,0.003);
#334=CYLINDRICAL_SURFACE('',#11259,0.003);
#335=CYLINDRICAL_SURFACE('',#11262,0.003);
#336=CYLINDRICAL_SURFACE('',#11275,0.00175);
#337=CYLINDRICAL_SURFACE('',#11279,0.003);
#338=CYLINDRICAL_SURFACE('',#11282,0.003);
#339=CYLINDRICAL_SURFACE('',#11286,0.00175);
#340=CYLINDRICAL_SURFACE('',#11290,0.003);
#341=CYLINDRICAL_SURFACE('',#11297,0.003);
#342=CYLINDRICAL_SURFACE('',#11309,0.003);
#343=CYLINDRICAL_SURFACE('',#11311,0.003);
#344=CYLINDRICAL_SURFACE('',#11333,0.0015);
#345=CYLINDRICAL_SURFACE('',#11334,0.0015);
#346=CYLINDRICAL_SURFACE('',#11335,0.0015);
#347=CYLINDRICAL_SURFACE('',#11336,0.0015);
#348=CYLINDRICAL_SURFACE('',#11337,0.002);
#349=CYLINDRICAL_SURFACE('',#11339,0.002);
#350=CYLINDRICAL_SURFACE('',#11341,0.002);
#351=CYLINDRICAL_SURFACE('',#11343,0.002);
#352=CYLINDRICAL_SURFACE('',#11357,0.00155);
#353=CYLINDRICAL_SURFACE('',#11360,0.00155);
#354=ORIENTED_EDGE('',*,*,#3330,.T.);
#355=ORIENTED_EDGE('',*,*,#3331,.T.);
#356=ORIENTED_EDGE('',*,*,#3332,.F.);
#357=ORIENTED_EDGE('',*,*,#3333,.F.);
#358=ORIENTED_EDGE('',*,*,#3332,.T.);
#359=ORIENTED_EDGE('',*,*,#3334,.T.);
#360=ORIENTED_EDGE('',*,*,#3335,.F.);
#361=ORIENTED_EDGE('',*,*,#3336,.F.);
#362=ORIENTED_EDGE('',*,*,#3335,.T.);
#363=ORIENTED_EDGE('',*,*,#3337,.T.);
#364=ORIENTED_EDGE('',*,*,#3338,.F.);
#365=ORIENTED_EDGE('',*,*,#3339,.F.);
#366=ORIENTED_EDGE('',*,*,#3338,.T.);
#367=ORIENTED_EDGE('',*,*,#3340,.T.);
#368=ORIENTED_EDGE('',*,*,#3341,.F.);
#369=ORIENTED_EDGE('',*,*,#3342,.F.);
#370=ORIENTED_EDGE('',*,*,#3341,.T.);
#371=ORIENTED_EDGE('',*,*,#3343,.T.);
#372=ORIENTED_EDGE('',*,*,#3344,.F.);
#373=ORIENTED_EDGE('',*,*,#3345,.F.);
#374=ORIENTED_EDGE('',*,*,#3344,.T.);
#375=ORIENTED_EDGE('',*,*,#3346,.T.);
#376=ORIENTED_EDGE('',*,*,#3330,.F.);
#377=ORIENTED_EDGE('',*,*,#3347,.F.);
#378=ORIENTED_EDGE('',*,*,#3348,.T.);
#379=ORIENTED_EDGE('',*,*,#3349,.T.);
#380=ORIENTED_EDGE('',*,*,#3350,.F.);
#381=ORIENTED_EDGE('',*,*,#3351,.F.);
#382=ORIENTED_EDGE('',*,*,#3350,.T.);
#383=ORIENTED_EDGE('',*,*,#3352,.T.);
#384=ORIENTED_EDGE('',*,*,#3353,.F.);
#385=ORIENTED_EDGE('',*,*,#3354,.F.);
#386=ORIENTED_EDGE('',*,*,#3353,.T.);
#387=ORIENTED_EDGE('',*,*,#3355,.T.);
#388=ORIENTED_EDGE('',*,*,#3356,.F.);
#389=ORIENTED_EDGE('',*,*,#3357,.F.);
#390=ORIENTED_EDGE('',*,*,#3356,.T.);
#391=ORIENTED_EDGE('',*,*,#3358,.T.);
#392=ORIENTED_EDGE('',*,*,#3359,.F.);
#393=ORIENTED_EDGE('',*,*,#3360,.F.);
#394=ORIENTED_EDGE('',*,*,#3359,.T.);
#395=ORIENTED_EDGE('',*,*,#3361,.T.);
#396=ORIENTED_EDGE('',*,*,#3362,.F.);
#397=ORIENTED_EDGE('',*,*,#3363,.F.);
#398=ORIENTED_EDGE('',*,*,#3362,.T.);
#399=ORIENTED_EDGE('',*,*,#3364,.T.);
#400=ORIENTED_EDGE('',*,*,#3348,.F.);
#401=ORIENTED_EDGE('',*,*,#3365,.F.);
#402=ORIENTED_EDGE('',*,*,#3366,.T.);
#403=ORIENTED_EDGE('',*,*,#3367,.T.);
#404=ORIENTED_EDGE('',*,*,#3368,.F.);
#405=ORIENTED_EDGE('',*,*,#3369,.F.);
#406=ORIENTED_EDGE('',*,*,#3368,.T.);
#407=ORIENTED_EDGE('',*,*,#3370,.T.);
#408=ORIENTED_EDGE('',*,*,#3371,.F.);
#409=ORIENTED_EDGE('',*,*,#3372,.F.);
#410=ORIENTED_EDGE('',*,*,#3371,.T.);
#411=ORIENTED_EDGE('',*,*,#3373,.T.);
#412=ORIENTED_EDGE('',*,*,#3374,.F.);
#413=ORIENTED_EDGE('',*,*,#3375,.F.);
#414=ORIENTED_EDGE('',*,*,#3374,.T.);
#415=ORIENTED_EDGE('',*,*,#3376,.T.);
#416=ORIENTED_EDGE('',*,*,#3377,.F.);
#417=ORIENTED_EDGE('',*,*,#3378,.F.);
#418=ORIENTED_EDGE('',*,*,#3377,.T.);
#419=ORIENTED_EDGE('',*,*,#3379,.T.);
#420=ORIENTED_EDGE('',*,*,#3380,.F.);
#421=ORIENTED_EDGE('',*,*,#3381,.F.);
#422=ORIENTED_EDGE('',*,*,#3380,.T.);
#423=ORIENTED_EDGE('',*,*,#3382,.T.);
#424=ORIENTED_EDGE('',*,*,#3366,.F.);
#425=ORIENTED_EDGE('',*,*,#3383,.F.);
#426=ORIENTED_EDGE('',*,*,#3384,.T.);
#427=ORIENTED_EDGE('',*,*,#3385,.T.);
#428=ORIENTED_EDGE('',*,*,#3386,.F.);
#429=ORIENTED_EDGE('',*,*,#3387,.F.);
#430=ORIENTED_EDGE('',*,*,#3386,.T.);
#431=ORIENTED_EDGE('',*,*,#3388,.T.);
#432=ORIENTED_EDGE('',*,*,#3389,.F.);
#433=ORIENTED_EDGE('',*,*,#3390,.F.);
#434=ORIENTED_EDGE('',*,*,#3389,.T.);
#435=ORIENTED_EDGE('',*,*,#3391,.T.);
#436=ORIENTED_EDGE('',*,*,#3392,.F.);
#437=ORIENTED_EDGE('',*,*,#3393,.F.);
#438=ORIENTED_EDGE('',*,*,#3392,.T.);
#439=ORIENTED_EDGE('',*,*,#3394,.T.);
#440=ORIENTED_EDGE('',*,*,#3395,.F.);
#441=ORIENTED_EDGE('',*,*,#3396,.F.);
#442=ORIENTED_EDGE('',*,*,#3395,.T.);
#443=ORIENTED_EDGE('',*,*,#3397,.T.);
#444=ORIENTED_EDGE('',*,*,#3398,.F.);
#445=ORIENTED_EDGE('',*,*,#3399,.F.);
#446=ORIENTED_EDGE('',*,*,#3398,.T.);
#447=ORIENTED_EDGE('',*,*,#3400,.T.);
#448=ORIENTED_EDGE('',*,*,#3384,.F.);
#449=ORIENTED_EDGE('',*,*,#3401,.F.);
#450=ORIENTED_EDGE('',*,*,#3402,.T.);
#451=ORIENTED_EDGE('',*,*,#3403,.T.);
#452=ORIENTED_EDGE('',*,*,#3404,.F.);
#453=ORIENTED_EDGE('',*,*,#3405,.F.);
#454=ORIENTED_EDGE('',*,*,#3404,.T.);
#455=ORIENTED_EDGE('',*,*,#3406,.T.);
#456=ORIENTED_EDGE('',*,*,#3407,.F.);
#457=ORIENTED_EDGE('',*,*,#3408,.F.);
#458=ORIENTED_EDGE('',*,*,#3407,.T.);
#459=ORIENTED_EDGE('',*,*,#3409,.T.);
#460=ORIENTED_EDGE('',*,*,#3410,.F.);
#461=ORIENTED_EDGE('',*,*,#3411,.F.);
#462=ORIENTED_EDGE('',*,*,#3410,.T.);
#463=ORIENTED_EDGE('',*,*,#3412,.T.);
#464=ORIENTED_EDGE('',*,*,#3413,.F.);
#465=ORIENTED_EDGE('',*,*,#3414,.F.);
#466=ORIENTED_EDGE('',*,*,#3413,.T.);
#467=ORIENTED_EDGE('',*,*,#3415,.T.);
#468=ORIENTED_EDGE('',*,*,#3416,.F.);
#469=ORIENTED_EDGE('',*,*,#3417,.F.);
#470=ORIENTED_EDGE('',*,*,#3416,.T.);
#471=ORIENTED_EDGE('',*,*,#3418,.T.);
#472=ORIENTED_EDGE('',*,*,#3402,.F.);
#473=ORIENTED_EDGE('',*,*,#3419,.F.);
#474=ORIENTED_EDGE('',*,*,#3420,.T.);
#475=ORIENTED_EDGE('',*,*,#3421,.T.);
#476=ORIENTED_EDGE('',*,*,#3422,.F.);
#477=ORIENTED_EDGE('',*,*,#3423,.F.);
#478=ORIENTED_EDGE('',*,*,#3422,.T.);
#479=ORIENTED_EDGE('',*,*,#3424,.T.);
#480=ORIENTED_EDGE('',*,*,#3425,.F.);
#481=ORIENTED_EDGE('',*,*,#3426,.F.);
#482=ORIENTED_EDGE('',*,*,#3425,.T.);
#483=ORIENTED_EDGE('',*,*,#3427,.T.);
#484=ORIENTED_EDGE('',*,*,#3428,.F.);
#485=ORIENTED_EDGE('',*,*,#3429,.F.);
#486=ORIENTED_EDGE('',*,*,#3428,.T.);
#487=ORIENTED_EDGE('',*,*,#3430,.T.);
#488=ORIENTED_EDGE('',*,*,#3431,.F.);
#489=ORIENTED_EDGE('',*,*,#3432,.F.);
#490=ORIENTED_EDGE('',*,*,#3431,.T.);
#491=ORIENTED_EDGE('',*,*,#3433,.T.);
#492=ORIENTED_EDGE('',*,*,#3434,.F.);
#493=ORIENTED_EDGE('',*,*,#3435,.F.);
#494=ORIENTED_EDGE('',*,*,#3434,.T.);
#495=ORIENTED_EDGE('',*,*,#3436,.T.);
#496=ORIENTED_EDGE('',*,*,#3420,.F.);
#497=ORIENTED_EDGE('',*,*,#3437,.F.);
#498=ORIENTED_EDGE('',*,*,#3438,.T.);
#499=ORIENTED_EDGE('',*,*,#3439,.T.);
#500=ORIENTED_EDGE('',*,*,#3440,.F.);
#501=ORIENTED_EDGE('',*,*,#3441,.F.);
#502=ORIENTED_EDGE('',*,*,#3440,.T.);
#503=ORIENTED_EDGE('',*,*,#3442,.T.);
#504=ORIENTED_EDGE('',*,*,#3443,.F.);
#505=ORIENTED_EDGE('',*,*,#3444,.F.);
#506=ORIENTED_EDGE('',*,*,#3443,.T.);
#507=ORIENTED_EDGE('',*,*,#3445,.T.);
#508=ORIENTED_EDGE('',*,*,#3446,.F.);
#509=ORIENTED_EDGE('',*,*,#3447,.F.);
#510=ORIENTED_EDGE('',*,*,#3446,.T.);
#511=ORIENTED_EDGE('',*,*,#3448,.T.);
#512=ORIENTED_EDGE('',*,*,#3449,.F.);
#513=ORIENTED_EDGE('',*,*,#3450,.F.);
#514=ORIENTED_EDGE('',*,*,#3449,.T.);
#515=ORIENTED_EDGE('',*,*,#3451,.T.);
#516=ORIENTED_EDGE('',*,*,#3452,.F.);
#517=ORIENTED_EDGE('',*,*,#3453,.F.);
#518=ORIENTED_EDGE('',*,*,#3452,.T.);
#519=ORIENTED_EDGE('',*,*,#3454,.T.);
#520=ORIENTED_EDGE('',*,*,#3438,.F.);
#521=ORIENTED_EDGE('',*,*,#3455,.F.);
#522=ORIENTED_EDGE('',*,*,#3456,.T.);
#523=ORIENTED_EDGE('',*,*,#3457,.T.);
#524=ORIENTED_EDGE('',*,*,#3458,.F.);
#525=ORIENTED_EDGE('',*,*,#3459,.F.);
#526=ORIENTED_EDGE('',*,*,#3458,.T.);
#527=ORIENTED_EDGE('',*,*,#3460,.T.);
#528=ORIENTED_EDGE('',*,*,#3461,.F.);
#529=ORIENTED_EDGE('',*,*,#3462,.F.);
#530=ORIENTED_EDGE('',*,*,#3461,.T.);
#531=ORIENTED_EDGE('',*,*,#3463,.T.);
#532=ORIENTED_EDGE('',*,*,#3464,.F.);
#533=ORIENTED_EDGE('',*,*,#3465,.F.);
#534=ORIENTED_EDGE('',*,*,#3464,.T.);
#535=ORIENTED_EDGE('',*,*,#3466,.T.);
#536=ORIENTED_EDGE('',*,*,#3467,.F.);
#537=ORIENTED_EDGE('',*,*,#3468,.F.);
#538=ORIENTED_EDGE('',*,*,#3467,.T.);
#539=ORIENTED_EDGE('',*,*,#3469,.T.);
#540=ORIENTED_EDGE('',*,*,#3470,.F.);
#541=ORIENTED_EDGE('',*,*,#3471,.F.);
#542=ORIENTED_EDGE('',*,*,#3470,.T.);
#543=ORIENTED_EDGE('',*,*,#3472,.T.);
#544=ORIENTED_EDGE('',*,*,#3456,.F.);
#545=ORIENTED_EDGE('',*,*,#3473,.F.);
#546=ORIENTED_EDGE('',*,*,#3474,.T.);
#547=ORIENTED_EDGE('',*,*,#3475,.T.);
#548=ORIENTED_EDGE('',*,*,#3476,.F.);
#549=ORIENTED_EDGE('',*,*,#3477,.F.);
#550=ORIENTED_EDGE('',*,*,#3476,.T.);
#551=ORIENTED_EDGE('',*,*,#3478,.T.);
#552=ORIENTED_EDGE('',*,*,#3479,.F.);
#553=ORIENTED_EDGE('',*,*,#3480,.F.);
#554=ORIENTED_EDGE('',*,*,#3479,.T.);
#555=ORIENTED_EDGE('',*,*,#3481,.T.);
#556=ORIENTED_EDGE('',*,*,#3482,.F.);
#557=ORIENTED_EDGE('',*,*,#3483,.F.);
#558=ORIENTED_EDGE('',*,*,#3482,.T.);
#559=ORIENTED_EDGE('',*,*,#3484,.T.);
#560=ORIENTED_EDGE('',*,*,#3485,.F.);
#561=ORIENTED_EDGE('',*,*,#3486,.F.);
#562=ORIENTED_EDGE('',*,*,#3485,.T.);
#563=ORIENTED_EDGE('',*,*,#3487,.T.);
#564=ORIENTED_EDGE('',*,*,#3488,.F.);
#565=ORIENTED_EDGE('',*,*,#3489,.F.);
#566=ORIENTED_EDGE('',*,*,#3488,.T.);
#567=ORIENTED_EDGE('',*,*,#3490,.T.);
#568=ORIENTED_EDGE('',*,*,#3474,.F.);
#569=ORIENTED_EDGE('',*,*,#3491,.F.);
#570=ORIENTED_EDGE('',*,*,#3492,.T.);
#571=ORIENTED_EDGE('',*,*,#3493,.T.);
#572=ORIENTED_EDGE('',*,*,#3494,.F.);
#573=ORIENTED_EDGE('',*,*,#3495,.F.);
#574=ORIENTED_EDGE('',*,*,#3494,.T.);
#575=ORIENTED_EDGE('',*,*,#3496,.T.);
#576=ORIENTED_EDGE('',*,*,#3497,.F.);
#577=ORIENTED_EDGE('',*,*,#3498,.F.);
#578=ORIENTED_EDGE('',*,*,#3497,.T.);
#579=ORIENTED_EDGE('',*,*,#3499,.T.);
#580=ORIENTED_EDGE('',*,*,#3500,.F.);
#581=ORIENTED_EDGE('',*,*,#3501,.F.);
#582=ORIENTED_EDGE('',*,*,#3500,.T.);
#583=ORIENTED_EDGE('',*,*,#3502,.T.);
#584=ORIENTED_EDGE('',*,*,#3503,.F.);
#585=ORIENTED_EDGE('',*,*,#3504,.F.);
#586=ORIENTED_EDGE('',*,*,#3503,.T.);
#587=ORIENTED_EDGE('',*,*,#3505,.T.);
#588=ORIENTED_EDGE('',*,*,#3506,.F.);
#589=ORIENTED_EDGE('',*,*,#3507,.F.);
#590=ORIENTED_EDGE('',*,*,#3506,.T.);
#591=ORIENTED_EDGE('',*,*,#3508,.T.);
#592=ORIENTED_EDGE('',*,*,#3492,.F.);
#593=ORIENTED_EDGE('',*,*,#3509,.F.);
#594=ORIENTED_EDGE('',*,*,#3510,.T.);
#595=ORIENTED_EDGE('',*,*,#3511,.T.);
#596=ORIENTED_EDGE('',*,*,#3512,.F.);
#597=ORIENTED_EDGE('',*,*,#3513,.F.);
#598=ORIENTED_EDGE('',*,*,#3512,.T.);
#599=ORIENTED_EDGE('',*,*,#3514,.T.);
#600=ORIENTED_EDGE('',*,*,#3515,.F.);
#601=ORIENTED_EDGE('',*,*,#3516,.F.);
#602=ORIENTED_EDGE('',*,*,#3515,.T.);
#603=ORIENTED_EDGE('',*,*,#3517,.T.);
#604=ORIENTED_EDGE('',*,*,#3518,.F.);
#605=ORIENTED_EDGE('',*,*,#3519,.F.);
#606=ORIENTED_EDGE('',*,*,#3518,.T.);
#607=ORIENTED_EDGE('',*,*,#3520,.T.);
#608=ORIENTED_EDGE('',*,*,#3521,.F.);
#609=ORIENTED_EDGE('',*,*,#3522,.F.);
#610=ORIENTED_EDGE('',*,*,#3521,.T.);
#611=ORIENTED_EDGE('',*,*,#3523,.T.);
#612=ORIENTED_EDGE('',*,*,#3524,.F.);
#613=ORIENTED_EDGE('',*,*,#3525,.F.);
#614=ORIENTED_EDGE('',*,*,#3524,.T.);
#615=ORIENTED_EDGE('',*,*,#3526,.T.);
#616=ORIENTED_EDGE('',*,*,#3510,.F.);
#617=ORIENTED_EDGE('',*,*,#3527,.F.);
#618=ORIENTED_EDGE('',*,*,#3528,.T.);
#619=ORIENTED_EDGE('',*,*,#3529,.T.);
#620=ORIENTED_EDGE('',*,*,#3530,.F.);
#621=ORIENTED_EDGE('',*,*,#3531,.F.);
#622=ORIENTED_EDGE('',*,*,#3530,.T.);
#623=ORIENTED_EDGE('',*,*,#3532,.T.);
#624=ORIENTED_EDGE('',*,*,#3533,.F.);
#625=ORIENTED_EDGE('',*,*,#3534,.F.);
#626=ORIENTED_EDGE('',*,*,#3533,.T.);
#627=ORIENTED_EDGE('',*,*,#3535,.T.);
#628=ORIENTED_EDGE('',*,*,#3536,.F.);
#629=ORIENTED_EDGE('',*,*,#3537,.F.);
#630=ORIENTED_EDGE('',*,*,#3536,.T.);
#631=ORIENTED_EDGE('',*,*,#3538,.T.);
#632=ORIENTED_EDGE('',*,*,#3539,.F.);
#633=ORIENTED_EDGE('',*,*,#3540,.F.);
#634=ORIENTED_EDGE('',*,*,#3539,.T.);
#635=ORIENTED_EDGE('',*,*,#3541,.T.);
#636=ORIENTED_EDGE('',*,*,#3542,.F.);
#637=ORIENTED_EDGE('',*,*,#3543,.F.);
#638=ORIENTED_EDGE('',*,*,#3542,.T.);
#639=ORIENTED_EDGE('',*,*,#3544,.T.);
#640=ORIENTED_EDGE('',*,*,#3528,.F.);
#641=ORIENTED_EDGE('',*,*,#3545,.F.);
#642=ORIENTED_EDGE('',*,*,#3546,.T.);
#643=ORIENTED_EDGE('',*,*,#3547,.T.);
#644=ORIENTED_EDGE('',*,*,#3548,.F.);
#645=ORIENTED_EDGE('',*,*,#3549,.F.);
#646=ORIENTED_EDGE('',*,*,#3548,.T.);
#647=ORIENTED_EDGE('',*,*,#3550,.T.);
#648=ORIENTED_EDGE('',*,*,#3551,.F.);
#649=ORIENTED_EDGE('',*,*,#3552,.F.);
#650=ORIENTED_EDGE('',*,*,#3551,.T.);
#651=ORIENTED_EDGE('',*,*,#3553,.T.);
#652=ORIENTED_EDGE('',*,*,#3554,.F.);
#653=ORIENTED_EDGE('',*,*,#3555,.F.);
#654=ORIENTED_EDGE('',*,*,#3554,.T.);
#655=ORIENTED_EDGE('',*,*,#3556,.T.);
#656=ORIENTED_EDGE('',*,*,#3557,.F.);
#657=ORIENTED_EDGE('',*,*,#3558,.F.);
#658=ORIENTED_EDGE('',*,*,#3557,.T.);
#659=ORIENTED_EDGE('',*,*,#3559,.T.);
#660=ORIENTED_EDGE('',*,*,#3560,.F.);
#661=ORIENTED_EDGE('',*,*,#3561,.F.);
#662=ORIENTED_EDGE('',*,*,#3560,.T.);
#663=ORIENTED_EDGE('',*,*,#3562,.T.);
#664=ORIENTED_EDGE('',*,*,#3546,.F.);
#665=ORIENTED_EDGE('',*,*,#3563,.F.);
#666=ORIENTED_EDGE('',*,*,#3564,.T.);
#667=ORIENTED_EDGE('',*,*,#3565,.T.);
#668=ORIENTED_EDGE('',*,*,#3566,.F.);
#669=ORIENTED_EDGE('',*,*,#3567,.F.);
#670=ORIENTED_EDGE('',*,*,#3566,.T.);
#671=ORIENTED_EDGE('',*,*,#3568,.T.);
#672=ORIENTED_EDGE('',*,*,#3569,.F.);
#673=ORIENTED_EDGE('',*,*,#3570,.F.);
#674=ORIENTED_EDGE('',*,*,#3569,.T.);
#675=ORIENTED_EDGE('',*,*,#3571,.T.);
#676=ORIENTED_EDGE('',*,*,#3572,.F.);
#677=ORIENTED_EDGE('',*,*,#3573,.F.);
#678=ORIENTED_EDGE('',*,*,#3572,.T.);
#679=ORIENTED_EDGE('',*,*,#3574,.T.);
#680=ORIENTED_EDGE('',*,*,#3575,.F.);
#681=ORIENTED_EDGE('',*,*,#3576,.F.);
#682=ORIENTED_EDGE('',*,*,#3575,.T.);
#683=ORIENTED_EDGE('',*,*,#3577,.T.);
#684=ORIENTED_EDGE('',*,*,#3578,.F.);
#685=ORIENTED_EDGE('',*,*,#3579,.F.);
#686=ORIENTED_EDGE('',*,*,#3578,.T.);
#687=ORIENTED_EDGE('',*,*,#3580,.T.);
#688=ORIENTED_EDGE('',*,*,#3564,.F.);
#689=ORIENTED_EDGE('',*,*,#3581,.F.);
#690=ORIENTED_EDGE('',*,*,#3582,.T.);
#691=ORIENTED_EDGE('',*,*,#3583,.T.);
#692=ORIENTED_EDGE('',*,*,#3584,.F.);
#693=ORIENTED_EDGE('',*,*,#3585,.F.);
#694=ORIENTED_EDGE('',*,*,#3584,.T.);
#695=ORIENTED_EDGE('',*,*,#3586,.T.);
#696=ORIENTED_EDGE('',*,*,#3587,.F.);
#697=ORIENTED_EDGE('',*,*,#3588,.F.);
#698=ORIENTED_EDGE('',*,*,#3587,.T.);
#699=ORIENTED_EDGE('',*,*,#3589,.T.);
#700=ORIENTED_EDGE('',*,*,#3590,.F.);
#701=ORIENTED_EDGE('',*,*,#3591,.F.);
#702=ORIENTED_EDGE('',*,*,#3590,.T.);
#703=ORIENTED_EDGE('',*,*,#3592,.T.);
#704=ORIENTED_EDGE('',*,*,#3593,.F.);
#705=ORIENTED_EDGE('',*,*,#3594,.F.);
#706=ORIENTED_EDGE('',*,*,#3593,.T.);
#707=ORIENTED_EDGE('',*,*,#3595,.T.);
#708=ORIENTED_EDGE('',*,*,#3596,.F.);
#709=ORIENTED_EDGE('',*,*,#3597,.F.);
#710=ORIENTED_EDGE('',*,*,#3596,.T.);
#711=ORIENTED_EDGE('',*,*,#3598,.T.);
#712=ORIENTED_EDGE('',*,*,#3582,.F.);
#713=ORIENTED_EDGE('',*,*,#3599,.F.);
#714=ORIENTED_EDGE('',*,*,#3600,.T.);
#715=ORIENTED_EDGE('',*,*,#3601,.T.);
#716=ORIENTED_EDGE('',*,*,#3602,.F.);
#717=ORIENTED_EDGE('',*,*,#3603,.F.);
#718=ORIENTED_EDGE('',*,*,#3602,.T.);
#719=ORIENTED_EDGE('',*,*,#3604,.T.);
#720=ORIENTED_EDGE('',*,*,#3605,.F.);
#721=ORIENTED_EDGE('',*,*,#3606,.F.);
#722=ORIENTED_EDGE('',*,*,#3605,.T.);
#723=ORIENTED_EDGE('',*,*,#3607,.T.);
#724=ORIENTED_EDGE('',*,*,#3608,.F.);
#725=ORIENTED_EDGE('',*,*,#3609,.F.);
#726=ORIENTED_EDGE('',*,*,#3608,.T.);
#727=ORIENTED_EDGE('',*,*,#3610,.T.);
#728=ORIENTED_EDGE('',*,*,#3611,.F.);
#729=ORIENTED_EDGE('',*,*,#3612,.F.);
#730=ORIENTED_EDGE('',*,*,#3611,.T.);
#731=ORIENTED_EDGE('',*,*,#3613,.T.);
#732=ORIENTED_EDGE('',*,*,#3614,.F.);
#733=ORIENTED_EDGE('',*,*,#3615,.F.);
#734=ORIENTED_EDGE('',*,*,#3614,.T.);
#735=ORIENTED_EDGE('',*,*,#3616,.T.);
#736=ORIENTED_EDGE('',*,*,#3600,.F.);
#737=ORIENTED_EDGE('',*,*,#3617,.F.);
#738=ORIENTED_EDGE('',*,*,#3618,.T.);
#739=ORIENTED_EDGE('',*,*,#3619,.T.);
#740=ORIENTED_EDGE('',*,*,#3620,.F.);
#741=ORIENTED_EDGE('',*,*,#3621,.F.);
#742=ORIENTED_EDGE('',*,*,#3620,.T.);
#743=ORIENTED_EDGE('',*,*,#3622,.T.);
#744=ORIENTED_EDGE('',*,*,#3623,.F.);
#745=ORIENTED_EDGE('',*,*,#3624,.F.);
#746=ORIENTED_EDGE('',*,*,#3623,.T.);
#747=ORIENTED_EDGE('',*,*,#3625,.T.);
#748=ORIENTED_EDGE('',*,*,#3626,.F.);
#749=ORIENTED_EDGE('',*,*,#3627,.F.);
#750=ORIENTED_EDGE('',*,*,#3626,.T.);
#751=ORIENTED_EDGE('',*,*,#3628,.T.);
#752=ORIENTED_EDGE('',*,*,#3629,.F.);
#753=ORIENTED_EDGE('',*,*,#3630,.F.);
#754=ORIENTED_EDGE('',*,*,#3629,.T.);
#755=ORIENTED_EDGE('',*,*,#3631,.T.);
#756=ORIENTED_EDGE('',*,*,#3632,.F.);
#757=ORIENTED_EDGE('',*,*,#3633,.F.);
#758=ORIENTED_EDGE('',*,*,#3632,.T.);
#759=ORIENTED_EDGE('',*,*,#3634,.T.);
#760=ORIENTED_EDGE('',*,*,#3618,.F.);
#761=ORIENTED_EDGE('',*,*,#3635,.F.);
#762=ORIENTED_EDGE('',*,*,#3636,.T.);
#763=ORIENTED_EDGE('',*,*,#3637,.T.);
#764=ORIENTED_EDGE('',*,*,#3638,.F.);
#765=ORIENTED_EDGE('',*,*,#3639,.F.);
#766=ORIENTED_EDGE('',*,*,#3638,.T.);
#767=ORIENTED_EDGE('',*,*,#3640,.T.);
#768=ORIENTED_EDGE('',*,*,#3641,.F.);
#769=ORIENTED_EDGE('',*,*,#3642,.F.);
#770=ORIENTED_EDGE('',*,*,#3641,.T.);
#771=ORIENTED_EDGE('',*,*,#3643,.T.);
#772=ORIENTED_EDGE('',*,*,#3644,.F.);
#773=ORIENTED_EDGE('',*,*,#3645,.F.);
#774=ORIENTED_EDGE('',*,*,#3644,.T.);
#775=ORIENTED_EDGE('',*,*,#3646,.T.);
#776=ORIENTED_EDGE('',*,*,#3647,.F.);
#777=ORIENTED_EDGE('',*,*,#3648,.F.);
#778=ORIENTED_EDGE('',*,*,#3647,.T.);
#779=ORIENTED_EDGE('',*,*,#3649,.T.);
#780=ORIENTED_EDGE('',*,*,#3650,.F.);
#781=ORIENTED_EDGE('',*,*,#3651,.F.);
#782=ORIENTED_EDGE('',*,*,#3650,.T.);
#783=ORIENTED_EDGE('',*,*,#3652,.T.);
#784=ORIENTED_EDGE('',*,*,#3636,.F.);
#785=ORIENTED_EDGE('',*,*,#3653,.F.);
#786=ORIENTED_EDGE('',*,*,#3654,.T.);
#787=ORIENTED_EDGE('',*,*,#3655,.T.);
#788=ORIENTED_EDGE('',*,*,#3656,.F.);
#789=ORIENTED_EDGE('',*,*,#3657,.F.);
#790=ORIENTED_EDGE('',*,*,#3656,.T.);
#791=ORIENTED_EDGE('',*,*,#3658,.T.);
#792=ORIENTED_EDGE('',*,*,#3659,.F.);
#793=ORIENTED_EDGE('',*,*,#3660,.F.);
#794=ORIENTED_EDGE('',*,*,#3659,.T.);
#795=ORIENTED_EDGE('',*,*,#3661,.T.);
#796=ORIENTED_EDGE('',*,*,#3662,.F.);
#797=ORIENTED_EDGE('',*,*,#3663,.F.);
#798=ORIENTED_EDGE('',*,*,#3662,.T.);
#799=ORIENTED_EDGE('',*,*,#3664,.T.);
#800=ORIENTED_EDGE('',*,*,#3665,.F.);
#801=ORIENTED_EDGE('',*,*,#3666,.F.);
#802=ORIENTED_EDGE('',*,*,#3665,.T.);
#803=ORIENTED_EDGE('',*,*,#3667,.T.);
#804=ORIENTED_EDGE('',*,*,#3668,.F.);
#805=ORIENTED_EDGE('',*,*,#3669,.F.);
#806=ORIENTED_EDGE('',*,*,#3668,.T.);
#807=ORIENTED_EDGE('',*,*,#3670,.T.);
#808=ORIENTED_EDGE('',*,*,#3654,.F.);
#809=ORIENTED_EDGE('',*,*,#3671,.F.);
#810=ORIENTED_EDGE('',*,*,#3672,.T.);
#811=ORIENTED_EDGE('',*,*,#3673,.T.);
#812=ORIENTED_EDGE('',*,*,#3674,.F.);
#813=ORIENTED_EDGE('',*,*,#3675,.F.);
#814=ORIENTED_EDGE('',*,*,#3674,.T.);
#815=ORIENTED_EDGE('',*,*,#3676,.T.);
#816=ORIENTED_EDGE('',*,*,#3677,.F.);
#817=ORIENTED_EDGE('',*,*,#3678,.F.);
#818=ORIENTED_EDGE('',*,*,#3677,.T.);
#819=ORIENTED_EDGE('',*,*,#3679,.T.);
#820=ORIENTED_EDGE('',*,*,#3680,.F.);
#821=ORIENTED_EDGE('',*,*,#3681,.F.);
#822=ORIENTED_EDGE('',*,*,#3680,.T.);
#823=ORIENTED_EDGE('',*,*,#3682,.T.);
#824=ORIENTED_EDGE('',*,*,#3683,.F.);
#825=ORIENTED_EDGE('',*,*,#3684,.F.);
#826=ORIENTED_EDGE('',*,*,#3683,.T.);
#827=ORIENTED_EDGE('',*,*,#3685,.T.);
#828=ORIENTED_EDGE('',*,*,#3686,.F.);
#829=ORIENTED_EDGE('',*,*,#3687,.F.);
#830=ORIENTED_EDGE('',*,*,#3686,.T.);
#831=ORIENTED_EDGE('',*,*,#3688,.T.);
#832=ORIENTED_EDGE('',*,*,#3672,.F.);
#833=ORIENTED_EDGE('',*,*,#3689,.F.);
#834=ORIENTED_EDGE('',*,*,#3690,.T.);
#835=ORIENTED_EDGE('',*,*,#3691,.T.);
#836=ORIENTED_EDGE('',*,*,#3692,.F.);
#837=ORIENTED_EDGE('',*,*,#3693,.F.);
#838=ORIENTED_EDGE('',*,*,#3692,.T.);
#839=ORIENTED_EDGE('',*,*,#3694,.T.);
#840=ORIENTED_EDGE('',*,*,#3695,.F.);
#841=ORIENTED_EDGE('',*,*,#3696,.F.);
#842=ORIENTED_EDGE('',*,*,#3695,.T.);
#843=ORIENTED_EDGE('',*,*,#3697,.T.);
#844=ORIENTED_EDGE('',*,*,#3698,.F.);
#845=ORIENTED_EDGE('',*,*,#3699,.F.);
#846=ORIENTED_EDGE('',*,*,#3698,.T.);
#847=ORIENTED_EDGE('',*,*,#3700,.T.);
#848=ORIENTED_EDGE('',*,*,#3701,.F.);
#849=ORIENTED_EDGE('',*,*,#3702,.F.);
#850=ORIENTED_EDGE('',*,*,#3701,.T.);
#851=ORIENTED_EDGE('',*,*,#3703,.T.);
#852=ORIENTED_EDGE('',*,*,#3704,.F.);
#853=ORIENTED_EDGE('',*,*,#3705,.F.);
#854=ORIENTED_EDGE('',*,*,#3704,.T.);
#855=ORIENTED_EDGE('',*,*,#3706,.T.);
#856=ORIENTED_EDGE('',*,*,#3690,.F.);
#857=ORIENTED_EDGE('',*,*,#3707,.F.);
#858=ORIENTED_EDGE('',*,*,#3708,.T.);
#859=ORIENTED_EDGE('',*,*,#3709,.T.);
#860=ORIENTED_EDGE('',*,*,#3710,.F.);
#861=ORIENTED_EDGE('',*,*,#3711,.F.);
#862=ORIENTED_EDGE('',*,*,#3710,.T.);
#863=ORIENTED_EDGE('',*,*,#3712,.T.);
#864=ORIENTED_EDGE('',*,*,#3713,.F.);
#865=ORIENTED_EDGE('',*,*,#3714,.F.);
#866=ORIENTED_EDGE('',*,*,#3713,.T.);
#867=ORIENTED_EDGE('',*,*,#3715,.T.);
#868=ORIENTED_EDGE('',*,*,#3716,.F.);
#869=ORIENTED_EDGE('',*,*,#3717,.F.);
#870=ORIENTED_EDGE('',*,*,#3716,.T.);
#871=ORIENTED_EDGE('',*,*,#3718,.T.);
#872=ORIENTED_EDGE('',*,*,#3719,.F.);
#873=ORIENTED_EDGE('',*,*,#3720,.F.);
#874=ORIENTED_EDGE('',*,*,#3719,.T.);
#875=ORIENTED_EDGE('',*,*,#3721,.T.);
#876=ORIENTED_EDGE('',*,*,#3722,.F.);
#877=ORIENTED_EDGE('',*,*,#3723,.F.);
#878=ORIENTED_EDGE('',*,*,#3722,.T.);
#879=ORIENTED_EDGE('',*,*,#3724,.T.);
#880=ORIENTED_EDGE('',*,*,#3708,.F.);
#881=ORIENTED_EDGE('',*,*,#3725,.F.);
#882=ORIENTED_EDGE('',*,*,#3726,.T.);
#883=ORIENTED_EDGE('',*,*,#3727,.T.);
#884=ORIENTED_EDGE('',*,*,#3728,.F.);
#885=ORIENTED_EDGE('',*,*,#3729,.F.);
#886=ORIENTED_EDGE('',*,*,#3728,.T.);
#887=ORIENTED_EDGE('',*,*,#3730,.T.);
#888=ORIENTED_EDGE('',*,*,#3731,.F.);
#889=ORIENTED_EDGE('',*,*,#3732,.F.);
#890=ORIENTED_EDGE('',*,*,#3731,.T.);
#891=ORIENTED_EDGE('',*,*,#3733,.T.);
#892=ORIENTED_EDGE('',*,*,#3734,.F.);
#893=ORIENTED_EDGE('',*,*,#3735,.F.);
#894=ORIENTED_EDGE('',*,*,#3734,.T.);
#895=ORIENTED_EDGE('',*,*,#3736,.T.);
#896=ORIENTED_EDGE('',*,*,#3737,.F.);
#897=ORIENTED_EDGE('',*,*,#3738,.F.);
#898=ORIENTED_EDGE('',*,*,#3737,.T.);
#899=ORIENTED_EDGE('',*,*,#3739,.T.);
#900=ORIENTED_EDGE('',*,*,#3740,.F.);
#901=ORIENTED_EDGE('',*,*,#3741,.F.);
#902=ORIENTED_EDGE('',*,*,#3740,.T.);
#903=ORIENTED_EDGE('',*,*,#3742,.T.);
#904=ORIENTED_EDGE('',*,*,#3726,.F.);
#905=ORIENTED_EDGE('',*,*,#3743,.F.);
#906=ORIENTED_EDGE('',*,*,#3744,.T.);
#907=ORIENTED_EDGE('',*,*,#3745,.T.);
#908=ORIENTED_EDGE('',*,*,#3746,.F.);
#909=ORIENTED_EDGE('',*,*,#3747,.F.);
#910=ORIENTED_EDGE('',*,*,#3746,.T.);
#911=ORIENTED_EDGE('',*,*,#3748,.T.);
#912=ORIENTED_EDGE('',*,*,#3749,.F.);
#913=ORIENTED_EDGE('',*,*,#3750,.F.);
#914=ORIENTED_EDGE('',*,*,#3749,.T.);
#915=ORIENTED_EDGE('',*,*,#3751,.T.);
#916=ORIENTED_EDGE('',*,*,#3752,.F.);
#917=ORIENTED_EDGE('',*,*,#3753,.F.);
#918=ORIENTED_EDGE('',*,*,#3752,.T.);
#919=ORIENTED_EDGE('',*,*,#3754,.T.);
#920=ORIENTED_EDGE('',*,*,#3755,.F.);
#921=ORIENTED_EDGE('',*,*,#3756,.F.);
#922=ORIENTED_EDGE('',*,*,#3755,.T.);
#923=ORIENTED_EDGE('',*,*,#3757,.T.);
#924=ORIENTED_EDGE('',*,*,#3758,.F.);
#925=ORIENTED_EDGE('',*,*,#3759,.F.);
#926=ORIENTED_EDGE('',*,*,#3758,.T.);
#927=ORIENTED_EDGE('',*,*,#3760,.T.);
#928=ORIENTED_EDGE('',*,*,#3744,.F.);
#929=ORIENTED_EDGE('',*,*,#3761,.F.);
#930=ORIENTED_EDGE('',*,*,#3762,.T.);
#931=ORIENTED_EDGE('',*,*,#3763,.T.);
#932=ORIENTED_EDGE('',*,*,#3764,.F.);
#933=ORIENTED_EDGE('',*,*,#3765,.F.);
#934=ORIENTED_EDGE('',*,*,#3764,.T.);
#935=ORIENTED_EDGE('',*,*,#3766,.T.);
#936=ORIENTED_EDGE('',*,*,#3767,.F.);
#937=ORIENTED_EDGE('',*,*,#3768,.F.);
#938=ORIENTED_EDGE('',*,*,#3767,.T.);
#939=ORIENTED_EDGE('',*,*,#3769,.T.);
#940=ORIENTED_EDGE('',*,*,#3770,.F.);
#941=ORIENTED_EDGE('',*,*,#3771,.F.);
#942=ORIENTED_EDGE('',*,*,#3770,.T.);
#943=ORIENTED_EDGE('',*,*,#3772,.T.);
#944=ORIENTED_EDGE('',*,*,#3773,.F.);
#945=ORIENTED_EDGE('',*,*,#3774,.F.);
#946=ORIENTED_EDGE('',*,*,#3773,.T.);
#947=ORIENTED_EDGE('',*,*,#3775,.T.);
#948=ORIENTED_EDGE('',*,*,#3776,.F.);
#949=ORIENTED_EDGE('',*,*,#3777,.F.);
#950=ORIENTED_EDGE('',*,*,#3776,.T.);
#951=ORIENTED_EDGE('',*,*,#3778,.T.);
#952=ORIENTED_EDGE('',*,*,#3762,.F.);
#953=ORIENTED_EDGE('',*,*,#3779,.F.);
#954=ORIENTED_EDGE('',*,*,#3780,.T.);
#955=ORIENTED_EDGE('',*,*,#3781,.T.);
#956=ORIENTED_EDGE('',*,*,#3782,.F.);
#957=ORIENTED_EDGE('',*,*,#3783,.F.);
#958=ORIENTED_EDGE('',*,*,#3782,.T.);
#959=ORIENTED_EDGE('',*,*,#3784,.T.);
#960=ORIENTED_EDGE('',*,*,#3785,.F.);
#961=ORIENTED_EDGE('',*,*,#3786,.F.);
#962=ORIENTED_EDGE('',*,*,#3785,.T.);
#963=ORIENTED_EDGE('',*,*,#3787,.T.);
#964=ORIENTED_EDGE('',*,*,#3788,.F.);
#965=ORIENTED_EDGE('',*,*,#3789,.F.);
#966=ORIENTED_EDGE('',*,*,#3788,.T.);
#967=ORIENTED_EDGE('',*,*,#3790,.T.);
#968=ORIENTED_EDGE('',*,*,#3791,.F.);
#969=ORIENTED_EDGE('',*,*,#3792,.F.);
#970=ORIENTED_EDGE('',*,*,#3791,.T.);
#971=ORIENTED_EDGE('',*,*,#3793,.T.);
#972=ORIENTED_EDGE('',*,*,#3794,.F.);
#973=ORIENTED_EDGE('',*,*,#3795,.F.);
#974=ORIENTED_EDGE('',*,*,#3794,.T.);
#975=ORIENTED_EDGE('',*,*,#3796,.T.);
#976=ORIENTED_EDGE('',*,*,#3780,.F.);
#977=ORIENTED_EDGE('',*,*,#3797,.F.);
#978=ORIENTED_EDGE('',*,*,#3798,.T.);
#979=ORIENTED_EDGE('',*,*,#3799,.T.);
#980=ORIENTED_EDGE('',*,*,#3800,.F.);
#981=ORIENTED_EDGE('',*,*,#3801,.F.);
#982=ORIENTED_EDGE('',*,*,#3800,.T.);
#983=ORIENTED_EDGE('',*,*,#3802,.T.);
#984=ORIENTED_EDGE('',*,*,#3803,.F.);
#985=ORIENTED_EDGE('',*,*,#3804,.F.);
#986=ORIENTED_EDGE('',*,*,#3803,.T.);
#987=ORIENTED_EDGE('',*,*,#3805,.T.);
#988=ORIENTED_EDGE('',*,*,#3806,.F.);
#989=ORIENTED_EDGE('',*,*,#3807,.F.);
#990=ORIENTED_EDGE('',*,*,#3806,.T.);
#991=ORIENTED_EDGE('',*,*,#3808,.T.);
#992=ORIENTED_EDGE('',*,*,#3809,.F.);
#993=ORIENTED_EDGE('',*,*,#3810,.F.);
#994=ORIENTED_EDGE('',*,*,#3809,.T.);
#995=ORIENTED_EDGE('',*,*,#3811,.T.);
#996=ORIENTED_EDGE('',*,*,#3812,.F.);
#997=ORIENTED_EDGE('',*,*,#3813,.F.);
#998=ORIENTED_EDGE('',*,*,#3812,.T.);
#999=ORIENTED_EDGE('',*,*,#3814,.T.);
#1000=ORIENTED_EDGE('',*,*,#3798,.F.);
#1001=ORIENTED_EDGE('',*,*,#3815,.F.);
#1002=ORIENTED_EDGE('',*,*,#3816,.T.);
#1003=ORIENTED_EDGE('',*,*,#3817,.T.);
#1004=ORIENTED_EDGE('',*,*,#3818,.F.);
#1005=ORIENTED_EDGE('',*,*,#3819,.F.);
#1006=ORIENTED_EDGE('',*,*,#3818,.T.);
#1007=ORIENTED_EDGE('',*,*,#3820,.T.);
#1008=ORIENTED_EDGE('',*,*,#3821,.F.);
#1009=ORIENTED_EDGE('',*,*,#3822,.F.);
#1010=ORIENTED_EDGE('',*,*,#3821,.T.);
#1011=ORIENTED_EDGE('',*,*,#3823,.T.);
#1012=ORIENTED_EDGE('',*,*,#3824,.F.);
#1013=ORIENTED_EDGE('',*,*,#3825,.F.);
#1014=ORIENTED_EDGE('',*,*,#3824,.T.);
#1015=ORIENTED_EDGE('',*,*,#3826,.T.);
#1016=ORIENTED_EDGE('',*,*,#3827,.F.);
#1017=ORIENTED_EDGE('',*,*,#3828,.F.);
#1018=ORIENTED_EDGE('',*,*,#3827,.T.);
#1019=ORIENTED_EDGE('',*,*,#3829,.T.);
#1020=ORIENTED_EDGE('',*,*,#3830,.F.);
#1021=ORIENTED_EDGE('',*,*,#3831,.F.);
#1022=ORIENTED_EDGE('',*,*,#3830,.T.);
#1023=ORIENTED_EDGE('',*,*,#3832,.T.);
#1024=ORIENTED_EDGE('',*,*,#3816,.F.);
#1025=ORIENTED_EDGE('',*,*,#3833,.F.);
#1026=ORIENTED_EDGE('',*,*,#3834,.T.);
#1027=ORIENTED_EDGE('',*,*,#3835,.T.);
#1028=ORIENTED_EDGE('',*,*,#3836,.F.);
#1029=ORIENTED_EDGE('',*,*,#3837,.F.);
#1030=ORIENTED_EDGE('',*,*,#3836,.T.);
#1031=ORIENTED_EDGE('',*,*,#3838,.T.);
#1032=ORIENTED_EDGE('',*,*,#3839,.F.);
#1033=ORIENTED_EDGE('',*,*,#3840,.F.);
#1034=ORIENTED_EDGE('',*,*,#3839,.T.);
#1035=ORIENTED_EDGE('',*,*,#3841,.T.);
#1036=ORIENTED_EDGE('',*,*,#3842,.F.);
#1037=ORIENTED_EDGE('',*,*,#3843,.F.);
#1038=ORIENTED_EDGE('',*,*,#3842,.T.);
#1039=ORIENTED_EDGE('',*,*,#3844,.T.);
#1040=ORIENTED_EDGE('',*,*,#3845,.F.);
#1041=ORIENTED_EDGE('',*,*,#3846,.F.);
#1042=ORIENTED_EDGE('',*,*,#3845,.T.);
#1043=ORIENTED_EDGE('',*,*,#3847,.T.);
#1044=ORIENTED_EDGE('',*,*,#3848,.F.);
#1045=ORIENTED_EDGE('',*,*,#3849,.F.);
#1046=ORIENTED_EDGE('',*,*,#3848,.T.);
#1047=ORIENTED_EDGE('',*,*,#3850,.T.);
#1048=ORIENTED_EDGE('',*,*,#3834,.F.);
#1049=ORIENTED_EDGE('',*,*,#3851,.F.);
#1050=ORIENTED_EDGE('',*,*,#3852,.T.);
#1051=ORIENTED_EDGE('',*,*,#3853,.T.);
#1052=ORIENTED_EDGE('',*,*,#3854,.F.);
#1053=ORIENTED_EDGE('',*,*,#3855,.F.);
#1054=ORIENTED_EDGE('',*,*,#3854,.T.);
#1055=ORIENTED_EDGE('',*,*,#3856,.T.);
#1056=ORIENTED_EDGE('',*,*,#3857,.F.);
#1057=ORIENTED_EDGE('',*,*,#3858,.F.);
#1058=ORIENTED_EDGE('',*,*,#3857,.T.);
#1059=ORIENTED_EDGE('',*,*,#3859,.T.);
#1060=ORIENTED_EDGE('',*,*,#3860,.F.);
#1061=ORIENTED_EDGE('',*,*,#3861,.F.);
#1062=ORIENTED_EDGE('',*,*,#3860,.T.);
#1063=ORIENTED_EDGE('',*,*,#3862,.T.);
#1064=ORIENTED_EDGE('',*,*,#3863,.F.);
#1065=ORIENTED_EDGE('',*,*,#3864,.F.);
#1066=ORIENTED_EDGE('',*,*,#3863,.T.);
#1067=ORIENTED_EDGE('',*,*,#3865,.T.);
#1068=ORIENTED_EDGE('',*,*,#3866,.F.);
#1069=ORIENTED_EDGE('',*,*,#3867,.F.);
#1070=ORIENTED_EDGE('',*,*,#3866,.T.);
#1071=ORIENTED_EDGE('',*,*,#3868,.T.);
#1072=ORIENTED_EDGE('',*,*,#3852,.F.);
#1073=ORIENTED_EDGE('',*,*,#3869,.F.);
#1074=ORIENTED_EDGE('',*,*,#3870,.T.);
#1075=ORIENTED_EDGE('',*,*,#3871,.T.);
#1076=ORIENTED_EDGE('',*,*,#3872,.F.);
#1077=ORIENTED_EDGE('',*,*,#3873,.F.);
#1078=ORIENTED_EDGE('',*,*,#3872,.T.);
#1079=ORIENTED_EDGE('',*,*,#3874,.T.);
#1080=ORIENTED_EDGE('',*,*,#3875,.F.);
#1081=ORIENTED_EDGE('',*,*,#3876,.F.);
#1082=ORIENTED_EDGE('',*,*,#3875,.T.);
#1083=ORIENTED_EDGE('',*,*,#3877,.T.);
#1084=ORIENTED_EDGE('',*,*,#3878,.F.);
#1085=ORIENTED_EDGE('',*,*,#3879,.F.);
#1086=ORIENTED_EDGE('',*,*,#3878,.T.);
#1087=ORIENTED_EDGE('',*,*,#3880,.T.);
#1088=ORIENTED_EDGE('',*,*,#3881,.F.);
#1089=ORIENTED_EDGE('',*,*,#3882,.F.);
#1090=ORIENTED_EDGE('',*,*,#3881,.T.);
#1091=ORIENTED_EDGE('',*,*,#3883,.T.);
#1092=ORIENTED_EDGE('',*,*,#3884,.F.);
#1093=ORIENTED_EDGE('',*,*,#3885,.F.);
#1094=ORIENTED_EDGE('',*,*,#3884,.T.);
#1095=ORIENTED_EDGE('',*,*,#3886,.T.);
#1096=ORIENTED_EDGE('',*,*,#3870,.F.);
#1097=ORIENTED_EDGE('',*,*,#3887,.F.);
#1098=ORIENTED_EDGE('',*,*,#3888,.T.);
#1099=ORIENTED_EDGE('',*,*,#3889,.T.);
#1100=ORIENTED_EDGE('',*,*,#3890,.F.);
#1101=ORIENTED_EDGE('',*,*,#3891,.F.);
#1102=ORIENTED_EDGE('',*,*,#3890,.T.);
#1103=ORIENTED_EDGE('',*,*,#3892,.T.);
#1104=ORIENTED_EDGE('',*,*,#3893,.F.);
#1105=ORIENTED_EDGE('',*,*,#3894,.F.);
#1106=ORIENTED_EDGE('',*,*,#3893,.T.);
#1107=ORIENTED_EDGE('',*,*,#3895,.T.);
#1108=ORIENTED_EDGE('',*,*,#3896,.F.);
#1109=ORIENTED_EDGE('',*,*,#3897,.F.);
#1110=ORIENTED_EDGE('',*,*,#3896,.T.);
#1111=ORIENTED_EDGE('',*,*,#3898,.T.);
#1112=ORIENTED_EDGE('',*,*,#3899,.F.);
#1113=ORIENTED_EDGE('',*,*,#3900,.F.);
#1114=ORIENTED_EDGE('',*,*,#3899,.T.);
#1115=ORIENTED_EDGE('',*,*,#3901,.T.);
#1116=ORIENTED_EDGE('',*,*,#3902,.F.);
#1117=ORIENTED_EDGE('',*,*,#3903,.F.);
#1118=ORIENTED_EDGE('',*,*,#3902,.T.);
#1119=ORIENTED_EDGE('',*,*,#3904,.T.);
#1120=ORIENTED_EDGE('',*,*,#3888,.F.);
#1121=ORIENTED_EDGE('',*,*,#3905,.F.);
#1122=ORIENTED_EDGE('',*,*,#3906,.T.);
#1123=ORIENTED_EDGE('',*,*,#3907,.T.);
#1124=ORIENTED_EDGE('',*,*,#3908,.F.);
#1125=ORIENTED_EDGE('',*,*,#3909,.F.);
#1126=ORIENTED_EDGE('',*,*,#3908,.T.);
#1127=ORIENTED_EDGE('',*,*,#3910,.T.);
#1128=ORIENTED_EDGE('',*,*,#3911,.F.);
#1129=ORIENTED_EDGE('',*,*,#3912,.F.);
#1130=ORIENTED_EDGE('',*,*,#3911,.T.);
#1131=ORIENTED_EDGE('',*,*,#3913,.T.);
#1132=ORIENTED_EDGE('',*,*,#3914,.F.);
#1133=ORIENTED_EDGE('',*,*,#3915,.F.);
#1134=ORIENTED_EDGE('',*,*,#3914,.T.);
#1135=ORIENTED_EDGE('',*,*,#3916,.T.);
#1136=ORIENTED_EDGE('',*,*,#3917,.F.);
#1137=ORIENTED_EDGE('',*,*,#3918,.F.);
#1138=ORIENTED_EDGE('',*,*,#3917,.T.);
#1139=ORIENTED_EDGE('',*,*,#3919,.T.);
#1140=ORIENTED_EDGE('',*,*,#3920,.F.);
#1141=ORIENTED_EDGE('',*,*,#3921,.F.);
#1142=ORIENTED_EDGE('',*,*,#3920,.T.);
#1143=ORIENTED_EDGE('',*,*,#3922,.T.);
#1144=ORIENTED_EDGE('',*,*,#3906,.F.);
#1145=ORIENTED_EDGE('',*,*,#3923,.F.);
#1146=ORIENTED_EDGE('',*,*,#3924,.T.);
#1147=ORIENTED_EDGE('',*,*,#3925,.T.);
#1148=ORIENTED_EDGE('',*,*,#3926,.F.);
#1149=ORIENTED_EDGE('',*,*,#3927,.F.);
#1150=ORIENTED_EDGE('',*,*,#3926,.T.);
#1151=ORIENTED_EDGE('',*,*,#3928,.T.);
#1152=ORIENTED_EDGE('',*,*,#3929,.F.);
#1153=ORIENTED_EDGE('',*,*,#3930,.F.);
#1154=ORIENTED_EDGE('',*,*,#3929,.T.);
#1155=ORIENTED_EDGE('',*,*,#3931,.T.);
#1156=ORIENTED_EDGE('',*,*,#3932,.F.);
#1157=ORIENTED_EDGE('',*,*,#3933,.F.);
#1158=ORIENTED_EDGE('',*,*,#3932,.T.);
#1159=ORIENTED_EDGE('',*,*,#3934,.T.);
#1160=ORIENTED_EDGE('',*,*,#3935,.F.);
#1161=ORIENTED_EDGE('',*,*,#3936,.F.);
#1162=ORIENTED_EDGE('',*,*,#3935,.T.);
#1163=ORIENTED_EDGE('',*,*,#3937,.T.);
#1164=ORIENTED_EDGE('',*,*,#3938,.F.);
#1165=ORIENTED_EDGE('',*,*,#3939,.F.);
#1166=ORIENTED_EDGE('',*,*,#3938,.T.);
#1167=ORIENTED_EDGE('',*,*,#3940,.T.);
#1168=ORIENTED_EDGE('',*,*,#3924,.F.);
#1169=ORIENTED_EDGE('',*,*,#3941,.F.);
#1170=ORIENTED_EDGE('',*,*,#3942,.T.);
#1171=ORIENTED_EDGE('',*,*,#3943,.T.);
#1172=ORIENTED_EDGE('',*,*,#3944,.F.);
#1173=ORIENTED_EDGE('',*,*,#3945,.F.);
#1174=ORIENTED_EDGE('',*,*,#3944,.T.);
#1175=ORIENTED_EDGE('',*,*,#3946,.T.);
#1176=ORIENTED_EDGE('',*,*,#3947,.F.);
#1177=ORIENTED_EDGE('',*,*,#3948,.F.);
#1178=ORIENTED_EDGE('',*,*,#3947,.T.);
#1179=ORIENTED_EDGE('',*,*,#3949,.T.);
#1180=ORIENTED_EDGE('',*,*,#3950,.F.);
#1181=ORIENTED_EDGE('',*,*,#3951,.F.);
#1182=ORIENTED_EDGE('',*,*,#3950,.T.);
#1183=ORIENTED_EDGE('',*,*,#3952,.T.);
#1184=ORIENTED_EDGE('',*,*,#3953,.F.);
#1185=ORIENTED_EDGE('',*,*,#3954,.F.);
#1186=ORIENTED_EDGE('',*,*,#3953,.T.);
#1187=ORIENTED_EDGE('',*,*,#3955,.T.);
#1188=ORIENTED_EDGE('',*,*,#3956,.F.);
#1189=ORIENTED_EDGE('',*,*,#3957,.F.);
#1190=ORIENTED_EDGE('',*,*,#3956,.T.);
#1191=ORIENTED_EDGE('',*,*,#3958,.T.);
#1192=ORIENTED_EDGE('',*,*,#3942,.F.);
#1193=ORIENTED_EDGE('',*,*,#3959,.F.);
#1194=ORIENTED_EDGE('',*,*,#3960,.T.);
#1195=ORIENTED_EDGE('',*,*,#3961,.T.);
#1196=ORIENTED_EDGE('',*,*,#3962,.F.);
#1197=ORIENTED_EDGE('',*,*,#3963,.F.);
#1198=ORIENTED_EDGE('',*,*,#3962,.T.);
#1199=ORIENTED_EDGE('',*,*,#3964,.T.);
#1200=ORIENTED_EDGE('',*,*,#3965,.F.);
#1201=ORIENTED_EDGE('',*,*,#3966,.F.);
#1202=ORIENTED_EDGE('',*,*,#3965,.T.);
#1203=ORIENTED_EDGE('',*,*,#3967,.T.);
#1204=ORIENTED_EDGE('',*,*,#3968,.F.);
#1205=ORIENTED_EDGE('',*,*,#3969,.F.);
#1206=ORIENTED_EDGE('',*,*,#3968,.T.);
#1207=ORIENTED_EDGE('',*,*,#3970,.T.);
#1208=ORIENTED_EDGE('',*,*,#3971,.F.);
#1209=ORIENTED_EDGE('',*,*,#3972,.F.);
#1210=ORIENTED_EDGE('',*,*,#3971,.T.);
#1211=ORIENTED_EDGE('',*,*,#3973,.T.);
#1212=ORIENTED_EDGE('',*,*,#3974,.F.);
#1213=ORIENTED_EDGE('',*,*,#3975,.F.);
#1214=ORIENTED_EDGE('',*,*,#3974,.T.);
#1215=ORIENTED_EDGE('',*,*,#3976,.T.);
#1216=ORIENTED_EDGE('',*,*,#3960,.F.);
#1217=ORIENTED_EDGE('',*,*,#3977,.F.);
#1218=ORIENTED_EDGE('',*,*,#3978,.T.);
#1219=ORIENTED_EDGE('',*,*,#3979,.T.);
#1220=ORIENTED_EDGE('',*,*,#3980,.F.);
#1221=ORIENTED_EDGE('',*,*,#3981,.F.);
#1222=ORIENTED_EDGE('',*,*,#3980,.T.);
#1223=ORIENTED_EDGE('',*,*,#3982,.T.);
#1224=ORIENTED_EDGE('',*,*,#3983,.F.);
#1225=ORIENTED_EDGE('',*,*,#3984,.F.);
#1226=ORIENTED_EDGE('',*,*,#3983,.T.);
#1227=ORIENTED_EDGE('',*,*,#3985,.T.);
#1228=ORIENTED_EDGE('',*,*,#3986,.F.);
#1229=ORIENTED_EDGE('',*,*,#3987,.F.);
#1230=ORIENTED_EDGE('',*,*,#3986,.T.);
#1231=ORIENTED_EDGE('',*,*,#3988,.T.);
#1232=ORIENTED_EDGE('',*,*,#3989,.F.);
#1233=ORIENTED_EDGE('',*,*,#3990,.F.);
#1234=ORIENTED_EDGE('',*,*,#3989,.T.);
#1235=ORIENTED_EDGE('',*,*,#3991,.T.);
#1236=ORIENTED_EDGE('',*,*,#3992,.F.);
#1237=ORIENTED_EDGE('',*,*,#3993,.F.);
#1238=ORIENTED_EDGE('',*,*,#3992,.T.);
#1239=ORIENTED_EDGE('',*,*,#3994,.T.);
#1240=ORIENTED_EDGE('',*,*,#3978,.F.);
#1241=ORIENTED_EDGE('',*,*,#3995,.F.);
#1242=ORIENTED_EDGE('',*,*,#3996,.T.);
#1243=ORIENTED_EDGE('',*,*,#3997,.T.);
#1244=ORIENTED_EDGE('',*,*,#3998,.F.);
#1245=ORIENTED_EDGE('',*,*,#3999,.F.);
#1246=ORIENTED_EDGE('',*,*,#3998,.T.);
#1247=ORIENTED_EDGE('',*,*,#4000,.T.);
#1248=ORIENTED_EDGE('',*,*,#4001,.F.);
#1249=ORIENTED_EDGE('',*,*,#4002,.F.);
#1250=ORIENTED_EDGE('',*,*,#4001,.T.);
#1251=ORIENTED_EDGE('',*,*,#4003,.T.);
#1252=ORIENTED_EDGE('',*,*,#4004,.F.);
#1253=ORIENTED_EDGE('',*,*,#4005,.F.);
#1254=ORIENTED_EDGE('',*,*,#4004,.T.);
#1255=ORIENTED_EDGE('',*,*,#4006,.T.);
#1256=ORIENTED_EDGE('',*,*,#4007,.F.);
#1257=ORIENTED_EDGE('',*,*,#4008,.F.);
#1258=ORIENTED_EDGE('',*,*,#4007,.T.);
#1259=ORIENTED_EDGE('',*,*,#4009,.T.);
#1260=ORIENTED_EDGE('',*,*,#4010,.F.);
#1261=ORIENTED_EDGE('',*,*,#4011,.F.);
#1262=ORIENTED_EDGE('',*,*,#4010,.T.);
#1263=ORIENTED_EDGE('',*,*,#4012,.T.);
#1264=ORIENTED_EDGE('',*,*,#3996,.F.);
#1265=ORIENTED_EDGE('',*,*,#4013,.F.);
#1266=ORIENTED_EDGE('',*,*,#4014,.T.);
#1267=ORIENTED_EDGE('',*,*,#4015,.T.);
#1268=ORIENTED_EDGE('',*,*,#4016,.F.);
#1269=ORIENTED_EDGE('',*,*,#4017,.F.);
#1270=ORIENTED_EDGE('',*,*,#4016,.T.);
#1271=ORIENTED_EDGE('',*,*,#4018,.T.);
#1272=ORIENTED_EDGE('',*,*,#4019,.F.);
#1273=ORIENTED_EDGE('',*,*,#4020,.F.);
#1274=ORIENTED_EDGE('',*,*,#4019,.T.);
#1275=ORIENTED_EDGE('',*,*,#4021,.T.);
#1276=ORIENTED_EDGE('',*,*,#4022,.F.);
#1277=ORIENTED_EDGE('',*,*,#4023,.F.);
#1278=ORIENTED_EDGE('',*,*,#4022,.T.);
#1279=ORIENTED_EDGE('',*,*,#4024,.T.);
#1280=ORIENTED_EDGE('',*,*,#4025,.F.);
#1281=ORIENTED_EDGE('',*,*,#4026,.F.);
#1282=ORIENTED_EDGE('',*,*,#4025,.T.);
#1283=ORIENTED_EDGE('',*,*,#4027,.T.);
#1284=ORIENTED_EDGE('',*,*,#4028,.F.);
#1285=ORIENTED_EDGE('',*,*,#4029,.F.);
#1286=ORIENTED_EDGE('',*,*,#4028,.T.);
#1287=ORIENTED_EDGE('',*,*,#4030,.T.);
#1288=ORIENTED_EDGE('',*,*,#4014,.F.);
#1289=ORIENTED_EDGE('',*,*,#4031,.F.);
#1290=ORIENTED_EDGE('',*,*,#4032,.T.);
#1291=ORIENTED_EDGE('',*,*,#4033,.T.);
#1292=ORIENTED_EDGE('',*,*,#4034,.F.);
#1293=ORIENTED_EDGE('',*,*,#4035,.F.);
#1294=ORIENTED_EDGE('',*,*,#4034,.T.);
#1295=ORIENTED_EDGE('',*,*,#4036,.T.);
#1296=ORIENTED_EDGE('',*,*,#4037,.F.);
#1297=ORIENTED_EDGE('',*,*,#4038,.F.);
#1298=ORIENTED_EDGE('',*,*,#4037,.T.);
#1299=ORIENTED_EDGE('',*,*,#4039,.T.);
#1300=ORIENTED_EDGE('',*,*,#4040,.F.);
#1301=ORIENTED_EDGE('',*,*,#4041,.F.);
#1302=ORIENTED_EDGE('',*,*,#4040,.T.);
#1303=ORIENTED_EDGE('',*,*,#4042,.T.);
#1304=ORIENTED_EDGE('',*,*,#4043,.F.);
#1305=ORIENTED_EDGE('',*,*,#4044,.F.);
#1306=ORIENTED_EDGE('',*,*,#4043,.T.);
#1307=ORIENTED_EDGE('',*,*,#4045,.T.);
#1308=ORIENTED_EDGE('',*,*,#4046,.F.);
#1309=ORIENTED_EDGE('',*,*,#4047,.F.);
#1310=ORIENTED_EDGE('',*,*,#4046,.T.);
#1311=ORIENTED_EDGE('',*,*,#4048,.T.);
#1312=ORIENTED_EDGE('',*,*,#4032,.F.);
#1313=ORIENTED_EDGE('',*,*,#4049,.F.);
#1314=ORIENTED_EDGE('',*,*,#4050,.T.);
#1315=ORIENTED_EDGE('',*,*,#4051,.T.);
#1316=ORIENTED_EDGE('',*,*,#4052,.F.);
#1317=ORIENTED_EDGE('',*,*,#4053,.F.);
#1318=ORIENTED_EDGE('',*,*,#4052,.T.);
#1319=ORIENTED_EDGE('',*,*,#4054,.T.);
#1320=ORIENTED_EDGE('',*,*,#4055,.F.);
#1321=ORIENTED_EDGE('',*,*,#4056,.F.);
#1322=ORIENTED_EDGE('',*,*,#4055,.T.);
#1323=ORIENTED_EDGE('',*,*,#4057,.T.);
#1324=ORIENTED_EDGE('',*,*,#4058,.F.);
#1325=ORIENTED_EDGE('',*,*,#4059,.F.);
#1326=ORIENTED_EDGE('',*,*,#4058,.T.);
#1327=ORIENTED_EDGE('',*,*,#4060,.T.);
#1328=ORIENTED_EDGE('',*,*,#4061,.F.);
#1329=ORIENTED_EDGE('',*,*,#4062,.F.);
#1330=ORIENTED_EDGE('',*,*,#4061,.T.);
#1331=ORIENTED_EDGE('',*,*,#4063,.T.);
#1332=ORIENTED_EDGE('',*,*,#4064,.F.);
#1333=ORIENTED_EDGE('',*,*,#4065,.F.);
#1334=ORIENTED_EDGE('',*,*,#4064,.T.);
#1335=ORIENTED_EDGE('',*,*,#4066,.T.);
#1336=ORIENTED_EDGE('',*,*,#4050,.F.);
#1337=ORIENTED_EDGE('',*,*,#4067,.F.);
#1338=ORIENTED_EDGE('',*,*,#4068,.T.);
#1339=ORIENTED_EDGE('',*,*,#4069,.T.);
#1340=ORIENTED_EDGE('',*,*,#4070,.F.);
#1341=ORIENTED_EDGE('',*,*,#4071,.F.);
#1342=ORIENTED_EDGE('',*,*,#4070,.T.);
#1343=ORIENTED_EDGE('',*,*,#4072,.T.);
#1344=ORIENTED_EDGE('',*,*,#4073,.F.);
#1345=ORIENTED_EDGE('',*,*,#4074,.F.);
#1346=ORIENTED_EDGE('',*,*,#4073,.T.);
#1347=ORIENTED_EDGE('',*,*,#4075,.T.);
#1348=ORIENTED_EDGE('',*,*,#4076,.F.);
#1349=ORIENTED_EDGE('',*,*,#4077,.F.);
#1350=ORIENTED_EDGE('',*,*,#4076,.T.);
#1351=ORIENTED_EDGE('',*,*,#4078,.T.);
#1352=ORIENTED_EDGE('',*,*,#4079,.F.);
#1353=ORIENTED_EDGE('',*,*,#4080,.F.);
#1354=ORIENTED_EDGE('',*,*,#4079,.T.);
#1355=ORIENTED_EDGE('',*,*,#4081,.T.);
#1356=ORIENTED_EDGE('',*,*,#4082,.F.);
#1357=ORIENTED_EDGE('',*,*,#4083,.F.);
#1358=ORIENTED_EDGE('',*,*,#4082,.T.);
#1359=ORIENTED_EDGE('',*,*,#4084,.T.);
#1360=ORIENTED_EDGE('',*,*,#4068,.F.);
#1361=ORIENTED_EDGE('',*,*,#4085,.F.);
#1362=ORIENTED_EDGE('',*,*,#4086,.T.);
#1363=ORIENTED_EDGE('',*,*,#4087,.T.);
#1364=ORIENTED_EDGE('',*,*,#4088,.F.);
#1365=ORIENTED_EDGE('',*,*,#4089,.F.);
#1366=ORIENTED_EDGE('',*,*,#4088,.T.);
#1367=ORIENTED_EDGE('',*,*,#4090,.T.);
#1368=ORIENTED_EDGE('',*,*,#4091,.F.);
#1369=ORIENTED_EDGE('',*,*,#4092,.F.);
#1370=ORIENTED_EDGE('',*,*,#4091,.T.);
#1371=ORIENTED_EDGE('',*,*,#4093,.T.);
#1372=ORIENTED_EDGE('',*,*,#4094,.F.);
#1373=ORIENTED_EDGE('',*,*,#4095,.F.);
#1374=ORIENTED_EDGE('',*,*,#4094,.T.);
#1375=ORIENTED_EDGE('',*,*,#4096,.T.);
#1376=ORIENTED_EDGE('',*,*,#4086,.F.);
#1377=ORIENTED_EDGE('',*,*,#4097,.F.);
#1378=ORIENTED_EDGE('',*,*,#4098,.T.);
#1379=ORIENTED_EDGE('',*,*,#4099,.T.);
#1380=ORIENTED_EDGE('',*,*,#4100,.F.);
#1381=ORIENTED_EDGE('',*,*,#4101,.F.);
#1382=ORIENTED_EDGE('',*,*,#4100,.T.);
#1383=ORIENTED_EDGE('',*,*,#4102,.T.);
#1384=ORIENTED_EDGE('',*,*,#4103,.F.);
#1385=ORIENTED_EDGE('',*,*,#4104,.F.);
#1386=ORIENTED_EDGE('',*,*,#4103,.T.);
#1387=ORIENTED_EDGE('',*,*,#4105,.T.);
#1388=ORIENTED_EDGE('',*,*,#4106,.F.);
#1389=ORIENTED_EDGE('',*,*,#4107,.F.);
#1390=ORIENTED_EDGE('',*,*,#4106,.T.);
#1391=ORIENTED_EDGE('',*,*,#4108,.T.);
#1392=ORIENTED_EDGE('',*,*,#4098,.F.);
#1393=ORIENTED_EDGE('',*,*,#4109,.F.);
#1394=ORIENTED_EDGE('',*,*,#4110,.T.);
#1395=ORIENTED_EDGE('',*,*,#4111,.T.);
#1396=ORIENTED_EDGE('',*,*,#4112,.F.);
#1397=ORIENTED_EDGE('',*,*,#4113,.F.);
#1398=ORIENTED_EDGE('',*,*,#4112,.T.);
#1399=ORIENTED_EDGE('',*,*,#4114,.T.);
#1400=ORIENTED_EDGE('',*,*,#4115,.F.);
#1401=ORIENTED_EDGE('',*,*,#4116,.F.);
#1402=ORIENTED_EDGE('',*,*,#4115,.T.);
#1403=ORIENTED_EDGE('',*,*,#4117,.T.);
#1404=ORIENTED_EDGE('',*,*,#4118,.F.);
#1405=ORIENTED_EDGE('',*,*,#4119,.F.);
#1406=ORIENTED_EDGE('',*,*,#4118,.T.);
#1407=ORIENTED_EDGE('',*,*,#4120,.T.);
#1408=ORIENTED_EDGE('',*,*,#4110,.F.);
#1409=ORIENTED_EDGE('',*,*,#4121,.F.);
#1410=ORIENTED_EDGE('',*,*,#4122,.T.);
#1411=ORIENTED_EDGE('',*,*,#4123,.T.);
#1412=ORIENTED_EDGE('',*,*,#4124,.F.);
#1413=ORIENTED_EDGE('',*,*,#4125,.F.);
#1414=ORIENTED_EDGE('',*,*,#4124,.T.);
#1415=ORIENTED_EDGE('',*,*,#4126,.T.);
#1416=ORIENTED_EDGE('',*,*,#4127,.F.);
#1417=ORIENTED_EDGE('',*,*,#4128,.F.);
#1418=ORIENTED_EDGE('',*,*,#4127,.T.);
#1419=ORIENTED_EDGE('',*,*,#4129,.T.);
#1420=ORIENTED_EDGE('',*,*,#4130,.F.);
#1421=ORIENTED_EDGE('',*,*,#4131,.F.);
#1422=ORIENTED_EDGE('',*,*,#4130,.T.);
#1423=ORIENTED_EDGE('',*,*,#4132,.T.);
#1424=ORIENTED_EDGE('',*,*,#4122,.F.);
#1425=ORIENTED_EDGE('',*,*,#4133,.F.);
#1426=ORIENTED_EDGE('',*,*,#4134,.T.);
#1427=ORIENTED_EDGE('',*,*,#4135,.T.);
#1428=ORIENTED_EDGE('',*,*,#4136,.F.);
#1429=ORIENTED_EDGE('',*,*,#4137,.F.);
#1430=ORIENTED_EDGE('',*,*,#4136,.T.);
#1431=ORIENTED_EDGE('',*,*,#4138,.T.);
#1432=ORIENTED_EDGE('',*,*,#4139,.F.);
#1433=ORIENTED_EDGE('',*,*,#4140,.F.);
#1434=ORIENTED_EDGE('',*,*,#4139,.T.);
#1435=ORIENTED_EDGE('',*,*,#4141,.T.);
#1436=ORIENTED_EDGE('',*,*,#4142,.F.);
#1437=ORIENTED_EDGE('',*,*,#4143,.F.);
#1438=ORIENTED_EDGE('',*,*,#4142,.T.);
#1439=ORIENTED_EDGE('',*,*,#4144,.T.);
#1440=ORIENTED_EDGE('',*,*,#4134,.F.);
#1441=ORIENTED_EDGE('',*,*,#4145,.F.);
#1442=ORIENTED_EDGE('',*,*,#4146,.T.);
#1443=ORIENTED_EDGE('',*,*,#4147,.T.);
#1444=ORIENTED_EDGE('',*,*,#4148,.F.);
#1445=ORIENTED_EDGE('',*,*,#4149,.F.);
#1446=ORIENTED_EDGE('',*,*,#4148,.T.);
#1447=ORIENTED_EDGE('',*,*,#4150,.T.);
#1448=ORIENTED_EDGE('',*,*,#4151,.F.);
#1449=ORIENTED_EDGE('',*,*,#4152,.F.);
#1450=ORIENTED_EDGE('',*,*,#4151,.T.);
#1451=ORIENTED_EDGE('',*,*,#4153,.T.);
#1452=ORIENTED_EDGE('',*,*,#4154,.F.);
#1453=ORIENTED_EDGE('',*,*,#4155,.F.);
#1454=ORIENTED_EDGE('',*,*,#4154,.T.);
#1455=ORIENTED_EDGE('',*,*,#4156,.T.);
#1456=ORIENTED_EDGE('',*,*,#4146,.F.);
#1457=ORIENTED_EDGE('',*,*,#4157,.F.);
#1458=ORIENTED_EDGE('',*,*,#4158,.T.);
#1459=ORIENTED_EDGE('',*,*,#4159,.T.);
#1460=ORIENTED_EDGE('',*,*,#4160,.F.);
#1461=ORIENTED_EDGE('',*,*,#4161,.F.);
#1462=ORIENTED_EDGE('',*,*,#4160,.T.);
#1463=ORIENTED_EDGE('',*,*,#4162,.T.);
#1464=ORIENTED_EDGE('',*,*,#4163,.F.);
#1465=ORIENTED_EDGE('',*,*,#4164,.F.);
#1466=ORIENTED_EDGE('',*,*,#4163,.T.);
#1467=ORIENTED_EDGE('',*,*,#4165,.T.);
#1468=ORIENTED_EDGE('',*,*,#4166,.F.);
#1469=ORIENTED_EDGE('',*,*,#4167,.F.);
#1470=ORIENTED_EDGE('',*,*,#4166,.T.);
#1471=ORIENTED_EDGE('',*,*,#4168,.T.);
#1472=ORIENTED_EDGE('',*,*,#4158,.F.);
#1473=ORIENTED_EDGE('',*,*,#4169,.F.);
#1474=ORIENTED_EDGE('',*,*,#4170,.T.);
#1475=ORIENTED_EDGE('',*,*,#4171,.T.);
#1476=ORIENTED_EDGE('',*,*,#4172,.F.);
#1477=ORIENTED_EDGE('',*,*,#4173,.F.);
#1478=ORIENTED_EDGE('',*,*,#4172,.T.);
#1479=ORIENTED_EDGE('',*,*,#4174,.T.);
#1480=ORIENTED_EDGE('',*,*,#4175,.F.);
#1481=ORIENTED_EDGE('',*,*,#4176,.F.);
#1482=ORIENTED_EDGE('',*,*,#4175,.T.);
#1483=ORIENTED_EDGE('',*,*,#4177,.T.);
#1484=ORIENTED_EDGE('',*,*,#4178,.F.);
#1485=ORIENTED_EDGE('',*,*,#4179,.F.);
#1486=ORIENTED_EDGE('',*,*,#4178,.T.);
#1487=ORIENTED_EDGE('',*,*,#4180,.T.);
#1488=ORIENTED_EDGE('',*,*,#4170,.F.);
#1489=ORIENTED_EDGE('',*,*,#4181,.F.);
#1490=ORIENTED_EDGE('',*,*,#4182,.T.);
#1491=ORIENTED_EDGE('',*,*,#4183,.T.);
#1492=ORIENTED_EDGE('',*,*,#4184,.F.);
#1493=ORIENTED_EDGE('',*,*,#4185,.F.);
#1494=ORIENTED_EDGE('',*,*,#4184,.T.);
#1495=ORIENTED_EDGE('',*,*,#4186,.T.);
#1496=ORIENTED_EDGE('',*,*,#4187,.F.);
#1497=ORIENTED_EDGE('',*,*,#4188,.F.);
#1498=ORIENTED_EDGE('',*,*,#4187,.T.);
#1499=ORIENTED_EDGE('',*,*,#4189,.T.);
#1500=ORIENTED_EDGE('',*,*,#4190,.F.);
#1501=ORIENTED_EDGE('',*,*,#4191,.F.);
#1502=ORIENTED_EDGE('',*,*,#4190,.T.);
#1503=ORIENTED_EDGE('',*,*,#4192,.T.);
#1504=ORIENTED_EDGE('',*,*,#4182,.F.);
#1505=ORIENTED_EDGE('',*,*,#4193,.F.);
#1506=ORIENTED_EDGE('',*,*,#4194,.T.);
#1507=ORIENTED_EDGE('',*,*,#4195,.T.);
#1508=ORIENTED_EDGE('',*,*,#4196,.F.);
#1509=ORIENTED_EDGE('',*,*,#4197,.F.);
#1510=ORIENTED_EDGE('',*,*,#4196,.T.);
#1511=ORIENTED_EDGE('',*,*,#4198,.T.);
#1512=ORIENTED_EDGE('',*,*,#4199,.F.);
#1513=ORIENTED_EDGE('',*,*,#4200,.F.);
#1514=ORIENTED_EDGE('',*,*,#4199,.T.);
#1515=ORIENTED_EDGE('',*,*,#4201,.T.);
#1516=ORIENTED_EDGE('',*,*,#4202,.F.);
#1517=ORIENTED_EDGE('',*,*,#4203,.F.);
#1518=ORIENTED_EDGE('',*,*,#4202,.T.);
#1519=ORIENTED_EDGE('',*,*,#4204,.T.);
#1520=ORIENTED_EDGE('',*,*,#4194,.F.);
#1521=ORIENTED_EDGE('',*,*,#4205,.F.);
#1522=ORIENTED_EDGE('',*,*,#4206,.T.);
#1523=ORIENTED_EDGE('',*,*,#4207,.T.);
#1524=ORIENTED_EDGE('',*,*,#4208,.F.);
#1525=ORIENTED_EDGE('',*,*,#4209,.F.);
#1526=ORIENTED_EDGE('',*,*,#4208,.T.);
#1527=ORIENTED_EDGE('',*,*,#4210,.T.);
#1528=ORIENTED_EDGE('',*,*,#4211,.F.);
#1529=ORIENTED_EDGE('',*,*,#4212,.F.);
#1530=ORIENTED_EDGE('',*,*,#4211,.T.);
#1531=ORIENTED_EDGE('',*,*,#4213,.T.);
#1532=ORIENTED_EDGE('',*,*,#4214,.F.);
#1533=ORIENTED_EDGE('',*,*,#4215,.F.);
#1534=ORIENTED_EDGE('',*,*,#4214,.T.);
#1535=ORIENTED_EDGE('',*,*,#4216,.T.);
#1536=ORIENTED_EDGE('',*,*,#4206,.F.);
#1537=ORIENTED_EDGE('',*,*,#4217,.F.);
#1538=ORIENTED_EDGE('',*,*,#4218,.T.);
#1539=ORIENTED_EDGE('',*,*,#4219,.T.);
#1540=ORIENTED_EDGE('',*,*,#4220,.F.);
#1541=ORIENTED_EDGE('',*,*,#4221,.F.);
#1542=ORIENTED_EDGE('',*,*,#4220,.T.);
#1543=ORIENTED_EDGE('',*,*,#4222,.T.);
#1544=ORIENTED_EDGE('',*,*,#4223,.F.);
#1545=ORIENTED_EDGE('',*,*,#4224,.F.);
#1546=ORIENTED_EDGE('',*,*,#4223,.T.);
#1547=ORIENTED_EDGE('',*,*,#4225,.T.);
#1548=ORIENTED_EDGE('',*,*,#4226,.F.);
#1549=ORIENTED_EDGE('',*,*,#4227,.F.);
#1550=ORIENTED_EDGE('',*,*,#4226,.T.);
#1551=ORIENTED_EDGE('',*,*,#4228,.T.);
#1552=ORIENTED_EDGE('',*,*,#4218,.F.);
#1553=ORIENTED_EDGE('',*,*,#4229,.F.);
#1554=ORIENTED_EDGE('',*,*,#4230,.T.);
#1555=ORIENTED_EDGE('',*,*,#4231,.T.);
#1556=ORIENTED_EDGE('',*,*,#4232,.F.);
#1557=ORIENTED_EDGE('',*,*,#4233,.F.);
#1558=ORIENTED_EDGE('',*,*,#4232,.T.);
#1559=ORIENTED_EDGE('',*,*,#4234,.T.);
#1560=ORIENTED_EDGE('',*,*,#4235,.F.);
#1561=ORIENTED_EDGE('',*,*,#4236,.F.);
#1562=ORIENTED_EDGE('',*,*,#4235,.T.);
#1563=ORIENTED_EDGE('',*,*,#4237,.T.);
#1564=ORIENTED_EDGE('',*,*,#4238,.F.);
#1565=ORIENTED_EDGE('',*,*,#4239,.F.);
#1566=ORIENTED_EDGE('',*,*,#4238,.T.);
#1567=ORIENTED_EDGE('',*,*,#4240,.T.);
#1568=ORIENTED_EDGE('',*,*,#4230,.F.);
#1569=ORIENTED_EDGE('',*,*,#4241,.F.);
#1570=ORIENTED_EDGE('',*,*,#4242,.T.);
#1571=ORIENTED_EDGE('',*,*,#4243,.T.);
#1572=ORIENTED_EDGE('',*,*,#4244,.F.);
#1573=ORIENTED_EDGE('',*,*,#4245,.F.);
#1574=ORIENTED_EDGE('',*,*,#4244,.T.);
#1575=ORIENTED_EDGE('',*,*,#4246,.T.);
#1576=ORIENTED_EDGE('',*,*,#4247,.F.);
#1577=ORIENTED_EDGE('',*,*,#4248,.F.);
#1578=ORIENTED_EDGE('',*,*,#4247,.T.);
#1579=ORIENTED_EDGE('',*,*,#4249,.T.);
#1580=ORIENTED_EDGE('',*,*,#4250,.F.);
#1581=ORIENTED_EDGE('',*,*,#4251,.F.);
#1582=ORIENTED_EDGE('',*,*,#4250,.T.);
#1583=ORIENTED_EDGE('',*,*,#4252,.T.);
#1584=ORIENTED_EDGE('',*,*,#4242,.F.);
#1585=ORIENTED_EDGE('',*,*,#4253,.F.);
#1586=ORIENTED_EDGE('',*,*,#4254,.T.);
#1587=ORIENTED_EDGE('',*,*,#4255,.T.);
#1588=ORIENTED_EDGE('',*,*,#4256,.F.);
#1589=ORIENTED_EDGE('',*,*,#4257,.F.);
#1590=ORIENTED_EDGE('',*,*,#4256,.T.);
#1591=ORIENTED_EDGE('',*,*,#4258,.T.);
#1592=ORIENTED_EDGE('',*,*,#4259,.F.);
#1593=ORIENTED_EDGE('',*,*,#4260,.F.);
#1594=ORIENTED_EDGE('',*,*,#4259,.T.);
#1595=ORIENTED_EDGE('',*,*,#4261,.T.);
#1596=ORIENTED_EDGE('',*,*,#4262,.F.);
#1597=ORIENTED_EDGE('',*,*,#4263,.F.);
#1598=ORIENTED_EDGE('',*,*,#4262,.T.);
#1599=ORIENTED_EDGE('',*,*,#4264,.T.);
#1600=ORIENTED_EDGE('',*,*,#4254,.F.);
#1601=ORIENTED_EDGE('',*,*,#4265,.F.);
#1602=ORIENTED_EDGE('',*,*,#4266,.T.);
#1603=ORIENTED_EDGE('',*,*,#4267,.T.);
#1604=ORIENTED_EDGE('',*,*,#4268,.F.);
#1605=ORIENTED_EDGE('',*,*,#4269,.F.);
#1606=ORIENTED_EDGE('',*,*,#4268,.T.);
#1607=ORIENTED_EDGE('',*,*,#4270,.T.);
#1608=ORIENTED_EDGE('',*,*,#4271,.F.);
#1609=ORIENTED_EDGE('',*,*,#4272,.F.);
#1610=ORIENTED_EDGE('',*,*,#4271,.T.);
#1611=ORIENTED_EDGE('',*,*,#4273,.T.);
#1612=ORIENTED_EDGE('',*,*,#4274,.F.);
#1613=ORIENTED_EDGE('',*,*,#4275,.F.);
#1614=ORIENTED_EDGE('',*,*,#4274,.T.);
#1615=ORIENTED_EDGE('',*,*,#4276,.T.);
#1616=ORIENTED_EDGE('',*,*,#4266,.F.);
#1617=ORIENTED_EDGE('',*,*,#4277,.F.);
#1618=ORIENTED_EDGE('',*,*,#4278,.T.);
#1619=ORIENTED_EDGE('',*,*,#4279,.T.);
#1620=ORIENTED_EDGE('',*,*,#4280,.F.);
#1621=ORIENTED_EDGE('',*,*,#4281,.F.);
#1622=ORIENTED_EDGE('',*,*,#4280,.T.);
#1623=ORIENTED_EDGE('',*,*,#4282,.T.);
#1624=ORIENTED_EDGE('',*,*,#4283,.F.);
#1625=ORIENTED_EDGE('',*,*,#4284,.F.);
#1626=ORIENTED_EDGE('',*,*,#4283,.T.);
#1627=ORIENTED_EDGE('',*,*,#4285,.T.);
#1628=ORIENTED_EDGE('',*,*,#4286,.F.);
#1629=ORIENTED_EDGE('',*,*,#4287,.F.);
#1630=ORIENTED_EDGE('',*,*,#4286,.T.);
#1631=ORIENTED_EDGE('',*,*,#4288,.T.);
#1632=ORIENTED_EDGE('',*,*,#4278,.F.);
#1633=ORIENTED_EDGE('',*,*,#4289,.F.);
#1634=ORIENTED_EDGE('',*,*,#4290,.T.);
#1635=ORIENTED_EDGE('',*,*,#4291,.T.);
#1636=ORIENTED_EDGE('',*,*,#4292,.F.);
#1637=ORIENTED_EDGE('',*,*,#4293,.F.);
#1638=ORIENTED_EDGE('',*,*,#4292,.T.);
#1639=ORIENTED_EDGE('',*,*,#4294,.T.);
#1640=ORIENTED_EDGE('',*,*,#4295,.F.);
#1641=ORIENTED_EDGE('',*,*,#4296,.F.);
#1642=ORIENTED_EDGE('',*,*,#4295,.T.);
#1643=ORIENTED_EDGE('',*,*,#4297,.T.);
#1644=ORIENTED_EDGE('',*,*,#4298,.F.);
#1645=ORIENTED_EDGE('',*,*,#4299,.F.);
#1646=ORIENTED_EDGE('',*,*,#4298,.T.);
#1647=ORIENTED_EDGE('',*,*,#4300,.T.);
#1648=ORIENTED_EDGE('',*,*,#4290,.F.);
#1649=ORIENTED_EDGE('',*,*,#4301,.F.);
#1650=ORIENTED_EDGE('',*,*,#4302,.T.);
#1651=ORIENTED_EDGE('',*,*,#4303,.T.);
#1652=ORIENTED_EDGE('',*,*,#4304,.F.);
#1653=ORIENTED_EDGE('',*,*,#4305,.F.);
#1654=ORIENTED_EDGE('',*,*,#4304,.T.);
#1655=ORIENTED_EDGE('',*,*,#4306,.T.);
#1656=ORIENTED_EDGE('',*,*,#4307,.F.);
#1657=ORIENTED_EDGE('',*,*,#4308,.F.);
#1658=ORIENTED_EDGE('',*,*,#4307,.T.);
#1659=ORIENTED_EDGE('',*,*,#4309,.T.);
#1660=ORIENTED_EDGE('',*,*,#4310,.F.);
#1661=ORIENTED_EDGE('',*,*,#4311,.F.);
#1662=ORIENTED_EDGE('',*,*,#4310,.T.);
#1663=ORIENTED_EDGE('',*,*,#4312,.T.);
#1664=ORIENTED_EDGE('',*,*,#4302,.F.);
#1665=ORIENTED_EDGE('',*,*,#4313,.F.);
#1666=ORIENTED_EDGE('',*,*,#4314,.T.);
#1667=ORIENTED_EDGE('',*,*,#4315,.T.);
#1668=ORIENTED_EDGE('',*,*,#4316,.F.);
#1669=ORIENTED_EDGE('',*,*,#4317,.F.);
#1670=ORIENTED_EDGE('',*,*,#4316,.T.);
#1671=ORIENTED_EDGE('',*,*,#4318,.T.);
#1672=ORIENTED_EDGE('',*,*,#4319,.F.);
#1673=ORIENTED_EDGE('',*,*,#4320,.F.);
#1674=ORIENTED_EDGE('',*,*,#4319,.T.);
#1675=ORIENTED_EDGE('',*,*,#4321,.T.);
#1676=ORIENTED_EDGE('',*,*,#4322,.F.);
#1677=ORIENTED_EDGE('',*,*,#4323,.F.);
#1678=ORIENTED_EDGE('',*,*,#4322,.T.);
#1679=ORIENTED_EDGE('',*,*,#4324,.T.);
#1680=ORIENTED_EDGE('',*,*,#4314,.F.);
#1681=ORIENTED_EDGE('',*,*,#4325,.F.);
#1682=ORIENTED_EDGE('',*,*,#4326,.T.);
#1683=ORIENTED_EDGE('',*,*,#4327,.T.);
#1684=ORIENTED_EDGE('',*,*,#4328,.F.);
#1685=ORIENTED_EDGE('',*,*,#4329,.F.);
#1686=ORIENTED_EDGE('',*,*,#4328,.T.);
#1687=ORIENTED_EDGE('',*,*,#4330,.T.);
#1688=ORIENTED_EDGE('',*,*,#4331,.F.);
#1689=ORIENTED_EDGE('',*,*,#4332,.F.);
#1690=ORIENTED_EDGE('',*,*,#4331,.T.);
#1691=ORIENTED_EDGE('',*,*,#4333,.T.);
#1692=ORIENTED_EDGE('',*,*,#4334,.F.);
#1693=ORIENTED_EDGE('',*,*,#4335,.F.);
#1694=ORIENTED_EDGE('',*,*,#4334,.T.);
#1695=ORIENTED_EDGE('',*,*,#4336,.T.);
#1696=ORIENTED_EDGE('',*,*,#4326,.F.);
#1697=ORIENTED_EDGE('',*,*,#4337,.F.);
#1698=ORIENTED_EDGE('',*,*,#4338,.T.);
#1699=ORIENTED_EDGE('',*,*,#4339,.T.);
#1700=ORIENTED_EDGE('',*,*,#4340,.F.);
#1701=ORIENTED_EDGE('',*,*,#4341,.F.);
#1702=ORIENTED_EDGE('',*,*,#4340,.T.);
#1703=ORIENTED_EDGE('',*,*,#4342,.T.);
#1704=ORIENTED_EDGE('',*,*,#4343,.F.);
#1705=ORIENTED_EDGE('',*,*,#4344,.F.);
#1706=ORIENTED_EDGE('',*,*,#4343,.T.);
#1707=ORIENTED_EDGE('',*,*,#4345,.T.);
#1708=ORIENTED_EDGE('',*,*,#4346,.F.);
#1709=ORIENTED_EDGE('',*,*,#4347,.F.);
#1710=ORIENTED_EDGE('',*,*,#4346,.T.);
#1711=ORIENTED_EDGE('',*,*,#4348,.T.);
#1712=ORIENTED_EDGE('',*,*,#4338,.F.);
#1713=ORIENTED_EDGE('',*,*,#4349,.F.);
#1714=ORIENTED_EDGE('',*,*,#4350,.T.);
#1715=ORIENTED_EDGE('',*,*,#4351,.T.);
#1716=ORIENTED_EDGE('',*,*,#4352,.F.);
#1717=ORIENTED_EDGE('',*,*,#4353,.F.);
#1718=ORIENTED_EDGE('',*,*,#4352,.T.);
#1719=ORIENTED_EDGE('',*,*,#4354,.T.);
#1720=ORIENTED_EDGE('',*,*,#4355,.F.);
#1721=ORIENTED_EDGE('',*,*,#4356,.F.);
#1722=ORIENTED_EDGE('',*,*,#4355,.T.);
#1723=ORIENTED_EDGE('',*,*,#4357,.T.);
#1724=ORIENTED_EDGE('',*,*,#4358,.F.);
#1725=ORIENTED_EDGE('',*,*,#4359,.F.);
#1726=ORIENTED_EDGE('',*,*,#4358,.T.);
#1727=ORIENTED_EDGE('',*,*,#4360,.T.);
#1728=ORIENTED_EDGE('',*,*,#4350,.F.);
#1729=ORIENTED_EDGE('',*,*,#4361,.F.);
#1730=ORIENTED_EDGE('',*,*,#4362,.T.);
#1731=ORIENTED_EDGE('',*,*,#4363,.T.);
#1732=ORIENTED_EDGE('',*,*,#4364,.F.);
#1733=ORIENTED_EDGE('',*,*,#4365,.F.);
#1734=ORIENTED_EDGE('',*,*,#4364,.T.);
#1735=ORIENTED_EDGE('',*,*,#4366,.T.);
#1736=ORIENTED_EDGE('',*,*,#4367,.F.);
#1737=ORIENTED_EDGE('',*,*,#4368,.F.);
#1738=ORIENTED_EDGE('',*,*,#4367,.T.);
#1739=ORIENTED_EDGE('',*,*,#4369,.T.);
#1740=ORIENTED_EDGE('',*,*,#4370,.F.);
#1741=ORIENTED_EDGE('',*,*,#4371,.F.);
#1742=ORIENTED_EDGE('',*,*,#4370,.T.);
#1743=ORIENTED_EDGE('',*,*,#4372,.T.);
#1744=ORIENTED_EDGE('',*,*,#4362,.F.);
#1745=ORIENTED_EDGE('',*,*,#4373,.F.);
#1746=ORIENTED_EDGE('',*,*,#4374,.T.);
#1747=ORIENTED_EDGE('',*,*,#4375,.T.);
#1748=ORIENTED_EDGE('',*,*,#4376,.F.);
#1749=ORIENTED_EDGE('',*,*,#4377,.F.);
#1750=ORIENTED_EDGE('',*,*,#4376,.T.);
#1751=ORIENTED_EDGE('',*,*,#4378,.T.);
#1752=ORIENTED_EDGE('',*,*,#4379,.F.);
#1753=ORIENTED_EDGE('',*,*,#4380,.F.);
#1754=ORIENTED_EDGE('',*,*,#4379,.T.);
#1755=ORIENTED_EDGE('',*,*,#4381,.T.);
#1756=ORIENTED_EDGE('',*,*,#4382,.F.);
#1757=ORIENTED_EDGE('',*,*,#4383,.F.);
#1758=ORIENTED_EDGE('',*,*,#4382,.T.);
#1759=ORIENTED_EDGE('',*,*,#4384,.T.);
#1760=ORIENTED_EDGE('',*,*,#4374,.F.);
#1761=ORIENTED_EDGE('',*,*,#4385,.F.);
#1762=ORIENTED_EDGE('',*,*,#4386,.T.);
#1763=ORIENTED_EDGE('',*,*,#4387,.T.);
#1764=ORIENTED_EDGE('',*,*,#4388,.F.);
#1765=ORIENTED_EDGE('',*,*,#4389,.F.);
#1766=ORIENTED_EDGE('',*,*,#4388,.T.);
#1767=ORIENTED_EDGE('',*,*,#4390,.T.);
#1768=ORIENTED_EDGE('',*,*,#4391,.F.);
#1769=ORIENTED_EDGE('',*,*,#4392,.F.);
#1770=ORIENTED_EDGE('',*,*,#4391,.T.);
#1771=ORIENTED_EDGE('',*,*,#4393,.T.);
#1772=ORIENTED_EDGE('',*,*,#4394,.F.);
#1773=ORIENTED_EDGE('',*,*,#4395,.F.);
#1774=ORIENTED_EDGE('',*,*,#4394,.T.);
#1775=ORIENTED_EDGE('',*,*,#4396,.T.);
#1776=ORIENTED_EDGE('',*,*,#4386,.F.);
#1777=ORIENTED_EDGE('',*,*,#4397,.F.);
#1778=ORIENTED_EDGE('',*,*,#4398,.T.);
#1779=ORIENTED_EDGE('',*,*,#4399,.T.);
#1780=ORIENTED_EDGE('',*,*,#4400,.F.);
#1781=ORIENTED_EDGE('',*,*,#4401,.F.);
#1782=ORIENTED_EDGE('',*,*,#4400,.T.);
#1783=ORIENTED_EDGE('',*,*,#4402,.T.);
#1784=ORIENTED_EDGE('',*,*,#4403,.F.);
#1785=ORIENTED_EDGE('',*,*,#4404,.F.);
#1786=ORIENTED_EDGE('',*,*,#4403,.T.);
#1787=ORIENTED_EDGE('',*,*,#4405,.T.);
#1788=ORIENTED_EDGE('',*,*,#4406,.F.);
#1789=ORIENTED_EDGE('',*,*,#4407,.F.);
#1790=ORIENTED_EDGE('',*,*,#4406,.T.);
#1791=ORIENTED_EDGE('',*,*,#4408,.T.);
#1792=ORIENTED_EDGE('',*,*,#4398,.F.);
#1793=ORIENTED_EDGE('',*,*,#4409,.F.);
#1794=ORIENTED_EDGE('',*,*,#4410,.T.);
#1795=ORIENTED_EDGE('',*,*,#4411,.T.);
#1796=ORIENTED_EDGE('',*,*,#4412,.F.);
#1797=ORIENTED_EDGE('',*,*,#4413,.F.);
#1798=ORIENTED_EDGE('',*,*,#4412,.T.);
#1799=ORIENTED_EDGE('',*,*,#4414,.T.);
#1800=ORIENTED_EDGE('',*,*,#4415,.F.);
#1801=ORIENTED_EDGE('',*,*,#4416,.F.);
#1802=ORIENTED_EDGE('',*,*,#4415,.T.);
#1803=ORIENTED_EDGE('',*,*,#4417,.T.);
#1804=ORIENTED_EDGE('',*,*,#4418,.F.);
#1805=ORIENTED_EDGE('',*,*,#4419,.F.);
#1806=ORIENTED_EDGE('',*,*,#4418,.T.);
#1807=ORIENTED_EDGE('',*,*,#4420,.T.);
#1808=ORIENTED_EDGE('',*,*,#4410,.F.);
#1809=ORIENTED_EDGE('',*,*,#4421,.F.);
#1810=ORIENTED_EDGE('',*,*,#4422,.T.);
#1811=ORIENTED_EDGE('',*,*,#4423,.T.);
#1812=ORIENTED_EDGE('',*,*,#4424,.F.);
#1813=ORIENTED_EDGE('',*,*,#4425,.F.);
#1814=ORIENTED_EDGE('',*,*,#4424,.T.);
#1815=ORIENTED_EDGE('',*,*,#4426,.T.);
#1816=ORIENTED_EDGE('',*,*,#4427,.F.);
#1817=ORIENTED_EDGE('',*,*,#4428,.F.);
#1818=ORIENTED_EDGE('',*,*,#4427,.T.);
#1819=ORIENTED_EDGE('',*,*,#4429,.T.);
#1820=ORIENTED_EDGE('',*,*,#4430,.F.);
#1821=ORIENTED_EDGE('',*,*,#4431,.F.);
#1822=ORIENTED_EDGE('',*,*,#4430,.T.);
#1823=ORIENTED_EDGE('',*,*,#4432,.T.);
#1824=ORIENTED_EDGE('',*,*,#4422,.F.);
#1825=ORIENTED_EDGE('',*,*,#4433,.F.);
#1826=ORIENTED_EDGE('',*,*,#4434,.T.);
#1827=ORIENTED_EDGE('',*,*,#4435,.T.);
#1828=ORIENTED_EDGE('',*,*,#4436,.F.);
#1829=ORIENTED_EDGE('',*,*,#4437,.F.);
#1830=ORIENTED_EDGE('',*,*,#4436,.T.);
#1831=ORIENTED_EDGE('',*,*,#4438,.T.);
#1832=ORIENTED_EDGE('',*,*,#4439,.F.);
#1833=ORIENTED_EDGE('',*,*,#4440,.F.);
#1834=ORIENTED_EDGE('',*,*,#4439,.T.);
#1835=ORIENTED_EDGE('',*,*,#4441,.T.);
#1836=ORIENTED_EDGE('',*,*,#4442,.F.);
#1837=ORIENTED_EDGE('',*,*,#4443,.F.);
#1838=ORIENTED_EDGE('',*,*,#4442,.T.);
#1839=ORIENTED_EDGE('',*,*,#4444,.T.);
#1840=ORIENTED_EDGE('',*,*,#4434,.F.);
#1841=ORIENTED_EDGE('',*,*,#4445,.F.);
#1842=ORIENTED_EDGE('',*,*,#4446,.T.);
#1843=ORIENTED_EDGE('',*,*,#4447,.T.);
#1844=ORIENTED_EDGE('',*,*,#4448,.F.);
#1845=ORIENTED_EDGE('',*,*,#4449,.F.);
#1846=ORIENTED_EDGE('',*,*,#4448,.T.);
#1847=ORIENTED_EDGE('',*,*,#4450,.T.);
#1848=ORIENTED_EDGE('',*,*,#4451,.F.);
#1849=ORIENTED_EDGE('',*,*,#4452,.F.);
#1850=ORIENTED_EDGE('',*,*,#4451,.T.);
#1851=ORIENTED_EDGE('',*,*,#4453,.T.);
#1852=ORIENTED_EDGE('',*,*,#4454,.F.);
#1853=ORIENTED_EDGE('',*,*,#4455,.F.);
#1854=ORIENTED_EDGE('',*,*,#4454,.T.);
#1855=ORIENTED_EDGE('',*,*,#4456,.T.);
#1856=ORIENTED_EDGE('',*,*,#4446,.F.);
#1857=ORIENTED_EDGE('',*,*,#4457,.F.);
#1858=ORIENTED_EDGE('',*,*,#4458,.T.);
#1859=ORIENTED_EDGE('',*,*,#4459,.T.);
#1860=ORIENTED_EDGE('',*,*,#4460,.F.);
#1861=ORIENTED_EDGE('',*,*,#4461,.F.);
#1862=ORIENTED_EDGE('',*,*,#4460,.T.);
#1863=ORIENTED_EDGE('',*,*,#4462,.T.);
#1864=ORIENTED_EDGE('',*,*,#4463,.F.);
#1865=ORIENTED_EDGE('',*,*,#4464,.F.);
#1866=ORIENTED_EDGE('',*,*,#4463,.T.);
#1867=ORIENTED_EDGE('',*,*,#4465,.T.);
#1868=ORIENTED_EDGE('',*,*,#4466,.F.);
#1869=ORIENTED_EDGE('',*,*,#4467,.F.);
#1870=ORIENTED_EDGE('',*,*,#4466,.T.);
#1871=ORIENTED_EDGE('',*,*,#4468,.T.);
#1872=ORIENTED_EDGE('',*,*,#4458,.F.);
#1873=ORIENTED_EDGE('',*,*,#4469,.F.);
#1874=ORIENTED_EDGE('',*,*,#4470,.T.);
#1875=ORIENTED_EDGE('',*,*,#4471,.T.);
#1876=ORIENTED_EDGE('',*,*,#4472,.F.);
#1877=ORIENTED_EDGE('',*,*,#4473,.F.);
#1878=ORIENTED_EDGE('',*,*,#4472,.T.);
#1879=ORIENTED_EDGE('',*,*,#4474,.T.);
#1880=ORIENTED_EDGE('',*,*,#4475,.F.);
#1881=ORIENTED_EDGE('',*,*,#4476,.F.);
#1882=ORIENTED_EDGE('',*,*,#4475,.T.);
#1883=ORIENTED_EDGE('',*,*,#4477,.T.);
#1884=ORIENTED_EDGE('',*,*,#4478,.F.);
#1885=ORIENTED_EDGE('',*,*,#4479,.F.);
#1886=ORIENTED_EDGE('',*,*,#4478,.T.);
#1887=ORIENTED_EDGE('',*,*,#4480,.T.);
#1888=ORIENTED_EDGE('',*,*,#4470,.F.);
#1889=ORIENTED_EDGE('',*,*,#4481,.F.);
#1890=ORIENTED_EDGE('',*,*,#4482,.T.);
#1891=ORIENTED_EDGE('',*,*,#4483,.T.);
#1892=ORIENTED_EDGE('',*,*,#4484,.F.);
#1893=ORIENTED_EDGE('',*,*,#4485,.F.);
#1894=ORIENTED_EDGE('',*,*,#4484,.T.);
#1895=ORIENTED_EDGE('',*,*,#4486,.T.);
#1896=ORIENTED_EDGE('',*,*,#4487,.F.);
#1897=ORIENTED_EDGE('',*,*,#4488,.F.);
#1898=ORIENTED_EDGE('',*,*,#4487,.T.);
#1899=ORIENTED_EDGE('',*,*,#4489,.T.);
#1900=ORIENTED_EDGE('',*,*,#4490,.F.);
#1901=ORIENTED_EDGE('',*,*,#4491,.F.);
#1902=ORIENTED_EDGE('',*,*,#4490,.T.);
#1903=ORIENTED_EDGE('',*,*,#4492,.T.);
#1904=ORIENTED_EDGE('',*,*,#4482,.F.);
#1905=ORIENTED_EDGE('',*,*,#4493,.F.);
#1906=ORIENTED_EDGE('',*,*,#4494,.T.);
#1907=ORIENTED_EDGE('',*,*,#4495,.T.);
#1908=ORIENTED_EDGE('',*,*,#4496,.F.);
#1909=ORIENTED_EDGE('',*,*,#4497,.F.);
#1910=ORIENTED_EDGE('',*,*,#4496,.T.);
#1911=ORIENTED_EDGE('',*,*,#4498,.T.);
#1912=ORIENTED_EDGE('',*,*,#4499,.F.);
#1913=ORIENTED_EDGE('',*,*,#4500,.F.);
#1914=ORIENTED_EDGE('',*,*,#4499,.T.);
#1915=ORIENTED_EDGE('',*,*,#4501,.T.);
#1916=ORIENTED_EDGE('',*,*,#4502,.F.);
#1917=ORIENTED_EDGE('',*,*,#4503,.F.);
#1918=ORIENTED_EDGE('',*,*,#4502,.T.);
#1919=ORIENTED_EDGE('',*,*,#4504,.T.);
#1920=ORIENTED_EDGE('',*,*,#4494,.F.);
#1921=ORIENTED_EDGE('',*,*,#4505,.F.);
#1922=ORIENTED_EDGE('',*,*,#4506,.T.);
#1923=ORIENTED_EDGE('',*,*,#4507,.T.);
#1924=ORIENTED_EDGE('',*,*,#4508,.F.);
#1925=ORIENTED_EDGE('',*,*,#4509,.F.);
#1926=ORIENTED_EDGE('',*,*,#4508,.T.);
#1927=ORIENTED_EDGE('',*,*,#4510,.T.);
#1928=ORIENTED_EDGE('',*,*,#4511,.F.);
#1929=ORIENTED_EDGE('',*,*,#4512,.F.);
#1930=ORIENTED_EDGE('',*,*,#4511,.T.);
#1931=ORIENTED_EDGE('',*,*,#4513,.T.);
#1932=ORIENTED_EDGE('',*,*,#4514,.F.);
#1933=ORIENTED_EDGE('',*,*,#4515,.F.);
#1934=ORIENTED_EDGE('',*,*,#4514,.T.);
#1935=ORIENTED_EDGE('',*,*,#4516,.T.);
#1936=ORIENTED_EDGE('',*,*,#4506,.F.);
#1937=ORIENTED_EDGE('',*,*,#4517,.F.);
#1938=ORIENTED_EDGE('',*,*,#4518,.T.);
#1939=ORIENTED_EDGE('',*,*,#4519,.T.);
#1940=ORIENTED_EDGE('',*,*,#4520,.F.);
#1941=ORIENTED_EDGE('',*,*,#4521,.F.);
#1942=ORIENTED_EDGE('',*,*,#4520,.T.);
#1943=ORIENTED_EDGE('',*,*,#4522,.T.);
#1944=ORIENTED_EDGE('',*,*,#4523,.F.);
#1945=ORIENTED_EDGE('',*,*,#4524,.F.);
#1946=ORIENTED_EDGE('',*,*,#4523,.T.);
#1947=ORIENTED_EDGE('',*,*,#4525,.T.);
#1948=ORIENTED_EDGE('',*,*,#4526,.F.);
#1949=ORIENTED_EDGE('',*,*,#4527,.F.);
#1950=ORIENTED_EDGE('',*,*,#4526,.T.);
#1951=ORIENTED_EDGE('',*,*,#4528,.T.);
#1952=ORIENTED_EDGE('',*,*,#4518,.F.);
#1953=ORIENTED_EDGE('',*,*,#4529,.F.);
#1954=ORIENTED_EDGE('',*,*,#4530,.T.);
#1955=ORIENTED_EDGE('',*,*,#4531,.T.);
#1956=ORIENTED_EDGE('',*,*,#4532,.F.);
#1957=ORIENTED_EDGE('',*,*,#4533,.F.);
#1958=ORIENTED_EDGE('',*,*,#4532,.T.);
#1959=ORIENTED_EDGE('',*,*,#4534,.T.);
#1960=ORIENTED_EDGE('',*,*,#4535,.F.);
#1961=ORIENTED_EDGE('',*,*,#4536,.F.);
#1962=ORIENTED_EDGE('',*,*,#4535,.T.);
#1963=ORIENTED_EDGE('',*,*,#4537,.T.);
#1964=ORIENTED_EDGE('',*,*,#4538,.F.);
#1965=ORIENTED_EDGE('',*,*,#4539,.F.);
#1966=ORIENTED_EDGE('',*,*,#4538,.T.);
#1967=ORIENTED_EDGE('',*,*,#4540,.T.);
#1968=ORIENTED_EDGE('',*,*,#4530,.F.);
#1969=ORIENTED_EDGE('',*,*,#4541,.F.);
#1970=ORIENTED_EDGE('',*,*,#4542,.T.);
#1971=ORIENTED_EDGE('',*,*,#4543,.T.);
#1972=ORIENTED_EDGE('',*,*,#4544,.F.);
#1973=ORIENTED_EDGE('',*,*,#4545,.F.);
#1974=ORIENTED_EDGE('',*,*,#4544,.T.);
#1975=ORIENTED_EDGE('',*,*,#4546,.T.);
#1976=ORIENTED_EDGE('',*,*,#4547,.F.);
#1977=ORIENTED_EDGE('',*,*,#4548,.F.);
#1978=ORIENTED_EDGE('',*,*,#4547,.T.);
#1979=ORIENTED_EDGE('',*,*,#4549,.T.);
#1980=ORIENTED_EDGE('',*,*,#4550,.F.);
#1981=ORIENTED_EDGE('',*,*,#4551,.F.);
#1982=ORIENTED_EDGE('',*,*,#4550,.T.);
#1983=ORIENTED_EDGE('',*,*,#4552,.T.);
#1984=ORIENTED_EDGE('',*,*,#4542,.F.);
#1985=ORIENTED_EDGE('',*,*,#4553,.F.);
#1986=ORIENTED_EDGE('',*,*,#4554,.T.);
#1987=ORIENTED_EDGE('',*,*,#4555,.T.);
#1988=ORIENTED_EDGE('',*,*,#4556,.F.);
#1989=ORIENTED_EDGE('',*,*,#4557,.F.);
#1990=ORIENTED_EDGE('',*,*,#4556,.T.);
#1991=ORIENTED_EDGE('',*,*,#4558,.T.);
#1992=ORIENTED_EDGE('',*,*,#4559,.F.);
#1993=ORIENTED_EDGE('',*,*,#4560,.F.);
#1994=ORIENTED_EDGE('',*,*,#4559,.T.);
#1995=ORIENTED_EDGE('',*,*,#4561,.T.);
#1996=ORIENTED_EDGE('',*,*,#4562,.F.);
#1997=ORIENTED_EDGE('',*,*,#4563,.F.);
#1998=ORIENTED_EDGE('',*,*,#4562,.T.);
#1999=ORIENTED_EDGE('',*,*,#4564,.T.);
#2000=ORIENTED_EDGE('',*,*,#4554,.F.);
#2001=ORIENTED_EDGE('',*,*,#4565,.F.);
#2002=ORIENTED_EDGE('',*,*,#4566,.T.);
#2003=ORIENTED_EDGE('',*,*,#4567,.T.);
#2004=ORIENTED_EDGE('',*,*,#4568,.F.);
#2005=ORIENTED_EDGE('',*,*,#4569,.F.);
#2006=ORIENTED_EDGE('',*,*,#4568,.T.);
#2007=ORIENTED_EDGE('',*,*,#4570,.T.);
#2008=ORIENTED_EDGE('',*,*,#4571,.F.);
#2009=ORIENTED_EDGE('',*,*,#4572,.F.);
#2010=ORIENTED_EDGE('',*,*,#4571,.T.);
#2011=ORIENTED_EDGE('',*,*,#4573,.T.);
#2012=ORIENTED_EDGE('',*,*,#4574,.F.);
#2013=ORIENTED_EDGE('',*,*,#4575,.F.);
#2014=ORIENTED_EDGE('',*,*,#4574,.T.);
#2015=ORIENTED_EDGE('',*,*,#4576,.T.);
#2016=ORIENTED_EDGE('',*,*,#4566,.F.);
#2017=ORIENTED_EDGE('',*,*,#4577,.F.);
#2018=ORIENTED_EDGE('',*,*,#4578,.T.);
#2019=ORIENTED_EDGE('',*,*,#4579,.T.);
#2020=ORIENTED_EDGE('',*,*,#4580,.F.);
#2021=ORIENTED_EDGE('',*,*,#4581,.F.);
#2022=ORIENTED_EDGE('',*,*,#4580,.T.);
#2023=ORIENTED_EDGE('',*,*,#4582,.T.);
#2024=ORIENTED_EDGE('',*,*,#4583,.F.);
#2025=ORIENTED_EDGE('',*,*,#4584,.F.);
#2026=ORIENTED_EDGE('',*,*,#4583,.T.);
#2027=ORIENTED_EDGE('',*,*,#4585,.T.);
#2028=ORIENTED_EDGE('',*,*,#4586,.F.);
#2029=ORIENTED_EDGE('',*,*,#4587,.F.);
#2030=ORIENTED_EDGE('',*,*,#4586,.T.);
#2031=ORIENTED_EDGE('',*,*,#4588,.T.);
#2032=ORIENTED_EDGE('',*,*,#4578,.F.);
#2033=ORIENTED_EDGE('',*,*,#4589,.F.);
#2034=ORIENTED_EDGE('',*,*,#4590,.T.);
#2035=ORIENTED_EDGE('',*,*,#4591,.T.);
#2036=ORIENTED_EDGE('',*,*,#4592,.F.);
#2037=ORIENTED_EDGE('',*,*,#4593,.F.);
#2038=ORIENTED_EDGE('',*,*,#4592,.T.);
#2039=ORIENTED_EDGE('',*,*,#4594,.T.);
#2040=ORIENTED_EDGE('',*,*,#4595,.F.);
#2041=ORIENTED_EDGE('',*,*,#4596,.F.);
#2042=ORIENTED_EDGE('',*,*,#4595,.T.);
#2043=ORIENTED_EDGE('',*,*,#4597,.T.);
#2044=ORIENTED_EDGE('',*,*,#4598,.F.);
#2045=ORIENTED_EDGE('',*,*,#4599,.F.);
#2046=ORIENTED_EDGE('',*,*,#4598,.T.);
#2047=ORIENTED_EDGE('',*,*,#4600,.T.);
#2048=ORIENTED_EDGE('',*,*,#4590,.F.);
#2049=ORIENTED_EDGE('',*,*,#4601,.F.);
#2050=ORIENTED_EDGE('',*,*,#4602,.T.);
#2051=ORIENTED_EDGE('',*,*,#4603,.T.);
#2052=ORIENTED_EDGE('',*,*,#4604,.F.);
#2053=ORIENTED_EDGE('',*,*,#4605,.F.);
#2054=ORIENTED_EDGE('',*,*,#4604,.T.);
#2055=ORIENTED_EDGE('',*,*,#4606,.T.);
#2056=ORIENTED_EDGE('',*,*,#4607,.F.);
#2057=ORIENTED_EDGE('',*,*,#4608,.F.);
#2058=ORIENTED_EDGE('',*,*,#4607,.T.);
#2059=ORIENTED_EDGE('',*,*,#4609,.T.);
#2060=ORIENTED_EDGE('',*,*,#4610,.F.);
#2061=ORIENTED_EDGE('',*,*,#4611,.F.);
#2062=ORIENTED_EDGE('',*,*,#4610,.T.);
#2063=ORIENTED_EDGE('',*,*,#4612,.T.);
#2064=ORIENTED_EDGE('',*,*,#4602,.F.);
#2065=ORIENTED_EDGE('',*,*,#4613,.F.);
#2066=ORIENTED_EDGE('',*,*,#4614,.T.);
#2067=ORIENTED_EDGE('',*,*,#4615,.T.);
#2068=ORIENTED_EDGE('',*,*,#4616,.F.);
#2069=ORIENTED_EDGE('',*,*,#4617,.F.);
#2070=ORIENTED_EDGE('',*,*,#4616,.T.);
#2071=ORIENTED_EDGE('',*,*,#4618,.T.);
#2072=ORIENTED_EDGE('',*,*,#4619,.F.);
#2073=ORIENTED_EDGE('',*,*,#4620,.F.);
#2074=ORIENTED_EDGE('',*,*,#4619,.T.);
#2075=ORIENTED_EDGE('',*,*,#4621,.T.);
#2076=ORIENTED_EDGE('',*,*,#4622,.F.);
#2077=ORIENTED_EDGE('',*,*,#4623,.F.);
#2078=ORIENTED_EDGE('',*,*,#4622,.T.);
#2079=ORIENTED_EDGE('',*,*,#4624,.T.);
#2080=ORIENTED_EDGE('',*,*,#4614,.F.);
#2081=ORIENTED_EDGE('',*,*,#4625,.F.);
#2082=ORIENTED_EDGE('',*,*,#4626,.T.);
#2083=ORIENTED_EDGE('',*,*,#4627,.T.);
#2084=ORIENTED_EDGE('',*,*,#4628,.F.);
#2085=ORIENTED_EDGE('',*,*,#4629,.F.);
#2086=ORIENTED_EDGE('',*,*,#4628,.T.);
#2087=ORIENTED_EDGE('',*,*,#4630,.T.);
#2088=ORIENTED_EDGE('',*,*,#4631,.F.);
#2089=ORIENTED_EDGE('',*,*,#4632,.F.);
#2090=ORIENTED_EDGE('',*,*,#4631,.T.);
#2091=ORIENTED_EDGE('',*,*,#4633,.T.);
#2092=ORIENTED_EDGE('',*,*,#4634,.F.);
#2093=ORIENTED_EDGE('',*,*,#4635,.F.);
#2094=ORIENTED_EDGE('',*,*,#4634,.T.);
#2095=ORIENTED_EDGE('',*,*,#4636,.T.);
#2096=ORIENTED_EDGE('',*,*,#4626,.F.);
#2097=ORIENTED_EDGE('',*,*,#4637,.F.);
#2098=ORIENTED_EDGE('',*,*,#4638,.T.);
#2099=ORIENTED_EDGE('',*,*,#4639,.T.);
#2100=ORIENTED_EDGE('',*,*,#4640,.T.);
#2101=ORIENTED_EDGE('',*,*,#4641,.T.);
#2102=ORIENTED_EDGE('',*,*,#4642,.T.);
#2103=ORIENTED_EDGE('',*,*,#4643,.T.);
#2104=ORIENTED_EDGE('',*,*,#4644,.T.);
#2105=ORIENTED_EDGE('',*,*,#4645,.T.);
#2106=ORIENTED_EDGE('',*,*,#4646,.F.);
#2107=ORIENTED_EDGE('',*,*,#4647,.F.);
#2108=ORIENTED_EDGE('',*,*,#4648,.F.);
#2109=ORIENTED_EDGE('',*,*,#4649,.F.);
#2110=ORIENTED_EDGE('',*,*,#4650,.F.);
#2111=ORIENTED_EDGE('',*,*,#4651,.F.);
#2112=ORIENTED_EDGE('',*,*,#4652,.F.);
#2113=ORIENTED_EDGE('',*,*,#4653,.F.);
#2114=ORIENTED_EDGE('',*,*,#4654,.F.);
#2115=ORIENTED_EDGE('',*,*,#4655,.F.);
#2116=ORIENTED_EDGE('',*,*,#4656,.F.);
#2117=ORIENTED_EDGE('',*,*,#4657,.F.);
#2118=ORIENTED_EDGE('',*,*,#4658,.F.);
#2119=ORIENTED_EDGE('',*,*,#4659,.F.);
#2120=ORIENTED_EDGE('',*,*,#4660,.F.);
#2121=ORIENTED_EDGE('',*,*,#4661,.F.);
#2122=ORIENTED_EDGE('',*,*,#4662,.F.);
#2123=ORIENTED_EDGE('',*,*,#4663,.F.);
#2124=ORIENTED_EDGE('',*,*,#4664,.F.);
#2125=ORIENTED_EDGE('',*,*,#4665,.F.);
#2126=ORIENTED_EDGE('',*,*,#4666,.F.);
#2127=ORIENTED_EDGE('',*,*,#4667,.F.);
#2128=ORIENTED_EDGE('',*,*,#4668,.F.);
#2129=ORIENTED_EDGE('',*,*,#4669,.F.);
#2130=ORIENTED_EDGE('',*,*,#4670,.F.);
#2131=ORIENTED_EDGE('',*,*,#4671,.F.);
#2132=ORIENTED_EDGE('',*,*,#4672,.F.);
#2133=ORIENTED_EDGE('',*,*,#4673,.F.);
#2134=ORIENTED_EDGE('',*,*,#4640,.F.);
#2135=ORIENTED_EDGE('',*,*,#4674,.T.);
#2136=ORIENTED_EDGE('',*,*,#4675,.T.);
#2137=ORIENTED_EDGE('',*,*,#4676,.T.);
#2138=ORIENTED_EDGE('',*,*,#4677,.F.);
#2139=ORIENTED_EDGE('',*,*,#4678,.F.);
#2140=ORIENTED_EDGE('',*,*,#4652,.T.);
#2141=ORIENTED_EDGE('',*,*,#4679,.T.);
#2142=ORIENTED_EDGE('',*,*,#4680,.T.);
#2143=ORIENTED_EDGE('',*,*,#4681,.T.);
#2144=ORIENTED_EDGE('',*,*,#4648,.T.);
#2145=ORIENTED_EDGE('',*,*,#4682,.T.);
#2146=ORIENTED_EDGE('',*,*,#4683,.T.);
#2147=ORIENTED_EDGE('',*,*,#4684,.T.);
#2148=ORIENTED_EDGE('',*,*,#4685,.T.);
#2149=ORIENTED_EDGE('',*,*,#4686,.T.);
#2150=ORIENTED_EDGE('',*,*,#4687,.T.);
#2151=ORIENTED_EDGE('',*,*,#4688,.T.);
#2152=ORIENTED_EDGE('',*,*,#4689,.T.);
#2153=ORIENTED_EDGE('',*,*,#4690,.T.);
#2154=ORIENTED_EDGE('',*,*,#4691,.T.);
#2155=ORIENTED_EDGE('',*,*,#4692,.T.);
#2156=ORIENTED_EDGE('',*,*,#4693,.T.);
#2157=ORIENTED_EDGE('',*,*,#4694,.T.);
#2158=ORIENTED_EDGE('',*,*,#4644,.F.);
#2159=ORIENTED_EDGE('',*,*,#4695,.T.);
#2160=ORIENTED_EDGE('',*,*,#4696,.T.);
#2161=ORIENTED_EDGE('',*,*,#4697,.T.);
#2162=ORIENTED_EDGE('',*,*,#4636,.F.);
#2163=ORIENTED_EDGE('',*,*,#4633,.F.);
#2164=ORIENTED_EDGE('',*,*,#4630,.F.);
#2165=ORIENTED_EDGE('',*,*,#4627,.F.);
#2166=ORIENTED_EDGE('',*,*,#4624,.F.);
#2167=ORIENTED_EDGE('',*,*,#4621,.F.);
#2168=ORIENTED_EDGE('',*,*,#4618,.F.);
#2169=ORIENTED_EDGE('',*,*,#4615,.F.);
#2170=ORIENTED_EDGE('',*,*,#4612,.F.);
#2171=ORIENTED_EDGE('',*,*,#4609,.F.);
#2172=ORIENTED_EDGE('',*,*,#4606,.F.);
#2173=ORIENTED_EDGE('',*,*,#4603,.F.);
#2174=ORIENTED_EDGE('',*,*,#4600,.F.);
#2175=ORIENTED_EDGE('',*,*,#4597,.F.);
#2176=ORIENTED_EDGE('',*,*,#4594,.F.);
#2177=ORIENTED_EDGE('',*,*,#4591,.F.);
#2178=ORIENTED_EDGE('',*,*,#4588,.F.);
#2179=ORIENTED_EDGE('',*,*,#4585,.F.);
#2180=ORIENTED_EDGE('',*,*,#4582,.F.);
#2181=ORIENTED_EDGE('',*,*,#4579,.F.);
#2182=ORIENTED_EDGE('',*,*,#4576,.F.);
#2183=ORIENTED_EDGE('',*,*,#4573,.F.);
#2184=ORIENTED_EDGE('',*,*,#4570,.F.);
#2185=ORIENTED_EDGE('',*,*,#4567,.F.);
#2186=ORIENTED_EDGE('',*,*,#4564,.F.);
#2187=ORIENTED_EDGE('',*,*,#4561,.F.);
#2188=ORIENTED_EDGE('',*,*,#4558,.F.);
#2189=ORIENTED_EDGE('',*,*,#4555,.F.);
#2190=ORIENTED_EDGE('',*,*,#4552,.F.);
#2191=ORIENTED_EDGE('',*,*,#4549,.F.);
#2192=ORIENTED_EDGE('',*,*,#4546,.F.);
#2193=ORIENTED_EDGE('',*,*,#4543,.F.);
#2194=ORIENTED_EDGE('',*,*,#4540,.F.);
#2195=ORIENTED_EDGE('',*,*,#4537,.F.);
#2196=ORIENTED_EDGE('',*,*,#4534,.F.);
#2197=ORIENTED_EDGE('',*,*,#4531,.F.);
#2198=ORIENTED_EDGE('',*,*,#4528,.F.);
#2199=ORIENTED_EDGE('',*,*,#4525,.F.);
#2200=ORIENTED_EDGE('',*,*,#4522,.F.);
#2201=ORIENTED_EDGE('',*,*,#4519,.F.);
#2202=ORIENTED_EDGE('',*,*,#4516,.F.);
#2203=ORIENTED_EDGE('',*,*,#4513,.F.);
#2204=ORIENTED_EDGE('',*,*,#4510,.F.);
#2205=ORIENTED_EDGE('',*,*,#4507,.F.);
#2206=ORIENTED_EDGE('',*,*,#4504,.F.);
#2207=ORIENTED_EDGE('',*,*,#4501,.F.);
#2208=ORIENTED_EDGE('',*,*,#4498,.F.);
#2209=ORIENTED_EDGE('',*,*,#4495,.F.);
#2210=ORIENTED_EDGE('',*,*,#4492,.F.);
#2211=ORIENTED_EDGE('',*,*,#4489,.F.);
#2212=ORIENTED_EDGE('',*,*,#4486,.F.);
#2213=ORIENTED_EDGE('',*,*,#4483,.F.);
#2214=ORIENTED_EDGE('',*,*,#4480,.F.);
#2215=ORIENTED_EDGE('',*,*,#4477,.F.);
#2216=ORIENTED_EDGE('',*,*,#4474,.F.);
#2217=ORIENTED_EDGE('',*,*,#4471,.F.);
#2218=ORIENTED_EDGE('',*,*,#4468,.F.);
#2219=ORIENTED_EDGE('',*,*,#4465,.F.);
#2220=ORIENTED_EDGE('',*,*,#4462,.F.);
#2221=ORIENTED_EDGE('',*,*,#4459,.F.);
#2222=ORIENTED_EDGE('',*,*,#4456,.F.);
#2223=ORIENTED_EDGE('',*,*,#4453,.F.);
#2224=ORIENTED_EDGE('',*,*,#4450,.F.);
#2225=ORIENTED_EDGE('',*,*,#4447,.F.);
#2226=ORIENTED_EDGE('',*,*,#4444,.F.);
#2227=ORIENTED_EDGE('',*,*,#4441,.F.);
#2228=ORIENTED_EDGE('',*,*,#4438,.F.);
#2229=ORIENTED_EDGE('',*,*,#4435,.F.);
#2230=ORIENTED_EDGE('',*,*,#4432,.F.);
#2231=ORIENTED_EDGE('',*,*,#4429,.F.);
#2232=ORIENTED_EDGE('',*,*,#4426,.F.);
#2233=ORIENTED_EDGE('',*,*,#4423,.F.);
#2234=ORIENTED_EDGE('',*,*,#4420,.F.);
#2235=ORIENTED_EDGE('',*,*,#4417,.F.);
#2236=ORIENTED_EDGE('',*,*,#4414,.F.);
#2237=ORIENTED_EDGE('',*,*,#4411,.F.);
#2238=ORIENTED_EDGE('',*,*,#4408,.F.);
#2239=ORIENTED_EDGE('',*,*,#4405,.F.);
#2240=ORIENTED_EDGE('',*,*,#4402,.F.);
#2241=ORIENTED_EDGE('',*,*,#4399,.F.);
#2242=ORIENTED_EDGE('',*,*,#4396,.F.);
#2243=ORIENTED_EDGE('',*,*,#4393,.F.);
#2244=ORIENTED_EDGE('',*,*,#4390,.F.);
#2245=ORIENTED_EDGE('',*,*,#4387,.F.);
#2246=ORIENTED_EDGE('',*,*,#4384,.F.);
#2247=ORIENTED_EDGE('',*,*,#4381,.F.);
#2248=ORIENTED_EDGE('',*,*,#4378,.F.);
#2249=ORIENTED_EDGE('',*,*,#4375,.F.);
#2250=ORIENTED_EDGE('',*,*,#4372,.F.);
#2251=ORIENTED_EDGE('',*,*,#4369,.F.);
#2252=ORIENTED_EDGE('',*,*,#4366,.F.);
#2253=ORIENTED_EDGE('',*,*,#4363,.F.);
#2254=ORIENTED_EDGE('',*,*,#4360,.F.);
#2255=ORIENTED_EDGE('',*,*,#4357,.F.);
#2256=ORIENTED_EDGE('',*,*,#4354,.F.);
#2257=ORIENTED_EDGE('',*,*,#4351,.F.);
#2258=ORIENTED_EDGE('',*,*,#4348,.F.);
#2259=ORIENTED_EDGE('',*,*,#4345,.F.);
#2260=ORIENTED_EDGE('',*,*,#4342,.F.);
#2261=ORIENTED_EDGE('',*,*,#4339,.F.);
#2262=ORIENTED_EDGE('',*,*,#4336,.F.);
#2263=ORIENTED_EDGE('',*,*,#4333,.F.);
#2264=ORIENTED_EDGE('',*,*,#4330,.F.);
#2265=ORIENTED_EDGE('',*,*,#4327,.F.);
#2266=ORIENTED_EDGE('',*,*,#4324,.F.);
#2267=ORIENTED_EDGE('',*,*,#4321,.F.);
#2268=ORIENTED_EDGE('',*,*,#4318,.F.);
#2269=ORIENTED_EDGE('',*,*,#4315,.F.);
#2270=ORIENTED_EDGE('',*,*,#4312,.F.);
#2271=ORIENTED_EDGE('',*,*,#4309,.F.);
#2272=ORIENTED_EDGE('',*,*,#4306,.F.);
#2273=ORIENTED_EDGE('',*,*,#4303,.F.);
#2274=ORIENTED_EDGE('',*,*,#4300,.F.);
#2275=ORIENTED_EDGE('',*,*,#4297,.F.);
#2276=ORIENTED_EDGE('',*,*,#4294,.F.);
#2277=ORIENTED_EDGE('',*,*,#4291,.F.);
#2278=ORIENTED_EDGE('',*,*,#4288,.F.);
#2279=ORIENTED_EDGE('',*,*,#4285,.F.);
#2280=ORIENTED_EDGE('',*,*,#4282,.F.);
#2281=ORIENTED_EDGE('',*,*,#4279,.F.);
#2282=ORIENTED_EDGE('',*,*,#4276,.F.);
#2283=ORIENTED_EDGE('',*,*,#4273,.F.);
#2284=ORIENTED_EDGE('',*,*,#4270,.F.);
#2285=ORIENTED_EDGE('',*,*,#4267,.F.);
#2286=ORIENTED_EDGE('',*,*,#4264,.F.);
#2287=ORIENTED_EDGE('',*,*,#4261,.F.);
#2288=ORIENTED_EDGE('',*,*,#4258,.F.);
#2289=ORIENTED_EDGE('',*,*,#4255,.F.);
#2290=ORIENTED_EDGE('',*,*,#4252,.F.);
#2291=ORIENTED_EDGE('',*,*,#4249,.F.);
#2292=ORIENTED_EDGE('',*,*,#4246,.F.);
#2293=ORIENTED_EDGE('',*,*,#4243,.F.);
#2294=ORIENTED_EDGE('',*,*,#4240,.F.);
#2295=ORIENTED_EDGE('',*,*,#4237,.F.);
#2296=ORIENTED_EDGE('',*,*,#4234,.F.);
#2297=ORIENTED_EDGE('',*,*,#4231,.F.);
#2298=ORIENTED_EDGE('',*,*,#4228,.F.);
#2299=ORIENTED_EDGE('',*,*,#4225,.F.);
#2300=ORIENTED_EDGE('',*,*,#4222,.F.);
#2301=ORIENTED_EDGE('',*,*,#4219,.F.);
#2302=ORIENTED_EDGE('',*,*,#4216,.F.);
#2303=ORIENTED_EDGE('',*,*,#4213,.F.);
#2304=ORIENTED_EDGE('',*,*,#4210,.F.);
#2305=ORIENTED_EDGE('',*,*,#4207,.F.);
#2306=ORIENTED_EDGE('',*,*,#4204,.F.);
#2307=ORIENTED_EDGE('',*,*,#4201,.F.);
#2308=ORIENTED_EDGE('',*,*,#4198,.F.);
#2309=ORIENTED_EDGE('',*,*,#4195,.F.);
#2310=ORIENTED_EDGE('',*,*,#4192,.F.);
#2311=ORIENTED_EDGE('',*,*,#4189,.F.);
#2312=ORIENTED_EDGE('',*,*,#4186,.F.);
#2313=ORIENTED_EDGE('',*,*,#4183,.F.);
#2314=ORIENTED_EDGE('',*,*,#4180,.F.);
#2315=ORIENTED_EDGE('',*,*,#4177,.F.);
#2316=ORIENTED_EDGE('',*,*,#4174,.F.);
#2317=ORIENTED_EDGE('',*,*,#4171,.F.);
#2318=ORIENTED_EDGE('',*,*,#4168,.F.);
#2319=ORIENTED_EDGE('',*,*,#4165,.F.);
#2320=ORIENTED_EDGE('',*,*,#4162,.F.);
#2321=ORIENTED_EDGE('',*,*,#4159,.F.);
#2322=ORIENTED_EDGE('',*,*,#4156,.F.);
#2323=ORIENTED_EDGE('',*,*,#4153,.F.);
#2324=ORIENTED_EDGE('',*,*,#4150,.F.);
#2325=ORIENTED_EDGE('',*,*,#4147,.F.);
#2326=ORIENTED_EDGE('',*,*,#4144,.F.);
#2327=ORIENTED_EDGE('',*,*,#4141,.F.);
#2328=ORIENTED_EDGE('',*,*,#4138,.F.);
#2329=ORIENTED_EDGE('',*,*,#4135,.F.);
#2330=ORIENTED_EDGE('',*,*,#4132,.F.);
#2331=ORIENTED_EDGE('',*,*,#4129,.F.);
#2332=ORIENTED_EDGE('',*,*,#4126,.F.);
#2333=ORIENTED_EDGE('',*,*,#4123,.F.);
#2334=ORIENTED_EDGE('',*,*,#4120,.F.);
#2335=ORIENTED_EDGE('',*,*,#4117,.F.);
#2336=ORIENTED_EDGE('',*,*,#4114,.F.);
#2337=ORIENTED_EDGE('',*,*,#4111,.F.);
#2338=ORIENTED_EDGE('',*,*,#4108,.F.);
#2339=ORIENTED_EDGE('',*,*,#4105,.F.);
#2340=ORIENTED_EDGE('',*,*,#4102,.F.);
#2341=ORIENTED_EDGE('',*,*,#4099,.F.);
#2342=ORIENTED_EDGE('',*,*,#4096,.F.);
#2343=ORIENTED_EDGE('',*,*,#4093,.F.);
#2344=ORIENTED_EDGE('',*,*,#4090,.F.);
#2345=ORIENTED_EDGE('',*,*,#4087,.F.);
#2346=ORIENTED_EDGE('',*,*,#4084,.F.);
#2347=ORIENTED_EDGE('',*,*,#4081,.F.);
#2348=ORIENTED_EDGE('',*,*,#4078,.F.);
#2349=ORIENTED_EDGE('',*,*,#4075,.F.);
#2350=ORIENTED_EDGE('',*,*,#4072,.F.);
#2351=ORIENTED_EDGE('',*,*,#4069,.F.);
#2352=ORIENTED_EDGE('',*,*,#4066,.F.);
#2353=ORIENTED_EDGE('',*,*,#4063,.F.);
#2354=ORIENTED_EDGE('',*,*,#4060,.F.);
#2355=ORIENTED_EDGE('',*,*,#4057,.F.);
#2356=ORIENTED_EDGE('',*,*,#4054,.F.);
#2357=ORIENTED_EDGE('',*,*,#4051,.F.);
#2358=ORIENTED_EDGE('',*,*,#4048,.F.);
#2359=ORIENTED_EDGE('',*,*,#4045,.F.);
#2360=ORIENTED_EDGE('',*,*,#4042,.F.);
#2361=ORIENTED_EDGE('',*,*,#4039,.F.);
#2362=ORIENTED_EDGE('',*,*,#4036,.F.);
#2363=ORIENTED_EDGE('',*,*,#4033,.F.);
#2364=ORIENTED_EDGE('',*,*,#4030,.F.);
#2365=ORIENTED_EDGE('',*,*,#4027,.F.);
#2366=ORIENTED_EDGE('',*,*,#4024,.F.);
#2367=ORIENTED_EDGE('',*,*,#4021,.F.);
#2368=ORIENTED_EDGE('',*,*,#4018,.F.);
#2369=ORIENTED_EDGE('',*,*,#4015,.F.);
#2370=ORIENTED_EDGE('',*,*,#4012,.F.);
#2371=ORIENTED_EDGE('',*,*,#4009,.F.);
#2372=ORIENTED_EDGE('',*,*,#4006,.F.);
#2373=ORIENTED_EDGE('',*,*,#4003,.F.);
#2374=ORIENTED_EDGE('',*,*,#4000,.F.);
#2375=ORIENTED_EDGE('',*,*,#3997,.F.);
#2376=ORIENTED_EDGE('',*,*,#3994,.F.);
#2377=ORIENTED_EDGE('',*,*,#3991,.F.);
#2378=ORIENTED_EDGE('',*,*,#3988,.F.);
#2379=ORIENTED_EDGE('',*,*,#3985,.F.);
#2380=ORIENTED_EDGE('',*,*,#3982,.F.);
#2381=ORIENTED_EDGE('',*,*,#3979,.F.);
#2382=ORIENTED_EDGE('',*,*,#3976,.F.);
#2383=ORIENTED_EDGE('',*,*,#3973,.F.);
#2384=ORIENTED_EDGE('',*,*,#3970,.F.);
#2385=ORIENTED_EDGE('',*,*,#3967,.F.);
#2386=ORIENTED_EDGE('',*,*,#3964,.F.);
#2387=ORIENTED_EDGE('',*,*,#3961,.F.);
#2388=ORIENTED_EDGE('',*,*,#3958,.F.);
#2389=ORIENTED_EDGE('',*,*,#3955,.F.);
#2390=ORIENTED_EDGE('',*,*,#3952,.F.);
#2391=ORIENTED_EDGE('',*,*,#3949,.F.);
#2392=ORIENTED_EDGE('',*,*,#3946,.F.);
#2393=ORIENTED_EDGE('',*,*,#3943,.F.);
#2394=ORIENTED_EDGE('',*,*,#3940,.F.);
#2395=ORIENTED_EDGE('',*,*,#3937,.F.);
#2396=ORIENTED_EDGE('',*,*,#3934,.F.);
#2397=ORIENTED_EDGE('',*,*,#3931,.F.);
#2398=ORIENTED_EDGE('',*,*,#3928,.F.);
#2399=ORIENTED_EDGE('',*,*,#3925,.F.);
#2400=ORIENTED_EDGE('',*,*,#3922,.F.);
#2401=ORIENTED_EDGE('',*,*,#3919,.F.);
#2402=ORIENTED_EDGE('',*,*,#3916,.F.);
#2403=ORIENTED_EDGE('',*,*,#3913,.F.);
#2404=ORIENTED_EDGE('',*,*,#3910,.F.);
#2405=ORIENTED_EDGE('',*,*,#3907,.F.);
#2406=ORIENTED_EDGE('',*,*,#3904,.F.);
#2407=ORIENTED_EDGE('',*,*,#3901,.F.);
#2408=ORIENTED_EDGE('',*,*,#3898,.F.);
#2409=ORIENTED_EDGE('',*,*,#3895,.F.);
#2410=ORIENTED_EDGE('',*,*,#3892,.F.);
#2411=ORIENTED_EDGE('',*,*,#3889,.F.);
#2412=ORIENTED_EDGE('',*,*,#3886,.F.);
#2413=ORIENTED_EDGE('',*,*,#3883,.F.);
#2414=ORIENTED_EDGE('',*,*,#3880,.F.);
#2415=ORIENTED_EDGE('',*,*,#3877,.F.);
#2416=ORIENTED_EDGE('',*,*,#3874,.F.);
#2417=ORIENTED_EDGE('',*,*,#3871,.F.);
#2418=ORIENTED_EDGE('',*,*,#3868,.F.);
#2419=ORIENTED_EDGE('',*,*,#3865,.F.);
#2420=ORIENTED_EDGE('',*,*,#3862,.F.);
#2421=ORIENTED_EDGE('',*,*,#3859,.F.);
#2422=ORIENTED_EDGE('',*,*,#3856,.F.);
#2423=ORIENTED_EDGE('',*,*,#3853,.F.);
#2424=ORIENTED_EDGE('',*,*,#3850,.F.);
#2425=ORIENTED_EDGE('',*,*,#3847,.F.);
#2426=ORIENTED_EDGE('',*,*,#3844,.F.);
#2427=ORIENTED_EDGE('',*,*,#3841,.F.);
#2428=ORIENTED_EDGE('',*,*,#3838,.F.);
#2429=ORIENTED_EDGE('',*,*,#3835,.F.);
#2430=ORIENTED_EDGE('',*,*,#3832,.F.);
#2431=ORIENTED_EDGE('',*,*,#3829,.F.);
#2432=ORIENTED_EDGE('',*,*,#3826,.F.);
#2433=ORIENTED_EDGE('',*,*,#3823,.F.);
#2434=ORIENTED_EDGE('',*,*,#3820,.F.);
#2435=ORIENTED_EDGE('',*,*,#3817,.F.);
#2436=ORIENTED_EDGE('',*,*,#3814,.F.);
#2437=ORIENTED_EDGE('',*,*,#3811,.F.);
#2438=ORIENTED_EDGE('',*,*,#3808,.F.);
#2439=ORIENTED_EDGE('',*,*,#3805,.F.);
#2440=ORIENTED_EDGE('',*,*,#3802,.F.);
#2441=ORIENTED_EDGE('',*,*,#3799,.F.);
#2442=ORIENTED_EDGE('',*,*,#3796,.F.);
#2443=ORIENTED_EDGE('',*,*,#3793,.F.);
#2444=ORIENTED_EDGE('',*,*,#3790,.F.);
#2445=ORIENTED_EDGE('',*,*,#3787,.F.);
#2446=ORIENTED_EDGE('',*,*,#3784,.F.);
#2447=ORIENTED_EDGE('',*,*,#3781,.F.);
#2448=ORIENTED_EDGE('',*,*,#3778,.F.);
#2449=ORIENTED_EDGE('',*,*,#3775,.F.);
#2450=ORIENTED_EDGE('',*,*,#3772,.F.);
#2451=ORIENTED_EDGE('',*,*,#3769,.F.);
#2452=ORIENTED_EDGE('',*,*,#3766,.F.);
#2453=ORIENTED_EDGE('',*,*,#3763,.F.);
#2454=ORIENTED_EDGE('',*,*,#3760,.F.);
#2455=ORIENTED_EDGE('',*,*,#3757,.F.);
#2456=ORIENTED_EDGE('',*,*,#3754,.F.);
#2457=ORIENTED_EDGE('',*,*,#3751,.F.);
#2458=ORIENTED_EDGE('',*,*,#3748,.F.);
#2459=ORIENTED_EDGE('',*,*,#3745,.F.);
#2460=ORIENTED_EDGE('',*,*,#3742,.F.);
#2461=ORIENTED_EDGE('',*,*,#3739,.F.);
#2462=ORIENTED_EDGE('',*,*,#3736,.F.);
#2463=ORIENTED_EDGE('',*,*,#3733,.F.);
#2464=ORIENTED_EDGE('',*,*,#3730,.F.);
#2465=ORIENTED_EDGE('',*,*,#3727,.F.);
#2466=ORIENTED_EDGE('',*,*,#3724,.F.);
#2467=ORIENTED_EDGE('',*,*,#3721,.F.);
#2468=ORIENTED_EDGE('',*,*,#3718,.F.);
#2469=ORIENTED_EDGE('',*,*,#3715,.F.);
#2470=ORIENTED_EDGE('',*,*,#3712,.F.);
#2471=ORIENTED_EDGE('',*,*,#3709,.F.);
#2472=ORIENTED_EDGE('',*,*,#3706,.F.);
#2473=ORIENTED_EDGE('',*,*,#3703,.F.);
#2474=ORIENTED_EDGE('',*,*,#3700,.F.);
#2475=ORIENTED_EDGE('',*,*,#3697,.F.);
#2476=ORIENTED_EDGE('',*,*,#3694,.F.);
#2477=ORIENTED_EDGE('',*,*,#3691,.F.);
#2478=ORIENTED_EDGE('',*,*,#3688,.F.);
#2479=ORIENTED_EDGE('',*,*,#3685,.F.);
#2480=ORIENTED_EDGE('',*,*,#3682,.F.);
#2481=ORIENTED_EDGE('',*,*,#3679,.F.);
#2482=ORIENTED_EDGE('',*,*,#3676,.F.);
#2483=ORIENTED_EDGE('',*,*,#3673,.F.);
#2484=ORIENTED_EDGE('',*,*,#3670,.F.);
#2485=ORIENTED_EDGE('',*,*,#3667,.F.);
#2486=ORIENTED_EDGE('',*,*,#3664,.F.);
#2487=ORIENTED_EDGE('',*,*,#3661,.F.);
#2488=ORIENTED_EDGE('',*,*,#3658,.F.);
#2489=ORIENTED_EDGE('',*,*,#3655,.F.);
#2490=ORIENTED_EDGE('',*,*,#3652,.F.);
#2491=ORIENTED_EDGE('',*,*,#3649,.F.);
#2492=ORIENTED_EDGE('',*,*,#3646,.F.);
#2493=ORIENTED_EDGE('',*,*,#3643,.F.);
#2494=ORIENTED_EDGE('',*,*,#3640,.F.);
#2495=ORIENTED_EDGE('',*,*,#3637,.F.);
#2496=ORIENTED_EDGE('',*,*,#3634,.F.);
#2497=ORIENTED_EDGE('',*,*,#3631,.F.);
#2498=ORIENTED_EDGE('',*,*,#3628,.F.);
#2499=ORIENTED_EDGE('',*,*,#3625,.F.);
#2500=ORIENTED_EDGE('',*,*,#3622,.F.);
#2501=ORIENTED_EDGE('',*,*,#3619,.F.);
#2502=ORIENTED_EDGE('',*,*,#3616,.F.);
#2503=ORIENTED_EDGE('',*,*,#3613,.F.);
#2504=ORIENTED_EDGE('',*,*,#3610,.F.);
#2505=ORIENTED_EDGE('',*,*,#3607,.F.);
#2506=ORIENTED_EDGE('',*,*,#3604,.F.);
#2507=ORIENTED_EDGE('',*,*,#3601,.F.);
#2508=ORIENTED_EDGE('',*,*,#3598,.F.);
#2509=ORIENTED_EDGE('',*,*,#3595,.F.);
#2510=ORIENTED_EDGE('',*,*,#3592,.F.);
#2511=ORIENTED_EDGE('',*,*,#3589,.F.);
#2512=ORIENTED_EDGE('',*,*,#3586,.F.);
#2513=ORIENTED_EDGE('',*,*,#3583,.F.);
#2514=ORIENTED_EDGE('',*,*,#3580,.F.);
#2515=ORIENTED_EDGE('',*,*,#3577,.F.);
#2516=ORIENTED_EDGE('',*,*,#3574,.F.);
#2517=ORIENTED_EDGE('',*,*,#3571,.F.);
#2518=ORIENTED_EDGE('',*,*,#3568,.F.);
#2519=ORIENTED_EDGE('',*,*,#3565,.F.);
#2520=ORIENTED_EDGE('',*,*,#3562,.F.);
#2521=ORIENTED_EDGE('',*,*,#3559,.F.);
#2522=ORIENTED_EDGE('',*,*,#3556,.F.);
#2523=ORIENTED_EDGE('',*,*,#3553,.F.);
#2524=ORIENTED_EDGE('',*,*,#3550,.F.);
#2525=ORIENTED_EDGE('',*,*,#3547,.F.);
#2526=ORIENTED_EDGE('',*,*,#3544,.F.);
#2527=ORIENTED_EDGE('',*,*,#3541,.F.);
#2528=ORIENTED_EDGE('',*,*,#3538,.F.);
#2529=ORIENTED_EDGE('',*,*,#3535,.F.);
#2530=ORIENTED_EDGE('',*,*,#3532,.F.);
#2531=ORIENTED_EDGE('',*,*,#3529,.F.);
#2532=ORIENTED_EDGE('',*,*,#3526,.F.);
#2533=ORIENTED_EDGE('',*,*,#3523,.F.);
#2534=ORIENTED_EDGE('',*,*,#3520,.F.);
#2535=ORIENTED_EDGE('',*,*,#3517,.F.);
#2536=ORIENTED_EDGE('',*,*,#3514,.F.);
#2537=ORIENTED_EDGE('',*,*,#3511,.F.);
#2538=ORIENTED_EDGE('',*,*,#3508,.F.);
#2539=ORIENTED_EDGE('',*,*,#3505,.F.);
#2540=ORIENTED_EDGE('',*,*,#3502,.F.);
#2541=ORIENTED_EDGE('',*,*,#3499,.F.);
#2542=ORIENTED_EDGE('',*,*,#3496,.F.);
#2543=ORIENTED_EDGE('',*,*,#3493,.F.);
#2544=ORIENTED_EDGE('',*,*,#3490,.F.);
#2545=ORIENTED_EDGE('',*,*,#3487,.F.);
#2546=ORIENTED_EDGE('',*,*,#3484,.F.);
#2547=ORIENTED_EDGE('',*,*,#3481,.F.);
#2548=ORIENTED_EDGE('',*,*,#3478,.F.);
#2549=ORIENTED_EDGE('',*,*,#3475,.F.);
#2550=ORIENTED_EDGE('',*,*,#3472,.F.);
#2551=ORIENTED_EDGE('',*,*,#3469,.F.);
#2552=ORIENTED_EDGE('',*,*,#3466,.F.);
#2553=ORIENTED_EDGE('',*,*,#3463,.F.);
#2554=ORIENTED_EDGE('',*,*,#3460,.F.);
#2555=ORIENTED_EDGE('',*,*,#3457,.F.);
#2556=ORIENTED_EDGE('',*,*,#3454,.F.);
#2557=ORIENTED_EDGE('',*,*,#3451,.F.);
#2558=ORIENTED_EDGE('',*,*,#3448,.F.);
#2559=ORIENTED_EDGE('',*,*,#3445,.F.);
#2560=ORIENTED_EDGE('',*,*,#3442,.F.);
#2561=ORIENTED_EDGE('',*,*,#3439,.F.);
#2562=ORIENTED_EDGE('',*,*,#3436,.F.);
#2563=ORIENTED_EDGE('',*,*,#3433,.F.);
#2564=ORIENTED_EDGE('',*,*,#3430,.F.);
#2565=ORIENTED_EDGE('',*,*,#3427,.F.);
#2566=ORIENTED_EDGE('',*,*,#3424,.F.);
#2567=ORIENTED_EDGE('',*,*,#3421,.F.);
#2568=ORIENTED_EDGE('',*,*,#3418,.F.);
#2569=ORIENTED_EDGE('',*,*,#3415,.F.);
#2570=ORIENTED_EDGE('',*,*,#3412,.F.);
#2571=ORIENTED_EDGE('',*,*,#3409,.F.);
#2572=ORIENTED_EDGE('',*,*,#3406,.F.);
#2573=ORIENTED_EDGE('',*,*,#3403,.F.);
#2574=ORIENTED_EDGE('',*,*,#3400,.F.);
#2575=ORIENTED_EDGE('',*,*,#3397,.F.);
#2576=ORIENTED_EDGE('',*,*,#3394,.F.);
#2577=ORIENTED_EDGE('',*,*,#3391,.F.);
#2578=ORIENTED_EDGE('',*,*,#3388,.F.);
#2579=ORIENTED_EDGE('',*,*,#3385,.F.);
#2580=ORIENTED_EDGE('',*,*,#3382,.F.);
#2581=ORIENTED_EDGE('',*,*,#3379,.F.);
#2582=ORIENTED_EDGE('',*,*,#3376,.F.);
#2583=ORIENTED_EDGE('',*,*,#3373,.F.);
#2584=ORIENTED_EDGE('',*,*,#3370,.F.);
#2585=ORIENTED_EDGE('',*,*,#3367,.F.);
#2586=ORIENTED_EDGE('',*,*,#3364,.F.);
#2587=ORIENTED_EDGE('',*,*,#3361,.F.);
#2588=ORIENTED_EDGE('',*,*,#3358,.F.);
#2589=ORIENTED_EDGE('',*,*,#3355,.F.);
#2590=ORIENTED_EDGE('',*,*,#3352,.F.);
#2591=ORIENTED_EDGE('',*,*,#3349,.F.);
#2592=ORIENTED_EDGE('',*,*,#3346,.F.);
#2593=ORIENTED_EDGE('',*,*,#3343,.F.);
#2594=ORIENTED_EDGE('',*,*,#3340,.F.);
#2595=ORIENTED_EDGE('',*,*,#3337,.F.);
#2596=ORIENTED_EDGE('',*,*,#3334,.F.);
#2597=ORIENTED_EDGE('',*,*,#3331,.F.);
#2598=ORIENTED_EDGE('',*,*,#4698,.T.);
#2599=ORIENTED_EDGE('',*,*,#4699,.T.);
#2600=ORIENTED_EDGE('',*,*,#4700,.T.);
#2601=ORIENTED_EDGE('',*,*,#4701,.T.);
#2602=ORIENTED_EDGE('',*,*,#4702,.T.);
#2603=ORIENTED_EDGE('',*,*,#4703,.T.);
#2604=ORIENTED_EDGE('',*,*,#4704,.T.);
#2605=ORIENTED_EDGE('',*,*,#4705,.T.);
#2606=ORIENTED_EDGE('',*,*,#4706,.T.);
#2607=ORIENTED_EDGE('',*,*,#4707,.T.);
#2608=ORIENTED_EDGE('',*,*,#4708,.T.);
#2609=ORIENTED_EDGE('',*,*,#4709,.T.);
#2610=ORIENTED_EDGE('',*,*,#4710,.T.);
#2611=ORIENTED_EDGE('',*,*,#4711,.T.);
#2612=ORIENTED_EDGE('',*,*,#4712,.T.);
#2613=ORIENTED_EDGE('',*,*,#4713,.T.);
#2614=ORIENTED_EDGE('',*,*,#4714,.T.);
#2615=ORIENTED_EDGE('',*,*,#4715,.T.);
#2616=ORIENTED_EDGE('',*,*,#4716,.T.);
#2617=ORIENTED_EDGE('',*,*,#4717,.T.);
#2618=ORIENTED_EDGE('',*,*,#4718,.T.);
#2619=ORIENTED_EDGE('',*,*,#4719,.T.);
#2620=ORIENTED_EDGE('',*,*,#4638,.F.);
#2621=ORIENTED_EDGE('',*,*,#4720,.T.);
#2622=ORIENTED_EDGE('',*,*,#4721,.T.);
#2623=ORIENTED_EDGE('',*,*,#4722,.T.);
#2624=ORIENTED_EDGE('',*,*,#4642,.F.);
#2625=ORIENTED_EDGE('',*,*,#4723,.T.);
#2626=ORIENTED_EDGE('',*,*,#4724,.T.);
#2627=ORIENTED_EDGE('',*,*,#4725,.F.);
#2628=ORIENTED_EDGE('',*,*,#4726,.T.);
#2629=ORIENTED_EDGE('',*,*,#4727,.T.);
#2630=ORIENTED_EDGE('',*,*,#4728,.T.);
#2631=ORIENTED_EDGE('',*,*,#4729,.F.);
#2632=ORIENTED_EDGE('',*,*,#4730,.T.);
#2633=ORIENTED_EDGE('',*,*,#4731,.T.);
#2634=ORIENTED_EDGE('',*,*,#4732,.T.);
#2635=ORIENTED_EDGE('',*,*,#4733,.T.);
#2636=ORIENTED_EDGE('',*,*,#4734,.T.);
#2637=ORIENTED_EDGE('',*,*,#4735,.T.);
#2638=ORIENTED_EDGE('',*,*,#4646,.T.);
#2639=ORIENTED_EDGE('',*,*,#4736,.T.);
#2640=ORIENTED_EDGE('',*,*,#4737,.T.);
#2641=ORIENTED_EDGE('',*,*,#4738,.T.);
#2642=ORIENTED_EDGE('',*,*,#4650,.T.);
#2643=ORIENTED_EDGE('',*,*,#4739,.T.);
#2644=ORIENTED_EDGE('',*,*,#4740,.F.);
#2645=ORIENTED_EDGE('',*,*,#4741,.T.);
#2646=ORIENTED_EDGE('',*,*,#4637,.T.);
#2647=ORIENTED_EDGE('',*,*,#4629,.T.);
#2648=ORIENTED_EDGE('',*,*,#4632,.T.);
#2649=ORIENTED_EDGE('',*,*,#4635,.T.);
#2650=ORIENTED_EDGE('',*,*,#4625,.T.);
#2651=ORIENTED_EDGE('',*,*,#4617,.T.);
#2652=ORIENTED_EDGE('',*,*,#4620,.T.);
#2653=ORIENTED_EDGE('',*,*,#4623,.T.);
#2654=ORIENTED_EDGE('',*,*,#4613,.T.);
#2655=ORIENTED_EDGE('',*,*,#4605,.T.);
#2656=ORIENTED_EDGE('',*,*,#4608,.T.);
#2657=ORIENTED_EDGE('',*,*,#4611,.T.);
#2658=ORIENTED_EDGE('',*,*,#4601,.T.);
#2659=ORIENTED_EDGE('',*,*,#4593,.T.);
#2660=ORIENTED_EDGE('',*,*,#4596,.T.);
#2661=ORIENTED_EDGE('',*,*,#4599,.T.);
#2662=ORIENTED_EDGE('',*,*,#4589,.T.);
#2663=ORIENTED_EDGE('',*,*,#4581,.T.);
#2664=ORIENTED_EDGE('',*,*,#4584,.T.);
#2665=ORIENTED_EDGE('',*,*,#4587,.T.);
#2666=ORIENTED_EDGE('',*,*,#4577,.T.);
#2667=ORIENTED_EDGE('',*,*,#4569,.T.);
#2668=ORIENTED_EDGE('',*,*,#4572,.T.);
#2669=ORIENTED_EDGE('',*,*,#4575,.T.);
#2670=ORIENTED_EDGE('',*,*,#4565,.T.);
#2671=ORIENTED_EDGE('',*,*,#4557,.T.);
#2672=ORIENTED_EDGE('',*,*,#4560,.T.);
#2673=ORIENTED_EDGE('',*,*,#4563,.T.);
#2674=ORIENTED_EDGE('',*,*,#4553,.T.);
#2675=ORIENTED_EDGE('',*,*,#4545,.T.);
#2676=ORIENTED_EDGE('',*,*,#4548,.T.);
#2677=ORIENTED_EDGE('',*,*,#4551,.T.);
#2678=ORIENTED_EDGE('',*,*,#4541,.T.);
#2679=ORIENTED_EDGE('',*,*,#4533,.T.);
#2680=ORIENTED_EDGE('',*,*,#4536,.T.);
#2681=ORIENTED_EDGE('',*,*,#4539,.T.);
#2682=ORIENTED_EDGE('',*,*,#4529,.T.);
#2683=ORIENTED_EDGE('',*,*,#4521,.T.);
#2684=ORIENTED_EDGE('',*,*,#4524,.T.);
#2685=ORIENTED_EDGE('',*,*,#4527,.T.);
#2686=ORIENTED_EDGE('',*,*,#4517,.T.);
#2687=ORIENTED_EDGE('',*,*,#4509,.T.);
#2688=ORIENTED_EDGE('',*,*,#4512,.T.);
#2689=ORIENTED_EDGE('',*,*,#4515,.T.);
#2690=ORIENTED_EDGE('',*,*,#4505,.T.);
#2691=ORIENTED_EDGE('',*,*,#4497,.T.);
#2692=ORIENTED_EDGE('',*,*,#4500,.T.);
#2693=ORIENTED_EDGE('',*,*,#4503,.T.);
#2694=ORIENTED_EDGE('',*,*,#4493,.T.);
#2695=ORIENTED_EDGE('',*,*,#4485,.T.);
#2696=ORIENTED_EDGE('',*,*,#4488,.T.);
#2697=ORIENTED_EDGE('',*,*,#4491,.T.);
#2698=ORIENTED_EDGE('',*,*,#4481,.T.);
#2699=ORIENTED_EDGE('',*,*,#4473,.T.);
#2700=ORIENTED_EDGE('',*,*,#4476,.T.);
#2701=ORIENTED_EDGE('',*,*,#4479,.T.);
#2702=ORIENTED_EDGE('',*,*,#4469,.T.);
#2703=ORIENTED_EDGE('',*,*,#4461,.T.);
#2704=ORIENTED_EDGE('',*,*,#4464,.T.);
#2705=ORIENTED_EDGE('',*,*,#4467,.T.);
#2706=ORIENTED_EDGE('',*,*,#4457,.T.);
#2707=ORIENTED_EDGE('',*,*,#4449,.T.);
#2708=ORIENTED_EDGE('',*,*,#4452,.T.);
#2709=ORIENTED_EDGE('',*,*,#4455,.T.);
#2710=ORIENTED_EDGE('',*,*,#4445,.T.);
#2711=ORIENTED_EDGE('',*,*,#4437,.T.);
#2712=ORIENTED_EDGE('',*,*,#4440,.T.);
#2713=ORIENTED_EDGE('',*,*,#4443,.T.);
#2714=ORIENTED_EDGE('',*,*,#4433,.T.);
#2715=ORIENTED_EDGE('',*,*,#4425,.T.);
#2716=ORIENTED_EDGE('',*,*,#4428,.T.);
#2717=ORIENTED_EDGE('',*,*,#4431,.T.);
#2718=ORIENTED_EDGE('',*,*,#4421,.T.);
#2719=ORIENTED_EDGE('',*,*,#4413,.T.);
#2720=ORIENTED_EDGE('',*,*,#4416,.T.);
#2721=ORIENTED_EDGE('',*,*,#4419,.T.);
#2722=ORIENTED_EDGE('',*,*,#4409,.T.);
#2723=ORIENTED_EDGE('',*,*,#4401,.T.);
#2724=ORIENTED_EDGE('',*,*,#4404,.T.);
#2725=ORIENTED_EDGE('',*,*,#4407,.T.);
#2726=ORIENTED_EDGE('',*,*,#4397,.T.);
#2727=ORIENTED_EDGE('',*,*,#4389,.T.);
#2728=ORIENTED_EDGE('',*,*,#4392,.T.);
#2729=ORIENTED_EDGE('',*,*,#4395,.T.);
#2730=ORIENTED_EDGE('',*,*,#4385,.T.);
#2731=ORIENTED_EDGE('',*,*,#4377,.T.);
#2732=ORIENTED_EDGE('',*,*,#4380,.T.);
#2733=ORIENTED_EDGE('',*,*,#4383,.T.);
#2734=ORIENTED_EDGE('',*,*,#4373,.T.);
#2735=ORIENTED_EDGE('',*,*,#4365,.T.);
#2736=ORIENTED_EDGE('',*,*,#4368,.T.);
#2737=ORIENTED_EDGE('',*,*,#4371,.T.);
#2738=ORIENTED_EDGE('',*,*,#4361,.T.);
#2739=ORIENTED_EDGE('',*,*,#4353,.T.);
#2740=ORIENTED_EDGE('',*,*,#4356,.T.);
#2741=ORIENTED_EDGE('',*,*,#4359,.T.);
#2742=ORIENTED_EDGE('',*,*,#4349,.T.);
#2743=ORIENTED_EDGE('',*,*,#4341,.T.);
#2744=ORIENTED_EDGE('',*,*,#4344,.T.);
#2745=ORIENTED_EDGE('',*,*,#4347,.T.);
#2746=ORIENTED_EDGE('',*,*,#4337,.T.);
#2747=ORIENTED_EDGE('',*,*,#4329,.T.);
#2748=ORIENTED_EDGE('',*,*,#4332,.T.);
#2749=ORIENTED_EDGE('',*,*,#4335,.T.);
#2750=ORIENTED_EDGE('',*,*,#4325,.T.);
#2751=ORIENTED_EDGE('',*,*,#4317,.T.);
#2752=ORIENTED_EDGE('',*,*,#4320,.T.);
#2753=ORIENTED_EDGE('',*,*,#4323,.T.);
#2754=ORIENTED_EDGE('',*,*,#4313,.T.);
#2755=ORIENTED_EDGE('',*,*,#4305,.T.);
#2756=ORIENTED_EDGE('',*,*,#4308,.T.);
#2757=ORIENTED_EDGE('',*,*,#4311,.T.);
#2758=ORIENTED_EDGE('',*,*,#4301,.T.);
#2759=ORIENTED_EDGE('',*,*,#4293,.T.);
#2760=ORIENTED_EDGE('',*,*,#4296,.T.);
#2761=ORIENTED_EDGE('',*,*,#4299,.T.);
#2762=ORIENTED_EDGE('',*,*,#4289,.T.);
#2763=ORIENTED_EDGE('',*,*,#4281,.T.);
#2764=ORIENTED_EDGE('',*,*,#4284,.T.);
#2765=ORIENTED_EDGE('',*,*,#4287,.T.);
#2766=ORIENTED_EDGE('',*,*,#4277,.T.);
#2767=ORIENTED_EDGE('',*,*,#4269,.T.);
#2768=ORIENTED_EDGE('',*,*,#4272,.T.);
#2769=ORIENTED_EDGE('',*,*,#4275,.T.);
#2770=ORIENTED_EDGE('',*,*,#4265,.T.);
#2771=ORIENTED_EDGE('',*,*,#4257,.T.);
#2772=ORIENTED_EDGE('',*,*,#4260,.T.);
#2773=ORIENTED_EDGE('',*,*,#4263,.T.);
#2774=ORIENTED_EDGE('',*,*,#4253,.T.);
#2775=ORIENTED_EDGE('',*,*,#4245,.T.);
#2776=ORIENTED_EDGE('',*,*,#4248,.T.);
#2777=ORIENTED_EDGE('',*,*,#4251,.T.);
#2778=ORIENTED_EDGE('',*,*,#4241,.T.);
#2779=ORIENTED_EDGE('',*,*,#4233,.T.);
#2780=ORIENTED_EDGE('',*,*,#4236,.T.);
#2781=ORIENTED_EDGE('',*,*,#4239,.T.);
#2782=ORIENTED_EDGE('',*,*,#4229,.T.);
#2783=ORIENTED_EDGE('',*,*,#4221,.T.);
#2784=ORIENTED_EDGE('',*,*,#4224,.T.);
#2785=ORIENTED_EDGE('',*,*,#4227,.T.);
#2786=ORIENTED_EDGE('',*,*,#4217,.T.);
#2787=ORIENTED_EDGE('',*,*,#4209,.T.);
#2788=ORIENTED_EDGE('',*,*,#4212,.T.);
#2789=ORIENTED_EDGE('',*,*,#4215,.T.);
#2790=ORIENTED_EDGE('',*,*,#4205,.T.);
#2791=ORIENTED_EDGE('',*,*,#4197,.T.);
#2792=ORIENTED_EDGE('',*,*,#4200,.T.);
#2793=ORIENTED_EDGE('',*,*,#4203,.T.);
#2794=ORIENTED_EDGE('',*,*,#4193,.T.);
#2795=ORIENTED_EDGE('',*,*,#4185,.T.);
#2796=ORIENTED_EDGE('',*,*,#4188,.T.);
#2797=ORIENTED_EDGE('',*,*,#4191,.T.);
#2798=ORIENTED_EDGE('',*,*,#4181,.T.);
#2799=ORIENTED_EDGE('',*,*,#4173,.T.);
#2800=ORIENTED_EDGE('',*,*,#4176,.T.);
#2801=ORIENTED_EDGE('',*,*,#4179,.T.);
#2802=ORIENTED_EDGE('',*,*,#4169,.T.);
#2803=ORIENTED_EDGE('',*,*,#4161,.T.);
#2804=ORIENTED_EDGE('',*,*,#4164,.T.);
#2805=ORIENTED_EDGE('',*,*,#4167,.T.);
#2806=ORIENTED_EDGE('',*,*,#4157,.T.);
#2807=ORIENTED_EDGE('',*,*,#4149,.T.);
#2808=ORIENTED_EDGE('',*,*,#4152,.T.);
#2809=ORIENTED_EDGE('',*,*,#4155,.T.);
#2810=ORIENTED_EDGE('',*,*,#4145,.T.);
#2811=ORIENTED_EDGE('',*,*,#4137,.T.);
#2812=ORIENTED_EDGE('',*,*,#4140,.T.);
#2813=ORIENTED_EDGE('',*,*,#4143,.T.);
#2814=ORIENTED_EDGE('',*,*,#4133,.T.);
#2815=ORIENTED_EDGE('',*,*,#4125,.T.);
#2816=ORIENTED_EDGE('',*,*,#4128,.T.);
#2817=ORIENTED_EDGE('',*,*,#4131,.T.);
#2818=ORIENTED_EDGE('',*,*,#4121,.T.);
#2819=ORIENTED_EDGE('',*,*,#4113,.T.);
#2820=ORIENTED_EDGE('',*,*,#4116,.T.);
#2821=ORIENTED_EDGE('',*,*,#4119,.T.);
#2822=ORIENTED_EDGE('',*,*,#4109,.T.);
#2823=ORIENTED_EDGE('',*,*,#4101,.T.);
#2824=ORIENTED_EDGE('',*,*,#4104,.T.);
#2825=ORIENTED_EDGE('',*,*,#4107,.T.);
#2826=ORIENTED_EDGE('',*,*,#4097,.T.);
#2827=ORIENTED_EDGE('',*,*,#4089,.T.);
#2828=ORIENTED_EDGE('',*,*,#4092,.T.);
#2829=ORIENTED_EDGE('',*,*,#4095,.T.);
#2830=ORIENTED_EDGE('',*,*,#4085,.T.);
#2831=ORIENTED_EDGE('',*,*,#4071,.T.);
#2832=ORIENTED_EDGE('',*,*,#4074,.T.);
#2833=ORIENTED_EDGE('',*,*,#4077,.T.);
#2834=ORIENTED_EDGE('',*,*,#4080,.T.);
#2835=ORIENTED_EDGE('',*,*,#4083,.T.);
#2836=ORIENTED_EDGE('',*,*,#4067,.T.);
#2837=ORIENTED_EDGE('',*,*,#4053,.T.);
#2838=ORIENTED_EDGE('',*,*,#4056,.T.);
#2839=ORIENTED_EDGE('',*,*,#4059,.T.);
#2840=ORIENTED_EDGE('',*,*,#4062,.T.);
#2841=ORIENTED_EDGE('',*,*,#4065,.T.);
#2842=ORIENTED_EDGE('',*,*,#4049,.T.);
#2843=ORIENTED_EDGE('',*,*,#4035,.T.);
#2844=ORIENTED_EDGE('',*,*,#4038,.T.);
#2845=ORIENTED_EDGE('',*,*,#4041,.T.);
#2846=ORIENTED_EDGE('',*,*,#4044,.T.);
#2847=ORIENTED_EDGE('',*,*,#4047,.T.);
#2848=ORIENTED_EDGE('',*,*,#4031,.T.);
#2849=ORIENTED_EDGE('',*,*,#4017,.T.);
#2850=ORIENTED_EDGE('',*,*,#4020,.T.);
#2851=ORIENTED_EDGE('',*,*,#4023,.T.);
#2852=ORIENTED_EDGE('',*,*,#4026,.T.);
#2853=ORIENTED_EDGE('',*,*,#4029,.T.);
#2854=ORIENTED_EDGE('',*,*,#4013,.T.);
#2855=ORIENTED_EDGE('',*,*,#3999,.T.);
#2856=ORIENTED_EDGE('',*,*,#4002,.T.);
#2857=ORIENTED_EDGE('',*,*,#4005,.T.);
#2858=ORIENTED_EDGE('',*,*,#4008,.T.);
#2859=ORIENTED_EDGE('',*,*,#4011,.T.);
#2860=ORIENTED_EDGE('',*,*,#3995,.T.);
#2861=ORIENTED_EDGE('',*,*,#3981,.T.);
#2862=ORIENTED_EDGE('',*,*,#3984,.T.);
#2863=ORIENTED_EDGE('',*,*,#3987,.T.);
#2864=ORIENTED_EDGE('',*,*,#3990,.T.);
#2865=ORIENTED_EDGE('',*,*,#3993,.T.);
#2866=ORIENTED_EDGE('',*,*,#3977,.T.);
#2867=ORIENTED_EDGE('',*,*,#3963,.T.);
#2868=ORIENTED_EDGE('',*,*,#3966,.T.);
#2869=ORIENTED_EDGE('',*,*,#3969,.T.);
#2870=ORIENTED_EDGE('',*,*,#3972,.T.);
#2871=ORIENTED_EDGE('',*,*,#3975,.T.);
#2872=ORIENTED_EDGE('',*,*,#3959,.T.);
#2873=ORIENTED_EDGE('',*,*,#3945,.T.);
#2874=ORIENTED_EDGE('',*,*,#3948,.T.);
#2875=ORIENTED_EDGE('',*,*,#3951,.T.);
#2876=ORIENTED_EDGE('',*,*,#3954,.T.);
#2877=ORIENTED_EDGE('',*,*,#3957,.T.);
#2878=ORIENTED_EDGE('',*,*,#3941,.T.);
#2879=ORIENTED_EDGE('',*,*,#3927,.T.);
#2880=ORIENTED_EDGE('',*,*,#3930,.T.);
#2881=ORIENTED_EDGE('',*,*,#3933,.T.);
#2882=ORIENTED_EDGE('',*,*,#3936,.T.);
#2883=ORIENTED_EDGE('',*,*,#3939,.T.);
#2884=ORIENTED_EDGE('',*,*,#3923,.T.);
#2885=ORIENTED_EDGE('',*,*,#3909,.T.);
#2886=ORIENTED_EDGE('',*,*,#3912,.T.);
#2887=ORIENTED_EDGE('',*,*,#3915,.T.);
#2888=ORIENTED_EDGE('',*,*,#3918,.T.);
#2889=ORIENTED_EDGE('',*,*,#3921,.T.);
#2890=ORIENTED_EDGE('',*,*,#3905,.T.);
#2891=ORIENTED_EDGE('',*,*,#3891,.T.);
#2892=ORIENTED_EDGE('',*,*,#3894,.T.);
#2893=ORIENTED_EDGE('',*,*,#3897,.T.);
#2894=ORIENTED_EDGE('',*,*,#3900,.T.);
#2895=ORIENTED_EDGE('',*,*,#3903,.T.);
#2896=ORIENTED_EDGE('',*,*,#3887,.T.);
#2897=ORIENTED_EDGE('',*,*,#3873,.T.);
#2898=ORIENTED_EDGE('',*,*,#3876,.T.);
#2899=ORIENTED_EDGE('',*,*,#3879,.T.);
#2900=ORIENTED_EDGE('',*,*,#3882,.T.);
#2901=ORIENTED_EDGE('',*,*,#3885,.T.);
#2902=ORIENTED_EDGE('',*,*,#3869,.T.);
#2903=ORIENTED_EDGE('',*,*,#3855,.T.);
#2904=ORIENTED_EDGE('',*,*,#3858,.T.);
#2905=ORIENTED_EDGE('',*,*,#3861,.T.);
#2906=ORIENTED_EDGE('',*,*,#3864,.T.);
#2907=ORIENTED_EDGE('',*,*,#3867,.T.);
#2908=ORIENTED_EDGE('',*,*,#3851,.T.);
#2909=ORIENTED_EDGE('',*,*,#3837,.T.);
#2910=ORIENTED_EDGE('',*,*,#3840,.T.);
#2911=ORIENTED_EDGE('',*,*,#3843,.T.);
#2912=ORIENTED_EDGE('',*,*,#3846,.T.);
#2913=ORIENTED_EDGE('',*,*,#3849,.T.);
#2914=ORIENTED_EDGE('',*,*,#3833,.T.);
#2915=ORIENTED_EDGE('',*,*,#3819,.T.);
#2916=ORIENTED_EDGE('',*,*,#3822,.T.);
#2917=ORIENTED_EDGE('',*,*,#3825,.T.);
#2918=ORIENTED_EDGE('',*,*,#3828,.T.);
#2919=ORIENTED_EDGE('',*,*,#3831,.T.);
#2920=ORIENTED_EDGE('',*,*,#3815,.T.);
#2921=ORIENTED_EDGE('',*,*,#3801,.T.);
#2922=ORIENTED_EDGE('',*,*,#3804,.T.);
#2923=ORIENTED_EDGE('',*,*,#3807,.T.);
#2924=ORIENTED_EDGE('',*,*,#3810,.T.);
#2925=ORIENTED_EDGE('',*,*,#3813,.T.);
#2926=ORIENTED_EDGE('',*,*,#3797,.T.);
#2927=ORIENTED_EDGE('',*,*,#3783,.T.);
#2928=ORIENTED_EDGE('',*,*,#3786,.T.);
#2929=ORIENTED_EDGE('',*,*,#3789,.T.);
#2930=ORIENTED_EDGE('',*,*,#3792,.T.);
#2931=ORIENTED_EDGE('',*,*,#3795,.T.);
#2932=ORIENTED_EDGE('',*,*,#3779,.T.);
#2933=ORIENTED_EDGE('',*,*,#3765,.T.);
#2934=ORIENTED_EDGE('',*,*,#3768,.T.);
#2935=ORIENTED_EDGE('',*,*,#3771,.T.);
#2936=ORIENTED_EDGE('',*,*,#3774,.T.);
#2937=ORIENTED_EDGE('',*,*,#3777,.T.);
#2938=ORIENTED_EDGE('',*,*,#3761,.T.);
#2939=ORIENTED_EDGE('',*,*,#3747,.T.);
#2940=ORIENTED_EDGE('',*,*,#3750,.T.);
#2941=ORIENTED_EDGE('',*,*,#3753,.T.);
#2942=ORIENTED_EDGE('',*,*,#3756,.T.);
#2943=ORIENTED_EDGE('',*,*,#3759,.T.);
#2944=ORIENTED_EDGE('',*,*,#3743,.T.);
#2945=ORIENTED_EDGE('',*,*,#3729,.T.);
#2946=ORIENTED_EDGE('',*,*,#3732,.T.);
#2947=ORIENTED_EDGE('',*,*,#3735,.T.);
#2948=ORIENTED_EDGE('',*,*,#3738,.T.);
#2949=ORIENTED_EDGE('',*,*,#3741,.T.);
#2950=ORIENTED_EDGE('',*,*,#3725,.T.);
#2951=ORIENTED_EDGE('',*,*,#3711,.T.);
#2952=ORIENTED_EDGE('',*,*,#3714,.T.);
#2953=ORIENTED_EDGE('',*,*,#3717,.T.);
#2954=ORIENTED_EDGE('',*,*,#3720,.T.);
#2955=ORIENTED_EDGE('',*,*,#3723,.T.);
#2956=ORIENTED_EDGE('',*,*,#3707,.T.);
#2957=ORIENTED_EDGE('',*,*,#3693,.T.);
#2958=ORIENTED_EDGE('',*,*,#3696,.T.);
#2959=ORIENTED_EDGE('',*,*,#3699,.T.);
#2960=ORIENTED_EDGE('',*,*,#3702,.T.);
#2961=ORIENTED_EDGE('',*,*,#3705,.T.);
#2962=ORIENTED_EDGE('',*,*,#3689,.T.);
#2963=ORIENTED_EDGE('',*,*,#3675,.T.);
#2964=ORIENTED_EDGE('',*,*,#3678,.T.);
#2965=ORIENTED_EDGE('',*,*,#3681,.T.);
#2966=ORIENTED_EDGE('',*,*,#3684,.T.);
#2967=ORIENTED_EDGE('',*,*,#3687,.T.);
#2968=ORIENTED_EDGE('',*,*,#3671,.T.);
#2969=ORIENTED_EDGE('',*,*,#3657,.T.);
#2970=ORIENTED_EDGE('',*,*,#3660,.T.);
#2971=ORIENTED_EDGE('',*,*,#3663,.T.);
#2972=ORIENTED_EDGE('',*,*,#3666,.T.);
#2973=ORIENTED_EDGE('',*,*,#3669,.T.);
#2974=ORIENTED_EDGE('',*,*,#3653,.T.);
#2975=ORIENTED_EDGE('',*,*,#3639,.T.);
#2976=ORIENTED_EDGE('',*,*,#3642,.T.);
#2977=ORIENTED_EDGE('',*,*,#3645,.T.);
#2978=ORIENTED_EDGE('',*,*,#3648,.T.);
#2979=ORIENTED_EDGE('',*,*,#3651,.T.);
#2980=ORIENTED_EDGE('',*,*,#3635,.T.);
#2981=ORIENTED_EDGE('',*,*,#3621,.T.);
#2982=ORIENTED_EDGE('',*,*,#3624,.T.);
#2983=ORIENTED_EDGE('',*,*,#3627,.T.);
#2984=ORIENTED_EDGE('',*,*,#3630,.T.);
#2985=ORIENTED_EDGE('',*,*,#3633,.T.);
#2986=ORIENTED_EDGE('',*,*,#3617,.T.);
#2987=ORIENTED_EDGE('',*,*,#3603,.T.);
#2988=ORIENTED_EDGE('',*,*,#3606,.T.);
#2989=ORIENTED_EDGE('',*,*,#3609,.T.);
#2990=ORIENTED_EDGE('',*,*,#3612,.T.);
#2991=ORIENTED_EDGE('',*,*,#3615,.T.);
#2992=ORIENTED_EDGE('',*,*,#3599,.T.);
#2993=ORIENTED_EDGE('',*,*,#3585,.T.);
#2994=ORIENTED_EDGE('',*,*,#3588,.T.);
#2995=ORIENTED_EDGE('',*,*,#3591,.T.);
#2996=ORIENTED_EDGE('',*,*,#3594,.T.);
#2997=ORIENTED_EDGE('',*,*,#3597,.T.);
#2998=ORIENTED_EDGE('',*,*,#3581,.T.);
#2999=ORIENTED_EDGE('',*,*,#3567,.T.);
#3000=ORIENTED_EDGE('',*,*,#3570,.T.);
#3001=ORIENTED_EDGE('',*,*,#3573,.T.);
#3002=ORIENTED_EDGE('',*,*,#3576,.T.);
#3003=ORIENTED_EDGE('',*,*,#3579,.T.);
#3004=ORIENTED_EDGE('',*,*,#3563,.T.);
#3005=ORIENTED_EDGE('',*,*,#3549,.T.);
#3006=ORIENTED_EDGE('',*,*,#3552,.T.);
#3007=ORIENTED_EDGE('',*,*,#3555,.T.);
#3008=ORIENTED_EDGE('',*,*,#3558,.T.);
#3009=ORIENTED_EDGE('',*,*,#3561,.T.);
#3010=ORIENTED_EDGE('',*,*,#3545,.T.);
#3011=ORIENTED_EDGE('',*,*,#3531,.T.);
#3012=ORIENTED_EDGE('',*,*,#3534,.T.);
#3013=ORIENTED_EDGE('',*,*,#3537,.T.);
#3014=ORIENTED_EDGE('',*,*,#3540,.T.);
#3015=ORIENTED_EDGE('',*,*,#3543,.T.);
#3016=ORIENTED_EDGE('',*,*,#3527,.T.);
#3017=ORIENTED_EDGE('',*,*,#3513,.T.);
#3018=ORIENTED_EDGE('',*,*,#3516,.T.);
#3019=ORIENTED_EDGE('',*,*,#3519,.T.);
#3020=ORIENTED_EDGE('',*,*,#3522,.T.);
#3021=ORIENTED_EDGE('',*,*,#3525,.T.);
#3022=ORIENTED_EDGE('',*,*,#3509,.T.);
#3023=ORIENTED_EDGE('',*,*,#3495,.T.);
#3024=ORIENTED_EDGE('',*,*,#3498,.T.);
#3025=ORIENTED_EDGE('',*,*,#3501,.T.);
#3026=ORIENTED_EDGE('',*,*,#3504,.T.);
#3027=ORIENTED_EDGE('',*,*,#3507,.T.);
#3028=ORIENTED_EDGE('',*,*,#3491,.T.);
#3029=ORIENTED_EDGE('',*,*,#3477,.T.);
#3030=ORIENTED_EDGE('',*,*,#3480,.T.);
#3031=ORIENTED_EDGE('',*,*,#3483,.T.);
#3032=ORIENTED_EDGE('',*,*,#3486,.T.);
#3033=ORIENTED_EDGE('',*,*,#3489,.T.);
#3034=ORIENTED_EDGE('',*,*,#3473,.T.);
#3035=ORIENTED_EDGE('',*,*,#3459,.T.);
#3036=ORIENTED_EDGE('',*,*,#3462,.T.);
#3037=ORIENTED_EDGE('',*,*,#3465,.T.);
#3038=ORIENTED_EDGE('',*,*,#3468,.T.);
#3039=ORIENTED_EDGE('',*,*,#3471,.T.);
#3040=ORIENTED_EDGE('',*,*,#3455,.T.);
#3041=ORIENTED_EDGE('',*,*,#3441,.T.);
#3042=ORIENTED_EDGE('',*,*,#3444,.T.);
#3043=ORIENTED_EDGE('',*,*,#3447,.T.);
#3044=ORIENTED_EDGE('',*,*,#3450,.T.);
#3045=ORIENTED_EDGE('',*,*,#3453,.T.);
#3046=ORIENTED_EDGE('',*,*,#3437,.T.);
#3047=ORIENTED_EDGE('',*,*,#3423,.T.);
#3048=ORIENTED_EDGE('',*,*,#3426,.T.);
#3049=ORIENTED_EDGE('',*,*,#3429,.T.);
#3050=ORIENTED_EDGE('',*,*,#3432,.T.);
#3051=ORIENTED_EDGE('',*,*,#3435,.T.);
#3052=ORIENTED_EDGE('',*,*,#3419,.T.);
#3053=ORIENTED_EDGE('',*,*,#3405,.T.);
#3054=ORIENTED_EDGE('',*,*,#3408,.T.);
#3055=ORIENTED_EDGE('',*,*,#3411,.T.);
#3056=ORIENTED_EDGE('',*,*,#3414,.T.);
#3057=ORIENTED_EDGE('',*,*,#3417,.T.);
#3058=ORIENTED_EDGE('',*,*,#3401,.T.);
#3059=ORIENTED_EDGE('',*,*,#3387,.T.);
#3060=ORIENTED_EDGE('',*,*,#3390,.T.);
#3061=ORIENTED_EDGE('',*,*,#3393,.T.);
#3062=ORIENTED_EDGE('',*,*,#3396,.T.);
#3063=ORIENTED_EDGE('',*,*,#3399,.T.);
#3064=ORIENTED_EDGE('',*,*,#3383,.T.);
#3065=ORIENTED_EDGE('',*,*,#3369,.T.);
#3066=ORIENTED_EDGE('',*,*,#3372,.T.);
#3067=ORIENTED_EDGE('',*,*,#3375,.T.);
#3068=ORIENTED_EDGE('',*,*,#3378,.T.);
#3069=ORIENTED_EDGE('',*,*,#3381,.T.);
#3070=ORIENTED_EDGE('',*,*,#3365,.T.);
#3071=ORIENTED_EDGE('',*,*,#3351,.T.);
#3072=ORIENTED_EDGE('',*,*,#3354,.T.);
#3073=ORIENTED_EDGE('',*,*,#3357,.T.);
#3074=ORIENTED_EDGE('',*,*,#3360,.T.);
#3075=ORIENTED_EDGE('',*,*,#3363,.T.);
#3076=ORIENTED_EDGE('',*,*,#3347,.T.);
#3077=ORIENTED_EDGE('',*,*,#3333,.T.);
#3078=ORIENTED_EDGE('',*,*,#3336,.T.);
#3079=ORIENTED_EDGE('',*,*,#3339,.T.);
#3080=ORIENTED_EDGE('',*,*,#3342,.T.);
#3081=ORIENTED_EDGE('',*,*,#3345,.T.);
#3082=ORIENTED_EDGE('',*,*,#4742,.F.);
#3083=ORIENTED_EDGE('',*,*,#4743,.T.);
#3084=ORIENTED_EDGE('',*,*,#4744,.T.);
#3085=ORIENTED_EDGE('',*,*,#4745,.T.);
#3086=ORIENTED_EDGE('',*,*,#4746,.F.);
#3087=ORIENTED_EDGE('',*,*,#4747,.T.);
#3088=ORIENTED_EDGE('',*,*,#4742,.T.);
#3089=ORIENTED_EDGE('',*,*,#4748,.T.);
#3090=ORIENTED_EDGE('',*,*,#4688,.F.);
#3091=ORIENTED_EDGE('',*,*,#4749,.T.);
#3092=ORIENTED_EDGE('',*,*,#4746,.T.);
#3093=ORIENTED_EDGE('',*,*,#4750,.T.);
#3094=ORIENTED_EDGE('',*,*,#4751,.T.);
#3095=ORIENTED_EDGE('',*,*,#4729,.T.);
#3096=ORIENTED_EDGE('',*,*,#4752,.T.);
#3097=ORIENTED_EDGE('',*,*,#4753,.F.);
#3098=ORIENTED_EDGE('',*,*,#4744,.F.);
#3099=ORIENTED_EDGE('',*,*,#4754,.T.);
#3100=ORIENTED_EDGE('',*,*,#4753,.T.);
#3101=ORIENTED_EDGE('',*,*,#4755,.T.);
#3102=ORIENTED_EDGE('',*,*,#4756,.F.);
#3103=ORIENTED_EDGE('',*,*,#4757,.T.);
#3104=ORIENTED_EDGE('',*,*,#4758,.T.);
#3105=ORIENTED_EDGE('',*,*,#4759,.T.);
#3106=ORIENTED_EDGE('',*,*,#4760,.F.);
#3107=ORIENTED_EDGE('',*,*,#4761,.T.);
#3108=ORIENTED_EDGE('',*,*,#4756,.T.);
#3109=ORIENTED_EDGE('',*,*,#4762,.T.);
#3110=ORIENTED_EDGE('',*,*,#4692,.F.);
#3111=ORIENTED_EDGE('',*,*,#4763,.T.);
#3112=ORIENTED_EDGE('',*,*,#4760,.T.);
#3113=ORIENTED_EDGE('',*,*,#4764,.T.);
#3114=ORIENTED_EDGE('',*,*,#4765,.F.);
#3115=ORIENTED_EDGE('',*,*,#4766,.F.);
#3116=ORIENTED_EDGE('',*,*,#4678,.T.);
#3117=ORIENTED_EDGE('',*,*,#4767,.F.);
#3118=ORIENTED_EDGE('',*,*,#4739,.F.);
#3119=ORIENTED_EDGE('',*,*,#4653,.T.);
#3120=ORIENTED_EDGE('',*,*,#4768,.T.);
#3121=ORIENTED_EDGE('',*,*,#4725,.T.);
#3122=ORIENTED_EDGE('',*,*,#4769,.T.);
#3123=ORIENTED_EDGE('',*,*,#4770,.F.);
#3124=ORIENTED_EDGE('',*,*,#4758,.F.);
#3125=ORIENTED_EDGE('',*,*,#4771,.T.);
#3126=ORIENTED_EDGE('',*,*,#4770,.T.);
#3127=ORIENTED_EDGE('',*,*,#4772,.T.);
#3128=ORIENTED_EDGE('',*,*,#4764,.F.);
#3129=ORIENTED_EDGE('',*,*,#4762,.F.);
#3130=ORIENTED_EDGE('',*,*,#4759,.F.);
#3131=ORIENTED_EDGE('',*,*,#4772,.F.);
#3132=ORIENTED_EDGE('',*,*,#4769,.F.);
#3133=ORIENTED_EDGE('',*,*,#4724,.F.);
#3134=ORIENTED_EDGE('',*,*,#4773,.T.);
#3135=ORIENTED_EDGE('',*,*,#4693,.F.);
#3136=ORIENTED_EDGE('',*,*,#4723,.F.);
#3137=ORIENTED_EDGE('',*,*,#4645,.F.);
#3138=ORIENTED_EDGE('',*,*,#4694,.F.);
#3139=ORIENTED_EDGE('',*,*,#4773,.F.);
#3140=ORIENTED_EDGE('',*,*,#4774,.F.);
#3141=ORIENTED_EDGE('',*,*,#4730,.F.);
#3142=ORIENTED_EDGE('',*,*,#4751,.F.);
#3143=ORIENTED_EDGE('',*,*,#4754,.F.);
#3144=ORIENTED_EDGE('',*,*,#4743,.F.);
#3145=ORIENTED_EDGE('',*,*,#4747,.F.);
#3146=ORIENTED_EDGE('',*,*,#4749,.F.);
#3147=ORIENTED_EDGE('',*,*,#4687,.F.);
#3148=ORIENTED_EDGE('',*,*,#4686,.F.);
#3149=ORIENTED_EDGE('',*,*,#4775,.T.);
#3150=ORIENTED_EDGE('',*,*,#4731,.F.);
#3151=ORIENTED_EDGE('',*,*,#4774,.T.);
#3152=ORIENTED_EDGE('',*,*,#4776,.F.);
#3153=ORIENTED_EDGE('',*,*,#4727,.F.);
#3154=ORIENTED_EDGE('',*,*,#4777,.T.);
#3155=ORIENTED_EDGE('',*,*,#4690,.F.);
#3156=ORIENTED_EDGE('',*,*,#4750,.F.);
#3157=ORIENTED_EDGE('',*,*,#4748,.F.);
#3158=ORIENTED_EDGE('',*,*,#4745,.F.);
#3159=ORIENTED_EDGE('',*,*,#4755,.F.);
#3160=ORIENTED_EDGE('',*,*,#4752,.F.);
#3161=ORIENTED_EDGE('',*,*,#4728,.F.);
#3162=ORIENTED_EDGE('',*,*,#4776,.T.);
#3163=ORIENTED_EDGE('',*,*,#4689,.F.);
#3164=ORIENTED_EDGE('',*,*,#4777,.F.);
#3165=ORIENTED_EDGE('',*,*,#4726,.F.);
#3166=ORIENTED_EDGE('',*,*,#4768,.F.);
#3167=ORIENTED_EDGE('',*,*,#4771,.F.);
#3168=ORIENTED_EDGE('',*,*,#4757,.F.);
#3169=ORIENTED_EDGE('',*,*,#4761,.F.);
#3170=ORIENTED_EDGE('',*,*,#4763,.F.);
#3171=ORIENTED_EDGE('',*,*,#4691,.F.);
#3172=ORIENTED_EDGE('',*,*,#4778,.T.);
#3173=ORIENTED_EDGE('',*,*,#4740,.T.);
#3174=ORIENTED_EDGE('',*,*,#4767,.T.);
#3175=ORIENTED_EDGE('',*,*,#4677,.T.);
#3176=ORIENTED_EDGE('',*,*,#4779,.F.);
#3177=ORIENTED_EDGE('',*,*,#4732,.F.);
#3178=ORIENTED_EDGE('',*,*,#4775,.F.);
#3179=ORIENTED_EDGE('',*,*,#4685,.F.);
#3180=ORIENTED_EDGE('',*,*,#4780,.F.);
#3181=ORIENTED_EDGE('',*,*,#4737,.F.);
#3182=ORIENTED_EDGE('',*,*,#4781,.T.);
#3183=ORIENTED_EDGE('',*,*,#4680,.F.);
#3184=ORIENTED_EDGE('',*,*,#4782,.T.);
#3185=ORIENTED_EDGE('',*,*,#4679,.F.);
#3186=ORIENTED_EDGE('',*,*,#4651,.T.);
#3187=ORIENTED_EDGE('',*,*,#4738,.F.);
#3188=ORIENTED_EDGE('',*,*,#4780,.T.);
#3189=ORIENTED_EDGE('',*,*,#4783,.T.);
#3190=ORIENTED_EDGE('',*,*,#4781,.F.);
#3191=ORIENTED_EDGE('',*,*,#4736,.F.);
#3192=ORIENTED_EDGE('',*,*,#4649,.T.);
#3193=ORIENTED_EDGE('',*,*,#4681,.F.);
#3194=ORIENTED_EDGE('',*,*,#4784,.F.);
#3195=ORIENTED_EDGE('',*,*,#4734,.F.);
#3196=ORIENTED_EDGE('',*,*,#4785,.T.);
#3197=ORIENTED_EDGE('',*,*,#4683,.F.);
#3198=ORIENTED_EDGE('',*,*,#4786,.T.);
#3199=ORIENTED_EDGE('',*,*,#4682,.F.);
#3200=ORIENTED_EDGE('',*,*,#4647,.T.);
#3201=ORIENTED_EDGE('',*,*,#4735,.F.);
#3202=ORIENTED_EDGE('',*,*,#4784,.T.);
#3203=ORIENTED_EDGE('',*,*,#4787,.F.);
#3204=ORIENTED_EDGE('',*,*,#4785,.F.);
#3205=ORIENTED_EDGE('',*,*,#4733,.F.);
#3206=ORIENTED_EDGE('',*,*,#4779,.T.);
#3207=ORIENTED_EDGE('',*,*,#4684,.F.);
#3208=ORIENTED_EDGE('',*,*,#4788,.F.);
#3209=ORIENTED_EDGE('',*,*,#4721,.F.);
#3210=ORIENTED_EDGE('',*,*,#4789,.T.);
#3211=ORIENTED_EDGE('',*,*,#4696,.F.);
#3212=ORIENTED_EDGE('',*,*,#4790,.F.);
#3213=ORIENTED_EDGE('',*,*,#4695,.F.);
#3214=ORIENTED_EDGE('',*,*,#4643,.F.);
#3215=ORIENTED_EDGE('',*,*,#4722,.F.);
#3216=ORIENTED_EDGE('',*,*,#4788,.T.);
#3217=ORIENTED_EDGE('',*,*,#4791,.F.);
#3218=ORIENTED_EDGE('',*,*,#4789,.F.);
#3219=ORIENTED_EDGE('',*,*,#4720,.F.);
#3220=ORIENTED_EDGE('',*,*,#4641,.F.);
#3221=ORIENTED_EDGE('',*,*,#4697,.F.);
#3222=ORIENTED_EDGE('',*,*,#4792,.F.);
#3223=ORIENTED_EDGE('',*,*,#4718,.F.);
#3224=ORIENTED_EDGE('',*,*,#4793,.T.);
#3225=ORIENTED_EDGE('',*,*,#4675,.F.);
#3226=ORIENTED_EDGE('',*,*,#4794,.F.);
#3227=ORIENTED_EDGE('',*,*,#4674,.F.);
#3228=ORIENTED_EDGE('',*,*,#4639,.F.);
#3229=ORIENTED_EDGE('',*,*,#4719,.F.);
#3230=ORIENTED_EDGE('',*,*,#4792,.T.);
#3231=ORIENTED_EDGE('',*,*,#4795,.F.);
#3232=ORIENTED_EDGE('',*,*,#4793,.F.);
#3233=ORIENTED_EDGE('',*,*,#4741,.F.);
#3234=ORIENTED_EDGE('',*,*,#4778,.F.);
#3235=ORIENTED_EDGE('',*,*,#4676,.F.);
#3236=ORIENTED_EDGE('',*,*,#4795,.T.);
#3237=ORIENTED_EDGE('',*,*,#4794,.T.);
#3238=ORIENTED_EDGE('',*,*,#4790,.T.);
#3239=ORIENTED_EDGE('',*,*,#4791,.T.);
#3240=ORIENTED_EDGE('',*,*,#4787,.T.);
#3241=ORIENTED_EDGE('',*,*,#4786,.F.);
#3242=ORIENTED_EDGE('',*,*,#4783,.F.);
#3243=ORIENTED_EDGE('',*,*,#4782,.F.);
#3244=ORIENTED_EDGE('',*,*,#4796,.T.);
#3245=ORIENTED_EDGE('',*,*,#4671,.T.);
#3246=ORIENTED_EDGE('',*,*,#4797,.F.);
#3247=ORIENTED_EDGE('',*,*,#4715,.F.);
#3248=ORIENTED_EDGE('',*,*,#4798,.T.);
#3249=ORIENTED_EDGE('',*,*,#4672,.T.);
#3250=ORIENTED_EDGE('',*,*,#4796,.F.);
#3251=ORIENTED_EDGE('',*,*,#4714,.F.);
#3252=ORIENTED_EDGE('',*,*,#4799,.T.);
#3253=ORIENTED_EDGE('',*,*,#4673,.T.);
#3254=ORIENTED_EDGE('',*,*,#4798,.F.);
#3255=ORIENTED_EDGE('',*,*,#4717,.F.);
#3256=ORIENTED_EDGE('',*,*,#4797,.T.);
#3257=ORIENTED_EDGE('',*,*,#4670,.T.);
#3258=ORIENTED_EDGE('',*,*,#4799,.F.);
#3259=ORIENTED_EDGE('',*,*,#4716,.F.);
#3260=ORIENTED_EDGE('',*,*,#4800,.T.);
#3261=ORIENTED_EDGE('',*,*,#4667,.T.);
#3262=ORIENTED_EDGE('',*,*,#4801,.F.);
#3263=ORIENTED_EDGE('',*,*,#4711,.F.);
#3264=ORIENTED_EDGE('',*,*,#4802,.T.);
#3265=ORIENTED_EDGE('',*,*,#4668,.T.);
#3266=ORIENTED_EDGE('',*,*,#4800,.F.);
#3267=ORIENTED_EDGE('',*,*,#4710,.F.);
#3268=ORIENTED_EDGE('',*,*,#4803,.T.);
#3269=ORIENTED_EDGE('',*,*,#4669,.T.);
#3270=ORIENTED_EDGE('',*,*,#4802,.F.);
#3271=ORIENTED_EDGE('',*,*,#4713,.F.);
#3272=ORIENTED_EDGE('',*,*,#4801,.T.);
#3273=ORIENTED_EDGE('',*,*,#4666,.T.);
#3274=ORIENTED_EDGE('',*,*,#4803,.F.);
#3275=ORIENTED_EDGE('',*,*,#4712,.F.);
#3276=ORIENTED_EDGE('',*,*,#4804,.T.);
#3277=ORIENTED_EDGE('',*,*,#4661,.T.);
#3278=ORIENTED_EDGE('',*,*,#4805,.F.);
#3279=ORIENTED_EDGE('',*,*,#4705,.F.);
#3280=ORIENTED_EDGE('',*,*,#4806,.T.);
#3281=ORIENTED_EDGE('',*,*,#4662,.T.);
#3282=ORIENTED_EDGE('',*,*,#4804,.F.);
#3283=ORIENTED_EDGE('',*,*,#4704,.F.);
#3284=ORIENTED_EDGE('',*,*,#4807,.T.);
#3285=ORIENTED_EDGE('',*,*,#4663,.T.);
#3286=ORIENTED_EDGE('',*,*,#4806,.F.);
#3287=ORIENTED_EDGE('',*,*,#4709,.F.);
#3288=ORIENTED_EDGE('',*,*,#4808,.T.);
#3289=ORIENTED_EDGE('',*,*,#4664,.T.);
#3290=ORIENTED_EDGE('',*,*,#4807,.F.);
#3291=ORIENTED_EDGE('',*,*,#4708,.F.);
#3292=ORIENTED_EDGE('',*,*,#4809,.T.);
#3293=ORIENTED_EDGE('',*,*,#4665,.T.);
#3294=ORIENTED_EDGE('',*,*,#4808,.F.);
#3295=ORIENTED_EDGE('',*,*,#4707,.F.);
#3296=ORIENTED_EDGE('',*,*,#4805,.T.);
#3297=ORIENTED_EDGE('',*,*,#4660,.T.);
#3298=ORIENTED_EDGE('',*,*,#4809,.F.);
#3299=ORIENTED_EDGE('',*,*,#4706,.F.);
#3300=ORIENTED_EDGE('',*,*,#4810,.T.);
#3301=ORIENTED_EDGE('',*,*,#4655,.T.);
#3302=ORIENTED_EDGE('',*,*,#4811,.F.);
#3303=ORIENTED_EDGE('',*,*,#4699,.F.);
#3304=ORIENTED_EDGE('',*,*,#4812,.T.);
#3305=ORIENTED_EDGE('',*,*,#4656,.T.);
#3306=ORIENTED_EDGE('',*,*,#4810,.F.);
#3307=ORIENTED_EDGE('',*,*,#4698,.F.);
#3308=ORIENTED_EDGE('',*,*,#4813,.T.);
#3309=ORIENTED_EDGE('',*,*,#4657,.T.);
#3310=ORIENTED_EDGE('',*,*,#4812,.F.);
#3311=ORIENTED_EDGE('',*,*,#4703,.F.);
#3312=ORIENTED_EDGE('',*,*,#4814,.T.);
#3313=ORIENTED_EDGE('',*,*,#4658,.T.);
#3314=ORIENTED_EDGE('',*,*,#4813,.F.);
#3315=ORIENTED_EDGE('',*,*,#4702,.F.);
#3316=ORIENTED_EDGE('',*,*,#4815,.T.);
#3317=ORIENTED_EDGE('',*,*,#4659,.T.);
#3318=ORIENTED_EDGE('',*,*,#4814,.F.);
#3319=ORIENTED_EDGE('',*,*,#4701,.F.);
#3320=ORIENTED_EDGE('',*,*,#4811,.T.);
#3321=ORIENTED_EDGE('',*,*,#4654,.T.);
#3322=ORIENTED_EDGE('',*,*,#4815,.F.);
#3323=ORIENTED_EDGE('',*,*,#4700,.F.);
#3324=ORIENTED_EDGE('',*,*,#4816,.F.);
#3325=ORIENTED_EDGE('',*,*,#4766,.T.);
#3326=ORIENTED_EDGE('',*,*,#4816,.T.);
#3327=ORIENTED_EDGE('',*,*,#4817,.F.);
#3328=ORIENTED_EDGE('',*,*,#4765,.T.);
#3329=ORIENTED_EDGE('',*,*,#4817,.T.);
#3330=EDGE_CURVE('',#4818,#4819,#5814,.T.);
#3331=EDGE_CURVE('',#4819,#4820,#5815,.T.);
#3332=EDGE_CURVE('',#4821,#4820,#5816,.T.);
#3333=EDGE_CURVE('',#4818,#4821,#5817,.T.);
#3334=EDGE_CURVE('',#4820,#4822,#5818,.T.);
#3335=EDGE_CURVE('',#4823,#4822,#5819,.T.);
#3336=EDGE_CURVE('',#4821,#4823,#5820,.T.);
#3337=EDGE_CURVE('',#4822,#4824,#5821,.T.);
#3338=EDGE_CURVE('',#4825,#4824,#5822,.T.);
#3339=EDGE_CURVE('',#4823,#4825,#5823,.T.);
#3340=EDGE_CURVE('',#4824,#4826,#5824,.T.);
#3341=EDGE_CURVE('',#4827,#4826,#5825,.T.);
#3342=EDGE_CURVE('',#4825,#4827,#5826,.T.);
#3343=EDGE_CURVE('',#4826,#4828,#5827,.T.);
#3344=EDGE_CURVE('',#4829,#4828,#5828,.T.);
#3345=EDGE_CURVE('',#4827,#4829,#5829,.T.);
#3346=EDGE_CURVE('',#4828,#4819,#5830,.T.);
#3347=EDGE_CURVE('',#4829,#4818,#5831,.T.);
#3348=EDGE_CURVE('',#4830,#4831,#5832,.T.);
#3349=EDGE_CURVE('',#4831,#4832,#5833,.T.);
#3350=EDGE_CURVE('',#4833,#4832,#5834,.T.);
#3351=EDGE_CURVE('',#4830,#4833,#5835,.T.);
#3352=EDGE_CURVE('',#4832,#4834,#5836,.T.);
#3353=EDGE_CURVE('',#4835,#4834,#5837,.T.);
#3354=EDGE_CURVE('',#4833,#4835,#5838,.T.);
#3355=EDGE_CURVE('',#4834,#4836,#5839,.T.);
#3356=EDGE_CURVE('',#4837,#4836,#5840,.T.);
#3357=EDGE_CURVE('',#4835,#4837,#5841,.T.);
#3358=EDGE_CURVE('',#4836,#4838,#5842,.T.);
#3359=EDGE_CURVE('',#4839,#4838,#5843,.T.);
#3360=EDGE_CURVE('',#4837,#4839,#5844,.T.);
#3361=EDGE_CURVE('',#4838,#4840,#5845,.T.);
#3362=EDGE_CURVE('',#4841,#4840,#5846,.T.);
#3363=EDGE_CURVE('',#4839,#4841,#5847,.T.);
#3364=EDGE_CURVE('',#4840,#4831,#5848,.T.);
#3365=EDGE_CURVE('',#4841,#4830,#5849,.T.);
#3366=EDGE_CURVE('',#4842,#4843,#5850,.T.);
#3367=EDGE_CURVE('',#4843,#4844,#5851,.T.);
#3368=EDGE_CURVE('',#4845,#4844,#5852,.T.);
#3369=EDGE_CURVE('',#4842,#4845,#5853,.T.);
#3370=EDGE_CURVE('',#4844,#4846,#5854,.T.);
#3371=EDGE_CURVE('',#4847,#4846,#5855,.T.);
#3372=EDGE_CURVE('',#4845,#4847,#5856,.T.);
#3373=EDGE_CURVE('',#4846,#4848,#5857,.T.);
#3374=EDGE_CURVE('',#4849,#4848,#5858,.T.);
#3375=EDGE_CURVE('',#4847,#4849,#5859,.T.);
#3376=EDGE_CURVE('',#4848,#4850,#5860,.T.);
#3377=EDGE_CURVE('',#4851,#4850,#5861,.T.);
#3378=EDGE_CURVE('',#4849,#4851,#5862,.T.);
#3379=EDGE_CURVE('',#4850,#4852,#5863,.T.);
#3380=EDGE_CURVE('',#4853,#4852,#5864,.T.);
#3381=EDGE_CURVE('',#4851,#4853,#5865,.T.);
#3382=EDGE_CURVE('',#4852,#4843,#5866,.T.);
#3383=EDGE_CURVE('',#4853,#4842,#5867,.T.);
#3384=EDGE_CURVE('',#4854,#4855,#5868,.T.);
#3385=EDGE_CURVE('',#4855,#4856,#5869,.T.);
#3386=EDGE_CURVE('',#4857,#4856,#5870,.T.);
#3387=EDGE_CURVE('',#4854,#4857,#5871,.T.);
#3388=EDGE_CURVE('',#4856,#4858,#5872,.T.);
#3389=EDGE_CURVE('',#4859,#4858,#5873,.T.);
#3390=EDGE_CURVE('',#4857,#4859,#5874,.T.);
#3391=EDGE_CURVE('',#4858,#4860,#5875,.T.);
#3392=EDGE_CURVE('',#4861,#4860,#5876,.T.);
#3393=EDGE_CURVE('',#4859,#4861,#5877,.T.);
#3394=EDGE_CURVE('',#4860,#4862,#5878,.T.);
#3395=EDGE_CURVE('',#4863,#4862,#5879,.T.);
#3396=EDGE_CURVE('',#4861,#4863,#5880,.T.);
#3397=EDGE_CURVE('',#4862,#4864,#5881,.T.);
#3398=EDGE_CURVE('',#4865,#4864,#5882,.T.);
#3399=EDGE_CURVE('',#4863,#4865,#5883,.T.);
#3400=EDGE_CURVE('',#4864,#4855,#5884,.T.);
#3401=EDGE_CURVE('',#4865,#4854,#5885,.T.);
#3402=EDGE_CURVE('',#4866,#4867,#5886,.T.);
#3403=EDGE_CURVE('',#4867,#4868,#5887,.T.);
#3404=EDGE_CURVE('',#4869,#4868,#5888,.T.);
#3405=EDGE_CURVE('',#4866,#4869,#5889,.T.);
#3406=EDGE_CURVE('',#4868,#4870,#5890,.T.);
#3407=EDGE_CURVE('',#4871,#4870,#5891,.T.);
#3408=EDGE_CURVE('',#4869,#4871,#5892,.T.);
#3409=EDGE_CURVE('',#4870,#4872,#5893,.T.);
#3410=EDGE_CURVE('',#4873,#4872,#5894,.T.);
#3411=EDGE_CURVE('',#4871,#4873,#5895,.T.);
#3412=EDGE_CURVE('',#4872,#4874,#5896,.T.);
#3413=EDGE_CURVE('',#4875,#4874,#5897,.T.);
#3414=EDGE_CURVE('',#4873,#4875,#5898,.T.);
#3415=EDGE_CURVE('',#4874,#4876,#5899,.T.);
#3416=EDGE_CURVE('',#4877,#4876,#5900,.T.);
#3417=EDGE_CURVE('',#4875,#4877,#5901,.T.);
#3418=EDGE_CURVE('',#4876,#4867,#5902,.T.);
#3419=EDGE_CURVE('',#4877,#4866,#5903,.T.);
#3420=EDGE_CURVE('',#4878,#4879,#5904,.T.);
#3421=EDGE_CURVE('',#4879,#4880,#5905,.T.);
#3422=EDGE_CURVE('',#4881,#4880,#5906,.T.);
#3423=EDGE_CURVE('',#4878,#4881,#5907,.T.);
#3424=EDGE_CURVE('',#4880,#4882,#5908,.T.);
#3425=EDGE_CURVE('',#4883,#4882,#5909,.T.);
#3426=EDGE_CURVE('',#4881,#4883,#5910,.T.);
#3427=EDGE_CURVE('',#4882,#4884,#5911,.T.);
#3428=EDGE_CURVE('',#4885,#4884,#5912,.T.);
#3429=EDGE_CURVE('',#4883,#4885,#5913,.T.);
#3430=EDGE_CURVE('',#4884,#4886,#5914,.T.);
#3431=EDGE_CURVE('',#4887,#4886,#5915,.T.);
#3432=EDGE_CURVE('',#4885,#4887,#5916,.T.);
#3433=EDGE_CURVE('',#4886,#4888,#5917,.T.);
#3434=EDGE_CURVE('',#4889,#4888,#5918,.T.);
#3435=EDGE_CURVE('',#4887,#4889,#5919,.T.);
#3436=EDGE_CURVE('',#4888,#4879,#5920,.T.);
#3437=EDGE_CURVE('',#4889,#4878,#5921,.T.);
#3438=EDGE_CURVE('',#4890,#4891,#5922,.T.);
#3439=EDGE_CURVE('',#4891,#4892,#5923,.T.);
#3440=EDGE_CURVE('',#4893,#4892,#5924,.T.);
#3441=EDGE_CURVE('',#4890,#4893,#5925,.T.);
#3442=EDGE_CURVE('',#4892,#4894,#5926,.T.);
#3443=EDGE_CURVE('',#4895,#4894,#5927,.T.);
#3444=EDGE_CURVE('',#4893,#4895,#5928,.T.);
#3445=EDGE_CURVE('',#4894,#4896,#5929,.T.);
#3446=EDGE_CURVE('',#4897,#4896,#5930,.T.);
#3447=EDGE_CURVE('',#4895,#4897,#5931,.T.);
#3448=EDGE_CURVE('',#4896,#4898,#5932,.T.);
#3449=EDGE_CURVE('',#4899,#4898,#5933,.T.);
#3450=EDGE_CURVE('',#4897,#4899,#5934,.T.);
#3451=EDGE_CURVE('',#4898,#4900,#5935,.T.);
#3452=EDGE_CURVE('',#4901,#4900,#5936,.T.);
#3453=EDGE_CURVE('',#4899,#4901,#5937,.T.);
#3454=EDGE_CURVE('',#4900,#4891,#5938,.T.);
#3455=EDGE_CURVE('',#4901,#4890,#5939,.T.);
#3456=EDGE_CURVE('',#4902,#4903,#5940,.T.);
#3457=EDGE_CURVE('',#4903,#4904,#5941,.T.);
#3458=EDGE_CURVE('',#4905,#4904,#5942,.T.);
#3459=EDGE_CURVE('',#4902,#4905,#5943,.T.);
#3460=EDGE_CURVE('',#4904,#4906,#5944,.T.);
#3461=EDGE_CURVE('',#4907,#4906,#5945,.T.);
#3462=EDGE_CURVE('',#4905,#4907,#5946,.T.);
#3463=EDGE_CURVE('',#4906,#4908,#5947,.T.);
#3464=EDGE_CURVE('',#4909,#4908,#5948,.T.);
#3465=EDGE_CURVE('',#4907,#4909,#5949,.T.);
#3466=EDGE_CURVE('',#4908,#4910,#5950,.T.);
#3467=EDGE_CURVE('',#4911,#4910,#5951,.T.);
#3468=EDGE_CURVE('',#4909,#4911,#5952,.T.);
#3469=EDGE_CURVE('',#4910,#4912,#5953,.T.);
#3470=EDGE_CURVE('',#4913,#4912,#5954,.T.);
#3471=EDGE_CURVE('',#4911,#4913,#5955,.T.);
#3472=EDGE_CURVE('',#4912,#4903,#5956,.T.);
#3473=EDGE_CURVE('',#4913,#4902,#5957,.T.);
#3474=EDGE_CURVE('',#4914,#4915,#5958,.T.);
#3475=EDGE_CURVE('',#4915,#4916,#5959,.T.);
#3476=EDGE_CURVE('',#4917,#4916,#5960,.T.);
#3477=EDGE_CURVE('',#4914,#4917,#5961,.T.);
#3478=EDGE_CURVE('',#4916,#4918,#5962,.T.);
#3479=EDGE_CURVE('',#4919,#4918,#5963,.T.);
#3480=EDGE_CURVE('',#4917,#4919,#5964,.T.);
#3481=EDGE_CURVE('',#4918,#4920,#5965,.T.);
#3482=EDGE_CURVE('',#4921,#4920,#5966,.T.);
#3483=EDGE_CURVE('',#4919,#4921,#5967,.T.);
#3484=EDGE_CURVE('',#4920,#4922,#5968,.T.);
#3485=EDGE_CURVE('',#4923,#4922,#5969,.T.);
#3486=EDGE_CURVE('',#4921,#4923,#5970,.T.);
#3487=EDGE_CURVE('',#4922,#4924,#5971,.T.);
#3488=EDGE_CURVE('',#4925,#4924,#5972,.T.);
#3489=EDGE_CURVE('',#4923,#4925,#5973,.T.);
#3490=EDGE_CURVE('',#4924,#4915,#5974,.T.);
#3491=EDGE_CURVE('',#4925,#4914,#5975,.T.);
#3492=EDGE_CURVE('',#4926,#4927,#5976,.T.);
#3493=EDGE_CURVE('',#4927,#4928,#5977,.T.);
#3494=EDGE_CURVE('',#4929,#4928,#5978,.T.);
#3495=EDGE_CURVE('',#4926,#4929,#5979,.T.);
#3496=EDGE_CURVE('',#4928,#4930,#5980,.T.);
#3497=EDGE_CURVE('',#4931,#4930,#5981,.T.);
#3498=EDGE_CURVE('',#4929,#4931,#5982,.T.);
#3499=EDGE_CURVE('',#4930,#4932,#5983,.T.);
#3500=EDGE_CURVE('',#4933,#4932,#5984,.T.);
#3501=EDGE_CURVE('',#4931,#4933,#5985,.T.);
#3502=EDGE_CURVE('',#4932,#4934,#5986,.T.);
#3503=EDGE_CURVE('',#4935,#4934,#5987,.T.);
#3504=EDGE_CURVE('',#4933,#4935,#5988,.T.);
#3505=EDGE_CURVE('',#4934,#4936,#5989,.T.);
#3506=EDGE_CURVE('',#4937,#4936,#5990,.T.);
#3507=EDGE_CURVE('',#4935,#4937,#5991,.T.);
#3508=EDGE_CURVE('',#4936,#4927,#5992,.T.);
#3509=EDGE_CURVE('',#4937,#4926,#5993,.T.);
#3510=EDGE_CURVE('',#4938,#4939,#5994,.T.);
#3511=EDGE_CURVE('',#4939,#4940,#5995,.T.);
#3512=EDGE_CURVE('',#4941,#4940,#5996,.T.);
#3513=EDGE_CURVE('',#4938,#4941,#5997,.T.);
#3514=EDGE_CURVE('',#4940,#4942,#5998,.T.);
#3515=EDGE_CURVE('',#4943,#4942,#5999,.T.);
#3516=EDGE_CURVE('',#4941,#4943,#6000,.T.);
#3517=EDGE_CURVE('',#4942,#4944,#6001,.T.);
#3518=EDGE_CURVE('',#4945,#4944,#6002,.T.);
#3519=EDGE_CURVE('',#4943,#4945,#6003,.T.);
#3520=EDGE_CURVE('',#4944,#4946,#6004,.T.);
#3521=EDGE_CURVE('',#4947,#4946,#6005,.T.);
#3522=EDGE_CURVE('',#4945,#4947,#6006,.T.);
#3523=EDGE_CURVE('',#4946,#4948,#6007,.T.);
#3524=EDGE_CURVE('',#4949,#4948,#6008,.T.);
#3525=EDGE_CURVE('',#4947,#4949,#6009,.T.);
#3526=EDGE_CURVE('',#4948,#4939,#6010,.T.);
#3527=EDGE_CURVE('',#4949,#4938,#6011,.T.);
#3528=EDGE_CURVE('',#4950,#4951,#6012,.T.);
#3529=EDGE_CURVE('',#4951,#4952,#6013,.T.);
#3530=EDGE_CURVE('',#4953,#4952,#6014,.T.);
#3531=EDGE_CURVE('',#4950,#4953,#6015,.T.);
#3532=EDGE_CURVE('',#4952,#4954,#6016,.T.);
#3533=EDGE_CURVE('',#4955,#4954,#6017,.T.);
#3534=EDGE_CURVE('',#4953,#4955,#6018,.T.);
#3535=EDGE_CURVE('',#4954,#4956,#6019,.T.);
#3536=EDGE_CURVE('',#4957,#4956,#6020,.T.);
#3537=EDGE_CURVE('',#4955,#4957,#6021,.T.);
#3538=EDGE_CURVE('',#4956,#4958,#6022,.T.);
#3539=EDGE_CURVE('',#4959,#4958,#6023,.T.);
#3540=EDGE_CURVE('',#4957,#4959,#6024,.T.);
#3541=EDGE_CURVE('',#4958,#4960,#6025,.T.);
#3542=EDGE_CURVE('',#4961,#4960,#6026,.T.);
#3543=EDGE_CURVE('',#4959,#4961,#6027,.T.);
#3544=EDGE_CURVE('',#4960,#4951,#6028,.T.);
#3545=EDGE_CURVE('',#4961,#4950,#6029,.T.);
#3546=EDGE_CURVE('',#4962,#4963,#6030,.T.);
#3547=EDGE_CURVE('',#4963,#4964,#6031,.T.);
#3548=EDGE_CURVE('',#4965,#4964,#6032,.T.);
#3549=EDGE_CURVE('',#4962,#4965,#6033,.T.);
#3550=EDGE_CURVE('',#4964,#4966,#6034,.T.);
#3551=EDGE_CURVE('',#4967,#4966,#6035,.T.);
#3552=EDGE_CURVE('',#4965,#4967,#6036,.T.);
#3553=EDGE_CURVE('',#4966,#4968,#6037,.T.);
#3554=EDGE_CURVE('',#4969,#4968,#6038,.T.);
#3555=EDGE_CURVE('',#4967,#4969,#6039,.T.);
#3556=EDGE_CURVE('',#4968,#4970,#6040,.T.);
#3557=EDGE_CURVE('',#4971,#4970,#6041,.T.);
#3558=EDGE_CURVE('',#4969,#4971,#6042,.T.);
#3559=EDGE_CURVE('',#4970,#4972,#6043,.T.);
#3560=EDGE_CURVE('',#4973,#4972,#6044,.T.);
#3561=EDGE_CURVE('',#4971,#4973,#6045,.T.);
#3562=EDGE_CURVE('',#4972,#4963,#6046,.T.);
#3563=EDGE_CURVE('',#4973,#4962,#6047,.T.);
#3564=EDGE_CURVE('',#4974,#4975,#6048,.T.);
#3565=EDGE_CURVE('',#4975,#4976,#6049,.T.);
#3566=EDGE_CURVE('',#4977,#4976,#6050,.T.);
#3567=EDGE_CURVE('',#4974,#4977,#6051,.T.);
#3568=EDGE_CURVE('',#4976,#4978,#6052,.T.);
#3569=EDGE_CURVE('',#4979,#4978,#6053,.T.);
#3570=EDGE_CURVE('',#4977,#4979,#6054,.T.);
#3571=EDGE_CURVE('',#4978,#4980,#6055,.T.);
#3572=EDGE_CURVE('',#4981,#4980,#6056,.T.);
#3573=EDGE_CURVE('',#4979,#4981,#6057,.T.);
#3574=EDGE_CURVE('',#4980,#4982,#6058,.T.);
#3575=EDGE_CURVE('',#4983,#4982,#6059,.T.);
#3576=EDGE_CURVE('',#4981,#4983,#6060,.T.);
#3577=EDGE_CURVE('',#4982,#4984,#6061,.T.);
#3578=EDGE_CURVE('',#4985,#4984,#6062,.T.);
#3579=EDGE_CURVE('',#4983,#4985,#6063,.T.);
#3580=EDGE_CURVE('',#4984,#4975,#6064,.T.);
#3581=EDGE_CURVE('',#4985,#4974,#6065,.T.);
#3582=EDGE_CURVE('',#4986,#4987,#6066,.T.);
#3583=EDGE_CURVE('',#4987,#4988,#6067,.T.);
#3584=EDGE_CURVE('',#4989,#4988,#6068,.T.);
#3585=EDGE_CURVE('',#4986,#4989,#6069,.T.);
#3586=EDGE_CURVE('',#4988,#4990,#6070,.T.);
#3587=EDGE_CURVE('',#4991,#4990,#6071,.T.);
#3588=EDGE_CURVE('',#4989,#4991,#6072,.T.);
#3589=EDGE_CURVE('',#4990,#4992,#6073,.T.);
#3590=EDGE_CURVE('',#4993,#4992,#6074,.T.);
#3591=EDGE_CURVE('',#4991,#4993,#6075,.T.);
#3592=EDGE_CURVE('',#4992,#4994,#6076,.T.);
#3593=EDGE_CURVE('',#4995,#4994,#6077,.T.);
#3594=EDGE_CURVE('',#4993,#4995,#6078,.T.);
#3595=EDGE_CURVE('',#4994,#4996,#6079,.T.);
#3596=EDGE_CURVE('',#4997,#4996,#6080,.T.);
#3597=EDGE_CURVE('',#4995,#4997,#6081,.T.);
#3598=EDGE_CURVE('',#4996,#4987,#6082,.T.);
#3599=EDGE_CURVE('',#4997,#4986,#6083,.T.);
#3600=EDGE_CURVE('',#4998,#4999,#6084,.T.);
#3601=EDGE_CURVE('',#4999,#5000,#6085,.T.);
#3602=EDGE_CURVE('',#5001,#5000,#6086,.T.);
#3603=EDGE_CURVE('',#4998,#5001,#6087,.T.);
#3604=EDGE_CURVE('',#5000,#5002,#6088,.T.);
#3605=EDGE_CURVE('',#5003,#5002,#6089,.T.);
#3606=EDGE_CURVE('',#5001,#5003,#6090,.T.);
#3607=EDGE_CURVE('',#5002,#5004,#6091,.T.);
#3608=EDGE_CURVE('',#5005,#5004,#6092,.T.);
#3609=EDGE_CURVE('',#5003,#5005,#6093,.T.);
#3610=EDGE_CURVE('',#5004,#5006,#6094,.T.);
#3611=EDGE_CURVE('',#5007,#5006,#6095,.T.);
#3612=EDGE_CURVE('',#5005,#5007,#6096,.T.);
#3613=EDGE_CURVE('',#5006,#5008,#6097,.T.);
#3614=EDGE_CURVE('',#5009,#5008,#6098,.T.);
#3615=EDGE_CURVE('',#5007,#5009,#6099,.T.);
#3616=EDGE_CURVE('',#5008,#4999,#6100,.T.);
#3617=EDGE_CURVE('',#5009,#4998,#6101,.T.);
#3618=EDGE_CURVE('',#5010,#5011,#6102,.T.);
#3619=EDGE_CURVE('',#5011,#5012,#6103,.T.);
#3620=EDGE_CURVE('',#5013,#5012,#6104,.T.);
#3621=EDGE_CURVE('',#5010,#5013,#6105,.T.);
#3622=EDGE_CURVE('',#5012,#5014,#6106,.T.);
#3623=EDGE_CURVE('',#5015,#5014,#6107,.T.);
#3624=EDGE_CURVE('',#5013,#5015,#6108,.T.);
#3625=EDGE_CURVE('',#5014,#5016,#6109,.T.);
#3626=EDGE_CURVE('',#5017,#5016,#6110,.T.);
#3627=EDGE_CURVE('',#5015,#5017,#6111,.T.);
#3628=EDGE_CURVE('',#5016,#5018,#6112,.T.);
#3629=EDGE_CURVE('',#5019,#5018,#6113,.T.);
#3630=EDGE_CURVE('',#5017,#5019,#6114,.T.);
#3631=EDGE_CURVE('',#5018,#5020,#6115,.T.);
#3632=EDGE_CURVE('',#5021,#5020,#6116,.T.);
#3633=EDGE_CURVE('',#5019,#5021,#6117,.T.);
#3634=EDGE_CURVE('',#5020,#5011,#6118,.T.);
#3635=EDGE_CURVE('',#5021,#5010,#6119,.T.);
#3636=EDGE_CURVE('',#5022,#5023,#6120,.T.);
#3637=EDGE_CURVE('',#5023,#5024,#6121,.T.);
#3638=EDGE_CURVE('',#5025,#5024,#6122,.T.);
#3639=EDGE_CURVE('',#5022,#5025,#6123,.T.);
#3640=EDGE_CURVE('',#5024,#5026,#6124,.T.);
#3641=EDGE_CURVE('',#5027,#5026,#6125,.T.);
#3642=EDGE_CURVE('',#5025,#5027,#6126,.T.);
#3643=EDGE_CURVE('',#5026,#5028,#6127,.T.);
#3644=EDGE_CURVE('',#5029,#5028,#6128,.T.);
#3645=EDGE_CURVE('',#5027,#5029,#6129,.T.);
#3646=EDGE_CURVE('',#5028,#5030,#6130,.T.);
#3647=EDGE_CURVE('',#5031,#5030,#6131,.T.);
#3648=EDGE_CURVE('',#5029,#5031,#6132,.T.);
#3649=EDGE_CURVE('',#5030,#5032,#6133,.T.);
#3650=EDGE_CURVE('',#5033,#5032,#6134,.T.);
#3651=EDGE_CURVE('',#5031,#5033,#6135,.T.);
#3652=EDGE_CURVE('',#5032,#5023,#6136,.T.);
#3653=EDGE_CURVE('',#5033,#5022,#6137,.T.);
#3654=EDGE_CURVE('',#5034,#5035,#6138,.T.);
#3655=EDGE_CURVE('',#5035,#5036,#6139,.T.);
#3656=EDGE_CURVE('',#5037,#5036,#6140,.T.);
#3657=EDGE_CURVE('',#5034,#5037,#6141,.T.);
#3658=EDGE_CURVE('',#5036,#5038,#6142,.T.);
#3659=EDGE_CURVE('',#5039,#5038,#6143,.T.);
#3660=EDGE_CURVE('',#5037,#5039,#6144,.T.);
#3661=EDGE_CURVE('',#5038,#5040,#6145,.T.);
#3662=EDGE_CURVE('',#5041,#5040,#6146,.T.);
#3663=EDGE_CURVE('',#5039,#5041,#6147,.T.);
#3664=EDGE_CURVE('',#5040,#5042,#6148,.T.);
#3665=EDGE_CURVE('',#5043,#5042,#6149,.T.);
#3666=EDGE_CURVE('',#5041,#5043,#6150,.T.);
#3667=EDGE_CURVE('',#5042,#5044,#6151,.T.);
#3668=EDGE_CURVE('',#5045,#5044,#6152,.T.);
#3669=EDGE_CURVE('',#5043,#5045,#6153,.T.);
#3670=EDGE_CURVE('',#5044,#5035,#6154,.T.);
#3671=EDGE_CURVE('',#5045,#5034,#6155,.T.);
#3672=EDGE_CURVE('',#5046,#5047,#6156,.T.);
#3673=EDGE_CURVE('',#5047,#5048,#6157,.T.);
#3674=EDGE_CURVE('',#5049,#5048,#6158,.T.);
#3675=EDGE_CURVE('',#5046,#5049,#6159,.T.);
#3676=EDGE_CURVE('',#5048,#5050,#6160,.T.);
#3677=EDGE_CURVE('',#5051,#5050,#6161,.T.);
#3678=EDGE_CURVE('',#5049,#5051,#6162,.T.);
#3679=EDGE_CURVE('',#5050,#5052,#6163,.T.);
#3680=EDGE_CURVE('',#5053,#5052,#6164,.T.);
#3681=EDGE_CURVE('',#5051,#5053,#6165,.T.);
#3682=EDGE_CURVE('',#5052,#5054,#6166,.T.);
#3683=EDGE_CURVE('',#5055,#5054,#6167,.T.);
#3684=EDGE_CURVE('',#5053,#5055,#6168,.T.);
#3685=EDGE_CURVE('',#5054,#5056,#6169,.T.);
#3686=EDGE_CURVE('',#5057,#5056,#6170,.T.);
#3687=EDGE_CURVE('',#5055,#5057,#6171,.T.);
#3688=EDGE_CURVE('',#5056,#5047,#6172,.T.);
#3689=EDGE_CURVE('',#5057,#5046,#6173,.T.);
#3690=EDGE_CURVE('',#5058,#5059,#6174,.T.);
#3691=EDGE_CURVE('',#5059,#5060,#6175,.T.);
#3692=EDGE_CURVE('',#5061,#5060,#6176,.T.);
#3693=EDGE_CURVE('',#5058,#5061,#6177,.T.);
#3694=EDGE_CURVE('',#5060,#5062,#6178,.T.);
#3695=EDGE_CURVE('',#5063,#5062,#6179,.T.);
#3696=EDGE_CURVE('',#5061,#5063,#6180,.T.);
#3697=EDGE_CURVE('',#5062,#5064,#6181,.T.);
#3698=EDGE_CURVE('',#5065,#5064,#6182,.T.);
#3699=EDGE_CURVE('',#5063,#5065,#6183,.T.);
#3700=EDGE_CURVE('',#5064,#5066,#6184,.T.);
#3701=EDGE_CURVE('',#5067,#5066,#6185,.T.);
#3702=EDGE_CURVE('',#5065,#5067,#6186,.T.);
#3703=EDGE_CURVE('',#5066,#5068,#6187,.T.);
#3704=EDGE_CURVE('',#5069,#5068,#6188,.T.);
#3705=EDGE_CURVE('',#5067,#5069,#6189,.T.);
#3706=EDGE_CURVE('',#5068,#5059,#6190,.T.);
#3707=EDGE_CURVE('',#5069,#5058,#6191,.T.);
#3708=EDGE_CURVE('',#5070,#5071,#6192,.T.);
#3709=EDGE_CURVE('',#5071,#5072,#6193,.T.);
#3710=EDGE_CURVE('',#5073,#5072,#6194,.T.);
#3711=EDGE_CURVE('',#5070,#5073,#6195,.T.);
#3712=EDGE_CURVE('',#5072,#5074,#6196,.T.);
#3713=EDGE_CURVE('',#5075,#5074,#6197,.T.);
#3714=EDGE_CURVE('',#5073,#5075,#6198,.T.);
#3715=EDGE_CURVE('',#5074,#5076,#6199,.T.);
#3716=EDGE_CURVE('',#5077,#5076,#6200,.T.);
#3717=EDGE_CURVE('',#5075,#5077,#6201,.T.);
#3718=EDGE_CURVE('',#5076,#5078,#6202,.T.);
#3719=EDGE_CURVE('',#5079,#5078,#6203,.T.);
#3720=EDGE_CURVE('',#5077,#5079,#6204,.T.);
#3721=EDGE_CURVE('',#5078,#5080,#6205,.T.);
#3722=EDGE_CURVE('',#5081,#5080,#6206,.T.);
#3723=EDGE_CURVE('',#5079,#5081,#6207,.T.);
#3724=EDGE_CURVE('',#5080,#5071,#6208,.T.);
#3725=EDGE_CURVE('',#5081,#5070,#6209,.T.);
#3726=EDGE_CURVE('',#5082,#5083,#6210,.T.);
#3727=EDGE_CURVE('',#5083,#5084,#6211,.T.);
#3728=EDGE_CURVE('',#5085,#5084,#6212,.T.);
#3729=EDGE_CURVE('',#5082,#5085,#6213,.T.);
#3730=EDGE_CURVE('',#5084,#5086,#6214,.T.);
#3731=EDGE_CURVE('',#5087,#5086,#6215,.T.);
#3732=EDGE_CURVE('',#5085,#5087,#6216,.T.);
#3733=EDGE_CURVE('',#5086,#5088,#6217,.T.);
#3734=EDGE_CURVE('',#5089,#5088,#6218,.T.);
#3735=EDGE_CURVE('',#5087,#5089,#6219,.T.);
#3736=EDGE_CURVE('',#5088,#5090,#6220,.T.);
#3737=EDGE_CURVE('',#5091,#5090,#6221,.T.);
#3738=EDGE_CURVE('',#5089,#5091,#6222,.T.);
#3739=EDGE_CURVE('',#5090,#5092,#6223,.T.);
#3740=EDGE_CURVE('',#5093,#5092,#6224,.T.);
#3741=EDGE_CURVE('',#5091,#5093,#6225,.T.);
#3742=EDGE_CURVE('',#5092,#5083,#6226,.T.);
#3743=EDGE_CURVE('',#5093,#5082,#6227,.T.);
#3744=EDGE_CURVE('',#5094,#5095,#6228,.T.);
#3745=EDGE_CURVE('',#5095,#5096,#6229,.T.);
#3746=EDGE_CURVE('',#5097,#5096,#6230,.T.);
#3747=EDGE_CURVE('',#5094,#5097,#6231,.T.);
#3748=EDGE_CURVE('',#5096,#5098,#6232,.T.);
#3749=EDGE_CURVE('',#5099,#5098,#6233,.T.);
#3750=EDGE_CURVE('',#5097,#5099,#6234,.T.);
#3751=EDGE_CURVE('',#5098,#5100,#6235,.T.);
#3752=EDGE_CURVE('',#5101,#5100,#6236,.T.);
#3753=EDGE_CURVE('',#5099,#5101,#6237,.T.);
#3754=EDGE_CURVE('',#5100,#5102,#6238,.T.);
#3755=EDGE_CURVE('',#5103,#5102,#6239,.T.);
#3756=EDGE_CURVE('',#5101,#5103,#6240,.T.);
#3757=EDGE_CURVE('',#5102,#5104,#6241,.T.);
#3758=EDGE_CURVE('',#5105,#5104,#6242,.T.);
#3759=EDGE_CURVE('',#5103,#5105,#6243,.T.);
#3760=EDGE_CURVE('',#5104,#5095,#6244,.T.);
#3761=EDGE_CURVE('',#5105,#5094,#6245,.T.);
#3762=EDGE_CURVE('',#5106,#5107,#6246,.T.);
#3763=EDGE_CURVE('',#5107,#5108,#6247,.T.);
#3764=EDGE_CURVE('',#5109,#5108,#6248,.T.);
#3765=EDGE_CURVE('',#5106,#5109,#6249,.T.);
#3766=EDGE_CURVE('',#5108,#5110,#6250,.T.);
#3767=EDGE_CURVE('',#5111,#5110,#6251,.T.);
#3768=EDGE_CURVE('',#5109,#5111,#6252,.T.);
#3769=EDGE_CURVE('',#5110,#5112,#6253,.T.);
#3770=EDGE_CURVE('',#5113,#5112,#6254,.T.);
#3771=EDGE_CURVE('',#5111,#5113,#6255,.T.);
#3772=EDGE_CURVE('',#5112,#5114,#6256,.T.);
#3773=EDGE_CURVE('',#5115,#5114,#6257,.T.);
#3774=EDGE_CURVE('',#5113,#5115,#6258,.T.);
#3775=EDGE_CURVE('',#5114,#5116,#6259,.T.);
#3776=EDGE_CURVE('',#5117,#5116,#6260,.T.);
#3777=EDGE_CURVE('',#5115,#5117,#6261,.T.);
#3778=EDGE_CURVE('',#5116,#5107,#6262,.T.);
#3779=EDGE_CURVE('',#5117,#5106,#6263,.T.);
#3780=EDGE_CURVE('',#5118,#5119,#6264,.T.);
#3781=EDGE_CURVE('',#5119,#5120,#6265,.T.);
#3782=EDGE_CURVE('',#5121,#5120,#6266,.T.);
#3783=EDGE_CURVE('',#5118,#5121,#6267,.T.);
#3784=EDGE_CURVE('',#5120,#5122,#6268,.T.);
#3785=EDGE_CURVE('',#5123,#5122,#6269,.T.);
#3786=EDGE_CURVE('',#5121,#5123,#6270,.T.);
#3787=EDGE_CURVE('',#5122,#5124,#6271,.T.);
#3788=EDGE_CURVE('',#5125,#5124,#6272,.T.);
#3789=EDGE_CURVE('',#5123,#5125,#6273,.T.);
#3790=EDGE_CURVE('',#5124,#5126,#6274,.T.);
#3791=EDGE_CURVE('',#5127,#5126,#6275,.T.);
#3792=EDGE_CURVE('',#5125,#5127,#6276,.T.);
#3793=EDGE_CURVE('',#5126,#5128,#6277,.T.);
#3794=EDGE_CURVE('',#5129,#5128,#6278,.T.);
#3795=EDGE_CURVE('',#5127,#5129,#6279,.T.);
#3796=EDGE_CURVE('',#5128,#5119,#6280,.T.);
#3797=EDGE_CURVE('',#5129,#5118,#6281,.T.);
#3798=EDGE_CURVE('',#5130,#5131,#6282,.T.);
#3799=EDGE_CURVE('',#5131,#5132,#6283,.T.);
#3800=EDGE_CURVE('',#5133,#5132,#6284,.T.);
#3801=EDGE_CURVE('',#5130,#5133,#6285,.T.);
#3802=EDGE_CURVE('',#5132,#5134,#6286,.T.);
#3803=EDGE_CURVE('',#5135,#5134,#6287,.T.);
#3804=EDGE_CURVE('',#5133,#5135,#6288,.T.);
#3805=EDGE_CURVE('',#5134,#5136,#6289,.T.);
#3806=EDGE_CURVE('',#5137,#5136,#6290,.T.);
#3807=EDGE_CURVE('',#5135,#5137,#6291,.T.);
#3808=EDGE_CURVE('',#5136,#5138,#6292,.T.);
#3809=EDGE_CURVE('',#5139,#5138,#6293,.T.);
#3810=EDGE_CURVE('',#5137,#5139,#6294,.T.);
#3811=EDGE_CURVE('',#5138,#5140,#6295,.T.);
#3812=EDGE_CURVE('',#5141,#5140,#6296,.T.);
#3813=EDGE_CURVE('',#5139,#5141,#6297,.T.);
#3814=EDGE_CURVE('',#5140,#5131,#6298,.T.);
#3815=EDGE_CURVE('',#5141,#5130,#6299,.T.);
#3816=EDGE_CURVE('',#5142,#5143,#6300,.T.);
#3817=EDGE_CURVE('',#5143,#5144,#6301,.T.);
#3818=EDGE_CURVE('',#5145,#5144,#6302,.T.);
#3819=EDGE_CURVE('',#5142,#5145,#6303,.T.);
#3820=EDGE_CURVE('',#5144,#5146,#6304,.T.);
#3821=EDGE_CURVE('',#5147,#5146,#6305,.T.);
#3822=EDGE_CURVE('',#5145,#5147,#6306,.T.);
#3823=EDGE_CURVE('',#5146,#5148,#6307,.T.);
#3824=EDGE_CURVE('',#5149,#5148,#6308,.T.);
#3825=EDGE_CURVE('',#5147,#5149,#6309,.T.);
#3826=EDGE_CURVE('',#5148,#5150,#6310,.T.);
#3827=EDGE_CURVE('',#5151,#5150,#6311,.T.);
#3828=EDGE_CURVE('',#5149,#5151,#6312,.T.);
#3829=EDGE_CURVE('',#5150,#5152,#6313,.T.);
#3830=EDGE_CURVE('',#5153,#5152,#6314,.T.);
#3831=EDGE_CURVE('',#5151,#5153,#6315,.T.);
#3832=EDGE_CURVE('',#5152,#5143,#6316,.T.);
#3833=EDGE_CURVE('',#5153,#5142,#6317,.T.);
#3834=EDGE_CURVE('',#5154,#5155,#6318,.T.);
#3835=EDGE_CURVE('',#5155,#5156,#6319,.T.);
#3836=EDGE_CURVE('',#5157,#5156,#6320,.T.);
#3837=EDGE_CURVE('',#5154,#5157,#6321,.T.);
#3838=EDGE_CURVE('',#5156,#5158,#6322,.T.);
#3839=EDGE_CURVE('',#5159,#5158,#6323,.T.);
#3840=EDGE_CURVE('',#5157,#5159,#6324,.T.);
#3841=EDGE_CURVE('',#5158,#5160,#6325,.T.);
#3842=EDGE_CURVE('',#5161,#5160,#6326,.T.);
#3843=EDGE_CURVE('',#5159,#5161,#6327,.T.);
#3844=EDGE_CURVE('',#5160,#5162,#6328,.T.);
#3845=EDGE_CURVE('',#5163,#5162,#6329,.T.);
#3846=EDGE_CURVE('',#5161,#5163,#6330,.T.);
#3847=EDGE_CURVE('',#5162,#5164,#6331,.T.);
#3848=EDGE_CURVE('',#5165,#5164,#6332,.T.);
#3849=EDGE_CURVE('',#5163,#5165,#6333,.T.);
#3850=EDGE_CURVE('',#5164,#5155,#6334,.T.);
#3851=EDGE_CURVE('',#5165,#5154,#6335,.T.);
#3852=EDGE_CURVE('',#5166,#5167,#6336,.T.);
#3853=EDGE_CURVE('',#5167,#5168,#6337,.T.);
#3854=EDGE_CURVE('',#5169,#5168,#6338,.T.);
#3855=EDGE_CURVE('',#5166,#5169,#6339,.T.);
#3856=EDGE_CURVE('',#5168,#5170,#6340,.T.);
#3857=EDGE_CURVE('',#5171,#5170,#6341,.T.);
#3858=EDGE_CURVE('',#5169,#5171,#6342,.T.);
#3859=EDGE_CURVE('',#5170,#5172,#6343,.T.);
#3860=EDGE_CURVE('',#5173,#5172,#6344,.T.);
#3861=EDGE_CURVE('',#5171,#5173,#6345,.T.);
#3862=EDGE_CURVE('',#5172,#5174,#6346,.T.);
#3863=EDGE_CURVE('',#5175,#5174,#6347,.T.);
#3864=EDGE_CURVE('',#5173,#5175,#6348,.T.);
#3865=EDGE_CURVE('',#5174,#5176,#6349,.T.);
#3866=EDGE_CURVE('',#5177,#5176,#6350,.T.);
#3867=EDGE_CURVE('',#5175,#5177,#6351,.T.);
#3868=EDGE_CURVE('',#5176,#5167,#6352,.T.);
#3869=EDGE_CURVE('',#5177,#5166,#6353,.T.);
#3870=EDGE_CURVE('',#5178,#5179,#6354,.T.);
#3871=EDGE_CURVE('',#5179,#5180,#6355,.T.);
#3872=EDGE_CURVE('',#5181,#5180,#6356,.T.);
#3873=EDGE_CURVE('',#5178,#5181,#6357,.T.);
#3874=EDGE_CURVE('',#5180,#5182,#6358,.T.);
#3875=EDGE_CURVE('',#5183,#5182,#6359,.T.);
#3876=EDGE_CURVE('',#5181,#5183,#6360,.T.);
#3877=EDGE_CURVE('',#5182,#5184,#6361,.T.);
#3878=EDGE_CURVE('',#5185,#5184,#6362,.T.);
#3879=EDGE_CURVE('',#5183,#5185,#6363,.T.);
#3880=EDGE_CURVE('',#5184,#5186,#6364,.T.);
#3881=EDGE_CURVE('',#5187,#5186,#6365,.T.);
#3882=EDGE_CURVE('',#5185,#5187,#6366,.T.);
#3883=EDGE_CURVE('',#5186,#5188,#6367,.T.);
#3884=EDGE_CURVE('',#5189,#5188,#6368,.T.);
#3885=EDGE_CURVE('',#5187,#5189,#6369,.T.);
#3886=EDGE_CURVE('',#5188,#5179,#6370,.T.);
#3887=EDGE_CURVE('',#5189,#5178,#6371,.T.);
#3888=EDGE_CURVE('',#5190,#5191,#6372,.T.);
#3889=EDGE_CURVE('',#5191,#5192,#6373,.T.);
#3890=EDGE_CURVE('',#5193,#5192,#6374,.T.);
#3891=EDGE_CURVE('',#5190,#5193,#6375,.T.);
#3892=EDGE_CURVE('',#5192,#5194,#6376,.T.);
#3893=EDGE_CURVE('',#5195,#5194,#6377,.T.);
#3894=EDGE_CURVE('',#5193,#5195,#6378,.T.);
#3895=EDGE_CURVE('',#5194,#5196,#6379,.T.);
#3896=EDGE_CURVE('',#5197,#5196,#6380,.T.);
#3897=EDGE_CURVE('',#5195,#5197,#6381,.T.);
#3898=EDGE_CURVE('',#5196,#5198,#6382,.T.);
#3899=EDGE_CURVE('',#5199,#5198,#6383,.T.);
#3900=EDGE_CURVE('',#5197,#5199,#6384,.T.);
#3901=EDGE_CURVE('',#5198,#5200,#6385,.T.);
#3902=EDGE_CURVE('',#5201,#5200,#6386,.T.);
#3903=EDGE_CURVE('',#5199,#5201,#6387,.T.);
#3904=EDGE_CURVE('',#5200,#5191,#6388,.T.);
#3905=EDGE_CURVE('',#5201,#5190,#6389,.T.);
#3906=EDGE_CURVE('',#5202,#5203,#6390,.T.);
#3907=EDGE_CURVE('',#5203,#5204,#6391,.T.);
#3908=EDGE_CURVE('',#5205,#5204,#6392,.T.);
#3909=EDGE_CURVE('',#5202,#5205,#6393,.T.);
#3910=EDGE_CURVE('',#5204,#5206,#6394,.T.);
#3911=EDGE_CURVE('',#5207,#5206,#6395,.T.);
#3912=EDGE_CURVE('',#5205,#5207,#6396,.T.);
#3913=EDGE_CURVE('',#5206,#5208,#6397,.T.);
#3914=EDGE_CURVE('',#5209,#5208,#6398,.T.);
#3915=EDGE_CURVE('',#5207,#5209,#6399,.T.);
#3916=EDGE_CURVE('',#5208,#5210,#6400,.T.);
#3917=EDGE_CURVE('',#5211,#5210,#6401,.T.);
#3918=EDGE_CURVE('',#5209,#5211,#6402,.T.);
#3919=EDGE_CURVE('',#5210,#5212,#6403,.T.);
#3920=EDGE_CURVE('',#5213,#5212,#6404,.T.);
#3921=EDGE_CURVE('',#5211,#5213,#6405,.T.);
#3922=EDGE_CURVE('',#5212,#5203,#6406,.T.);
#3923=EDGE_CURVE('',#5213,#5202,#6407,.T.);
#3924=EDGE_CURVE('',#5214,#5215,#6408,.T.);
#3925=EDGE_CURVE('',#5215,#5216,#6409,.T.);
#3926=EDGE_CURVE('',#5217,#5216,#6410,.T.);
#3927=EDGE_CURVE('',#5214,#5217,#6411,.T.);
#3928=EDGE_CURVE('',#5216,#5218,#6412,.T.);
#3929=EDGE_CURVE('',#5219,#5218,#6413,.T.);
#3930=EDGE_CURVE('',#5217,#5219,#6414,.T.);
#3931=EDGE_CURVE('',#5218,#5220,#6415,.T.);
#3932=EDGE_CURVE('',#5221,#5220,#6416,.T.);
#3933=EDGE_CURVE('',#5219,#5221,#6417,.T.);
#3934=EDGE_CURVE('',#5220,#5222,#6418,.T.);
#3935=EDGE_CURVE('',#5223,#5222,#6419,.T.);
#3936=EDGE_CURVE('',#5221,#5223,#6420,.T.);
#3937=EDGE_CURVE('',#5222,#5224,#6421,.T.);
#3938=EDGE_CURVE('',#5225,#5224,#6422,.T.);
#3939=EDGE_CURVE('',#5223,#5225,#6423,.T.);
#3940=EDGE_CURVE('',#5224,#5215,#6424,.T.);
#3941=EDGE_CURVE('',#5225,#5214,#6425,.T.);
#3942=EDGE_CURVE('',#5226,#5227,#6426,.T.);
#3943=EDGE_CURVE('',#5227,#5228,#6427,.T.);
#3944=EDGE_CURVE('',#5229,#5228,#6428,.T.);
#3945=EDGE_CURVE('',#5226,#5229,#6429,.T.);
#3946=EDGE_CURVE('',#5228,#5230,#6430,.T.);
#3947=EDGE_CURVE('',#5231,#5230,#6431,.T.);
#3948=EDGE_CURVE('',#5229,#5231,#6432,.T.);
#3949=EDGE_CURVE('',#5230,#5232,#6433,.T.);
#3950=EDGE_CURVE('',#5233,#5232,#6434,.T.);
#3951=EDGE_CURVE('',#5231,#5233,#6435,.T.);
#3952=EDGE_CURVE('',#5232,#5234,#6436,.T.);
#3953=EDGE_CURVE('',#5235,#5234,#6437,.T.);
#3954=EDGE_CURVE('',#5233,#5235,#6438,.T.);
#3955=EDGE_CURVE('',#5234,#5236,#6439,.T.);
#3956=EDGE_CURVE('',#5237,#5236,#6440,.T.);
#3957=EDGE_CURVE('',#5235,#5237,#6441,.T.);
#3958=EDGE_CURVE('',#5236,#5227,#6442,.T.);
#3959=EDGE_CURVE('',#5237,#5226,#6443,.T.);
#3960=EDGE_CURVE('',#5238,#5239,#6444,.T.);
#3961=EDGE_CURVE('',#5239,#5240,#6445,.T.);
#3962=EDGE_CURVE('',#5241,#5240,#6446,.T.);
#3963=EDGE_CURVE('',#5238,#5241,#6447,.T.);
#3964=EDGE_CURVE('',#5240,#5242,#6448,.T.);
#3965=EDGE_CURVE('',#5243,#5242,#6449,.T.);
#3966=EDGE_CURVE('',#5241,#5243,#6450,.T.);
#3967=EDGE_CURVE('',#5242,#5244,#6451,.T.);
#3968=EDGE_CURVE('',#5245,#5244,#6452,.T.);
#3969=EDGE_CURVE('',#5243,#5245,#6453,.T.);
#3970=EDGE_CURVE('',#5244,#5246,#6454,.T.);
#3971=EDGE_CURVE('',#5247,#5246,#6455,.T.);
#3972=EDGE_CURVE('',#5245,#5247,#6456,.T.);
#3973=EDGE_CURVE('',#5246,#5248,#6457,.T.);
#3974=EDGE_CURVE('',#5249,#5248,#6458,.T.);
#3975=EDGE_CURVE('',#5247,#5249,#6459,.T.);
#3976=EDGE_CURVE('',#5248,#5239,#6460,.T.);
#3977=EDGE_CURVE('',#5249,#5238,#6461,.T.);
#3978=EDGE_CURVE('',#5250,#5251,#6462,.T.);
#3979=EDGE_CURVE('',#5251,#5252,#6463,.T.);
#3980=EDGE_CURVE('',#5253,#5252,#6464,.T.);
#3981=EDGE_CURVE('',#5250,#5253,#6465,.T.);
#3982=EDGE_CURVE('',#5252,#5254,#6466,.T.);
#3983=EDGE_CURVE('',#5255,#5254,#6467,.T.);
#3984=EDGE_CURVE('',#5253,#5255,#6468,.T.);
#3985=EDGE_CURVE('',#5254,#5256,#6469,.T.);
#3986=EDGE_CURVE('',#5257,#5256,#6470,.T.);
#3987=EDGE_CURVE('',#5255,#5257,#6471,.T.);
#3988=EDGE_CURVE('',#5256,#5258,#6472,.T.);
#3989=EDGE_CURVE('',#5259,#5258,#6473,.T.);
#3990=EDGE_CURVE('',#5257,#5259,#6474,.T.);
#3991=EDGE_CURVE('',#5258,#5260,#6475,.T.);
#3992=EDGE_CURVE('',#5261,#5260,#6476,.T.);
#3993=EDGE_CURVE('',#5259,#5261,#6477,.T.);
#3994=EDGE_CURVE('',#5260,#5251,#6478,.T.);
#3995=EDGE_CURVE('',#5261,#5250,#6479,.T.);
#3996=EDGE_CURVE('',#5262,#5263,#6480,.T.);
#3997=EDGE_CURVE('',#5263,#5264,#6481,.T.);
#3998=EDGE_CURVE('',#5265,#5264,#6482,.T.);
#3999=EDGE_CURVE('',#5262,#5265,#6483,.T.);
#4000=EDGE_CURVE('',#5264,#5266,#6484,.T.);
#4001=EDGE_CURVE('',#5267,#5266,#6485,.T.);
#4002=EDGE_CURVE('',#5265,#5267,#6486,.T.);
#4003=EDGE_CURVE('',#5266,#5268,#6487,.T.);
#4004=EDGE_CURVE('',#5269,#5268,#6488,.T.);
#4005=EDGE_CURVE('',#5267,#5269,#6489,.T.);
#4006=EDGE_CURVE('',#5268,#5270,#6490,.T.);
#4007=EDGE_CURVE('',#5271,#5270,#6491,.T.);
#4008=EDGE_CURVE('',#5269,#5271,#6492,.T.);
#4009=EDGE_CURVE('',#5270,#5272,#6493,.T.);
#4010=EDGE_CURVE('',#5273,#5272,#6494,.T.);
#4011=EDGE_CURVE('',#5271,#5273,#6495,.T.);
#4012=EDGE_CURVE('',#5272,#5263,#6496,.T.);
#4013=EDGE_CURVE('',#5273,#5262,#6497,.T.);
#4014=EDGE_CURVE('',#5274,#5275,#6498,.T.);
#4015=EDGE_CURVE('',#5275,#5276,#6499,.T.);
#4016=EDGE_CURVE('',#5277,#5276,#6500,.T.);
#4017=EDGE_CURVE('',#5274,#5277,#6501,.T.);
#4018=EDGE_CURVE('',#5276,#5278,#6502,.T.);
#4019=EDGE_CURVE('',#5279,#5278,#6503,.T.);
#4020=EDGE_CURVE('',#5277,#5279,#6504,.T.);
#4021=EDGE_CURVE('',#5278,#5280,#6505,.T.);
#4022=EDGE_CURVE('',#5281,#5280,#6506,.T.);
#4023=EDGE_CURVE('',#5279,#5281,#6507,.T.);
#4024=EDGE_CURVE('',#5280,#5282,#6508,.T.);
#4025=EDGE_CURVE('',#5283,#5282,#6509,.T.);
#4026=EDGE_CURVE('',#5281,#5283,#6510,.T.);
#4027=EDGE_CURVE('',#5282,#5284,#6511,.T.);
#4028=EDGE_CURVE('',#5285,#5284,#6512,.T.);
#4029=EDGE_CURVE('',#5283,#5285,#6513,.T.);
#4030=EDGE_CURVE('',#5284,#5275,#6514,.T.);
#4031=EDGE_CURVE('',#5285,#5274,#6515,.T.);
#4032=EDGE_CURVE('',#5286,#5287,#6516,.T.);
#4033=EDGE_CURVE('',#5287,#5288,#6517,.T.);
#4034=EDGE_CURVE('',#5289,#5288,#6518,.T.);
#4035=EDGE_CURVE('',#5286,#5289,#6519,.T.);
#4036=EDGE_CURVE('',#5288,#5290,#6520,.T.);
#4037=EDGE_CURVE('',#5291,#5290,#6521,.T.);
#4038=EDGE_CURVE('',#5289,#5291,#6522,.T.);
#4039=EDGE_CURVE('',#5290,#5292,#6523,.T.);
#4040=EDGE_CURVE('',#5293,#5292,#6524,.T.);
#4041=EDGE_CURVE('',#5291,#5293,#6525,.T.);
#4042=EDGE_CURVE('',#5292,#5294,#6526,.T.);
#4043=EDGE_CURVE('',#5295,#5294,#6527,.T.);
#4044=EDGE_CURVE('',#5293,#5295,#6528,.T.);
#4045=EDGE_CURVE('',#5294,#5296,#6529,.T.);
#4046=EDGE_CURVE('',#5297,#5296,#6530,.T.);
#4047=EDGE_CURVE('',#5295,#5297,#6531,.T.);
#4048=EDGE_CURVE('',#5296,#5287,#6532,.T.);
#4049=EDGE_CURVE('',#5297,#5286,#6533,.T.);
#4050=EDGE_CURVE('',#5298,#5299,#6534,.T.);
#4051=EDGE_CURVE('',#5299,#5300,#6535,.T.);
#4052=EDGE_CURVE('',#5301,#5300,#6536,.T.);
#4053=EDGE_CURVE('',#5298,#5301,#6537,.T.);
#4054=EDGE_CURVE('',#5300,#5302,#6538,.T.);
#4055=EDGE_CURVE('',#5303,#5302,#6539,.T.);
#4056=EDGE_CURVE('',#5301,#5303,#6540,.T.);
#4057=EDGE_CURVE('',#5302,#5304,#6541,.T.);
#4058=EDGE_CURVE('',#5305,#5304,#6542,.T.);
#4059=EDGE_CURVE('',#5303,#5305,#6543,.T.);
#4060=EDGE_CURVE('',#5304,#5306,#6544,.T.);
#4061=EDGE_CURVE('',#5307,#5306,#6545,.T.);
#4062=EDGE_CURVE('',#5305,#5307,#6546,.T.);
#4063=EDGE_CURVE('',#5306,#5308,#6547,.T.);
#4064=EDGE_CURVE('',#5309,#5308,#6548,.T.);
#4065=EDGE_CURVE('',#5307,#5309,#6549,.T.);
#4066=EDGE_CURVE('',#5308,#5299,#6550,.T.);
#4067=EDGE_CURVE('',#5309,#5298,#6551,.T.);
#4068=EDGE_CURVE('',#5310,#5311,#6552,.T.);
#4069=EDGE_CURVE('',#5311,#5312,#6553,.T.);
#4070=EDGE_CURVE('',#5313,#5312,#6554,.T.);
#4071=EDGE_CURVE('',#5310,#5313,#6555,.T.);
#4072=EDGE_CURVE('',#5312,#5314,#6556,.T.);
#4073=EDGE_CURVE('',#5315,#5314,#6557,.T.);
#4074=EDGE_CURVE('',#5313,#5315,#6558,.T.);
#4075=EDGE_CURVE('',#5314,#5316,#6559,.T.);
#4076=EDGE_CURVE('',#5317,#5316,#6560,.T.);
#4077=EDGE_CURVE('',#5315,#5317,#6561,.T.);
#4078=EDGE_CURVE('',#5316,#5318,#6562,.T.);
#4079=EDGE_CURVE('',#5319,#5318,#6563,.T.);
#4080=EDGE_CURVE('',#5317,#5319,#6564,.T.);
#4081=EDGE_CURVE('',#5318,#5320,#6565,.T.);
#4082=EDGE_CURVE('',#5321,#5320,#6566,.T.);
#4083=EDGE_CURVE('',#5319,#5321,#6567,.T.);
#4084=EDGE_CURVE('',#5320,#5311,#6568,.T.);
#4085=EDGE_CURVE('',#5321,#5310,#6569,.T.);
#4086=EDGE_CURVE('',#5322,#5323,#6570,.T.);
#4087=EDGE_CURVE('',#5323,#5324,#6571,.T.);
#4088=EDGE_CURVE('',#5325,#5324,#6572,.T.);
#4089=EDGE_CURVE('',#5322,#5325,#6573,.T.);
#4090=EDGE_CURVE('',#5324,#5326,#12,.T.);
#4091=EDGE_CURVE('',#5327,#5326,#6574,.T.);
#4092=EDGE_CURVE('',#5325,#5327,#13,.T.);
#4093=EDGE_CURVE('',#5326,#5328,#6575,.T.);
#4094=EDGE_CURVE('',#5329,#5328,#6576,.T.);
#4095=EDGE_CURVE('',#5327,#5329,#6577,.T.);
#4096=EDGE_CURVE('',#5328,#5323,#14,.T.);
#4097=EDGE_CURVE('',#5329,#5322,#15,.T.);
#4098=EDGE_CURVE('',#5330,#5331,#6578,.T.);
#4099=EDGE_CURVE('',#5331,#5332,#6579,.T.);
#4100=EDGE_CURVE('',#5333,#5332,#6580,.T.);
#4101=EDGE_CURVE('',#5330,#5333,#6581,.T.);
#4102=EDGE_CURVE('',#5332,#5334,#16,.T.);
#4103=EDGE_CURVE('',#5335,#5334,#6582,.T.);
#4104=EDGE_CURVE('',#5333,#5335,#17,.T.);
#4105=EDGE_CURVE('',#5334,#5336,#6583,.T.);
#4106=EDGE_CURVE('',#5337,#5336,#6584,.T.);
#4107=EDGE_CURVE('',#5335,#5337,#6585,.T.);
#4108=EDGE_CURVE('',#5336,#5331,#18,.T.);
#4109=EDGE_CURVE('',#5337,#5330,#19,.T.);
#4110=EDGE_CURVE('',#5338,#5339,#6586,.T.);
#4111=EDGE_CURVE('',#5339,#5340,#6587,.T.);
#4112=EDGE_CURVE('',#5341,#5340,#6588,.T.);
#4113=EDGE_CURVE('',#5338,#5341,#6589,.T.);
#4114=EDGE_CURVE('',#5340,#5342,#20,.T.);
#4115=EDGE_CURVE('',#5343,#5342,#6590,.T.);
#4116=EDGE_CURVE('',#5341,#5343,#21,.T.);
#4117=EDGE_CURVE('',#5342,#5344,#6591,.T.);
#4118=EDGE_CURVE('',#5345,#5344,#6592,.T.);
#4119=EDGE_CURVE('',#5343,#5345,#6593,.T.);
#4120=EDGE_CURVE('',#5344,#5339,#22,.T.);
#4121=EDGE_CURVE('',#5345,#5338,#23,.T.);
#4122=EDGE_CURVE('',#5346,#5347,#6594,.T.);
#4123=EDGE_CURVE('',#5347,#5348,#6595,.T.);
#4124=EDGE_CURVE('',#5349,#5348,#6596,.T.);
#4125=EDGE_CURVE('',#5346,#5349,#6597,.T.);
#4126=EDGE_CURVE('',#5348,#5350,#24,.T.);
#4127=EDGE_CURVE('',#5351,#5350,#6598,.T.);
#4128=EDGE_CURVE('',#5349,#5351,#25,.T.);
#4129=EDGE_CURVE('',#5350,#5352,#6599,.T.);
#4130=EDGE_CURVE('',#5353,#5352,#6600,.T.);
#4131=EDGE_CURVE('',#5351,#5353,#6601,.T.);
#4132=EDGE_CURVE('',#5352,#5347,#26,.T.);
#4133=EDGE_CURVE('',#5353,#5346,#27,.T.);
#4134=EDGE_CURVE('',#5354,#5355,#6602,.T.);
#4135=EDGE_CURVE('',#5355,#5356,#6603,.T.);
#4136=EDGE_CURVE('',#5357,#5356,#6604,.T.);
#4137=EDGE_CURVE('',#5354,#5357,#6605,.T.);
#4138=EDGE_CURVE('',#5356,#5358,#28,.T.);
#4139=EDGE_CURVE('',#5359,#5358,#6606,.T.);
#4140=EDGE_CURVE('',#5357,#5359,#29,.T.);
#4141=EDGE_CURVE('',#5358,#5360,#6607,.T.);
#4142=EDGE_CURVE('',#5361,#5360,#6608,.T.);
#4143=EDGE_CURVE('',#5359,#5361,#6609,.T.);
#4144=EDGE_CURVE('',#5360,#5355,#30,.T.);
#4145=EDGE_CURVE('',#5361,#5354,#31,.T.);
#4146=EDGE_CURVE('',#5362,#5363,#6610,.T.);
#4147=EDGE_CURVE('',#5363,#5364,#6611,.T.);
#4148=EDGE_CURVE('',#5365,#5364,#6612,.T.);
#4149=EDGE_CURVE('',#5362,#5365,#6613,.T.);
#4150=EDGE_CURVE('',#5364,#5366,#32,.T.);
#4151=EDGE_CURVE('',#5367,#5366,#6614,.T.);
#4152=EDGE_CURVE('',#5365,#5367,#33,.T.);
#4153=EDGE_CURVE('',#5366,#5368,#6615,.T.);
#4154=EDGE_CURVE('',#5369,#5368,#6616,.T.);
#4155=EDGE_CURVE('',#5367,#5369,#6617,.T.);
#4156=EDGE_CURVE('',#5368,#5363,#34,.T.);
#4157=EDGE_CURVE('',#5369,#5362,#35,.T.);
#4158=EDGE_CURVE('',#5370,#5371,#6618,.T.);
#4159=EDGE_CURVE('',#5371,#5372,#6619,.T.);
#4160=EDGE_CURVE('',#5373,#5372,#6620,.T.);
#4161=EDGE_CURVE('',#5370,#5373,#6621,.T.);
#4162=EDGE_CURVE('',#5372,#5374,#36,.T.);
#4163=EDGE_CURVE('',#5375,#5374,#6622,.T.);
#4164=EDGE_CURVE('',#5373,#5375,#37,.T.);
#4165=EDGE_CURVE('',#5374,#5376,#6623,.T.);
#4166=EDGE_CURVE('',#5377,#5376,#6624,.T.);
#4167=EDGE_CURVE('',#5375,#5377,#6625,.T.);
#4168=EDGE_CURVE('',#5376,#5371,#38,.T.);
#4169=EDGE_CURVE('',#5377,#5370,#39,.T.);
#4170=EDGE_CURVE('',#5378,#5379,#6626,.T.);
#4171=EDGE_CURVE('',#5379,#5380,#6627,.T.);
#4172=EDGE_CURVE('',#5381,#5380,#6628,.T.);
#4173=EDGE_CURVE('',#5378,#5381,#6629,.T.);
#4174=EDGE_CURVE('',#5380,#5382,#40,.T.);
#4175=EDGE_CURVE('',#5383,#5382,#6630,.T.);
#4176=EDGE_CURVE('',#5381,#5383,#41,.T.);
#4177=EDGE_CURVE('',#5382,#5384,#6631,.T.);
#4178=EDGE_CURVE('',#5385,#5384,#6632,.T.);
#4179=EDGE_CURVE('',#5383,#5385,#6633,.T.);
#4180=EDGE_CURVE('',#5384,#5379,#42,.T.);
#4181=EDGE_CURVE('',#5385,#5378,#43,.T.);
#4182=EDGE_CURVE('',#5386,#5387,#6634,.T.);
#4183=EDGE_CURVE('',#5387,#5388,#6635,.T.);
#4184=EDGE_CURVE('',#5389,#5388,#6636,.T.);
#4185=EDGE_CURVE('',#5386,#5389,#6637,.T.);
#4186=EDGE_CURVE('',#5388,#5390,#44,.T.);
#4187=EDGE_CURVE('',#5391,#5390,#6638,.T.);
#4188=EDGE_CURVE('',#5389,#5391,#45,.T.);
#4189=EDGE_CURVE('',#5390,#5392,#6639,.T.);
#4190=EDGE_CURVE('',#5393,#5392,#6640,.T.);
#4191=EDGE_CURVE('',#5391,#5393,#6641,.T.);
#4192=EDGE_CURVE('',#5392,#5387,#46,.T.);
#4193=EDGE_CURVE('',#5393,#5386,#47,.T.);
#4194=EDGE_CURVE('',#5394,#5395,#6642,.T.);
#4195=EDGE_CURVE('',#5395,#5396,#6643,.T.);
#4196=EDGE_CURVE('',#5397,#5396,#6644,.T.);
#4197=EDGE_CURVE('',#5394,#5397,#6645,.T.);
#4198=EDGE_CURVE('',#5396,#5398,#48,.T.);
#4199=EDGE_CURVE('',#5399,#5398,#6646,.T.);
#4200=EDGE_CURVE('',#5397,#5399,#49,.T.);
#4201=EDGE_CURVE('',#5398,#5400,#6647,.T.);
#4202=EDGE_CURVE('',#5401,#5400,#6648,.T.);
#4203=EDGE_CURVE('',#5399,#5401,#6649,.T.);
#4204=EDGE_CURVE('',#5400,#5395,#50,.T.);
#4205=EDGE_CURVE('',#5401,#5394,#51,.T.);
#4206=EDGE_CURVE('',#5402,#5403,#6650,.T.);
#4207=EDGE_CURVE('',#5403,#5404,#6651,.T.);
#4208=EDGE_CURVE('',#5405,#5404,#6652,.T.);
#4209=EDGE_CURVE('',#5402,#5405,#6653,.T.);
#4210=EDGE_CURVE('',#5404,#5406,#52,.T.);
#4211=EDGE_CURVE('',#5407,#5406,#6654,.T.);
#4212=EDGE_CURVE('',#5405,#5407,#53,.T.);
#4213=EDGE_CURVE('',#5406,#5408,#6655,.T.);
#4214=EDGE_CURVE('',#5409,#5408,#6656,.T.);
#4215=EDGE_CURVE('',#5407,#5409,#6657,.T.);
#4216=EDGE_CURVE('',#5408,#5403,#54,.T.);
#4217=EDGE_CURVE('',#5409,#5402,#55,.T.);
#4218=EDGE_CURVE('',#5410,#5411,#6658,.T.);
#4219=EDGE_CURVE('',#5411,#5412,#6659,.T.);
#4220=EDGE_CURVE('',#5413,#5412,#6660,.T.);
#4221=EDGE_CURVE('',#5410,#5413,#6661,.T.);
#4222=EDGE_CURVE('',#5412,#5414,#56,.T.);
#4223=EDGE_CURVE('',#5415,#5414,#6662,.T.);
#4224=EDGE_CURVE('',#5413,#5415,#57,.T.);
#4225=EDGE_CURVE('',#5414,#5416,#6663,.T.);
#4226=EDGE_CURVE('',#5417,#5416,#6664,.T.);
#4227=EDGE_CURVE('',#5415,#5417,#6665,.T.);
#4228=EDGE_CURVE('',#5416,#5411,#58,.T.);
#4229=EDGE_CURVE('',#5417,#5410,#59,.T.);
#4230=EDGE_CURVE('',#5418,#5419,#6666,.T.);
#4231=EDGE_CURVE('',#5419,#5420,#6667,.T.);
#4232=EDGE_CURVE('',#5421,#5420,#6668,.T.);
#4233=EDGE_CURVE('',#5418,#5421,#6669,.T.);
#4234=EDGE_CURVE('',#5420,#5422,#60,.T.);
#4235=EDGE_CURVE('',#5423,#5422,#6670,.T.);
#4236=EDGE_CURVE('',#5421,#5423,#61,.T.);
#4237=EDGE_CURVE('',#5422,#5424,#6671,.T.);
#4238=EDGE_CURVE('',#5425,#5424,#6672,.T.);
#4239=EDGE_CURVE('',#5423,#5425,#6673,.T.);
#4240=EDGE_CURVE('',#5424,#5419,#62,.T.);
#4241=EDGE_CURVE('',#5425,#5418,#63,.T.);
#4242=EDGE_CURVE('',#5426,#5427,#6674,.T.);
#4243=EDGE_CURVE('',#5427,#5428,#6675,.T.);
#4244=EDGE_CURVE('',#5429,#5428,#6676,.T.);
#4245=EDGE_CURVE('',#5426,#5429,#6677,.T.);
#4246=EDGE_CURVE('',#5428,#5430,#64,.T.);
#4247=EDGE_CURVE('',#5431,#5430,#6678,.T.);
#4248=EDGE_CURVE('',#5429,#5431,#65,.T.);
#4249=EDGE_CURVE('',#5430,#5432,#6679,.T.);
#4250=EDGE_CURVE('',#5433,#5432,#6680,.T.);
#4251=EDGE_CURVE('',#5431,#5433,#6681,.T.);
#4252=EDGE_CURVE('',#5432,#5427,#66,.T.);
#4253=EDGE_CURVE('',#5433,#5426,#67,.T.);
#4254=EDGE_CURVE('',#5434,#5435,#6682,.T.);
#4255=EDGE_CURVE('',#5435,#5436,#6683,.T.);
#4256=EDGE_CURVE('',#5437,#5436,#6684,.T.);
#4257=EDGE_CURVE('',#5434,#5437,#6685,.T.);
#4258=EDGE_CURVE('',#5436,#5438,#68,.T.);
#4259=EDGE_CURVE('',#5439,#5438,#6686,.T.);
#4260=EDGE_CURVE('',#5437,#5439,#69,.T.);
#4261=EDGE_CURVE('',#5438,#5440,#6687,.T.);
#4262=EDGE_CURVE('',#5441,#5440,#6688,.T.);
#4263=EDGE_CURVE('',#5439,#5441,#6689,.T.);
#4264=EDGE_CURVE('',#5440,#5435,#70,.T.);
#4265=EDGE_CURVE('',#5441,#5434,#71,.T.);
#4266=EDGE_CURVE('',#5442,#5443,#6690,.T.);
#4267=EDGE_CURVE('',#5443,#5444,#6691,.T.);
#4268=EDGE_CURVE('',#5445,#5444,#6692,.T.);
#4269=EDGE_CURVE('',#5442,#5445,#6693,.T.);
#4270=EDGE_CURVE('',#5444,#5446,#72,.T.);
#4271=EDGE_CURVE('',#5447,#5446,#6694,.T.);
#4272=EDGE_CURVE('',#5445,#5447,#73,.T.);
#4273=EDGE_CURVE('',#5446,#5448,#6695,.T.);
#4274=EDGE_CURVE('',#5449,#5448,#6696,.T.);
#4275=EDGE_CURVE('',#5447,#5449,#6697,.T.);
#4276=EDGE_CURVE('',#5448,#5443,#74,.T.);
#4277=EDGE_CURVE('',#5449,#5442,#75,.T.);
#4278=EDGE_CURVE('',#5450,#5451,#6698,.T.);
#4279=EDGE_CURVE('',#5451,#5452,#6699,.T.);
#4280=EDGE_CURVE('',#5453,#5452,#6700,.T.);
#4281=EDGE_CURVE('',#5450,#5453,#6701,.T.);
#4282=EDGE_CURVE('',#5452,#5454,#76,.T.);
#4283=EDGE_CURVE('',#5455,#5454,#6702,.T.);
#4284=EDGE_CURVE('',#5453,#5455,#77,.T.);
#4285=EDGE_CURVE('',#5454,#5456,#6703,.T.);
#4286=EDGE_CURVE('',#5457,#5456,#6704,.T.);
#4287=EDGE_CURVE('',#5455,#5457,#6705,.T.);
#4288=EDGE_CURVE('',#5456,#5451,#78,.T.);
#4289=EDGE_CURVE('',#5457,#5450,#79,.T.);
#4290=EDGE_CURVE('',#5458,#5459,#6706,.T.);
#4291=EDGE_CURVE('',#5459,#5460,#6707,.T.);
#4292=EDGE_CURVE('',#5461,#5460,#6708,.T.);
#4293=EDGE_CURVE('',#5458,#5461,#6709,.T.);
#4294=EDGE_CURVE('',#5460,#5462,#80,.T.);
#4295=EDGE_CURVE('',#5463,#5462,#6710,.T.);
#4296=EDGE_CURVE('',#5461,#5463,#81,.T.);
#4297=EDGE_CURVE('',#5462,#5464,#6711,.T.);
#4298=EDGE_CURVE('',#5465,#5464,#6712,.T.);
#4299=EDGE_CURVE('',#5463,#5465,#6713,.T.);
#4300=EDGE_CURVE('',#5464,#5459,#82,.T.);
#4301=EDGE_CURVE('',#5465,#5458,#83,.T.);
#4302=EDGE_CURVE('',#5466,#5467,#6714,.T.);
#4303=EDGE_CURVE('',#5467,#5468,#6715,.T.);
#4304=EDGE_CURVE('',#5469,#5468,#6716,.T.);
#4305=EDGE_CURVE('',#5466,#5469,#6717,.T.);
#4306=EDGE_CURVE('',#5468,#5470,#84,.T.);
#4307=EDGE_CURVE('',#5471,#5470,#6718,.T.);
#4308=EDGE_CURVE('',#5469,#5471,#85,.T.);
#4309=EDGE_CURVE('',#5470,#5472,#6719,.T.);
#4310=EDGE_CURVE('',#5473,#5472,#6720,.T.);
#4311=EDGE_CURVE('',#5471,#5473,#6721,.T.);
#4312=EDGE_CURVE('',#5472,#5467,#86,.T.);
#4313=EDGE_CURVE('',#5473,#5466,#87,.T.);
#4314=EDGE_CURVE('',#5474,#5475,#6722,.T.);
#4315=EDGE_CURVE('',#5475,#5476,#6723,.T.);
#4316=EDGE_CURVE('',#5477,#5476,#6724,.T.);
#4317=EDGE_CURVE('',#5474,#5477,#6725,.T.);
#4318=EDGE_CURVE('',#5476,#5478,#88,.T.);
#4319=EDGE_CURVE('',#5479,#5478,#6726,.T.);
#4320=EDGE_CURVE('',#5477,#5479,#89,.T.);
#4321=EDGE_CURVE('',#5478,#5480,#6727,.T.);
#4322=EDGE_CURVE('',#5481,#5480,#6728,.T.);
#4323=EDGE_CURVE('',#5479,#5481,#6729,.T.);
#4324=EDGE_CURVE('',#5480,#5475,#90,.T.);
#4325=EDGE_CURVE('',#5481,#5474,#91,.T.);
#4326=EDGE_CURVE('',#5482,#5483,#6730,.T.);
#4327=EDGE_CURVE('',#5483,#5484,#6731,.T.);
#4328=EDGE_CURVE('',#5485,#5484,#6732,.T.);
#4329=EDGE_CURVE('',#5482,#5485,#6733,.T.);
#4330=EDGE_CURVE('',#5484,#5486,#92,.T.);
#4331=EDGE_CURVE('',#5487,#5486,#6734,.T.);
#4332=EDGE_CURVE('',#5485,#5487,#93,.T.);
#4333=EDGE_CURVE('',#5486,#5488,#6735,.T.);
#4334=EDGE_CURVE('',#5489,#5488,#6736,.T.);
#4335=EDGE_CURVE('',#5487,#5489,#6737,.T.);
#4336=EDGE_CURVE('',#5488,#5483,#94,.T.);
#4337=EDGE_CURVE('',#5489,#5482,#95,.T.);
#4338=EDGE_CURVE('',#5490,#5491,#6738,.T.);
#4339=EDGE_CURVE('',#5491,#5492,#6739,.T.);
#4340=EDGE_CURVE('',#5493,#5492,#6740,.T.);
#4341=EDGE_CURVE('',#5490,#5493,#6741,.T.);
#4342=EDGE_CURVE('',#5492,#5494,#96,.T.);
#4343=EDGE_CURVE('',#5495,#5494,#6742,.T.);
#4344=EDGE_CURVE('',#5493,#5495,#97,.T.);
#4345=EDGE_CURVE('',#5494,#5496,#6743,.T.);
#4346=EDGE_CURVE('',#5497,#5496,#6744,.T.);
#4347=EDGE_CURVE('',#5495,#5497,#6745,.T.);
#4348=EDGE_CURVE('',#5496,#5491,#98,.T.);
#4349=EDGE_CURVE('',#5497,#5490,#99,.T.);
#4350=EDGE_CURVE('',#5498,#5499,#6746,.T.);
#4351=EDGE_CURVE('',#5499,#5500,#6747,.T.);
#4352=EDGE_CURVE('',#5501,#5500,#6748,.T.);
#4353=EDGE_CURVE('',#5498,#5501,#6749,.T.);
#4354=EDGE_CURVE('',#5500,#5502,#100,.T.);
#4355=EDGE_CURVE('',#5503,#5502,#6750,.T.);
#4356=EDGE_CURVE('',#5501,#5503,#101,.T.);
#4357=EDGE_CURVE('',#5502,#5504,#6751,.T.);
#4358=EDGE_CURVE('',#5505,#5504,#6752,.T.);
#4359=EDGE_CURVE('',#5503,#5505,#6753,.T.);
#4360=EDGE_CURVE('',#5504,#5499,#102,.T.);
#4361=EDGE_CURVE('',#5505,#5498,#103,.T.);
#4362=EDGE_CURVE('',#5506,#5507,#6754,.T.);
#4363=EDGE_CURVE('',#5507,#5508,#6755,.T.);
#4364=EDGE_CURVE('',#5509,#5508,#6756,.T.);
#4365=EDGE_CURVE('',#5506,#5509,#6757,.T.);
#4366=EDGE_CURVE('',#5508,#5510,#104,.T.);
#4367=EDGE_CURVE('',#5511,#5510,#6758,.T.);
#4368=EDGE_CURVE('',#5509,#5511,#105,.T.);
#4369=EDGE_CURVE('',#5510,#5512,#6759,.T.);
#4370=EDGE_CURVE('',#5513,#5512,#6760,.T.);
#4371=EDGE_CURVE('',#5511,#5513,#6761,.T.);
#4372=EDGE_CURVE('',#5512,#5507,#106,.T.);
#4373=EDGE_CURVE('',#5513,#5506,#107,.T.);
#4374=EDGE_CURVE('',#5514,#5515,#6762,.T.);
#4375=EDGE_CURVE('',#5515,#5516,#6763,.T.);
#4376=EDGE_CURVE('',#5517,#5516,#6764,.T.);
#4377=EDGE_CURVE('',#5514,#5517,#6765,.T.);
#4378=EDGE_CURVE('',#5516,#5518,#108,.T.);
#4379=EDGE_CURVE('',#5519,#5518,#6766,.T.);
#4380=EDGE_CURVE('',#5517,#5519,#109,.T.);
#4381=EDGE_CURVE('',#5518,#5520,#6767,.T.);
#4382=EDGE_CURVE('',#5521,#5520,#6768,.T.);
#4383=EDGE_CURVE('',#5519,#5521,#6769,.T.);
#4384=EDGE_CURVE('',#5520,#5515,#110,.T.);
#4385=EDGE_CURVE('',#5521,#5514,#111,.T.);
#4386=EDGE_CURVE('',#5522,#5523,#6770,.T.);
#4387=EDGE_CURVE('',#5523,#5524,#6771,.T.);
#4388=EDGE_CURVE('',#5525,#5524,#6772,.T.);
#4389=EDGE_CURVE('',#5522,#5525,#6773,.T.);
#4390=EDGE_CURVE('',#5524,#5526,#112,.T.);
#4391=EDGE_CURVE('',#5527,#5526,#6774,.T.);
#4392=EDGE_CURVE('',#5525,#5527,#113,.T.);
#4393=EDGE_CURVE('',#5526,#5528,#6775,.T.);
#4394=EDGE_CURVE('',#5529,#5528,#6776,.T.);
#4395=EDGE_CURVE('',#5527,#5529,#6777,.T.);
#4396=EDGE_CURVE('',#5528,#5523,#114,.T.);
#4397=EDGE_CURVE('',#5529,#5522,#115,.T.);
#4398=EDGE_CURVE('',#5530,#5531,#6778,.T.);
#4399=EDGE_CURVE('',#5531,#5532,#6779,.T.);
#4400=EDGE_CURVE('',#5533,#5532,#6780,.T.);
#4401=EDGE_CURVE('',#5530,#5533,#6781,.T.);
#4402=EDGE_CURVE('',#5532,#5534,#116,.T.);
#4403=EDGE_CURVE('',#5535,#5534,#6782,.T.);
#4404=EDGE_CURVE('',#5533,#5535,#117,.T.);
#4405=EDGE_CURVE('',#5534,#5536,#6783,.T.);
#4406=EDGE_CURVE('',#5537,#5536,#6784,.T.);
#4407=EDGE_CURVE('',#5535,#5537,#6785,.T.);
#4408=EDGE_CURVE('',#5536,#5531,#118,.T.);
#4409=EDGE_CURVE('',#5537,#5530,#119,.T.);
#4410=EDGE_CURVE('',#5538,#5539,#6786,.T.);
#4411=EDGE_CURVE('',#5539,#5540,#6787,.T.);
#4412=EDGE_CURVE('',#5541,#5540,#6788,.T.);
#4413=EDGE_CURVE('',#5538,#5541,#6789,.T.);
#4414=EDGE_CURVE('',#5540,#5542,#120,.T.);
#4415=EDGE_CURVE('',#5543,#5542,#6790,.T.);
#4416=EDGE_CURVE('',#5541,#5543,#121,.T.);
#4417=EDGE_CURVE('',#5542,#5544,#6791,.T.);
#4418=EDGE_CURVE('',#5545,#5544,#6792,.T.);
#4419=EDGE_CURVE('',#5543,#5545,#6793,.T.);
#4420=EDGE_CURVE('',#5544,#5539,#122,.T.);
#4421=EDGE_CURVE('',#5545,#5538,#123,.T.);
#4422=EDGE_CURVE('',#5546,#5547,#6794,.T.);
#4423=EDGE_CURVE('',#5547,#5548,#6795,.T.);
#4424=EDGE_CURVE('',#5549,#5548,#6796,.T.);
#4425=EDGE_CURVE('',#5546,#5549,#6797,.T.);
#4426=EDGE_CURVE('',#5548,#5550,#124,.T.);
#4427=EDGE_CURVE('',#5551,#5550,#6798,.T.);
#4428=EDGE_CURVE('',#5549,#5551,#125,.T.);
#4429=EDGE_CURVE('',#5550,#5552,#6799,.T.);
#4430=EDGE_CURVE('',#5553,#5552,#6800,.T.);
#4431=EDGE_CURVE('',#5551,#5553,#6801,.T.);
#4432=EDGE_CURVE('',#5552,#5547,#126,.T.);
#4433=EDGE_CURVE('',#5553,#5546,#127,.T.);
#4434=EDGE_CURVE('',#5554,#5555,#6802,.T.);
#4435=EDGE_CURVE('',#5555,#5556,#6803,.T.);
#4436=EDGE_CURVE('',#5557,#5556,#6804,.T.);
#4437=EDGE_CURVE('',#5554,#5557,#6805,.T.);
#4438=EDGE_CURVE('',#5556,#5558,#128,.T.);
#4439=EDGE_CURVE('',#5559,#5558,#6806,.T.);
#4440=EDGE_CURVE('',#5557,#5559,#129,.T.);
#4441=EDGE_CURVE('',#5558,#5560,#6807,.T.);
#4442=EDGE_CURVE('',#5561,#5560,#6808,.T.);
#4443=EDGE_CURVE('',#5559,#5561,#6809,.T.);
#4444=EDGE_CURVE('',#5560,#5555,#130,.T.);
#4445=EDGE_CURVE('',#5561,#5554,#131,.T.);
#4446=EDGE_CURVE('',#5562,#5563,#6810,.T.);
#4447=EDGE_CURVE('',#5563,#5564,#6811,.T.);
#4448=EDGE_CURVE('',#5565,#5564,#6812,.T.);
#4449=EDGE_CURVE('',#5562,#5565,#6813,.T.);
#4450=EDGE_CURVE('',#5564,#5566,#132,.T.);
#4451=EDGE_CURVE('',#5567,#5566,#6814,.T.);
#4452=EDGE_CURVE('',#5565,#5567,#133,.T.);
#4453=EDGE_CURVE('',#5566,#5568,#6815,.T.);
#4454=EDGE_CURVE('',#5569,#5568,#6816,.T.);
#4455=EDGE_CURVE('',#5567,#5569,#6817,.T.);
#4456=EDGE_CURVE('',#5568,#5563,#134,.T.);
#4457=EDGE_CURVE('',#5569,#5562,#135,.T.);
#4458=EDGE_CURVE('',#5570,#5571,#6818,.T.);
#4459=EDGE_CURVE('',#5571,#5572,#6819,.T.);
#4460=EDGE_CURVE('',#5573,#5572,#6820,.T.);
#4461=EDGE_CURVE('',#5570,#5573,#6821,.T.);
#4462=EDGE_CURVE('',#5572,#5574,#136,.T.);
#4463=EDGE_CURVE('',#5575,#5574,#6822,.T.);
#4464=EDGE_CURVE('',#5573,#5575,#137,.T.);
#4465=EDGE_CURVE('',#5574,#5576,#6823,.T.);
#4466=EDGE_CURVE('',#5577,#5576,#6824,.T.);
#4467=EDGE_CURVE('',#5575,#5577,#6825,.T.);
#4468=EDGE_CURVE('',#5576,#5571,#138,.T.);
#4469=EDGE_CURVE('',#5577,#5570,#139,.T.);
#4470=EDGE_CURVE('',#5578,#5579,#6826,.T.);
#4471=EDGE_CURVE('',#5579,#5580,#6827,.T.);
#4472=EDGE_CURVE('',#5581,#5580,#6828,.T.);
#4473=EDGE_CURVE('',#5578,#5581,#6829,.T.);
#4474=EDGE_CURVE('',#5580,#5582,#140,.T.);
#4475=EDGE_CURVE('',#5583,#5582,#6830,.T.);
#4476=EDGE_CURVE('',#5581,#5583,#141,.T.);
#4477=EDGE_CURVE('',#5582,#5584,#6831,.T.);
#4478=EDGE_CURVE('',#5585,#5584,#6832,.T.);
#4479=EDGE_CURVE('',#5583,#5585,#6833,.T.);
#4480=EDGE_CURVE('',#5584,#5579,#142,.T.);
#4481=EDGE_CURVE('',#5585,#5578,#143,.T.);
#4482=EDGE_CURVE('',#5586,#5587,#6834,.T.);
#4483=EDGE_CURVE('',#5587,#5588,#6835,.T.);
#4484=EDGE_CURVE('',#5589,#5588,#6836,.T.);
#4485=EDGE_CURVE('',#5586,#5589,#6837,.T.);
#4486=EDGE_CURVE('',#5588,#5590,#144,.T.);
#4487=EDGE_CURVE('',#5591,#5590,#6838,.T.);
#4488=EDGE_CURVE('',#5589,#5591,#145,.T.);
#4489=EDGE_CURVE('',#5590,#5592,#6839,.T.);
#4490=EDGE_CURVE('',#5593,#5592,#6840,.T.);
#4491=EDGE_CURVE('',#5591,#5593,#6841,.T.);
#4492=EDGE_CURVE('',#5592,#5587,#146,.T.);
#4493=EDGE_CURVE('',#5593,#5586,#147,.T.);
#4494=EDGE_CURVE('',#5594,#5595,#6842,.T.);
#4495=EDGE_CURVE('',#5595,#5596,#6843,.T.);
#4496=EDGE_CURVE('',#5597,#5596,#6844,.T.);
#4497=EDGE_CURVE('',#5594,#5597,#6845,.T.);
#4498=EDGE_CURVE('',#5596,#5598,#148,.T.);
#4499=EDGE_CURVE('',#5599,#5598,#6846,.T.);
#4500=EDGE_CURVE('',#5597,#5599,#149,.T.);
#4501=EDGE_CURVE('',#5598,#5600,#6847,.T.);
#4502=EDGE_CURVE('',#5601,#5600,#6848,.T.);
#4503=EDGE_CURVE('',#5599,#5601,#6849,.T.);
#4504=EDGE_CURVE('',#5600,#5595,#150,.T.);
#4505=EDGE_CURVE('',#5601,#5594,#151,.T.);
#4506=EDGE_CURVE('',#5602,#5603,#6850,.T.);
#4507=EDGE_CURVE('',#5603,#5604,#6851,.T.);
#4508=EDGE_CURVE('',#5605,#5604,#6852,.T.);
#4509=EDGE_CURVE('',#5602,#5605,#6853,.T.);
#4510=EDGE_CURVE('',#5604,#5606,#152,.T.);
#4511=EDGE_CURVE('',#5607,#5606,#6854,.T.);
#4512=EDGE_CURVE('',#5605,#5607,#153,.T.);
#4513=EDGE_CURVE('',#5606,#5608,#6855,.T.);
#4514=EDGE_CURVE('',#5609,#5608,#6856,.T.);
#4515=EDGE_CURVE('',#5607,#5609,#6857,.T.);
#4516=EDGE_CURVE('',#5608,#5603,#154,.T.);
#4517=EDGE_CURVE('',#5609,#5602,#155,.T.);
#4518=EDGE_CURVE('',#5610,#5611,#6858,.T.);
#4519=EDGE_CURVE('',#5611,#5612,#6859,.T.);
#4520=EDGE_CURVE('',#5613,#5612,#6860,.T.);
#4521=EDGE_CURVE('',#5610,#5613,#6861,.T.);
#4522=EDGE_CURVE('',#5612,#5614,#156,.T.);
#4523=EDGE_CURVE('',#5615,#5614,#6862,.T.);
#4524=EDGE_CURVE('',#5613,#5615,#157,.T.);
#4525=EDGE_CURVE('',#5614,#5616,#6863,.T.);
#4526=EDGE_CURVE('',#5617,#5616,#6864,.T.);
#4527=EDGE_CURVE('',#5615,#5617,#6865,.T.);
#4528=EDGE_CURVE('',#5616,#5611,#158,.T.);
#4529=EDGE_CURVE('',#5617,#5610,#159,.T.);
#4530=EDGE_CURVE('',#5618,#5619,#6866,.T.);
#4531=EDGE_CURVE('',#5619,#5620,#6867,.T.);
#4532=EDGE_CURVE('',#5621,#5620,#6868,.T.);
#4533=EDGE_CURVE('',#5618,#5621,#6869,.T.);
#4534=EDGE_CURVE('',#5620,#5622,#160,.T.);
#4535=EDGE_CURVE('',#5623,#5622,#6870,.T.);
#4536=EDGE_CURVE('',#5621,#5623,#161,.T.);
#4537=EDGE_CURVE('',#5622,#5624,#6871,.T.);
#4538=EDGE_CURVE('',#5625,#5624,#6872,.T.);
#4539=EDGE_CURVE('',#5623,#5625,#6873,.T.);
#4540=EDGE_CURVE('',#5624,#5619,#162,.T.);
#4541=EDGE_CURVE('',#5625,#5618,#163,.T.);
#4542=EDGE_CURVE('',#5626,#5627,#6874,.T.);
#4543=EDGE_CURVE('',#5627,#5628,#6875,.T.);
#4544=EDGE_CURVE('',#5629,#5628,#6876,.T.);
#4545=EDGE_CURVE('',#5626,#5629,#6877,.T.);
#4546=EDGE_CURVE('',#5628,#5630,#164,.T.);
#4547=EDGE_CURVE('',#5631,#5630,#6878,.T.);
#4548=EDGE_CURVE('',#5629,#5631,#165,.T.);
#4549=EDGE_CURVE('',#5630,#5632,#6879,.T.);
#4550=EDGE_CURVE('',#5633,#5632,#6880,.T.);
#4551=EDGE_CURVE('',#5631,#5633,#6881,.T.);
#4552=EDGE_CURVE('',#5632,#5627,#166,.T.);
#4553=EDGE_CURVE('',#5633,#5626,#167,.T.);
#4554=EDGE_CURVE('',#5634,#5635,#6882,.T.);
#4555=EDGE_CURVE('',#5635,#5636,#6883,.T.);
#4556=EDGE_CURVE('',#5637,#5636,#6884,.T.);
#4557=EDGE_CURVE('',#5634,#5637,#6885,.T.);
#4558=EDGE_CURVE('',#5636,#5638,#168,.T.);
#4559=EDGE_CURVE('',#5639,#5638,#6886,.T.);
#4560=EDGE_CURVE('',#5637,#5639,#169,.T.);
#4561=EDGE_CURVE('',#5638,#5640,#6887,.T.);
#4562=EDGE_CURVE('',#5641,#5640,#6888,.T.);
#4563=EDGE_CURVE('',#5639,#5641,#6889,.T.);
#4564=EDGE_CURVE('',#5640,#5635,#170,.T.);
#4565=EDGE_CURVE('',#5641,#5634,#171,.T.);
#4566=EDGE_CURVE('',#5642,#5643,#6890,.T.);
#4567=EDGE_CURVE('',#5643,#5644,#6891,.T.);
#4568=EDGE_CURVE('',#5645,#5644,#6892,.T.);
#4569=EDGE_CURVE('',#5642,#5645,#6893,.T.);
#4570=EDGE_CURVE('',#5644,#5646,#172,.T.);
#4571=EDGE_CURVE('',#5647,#5646,#6894,.T.);
#4572=EDGE_CURVE('',#5645,#5647,#173,.T.);
#4573=EDGE_CURVE('',#5646,#5648,#6895,.T.);
#4574=EDGE_CURVE('',#5649,#5648,#6896,.T.);
#4575=EDGE_CURVE('',#5647,#5649,#6897,.T.);
#4576=EDGE_CURVE('',#5648,#5643,#174,.T.);
#4577=EDGE_CURVE('',#5649,#5642,#175,.T.);
#4578=EDGE_CURVE('',#5650,#5651,#6898,.T.);
#4579=EDGE_CURVE('',#5651,#5652,#6899,.T.);
#4580=EDGE_CURVE('',#5653,#5652,#6900,.T.);
#4581=EDGE_CURVE('',#5650,#5653,#6901,.T.);
#4582=EDGE_CURVE('',#5652,#5654,#176,.T.);
#4583=EDGE_CURVE('',#5655,#5654,#6902,.T.);
#4584=EDGE_CURVE('',#5653,#5655,#177,.T.);
#4585=EDGE_CURVE('',#5654,#5656,#6903,.T.);
#4586=EDGE_CURVE('',#5657,#5656,#6904,.T.);
#4587=EDGE_CURVE('',#5655,#5657,#6905,.T.);
#4588=EDGE_CURVE('',#5656,#5651,#178,.T.);
#4589=EDGE_CURVE('',#5657,#5650,#179,.T.);
#4590=EDGE_CURVE('',#5658,#5659,#6906,.T.);
#4591=EDGE_CURVE('',#5659,#5660,#6907,.T.);
#4592=EDGE_CURVE('',#5661,#5660,#6908,.T.);
#4593=EDGE_CURVE('',#5658,#5661,#6909,.T.);
#4594=EDGE_CURVE('',#5660,#5662,#180,.T.);
#4595=EDGE_CURVE('',#5663,#5662,#6910,.T.);
#4596=EDGE_CURVE('',#5661,#5663,#181,.T.);
#4597=EDGE_CURVE('',#5662,#5664,#6911,.T.);
#4598=EDGE_CURVE('',#5665,#5664,#6912,.T.);
#4599=EDGE_CURVE('',#5663,#5665,#6913,.T.);
#4600=EDGE_CURVE('',#5664,#5659,#182,.T.);
#4601=EDGE_CURVE('',#5665,#5658,#183,.T.);
#4602=EDGE_CURVE('',#5666,#5667,#6914,.T.);
#4603=EDGE_CURVE('',#5667,#5668,#6915,.T.);
#4604=EDGE_CURVE('',#5669,#5668,#6916,.T.);
#4605=EDGE_CURVE('',#5666,#5669,#6917,.T.);
#4606=EDGE_CURVE('',#5668,#5670,#184,.T.);
#4607=EDGE_CURVE('',#5671,#5670,#6918,.T.);
#4608=EDGE_CURVE('',#5669,#5671,#185,.T.);
#4609=EDGE_CURVE('',#5670,#5672,#6919,.T.);
#4610=EDGE_CURVE('',#5673,#5672,#6920,.T.);
#4611=EDGE_CURVE('',#5671,#5673,#6921,.T.);
#4612=EDGE_CURVE('',#5672,#5667,#186,.T.);
#4613=EDGE_CURVE('',#5673,#5666,#187,.T.);
#4614=EDGE_CURVE('',#5674,#5675,#6922,.T.);
#4615=EDGE_CURVE('',#5675,#5676,#6923,.T.);
#4616=EDGE_CURVE('',#5677,#5676,#6924,.T.);
#4617=EDGE_CURVE('',#5674,#5677,#6925,.T.);
#4618=EDGE_CURVE('',#5676,#5678,#188,.T.);
#4619=EDGE_CURVE('',#5679,#5678,#6926,.T.);
#4620=EDGE_CURVE('',#5677,#5679,#189,.T.);
#4621=EDGE_CURVE('',#5678,#5680,#6927,.T.);
#4622=EDGE_CURVE('',#5681,#5680,#6928,.T.);
#4623=EDGE_CURVE('',#5679,#5681,#6929,.T.);
#4624=EDGE_CURVE('',#5680,#5675,#190,.T.);
#4625=EDGE_CURVE('',#5681,#5674,#191,.T.);
#4626=EDGE_CURVE('',#5682,#5683,#6930,.T.);
#4627=EDGE_CURVE('',#5683,#5684,#6931,.T.);
#4628=EDGE_CURVE('',#5685,#5684,#6932,.T.);
#4629=EDGE_CURVE('',#5682,#5685,#6933,.T.);
#4630=EDGE_CURVE('',#5684,#5686,#192,.T.);
#4631=EDGE_CURVE('',#5687,#5686,#6934,.T.);
#4632=EDGE_CURVE('',#5685,#5687,#193,.T.);
#4633=EDGE_CURVE('',#5686,#5688,#6935,.T.);
#4634=EDGE_CURVE('',#5689,#5688,#6936,.T.);
#4635=EDGE_CURVE('',#5687,#5689,#6937,.T.);
#4636=EDGE_CURVE('',#5688,#5683,#194,.T.);
#4637=EDGE_CURVE('',#5689,#5682,#195,.T.);
#4638=EDGE_CURVE('',#5690,#5691,#6938,.T.);
#4639=EDGE_CURVE('',#5691,#5692,#196,.T.);
#4640=EDGE_CURVE('',#5692,#5693,#6939,.F.);
#4641=EDGE_CURVE('',#5693,#5690,#197,.T.);
#4642=EDGE_CURVE('',#5694,#5695,#6940,.T.);
#4643=EDGE_CURVE('',#5695,#5696,#198,.T.);
#4644=EDGE_CURVE('',#5696,#5697,#6941,.F.);
#4645=EDGE_CURVE('',#5697,#5694,#199,.T.);
#4646=EDGE_CURVE('',#5698,#5699,#6942,.T.);
#4647=EDGE_CURVE('',#5700,#5698,#200,.F.);
#4648=EDGE_CURVE('',#5701,#5700,#6943,.F.);
#4649=EDGE_CURVE('',#5699,#5701,#201,.F.);
#4650=EDGE_CURVE('',#5702,#5703,#6944,.T.);
#4651=EDGE_CURVE('',#5704,#5702,#202,.F.);
#4652=EDGE_CURVE('',#5705,#5704,#6945,.F.);
#4653=EDGE_CURVE('',#5703,#5705,#203,.T.);
#4654=EDGE_CURVE('',#5706,#5707,#6946,.T.);
#4655=EDGE_CURVE('',#5708,#5706,#6947,.T.);
#4656=EDGE_CURVE('',#5709,#5708,#6948,.T.);
#4657=EDGE_CURVE('',#5710,#5709,#6949,.T.);
#4658=EDGE_CURVE('',#5711,#5710,#6950,.T.);
#4659=EDGE_CURVE('',#5707,#5711,#6951,.T.);
#4660=EDGE_CURVE('',#5712,#5713,#6952,.T.);
#4661=EDGE_CURVE('',#5714,#5712,#6953,.T.);
#4662=EDGE_CURVE('',#5715,#5714,#6954,.T.);
#4663=EDGE_CURVE('',#5716,#5715,#6955,.T.);
#4664=EDGE_CURVE('',#5717,#5716,#6956,.T.);
#4665=EDGE_CURVE('',#5713,#5717,#6957,.T.);
#4666=EDGE_CURVE('',#5718,#5719,#6958,.T.);
#4667=EDGE_CURVE('',#5720,#5718,#204,.T.);
#4668=EDGE_CURVE('',#5721,#5720,#6959,.T.);
#4669=EDGE_CURVE('',#5719,#5721,#205,.T.);
#4670=EDGE_CURVE('',#5722,#5723,#6960,.T.);
#4671=EDGE_CURVE('',#5724,#5722,#206,.T.);
#4672=EDGE_CURVE('',#5725,#5724,#6961,.T.);
#4673=EDGE_CURVE('',#5723,#5725,#207,.T.);
#4674=EDGE_CURVE('',#5692,#5726,#6962,.T.);
#4675=EDGE_CURVE('',#5726,#5727,#6963,.T.);
#4676=EDGE_CURVE('',#5727,#5728,#6964,.T.);
#4677=EDGE_CURVE('',#5729,#5728,#6965,.F.);
#4678=EDGE_CURVE('',#5705,#5729,#6966,.T.);
#4679=EDGE_CURVE('',#5704,#5730,#6967,.T.);
#4680=EDGE_CURVE('',#5730,#5731,#6968,.T.);
#4681=EDGE_CURVE('',#5731,#5701,#6969,.T.);
#4682=EDGE_CURVE('',#5700,#5732,#6970,.T.);
#4683=EDGE_CURVE('',#5732,#5733,#6971,.T.);
#4684=EDGE_CURVE('',#5733,#5734,#6972,.T.);
#4685=EDGE_CURVE('',#5734,#5735,#6973,.F.);
#4686=EDGE_CURVE('',#5735,#5736,#6974,.T.);
#4687=EDGE_CURVE('',#5736,#5737,#6975,.T.);
#4688=EDGE_CURVE('',#5737,#5738,#6976,.T.);
#4689=EDGE_CURVE('',#5738,#5739,#6977,.T.);
#4690=EDGE_CURVE('',#5739,#5740,#6978,.T.);
#4691=EDGE_CURVE('',#5740,#5741,#6979,.T.);
#4692=EDGE_CURVE('',#5741,#5742,#6980,.T.);
#4693=EDGE_CURVE('',#5742,#5743,#6981,.T.);
#4694=EDGE_CURVE('',#5743,#5697,#6982,.T.);
#4695=EDGE_CURVE('',#5696,#5744,#6983,.T.);
#4696=EDGE_CURVE('',#5744,#5745,#6984,.T.);
#4697=EDGE_CURVE('',#5745,#5693,#6985,.T.);
#4698=EDGE_CURVE('',#5746,#5747,#6986,.T.);
#4699=EDGE_CURVE('',#5747,#5748,#6987,.T.);
#4700=EDGE_CURVE('',#5748,#5749,#6988,.T.);
#4701=EDGE_CURVE('',#5749,#5750,#6989,.T.);
#4702=EDGE_CURVE('',#5750,#5751,#6990,.T.);
#4703=EDGE_CURVE('',#5751,#5746,#6991,.T.);
#4704=EDGE_CURVE('',#5752,#5753,#6992,.T.);
#4705=EDGE_CURVE('',#5753,#5754,#6993,.T.);
#4706=EDGE_CURVE('',#5754,#5755,#6994,.T.);
#4707=EDGE_CURVE('',#5755,#5756,#6995,.T.);
#4708=EDGE_CURVE('',#5756,#5757,#6996,.T.);
#4709=EDGE_CURVE('',#5757,#5752,#6997,.T.);
#4710=EDGE_CURVE('',#5758,#5759,#6998,.T.);
#4711=EDGE_CURVE('',#5759,#5760,#208,.T.);
#4712=EDGE_CURVE('',#5760,#5761,#6999,.T.);
#4713=EDGE_CURVE('',#5761,#5758,#209,.T.);
#4714=EDGE_CURVE('',#5762,#5763,#7000,.T.);
#4715=EDGE_CURVE('',#5763,#5764,#210,.T.);
#4716=EDGE_CURVE('',#5764,#5765,#7001,.T.);
#4717=EDGE_CURVE('',#5765,#5762,#211,.T.);
#4718=EDGE_CURVE('',#5766,#5767,#7002,.T.);
#4719=EDGE_CURVE('',#5767,#5691,#7003,.T.);
#4720=EDGE_CURVE('',#5690,#5768,#7004,.T.);
#4721=EDGE_CURVE('',#5768,#5769,#7005,.T.);
#4722=EDGE_CURVE('',#5769,#5695,#7006,.T.);
#4723=EDGE_CURVE('',#5694,#5770,#7007,.T.);
#4724=EDGE_CURVE('',#5770,#5771,#7008,.T.);
#4725=EDGE_CURVE('',#5772,#5771,#7009,.T.);
#4726=EDGE_CURVE('',#5772,#5773,#7010,.T.);
#4727=EDGE_CURVE('',#5773,#5774,#7011,.T.);
#4728=EDGE_CURVE('',#5774,#5775,#7012,.T.);
#4729=EDGE_CURVE('',#5776,#5775,#7013,.T.);
#4730=EDGE_CURVE('',#5776,#5777,#7014,.T.);
#4731=EDGE_CURVE('',#5777,#5778,#7015,.T.);
#4732=EDGE_CURVE('',#5778,#5779,#7016,.T.);
#4733=EDGE_CURVE('',#5779,#5780,#7017,.T.);
#4734=EDGE_CURVE('',#5780,#5781,#7018,.T.);
#4735=EDGE_CURVE('',#5781,#5698,#7019,.T.);
#4736=EDGE_CURVE('',#5699,#5782,#7020,.T.);
#4737=EDGE_CURVE('',#5782,#5783,#7021,.T.);
#4738=EDGE_CURVE('',#5783,#5702,#7022,.T.);
#4739=EDGE_CURVE('',#5703,#5784,#7023,.T.);
#4740=EDGE_CURVE('',#5785,#5784,#7024,.T.);
#4741=EDGE_CURVE('',#5785,#5766,#7025,.T.);
#4742=EDGE_CURVE('',#5786,#5787,#7026,.T.);
#4743=EDGE_CURVE('',#5786,#5788,#212,.F.);
#4744=EDGE_CURVE('',#5788,#5789,#7027,.T.);
#4745=EDGE_CURVE('',#5789,#5787,#213,.F.);
#4746=EDGE_CURVE('',#5790,#5791,#7028,.T.);
#4747=EDGE_CURVE('',#5790,#5786,#7029,.T.);
#4748=EDGE_CURVE('',#5787,#5791,#7030,.T.);
#4749=EDGE_CURVE('',#5737,#5790,#214,.T.);
#4750=EDGE_CURVE('',#5791,#5738,#215,.T.);
#4751=EDGE_CURVE('',#5792,#5776,#216,.T.);
#4752=EDGE_CURVE('',#5775,#5793,#217,.T.);
#4753=EDGE_CURVE('',#5792,#5793,#7031,.T.);
#4754=EDGE_CURVE('',#5788,#5792,#7032,.T.);
#4755=EDGE_CURVE('',#5793,#5789,#7033,.T.);
#4756=EDGE_CURVE('',#5794,#5795,#7034,.T.);
#4757=EDGE_CURVE('',#5794,#5796,#218,.F.);
#4758=EDGE_CURVE('',#5796,#5797,#7035,.T.);
#4759=EDGE_CURVE('',#5797,#5795,#219,.F.);
#4760=EDGE_CURVE('',#5798,#5799,#7036,.T.);
#4761=EDGE_CURVE('',#5798,#5794,#7037,.T.);
#4762=EDGE_CURVE('',#5795,#5799,#7038,.T.);
#4763=EDGE_CURVE('',#5741,#5798,#220,.T.);
#4764=EDGE_CURVE('',#5799,#5742,#221,.T.);
#4765=EDGE_CURVE('',#5800,#5800,#222,.T.);
#4766=EDGE_CURVE('',#5801,#5801,#223,.T.);
#4767=EDGE_CURVE('',#5784,#5729,#224,.T.);
#4768=EDGE_CURVE('',#5802,#5772,#225,.T.);
#4769=EDGE_CURVE('',#5771,#5803,#226,.T.);
#4770=EDGE_CURVE('',#5802,#5803,#7039,.T.);
#4771=EDGE_CURVE('',#5796,#5802,#7040,.T.);
#4772=EDGE_CURVE('',#5803,#5797,#7041,.T.);
#4773=EDGE_CURVE('',#5770,#5743,#7042,.T.);
#4774=EDGE_CURVE('',#5777,#5736,#7043,.T.);
#4775=EDGE_CURVE('',#5735,#5778,#227,.F.);
#4776=EDGE_CURVE('',#5774,#5739,#7044,.T.);
#4777=EDGE_CURVE('',#5773,#5740,#7045,.T.);
#4778=EDGE_CURVE('',#5728,#5785,#228,.T.);
#4779=EDGE_CURVE('',#5779,#5734,#229,.F.);
#4780=EDGE_CURVE('',#5783,#5730,#7046,.T.);
#4781=EDGE_CURVE('',#5782,#5731,#7047,.T.);
#4782=EDGE_CURVE('',#5804,#5804,#230,.T.);
#4783=EDGE_CURVE('',#5805,#5805,#231,.T.);
#4784=EDGE_CURVE('',#5781,#5732,#7048,.T.);
#4785=EDGE_CURVE('',#5780,#5733,#7049,.T.);
#4786=EDGE_CURVE('',#5806,#5806,#232,.T.);
#4787=EDGE_CURVE('',#5807,#5807,#233,.F.);
#4788=EDGE_CURVE('',#5769,#5744,#7050,.T.);
#4789=EDGE_CURVE('',#5768,#5745,#7051,.T.);
#4790=EDGE_CURVE('',#5808,#5808,#234,.F.);
#4791=EDGE_CURVE('',#5809,#5809,#235,.F.);
#4792=EDGE_CURVE('',#5767,#5726,#7052,.T.);
#4793=EDGE_CURVE('',#5766,#5727,#7053,.T.);
#4794=EDGE_CURVE('',#5810,#5810,#236,.F.);
#4795=EDGE_CURVE('',#5811,#5811,#237,.F.);
#4796=EDGE_CURVE('',#5763,#5724,#7054,.T.);
#4797=EDGE_CURVE('',#5764,#5722,#7055,.T.);
#4798=EDGE_CURVE('',#5762,#5725,#7056,.T.);
#4799=EDGE_CURVE('',#5765,#5723,#7057,.T.);
#4800=EDGE_CURVE('',#5759,#5720,#7058,.T.);
#4801=EDGE_CURVE('',#5760,#5718,#7059,.T.);
#4802=EDGE_CURVE('',#5758,#5721,#7060,.T.);
#4803=EDGE_CURVE('',#5761,#5719,#7061,.T.);
#4804=EDGE_CURVE('',#5753,#5714,#7062,.T.);
#4805=EDGE_CURVE('',#5754,#5712,#7063,.T.);
#4806=EDGE_CURVE('',#5752,#5715,#7064,.T.);
#4807=EDGE_CURVE('',#5757,#5716,#7065,.T.);
#4808=EDGE_CURVE('',#5756,#5717,#7066,.T.);
#4809=EDGE_CURVE('',#5755,#5713,#7067,.T.);
#4810=EDGE_CURVE('',#5747,#5708,#7068,.T.);
#4811=EDGE_CURVE('',#5748,#5706,#7069,.T.);
#4812=EDGE_CURVE('',#5746,#5709,#7070,.T.);
#4813=EDGE_CURVE('',#5751,#5710,#7071,.T.);
#4814=EDGE_CURVE('',#5750,#5711,#7072,.T.);
#4815=EDGE_CURVE('',#5749,#5707,#7073,.T.);
#4816=EDGE_CURVE('',#5812,#5812,#238,.T.);
#4817=EDGE_CURVE('',#5813,#5813,#239,.T.);
#4818=VERTEX_POINT('',#14088);
#4819=VERTEX_POINT('',#14089);
#4820=VERTEX_POINT('',#14091);
#4821=VERTEX_POINT('',#14093);
#4822=VERTEX_POINT('',#14097);
#4823=VERTEX_POINT('',#14099);
#4824=VERTEX_POINT('',#14103);
#4825=VERTEX_POINT('',#14105);
#4826=VERTEX_POINT('',#14109);
#4827=VERTEX_POINT('',#14111);
#4828=VERTEX_POINT('',#14115);
#4829=VERTEX_POINT('',#14117);
#4830=VERTEX_POINT('',#14124);
#4831=VERTEX_POINT('',#14125);
#4832=VERTEX_POINT('',#14127);
#4833=VERTEX_POINT('',#14129);
#4834=VERTEX_POINT('',#14133);
#4835=VERTEX_POINT('',#14135);
#4836=VERTEX_POINT('',#14139);
#4837=VERTEX_POINT('',#14141);
#4838=VERTEX_POINT('',#14145);
#4839=VERTEX_POINT('',#14147);
#4840=VERTEX_POINT('',#14151);
#4841=VERTEX_POINT('',#14153);
#4842=VERTEX_POINT('',#14160);
#4843=VERTEX_POINT('',#14161);
#4844=VERTEX_POINT('',#14163);
#4845=VERTEX_POINT('',#14165);
#4846=VERTEX_POINT('',#14169);
#4847=VERTEX_POINT('',#14171);
#4848=VERTEX_POINT('',#14175);
#4849=VERTEX_POINT('',#14177);
#4850=VERTEX_POINT('',#14181);
#4851=VERTEX_POINT('',#14183);
#4852=VERTEX_POINT('',#14187);
#4853=VERTEX_POINT('',#14189);
#4854=VERTEX_POINT('',#14196);
#4855=VERTEX_POINT('',#14197);
#4856=VERTEX_POINT('',#14199);
#4857=VERTEX_POINT('',#14201);
#4858=VERTEX_POINT('',#14205);
#4859=VERTEX_POINT('',#14207);
#4860=VERTEX_POINT('',#14211);
#4861=VERTEX_POINT('',#14213);
#4862=VERTEX_POINT('',#14217);
#4863=VERTEX_POINT('',#14219);
#4864=VERTEX_POINT('',#14223);
#4865=VERTEX_POINT('',#14225);
#4866=VERTEX_POINT('',#14232);
#4867=VERTEX_POINT('',#14233);
#4868=VERTEX_POINT('',#14235);
#4869=VERTEX_POINT('',#14237);
#4870=VERTEX_POINT('',#14241);
#4871=VERTEX_POINT('',#14243);
#4872=VERTEX_POINT('',#14247);
#4873=VERTEX_POINT('',#14249);
#4874=VERTEX_POINT('',#14253);
#4875=VERTEX_POINT('',#14255);
#4876=VERTEX_POINT('',#14259);
#4877=VERTEX_POINT('',#14261);
#4878=VERTEX_POINT('',#14268);
#4879=VERTEX_POINT('',#14269);
#4880=VERTEX_POINT('',#14271);
#4881=VERTEX_POINT('',#14273);
#4882=VERTEX_POINT('',#14277);
#4883=VERTEX_POINT('',#14279);
#4884=VERTEX_POINT('',#14283);
#4885=VERTEX_POINT('',#14285);
#4886=VERTEX_POINT('',#14289);
#4887=VERTEX_POINT('',#14291);
#4888=VERTEX_POINT('',#14295);
#4889=VERTEX_POINT('',#14297);
#4890=VERTEX_POINT('',#14304);
#4891=VERTEX_POINT('',#14305);
#4892=VERTEX_POINT('',#14307);
#4893=VERTEX_POINT('',#14309);
#4894=VERTEX_POINT('',#14313);
#4895=VERTEX_POINT('',#14315);
#4896=VERTEX_POINT('',#14319);
#4897=VERTEX_POINT('',#14321);
#4898=VERTEX_POINT('',#14325);
#4899=VERTEX_POINT('',#14327);
#4900=VERTEX_POINT('',#14331);
#4901=VERTEX_POINT('',#14333);
#4902=VERTEX_POINT('',#14340);
#4903=VERTEX_POINT('',#14341);
#4904=VERTEX_POINT('',#14343);
#4905=VERTEX_POINT('',#14345);
#4906=VERTEX_POINT('',#14349);
#4907=VERTEX_POINT('',#14351);
#4908=VERTEX_POINT('',#14355);
#4909=VERTEX_POINT('',#14357);
#4910=VERTEX_POINT('',#14361);
#4911=VERTEX_POINT('',#14363);
#4912=VERTEX_POINT('',#14367);
#4913=VERTEX_POINT('',#14369);
#4914=VERTEX_POINT('',#14376);
#4915=VERTEX_POINT('',#14377);
#4916=VERTEX_POINT('',#14379);
#4917=VERTEX_POINT('',#14381);
#4918=VERTEX_POINT('',#14385);
#4919=VERTEX_POINT('',#14387);
#4920=VERTEX_POINT('',#14391);
#4921=VERTEX_POINT('',#14393);
#4922=VERTEX_POINT('',#14397);
#4923=VERTEX_POINT('',#14399);
#4924=VERTEX_POINT('',#14403);
#4925=VERTEX_POINT('',#14405);
#4926=VERTEX_POINT('',#14412);
#4927=VERTEX_POINT('',#14413);
#4928=VERTEX_POINT('',#14415);
#4929=VERTEX_POINT('',#14417);
#4930=VERTEX_POINT('',#14421);
#4931=VERTEX_POINT('',#14423);
#4932=VERTEX_POINT('',#14427);
#4933=VERTEX_POINT('',#14429);
#4934=VERTEX_POINT('',#14433);
#4935=VERTEX_POINT('',#14435);
#4936=VERTEX_POINT('',#14439);
#4937=VERTEX_POINT('',#14441);
#4938=VERTEX_POINT('',#14448);
#4939=VERTEX_POINT('',#14449);
#4940=VERTEX_POINT('',#14451);
#4941=VERTEX_POINT('',#14453);
#4942=VERTEX_POINT('',#14457);
#4943=VERTEX_POINT('',#14459);
#4944=VERTEX_POINT('',#14463);
#4945=VERTEX_POINT('',#14465);
#4946=VERTEX_POINT('',#14469);
#4947=VERTEX_POINT('',#14471);
#4948=VERTEX_POINT('',#14475);
#4949=VERTEX_POINT('',#14477);
#4950=VERTEX_POINT('',#14484);
#4951=VERTEX_POINT('',#14485);
#4952=VERTEX_POINT('',#14487);
#4953=VERTEX_POINT('',#14489);
#4954=VERTEX_POINT('',#14493);
#4955=VERTEX_POINT('',#14495);
#4956=VERTEX_POINT('',#14499);
#4957=VERTEX_POINT('',#14501);
#4958=VERTEX_POINT('',#14505);
#4959=VERTEX_POINT('',#14507);
#4960=VERTEX_POINT('',#14511);
#4961=VERTEX_POINT('',#14513);
#4962=VERTEX_POINT('',#14520);
#4963=VERTEX_POINT('',#14521);
#4964=VERTEX_POINT('',#14523);
#4965=VERTEX_POINT('',#14525);
#4966=VERTEX_POINT('',#14529);
#4967=VERTEX_POINT('',#14531);
#4968=VERTEX_POINT('',#14535);
#4969=VERTEX_POINT('',#14537);
#4970=VERTEX_POINT('',#14541);
#4971=VERTEX_POINT('',#14543);
#4972=VERTEX_POINT('',#14547);
#4973=VERTEX_POINT('',#14549);
#4974=VERTEX_POINT('',#14556);
#4975=VERTEX_POINT('',#14557);
#4976=VERTEX_POINT('',#14559);
#4977=VERTEX_POINT('',#14561);
#4978=VERTEX_POINT('',#14565);
#4979=VERTEX_POINT('',#14567);
#4980=VERTEX_POINT('',#14571);
#4981=VERTEX_POINT('',#14573);
#4982=VERTEX_POINT('',#14577);
#4983=VERTEX_POINT('',#14579);
#4984=VERTEX_POINT('',#14583);
#4985=VERTEX_POINT('',#14585);
#4986=VERTEX_POINT('',#14592);
#4987=VERTEX_POINT('',#14593);
#4988=VERTEX_POINT('',#14595);
#4989=VERTEX_POINT('',#14597);
#4990=VERTEX_POINT('',#14601);
#4991=VERTEX_POINT('',#14603);
#4992=VERTEX_POINT('',#14607);
#4993=VERTEX_POINT('',#14609);
#4994=VERTEX_POINT('',#14613);
#4995=VERTEX_POINT('',#14615);
#4996=VERTEX_POINT('',#14619);
#4997=VERTEX_POINT('',#14621);
#4998=VERTEX_POINT('',#14628);
#4999=VERTEX_POINT('',#14629);
#5000=VERTEX_POINT('',#14631);
#5001=VERTEX_POINT('',#14633);
#5002=VERTEX_POINT('',#14637);
#5003=VERTEX_POINT('',#14639);
#5004=VERTEX_POINT('',#14643);
#5005=VERTEX_POINT('',#14645);
#5006=VERTEX_POINT('',#14649);
#5007=VERTEX_POINT('',#14651);
#5008=VERTEX_POINT('',#14655);
#5009=VERTEX_POINT('',#14657);
#5010=VERTEX_POINT('',#14664);
#5011=VERTEX_POINT('',#14665);
#5012=VERTEX_POINT('',#14667);
#5013=VERTEX_POINT('',#14669);
#5014=VERTEX_POINT('',#14673);
#5015=VERTEX_POINT('',#14675);
#5016=VERTEX_POINT('',#14679);
#5017=VERTEX_POINT('',#14681);
#5018=VERTEX_POINT('',#14685);
#5019=VERTEX_POINT('',#14687);
#5020=VERTEX_POINT('',#14691);
#5021=VERTEX_POINT('',#14693);
#5022=VERTEX_POINT('',#14700);
#5023=VERTEX_POINT('',#14701);
#5024=VERTEX_POINT('',#14703);
#5025=VERTEX_POINT('',#14705);
#5026=VERTEX_POINT('',#14709);
#5027=VERTEX_POINT('',#14711);
#5028=VERTEX_POINT('',#14715);
#5029=VERTEX_POINT('',#14717);
#5030=VERTEX_POINT('',#14721);
#5031=VERTEX_POINT('',#14723);
#5032=VERTEX_POINT('',#14727);
#5033=VERTEX_POINT('',#14729);
#5034=VERTEX_POINT('',#14736);
#5035=VERTEX_POINT('',#14737);
#5036=VERTEX_POINT('',#14739);
#5037=VERTEX_POINT('',#14741);
#5038=VERTEX_POINT('',#14745);
#5039=VERTEX_POINT('',#14747);
#5040=VERTEX_POINT('',#14751);
#5041=VERTEX_POINT('',#14753);
#5042=VERTEX_POINT('',#14757);
#5043=VERTEX_POINT('',#14759);
#5044=VERTEX_POINT('',#14763);
#5045=VERTEX_POINT('',#14765);
#5046=VERTEX_POINT('',#14772);
#5047=VERTEX_POINT('',#14773);
#5048=VERTEX_POINT('',#14775);
#5049=VERTEX_POINT('',#14777);
#5050=VERTEX_POINT('',#14781);
#5051=VERTEX_POINT('',#14783);
#5052=VERTEX_POINT('',#14787);
#5053=VERTEX_POINT('',#14789);
#5054=VERTEX_POINT('',#14793);
#5055=VERTEX_POINT('',#14795);
#5056=VERTEX_POINT('',#14799);
#5057=VERTEX_POINT('',#14801);
#5058=VERTEX_POINT('',#14808);
#5059=VERTEX_POINT('',#14809);
#5060=VERTEX_POINT('',#14811);
#5061=VERTEX_POINT('',#14813);
#5062=VERTEX_POINT('',#14817);
#5063=VERTEX_POINT('',#14819);
#5064=VERTEX_POINT('',#14823);
#5065=VERTEX_POINT('',#14825);
#5066=VERTEX_POINT('',#14829);
#5067=VERTEX_POINT('',#14831);
#5068=VERTEX_POINT('',#14835);
#5069=VERTEX_POINT('',#14837);
#5070=VERTEX_POINT('',#14844);
#5071=VERTEX_POINT('',#14845);
#5072=VERTEX_POINT('',#14847);
#5073=VERTEX_POINT('',#14849);
#5074=VERTEX_POINT('',#14853);
#5075=VERTEX_POINT('',#14855);
#5076=VERTEX_POINT('',#14859);
#5077=VERTEX_POINT('',#14861);
#5078=VERTEX_POINT('',#14865);
#5079=VERTEX_POINT('',#14867);
#5080=VERTEX_POINT('',#14871);
#5081=VERTEX_POINT('',#14873);
#5082=VERTEX_POINT('',#14880);
#5083=VERTEX_POINT('',#14881);
#5084=VERTEX_POINT('',#14883);
#5085=VERTEX_POINT('',#14885);
#5086=VERTEX_POINT('',#14889);
#5087=VERTEX_POINT('',#14891);
#5088=VERTEX_POINT('',#14895);
#5089=VERTEX_POINT('',#14897);
#5090=VERTEX_POINT('',#14901);
#5091=VERTEX_POINT('',#14903);
#5092=VERTEX_POINT('',#14907);
#5093=VERTEX_POINT('',#14909);
#5094=VERTEX_POINT('',#14916);
#5095=VERTEX_POINT('',#14917);
#5096=VERTEX_POINT('',#14919);
#5097=VERTEX_POINT('',#14921);
#5098=VERTEX_POINT('',#14925);
#5099=VERTEX_POINT('',#14927);
#5100=VERTEX_POINT('',#14931);
#5101=VERTEX_POINT('',#14933);
#5102=VERTEX_POINT('',#14937);
#5103=VERTEX_POINT('',#14939);
#5104=VERTEX_POINT('',#14943);
#5105=VERTEX_POINT('',#14945);
#5106=VERTEX_POINT('',#14952);
#5107=VERTEX_POINT('',#14953);
#5108=VERTEX_POINT('',#14955);
#5109=VERTEX_POINT('',#14957);
#5110=VERTEX_POINT('',#14961);
#5111=VERTEX_POINT('',#14963);
#5112=VERTEX_POINT('',#14967);
#5113=VERTEX_POINT('',#14969);
#5114=VERTEX_POINT('',#14973);
#5115=VERTEX_POINT('',#14975);
#5116=VERTEX_POINT('',#14979);
#5117=VERTEX_POINT('',#14981);
#5118=VERTEX_POINT('',#14988);
#5119=VERTEX_POINT('',#14989);
#5120=VERTEX_POINT('',#14991);
#5121=VERTEX_POINT('',#14993);
#5122=VERTEX_POINT('',#14997);
#5123=VERTEX_POINT('',#14999);
#5124=VERTEX_POINT('',#15003);
#5125=VERTEX_POINT('',#15005);
#5126=VERTEX_POINT('',#15009);
#5127=VERTEX_POINT('',#15011);
#5128=VERTEX_POINT('',#15015);
#5129=VERTEX_POINT('',#15017);
#5130=VERTEX_POINT('',#15024);
#5131=VERTEX_POINT('',#15025);
#5132=VERTEX_POINT('',#15027);
#5133=VERTEX_POINT('',#15029);
#5134=VERTEX_POINT('',#15033);
#5135=VERTEX_POINT('',#15035);
#5136=VERTEX_POINT('',#15039);
#5137=VERTEX_POINT('',#15041);
#5138=VERTEX_POINT('',#15045);
#5139=VERTEX_POINT('',#15047);
#5140=VERTEX_POINT('',#15051);
#5141=VERTEX_POINT('',#15053);
#5142=VERTEX_POINT('',#15060);
#5143=VERTEX_POINT('',#15061);
#5144=VERTEX_POINT('',#15063);
#5145=VERTEX_POINT('',#15065);
#5146=VERTEX_POINT('',#15069);
#5147=VERTEX_POINT('',#15071);
#5148=VERTEX_POINT('',#15075);
#5149=VERTEX_POINT('',#15077);
#5150=VERTEX_POINT('',#15081);
#5151=VERTEX_POINT('',#15083);
#5152=VERTEX_POINT('',#15087);
#5153=VERTEX_POINT('',#15089);
#5154=VERTEX_POINT('',#15096);
#5155=VERTEX_POINT('',#15097);
#5156=VERTEX_POINT('',#15099);
#5157=VERTEX_POINT('',#15101);
#5158=VERTEX_POINT('',#15105);
#5159=VERTEX_POINT('',#15107);
#5160=VERTEX_POINT('',#15111);
#5161=VERTEX_POINT('',#15113);
#5162=VERTEX_POINT('',#15117);
#5163=VERTEX_POINT('',#15119);
#5164=VERTEX_POINT('',#15123);
#5165=VERTEX_POINT('',#15125);
#5166=VERTEX_POINT('',#15132);
#5167=VERTEX_POINT('',#15133);
#5168=VERTEX_POINT('',#15135);
#5169=VERTEX_POINT('',#15137);
#5170=VERTEX_POINT('',#15141);
#5171=VERTEX_POINT('',#15143);
#5172=VERTEX_POINT('',#15147);
#5173=VERTEX_POINT('',#15149);
#5174=VERTEX_POINT('',#15153);
#5175=VERTEX_POINT('',#15155);
#5176=VERTEX_POINT('',#15159);
#5177=VERTEX_POINT('',#15161);
#5178=VERTEX_POINT('',#15168);
#5179=VERTEX_POINT('',#15169);
#5180=VERTEX_POINT('',#15171);
#5181=VERTEX_POINT('',#15173);
#5182=VERTEX_POINT('',#15177);
#5183=VERTEX_POINT('',#15179);
#5184=VERTEX_POINT('',#15183);
#5185=VERTEX_POINT('',#15185);
#5186=VERTEX_POINT('',#15189);
#5187=VERTEX_POINT('',#15191);
#5188=VERTEX_POINT('',#15195);
#5189=VERTEX_POINT('',#15197);
#5190=VERTEX_POINT('',#15204);
#5191=VERTEX_POINT('',#15205);
#5192=VERTEX_POINT('',#15207);
#5193=VERTEX_POINT('',#15209);
#5194=VERTEX_POINT('',#15213);
#5195=VERTEX_POINT('',#15215);
#5196=VERTEX_POINT('',#15219);
#5197=VERTEX_POINT('',#15221);
#5198=VERTEX_POINT('',#15225);
#5199=VERTEX_POINT('',#15227);
#5200=VERTEX_POINT('',#15231);
#5201=VERTEX_POINT('',#15233);
#5202=VERTEX_POINT('',#15240);
#5203=VERTEX_POINT('',#15241);
#5204=VERTEX_POINT('',#15243);
#5205=VERTEX_POINT('',#15245);
#5206=VERTEX_POINT('',#15249);
#5207=VERTEX_POINT('',#15251);
#5208=VERTEX_POINT('',#15255);
#5209=VERTEX_POINT('',#15257);
#5210=VERTEX_POINT('',#15261);
#5211=VERTEX_POINT('',#15263);
#5212=VERTEX_POINT('',#15267);
#5213=VERTEX_POINT('',#15269);
#5214=VERTEX_POINT('',#15276);
#5215=VERTEX_POINT('',#15277);
#5216=VERTEX_POINT('',#15279);
#5217=VERTEX_POINT('',#15281);
#5218=VERTEX_POINT('',#15285);
#5219=VERTEX_POINT('',#15287);
#5220=VERTEX_POINT('',#15291);
#5221=VERTEX_POINT('',#15293);
#5222=VERTEX_POINT('',#15297);
#5223=VERTEX_POINT('',#15299);
#5224=VERTEX_POINT('',#15303);
#5225=VERTEX_POINT('',#15305);
#5226=VERTEX_POINT('',#15312);
#5227=VERTEX_POINT('',#15313);
#5228=VERTEX_POINT('',#15315);
#5229=VERTEX_POINT('',#15317);
#5230=VERTEX_POINT('',#15321);
#5231=VERTEX_POINT('',#15323);
#5232=VERTEX_POINT('',#15327);
#5233=VERTEX_POINT('',#15329);
#5234=VERTEX_POINT('',#15333);
#5235=VERTEX_POINT('',#15335);
#5236=VERTEX_POINT('',#15339);
#5237=VERTEX_POINT('',#15341);
#5238=VERTEX_POINT('',#15348);
#5239=VERTEX_POINT('',#15349);
#5240=VERTEX_POINT('',#15351);
#5241=VERTEX_POINT('',#15353);
#5242=VERTEX_POINT('',#15357);
#5243=VERTEX_POINT('',#15359);
#5244=VERTEX_POINT('',#15363);
#5245=VERTEX_POINT('',#15365);
#5246=VERTEX_POINT('',#15369);
#5247=VERTEX_POINT('',#15371);
#5248=VERTEX_POINT('',#15375);
#5249=VERTEX_POINT('',#15377);
#5250=VERTEX_POINT('',#15384);
#5251=VERTEX_POINT('',#15385);
#5252=VERTEX_POINT('',#15387);
#5253=VERTEX_POINT('',#15389);
#5254=VERTEX_POINT('',#15393);
#5255=VERTEX_POINT('',#15395);
#5256=VERTEX_POINT('',#15399);
#5257=VERTEX_POINT('',#15401);
#5258=VERTEX_POINT('',#15405);
#5259=VERTEX_POINT('',#15407);
#5260=VERTEX_POINT('',#15411);
#5261=VERTEX_POINT('',#15413);
#5262=VERTEX_POINT('',#15420);
#5263=VERTEX_POINT('',#15421);
#5264=VERTEX_POINT('',#15423);
#5265=VERTEX_POINT('',#15425);
#5266=VERTEX_POINT('',#15429);
#5267=VERTEX_POINT('',#15431);
#5268=VERTEX_POINT('',#15435);
#5269=VERTEX_POINT('',#15437);
#5270=VERTEX_POINT('',#15441);
#5271=VERTEX_POINT('',#15443);
#5272=VERTEX_POINT('',#15447);
#5273=VERTEX_POINT('',#15449);
#5274=VERTEX_POINT('',#15456);
#5275=VERTEX_POINT('',#15457);
#5276=VERTEX_POINT('',#15459);
#5277=VERTEX_POINT('',#15461);
#5278=VERTEX_POINT('',#15465);
#5279=VERTEX_POINT('',#15467);
#5280=VERTEX_POINT('',#15471);
#5281=VERTEX_POINT('',#15473);
#5282=VERTEX_POINT('',#15477);
#5283=VERTEX_POINT('',#15479);
#5284=VERTEX_POINT('',#15483);
#5285=VERTEX_POINT('',#15485);
#5286=VERTEX_POINT('',#15492);
#5287=VERTEX_POINT('',#15493);
#5288=VERTEX_POINT('',#15495);
#5289=VERTEX_POINT('',#15497);
#5290=VERTEX_POINT('',#15501);
#5291=VERTEX_POINT('',#15503);
#5292=VERTEX_POINT('',#15507);
#5293=VERTEX_POINT('',#15509);
#5294=VERTEX_POINT('',#15513);
#5295=VERTEX_POINT('',#15515);
#5296=VERTEX_POINT('',#15519);
#5297=VERTEX_POINT('',#15521);
#5298=VERTEX_POINT('',#15528);
#5299=VERTEX_POINT('',#15529);
#5300=VERTEX_POINT('',#15531);
#5301=VERTEX_POINT('',#15533);
#5302=VERTEX_POINT('',#15537);
#5303=VERTEX_POINT('',#15539);
#5304=VERTEX_POINT('',#15543);
#5305=VERTEX_POINT('',#15545);
#5306=VERTEX_POINT('',#15549);
#5307=VERTEX_POINT('',#15551);
#5308=VERTEX_POINT('',#15555);
#5309=VERTEX_POINT('',#15557);
#5310=VERTEX_POINT('',#15564);
#5311=VERTEX_POINT('',#15565);
#5312=VERTEX_POINT('',#15567);
#5313=VERTEX_POINT('',#15569);
#5314=VERTEX_POINT('',#15573);
#5315=VERTEX_POINT('',#15575);
#5316=VERTEX_POINT('',#15579);
#5317=VERTEX_POINT('',#15581);
#5318=VERTEX_POINT('',#15585);
#5319=VERTEX_POINT('',#15587);
#5320=VERTEX_POINT('',#15591);
#5321=VERTEX_POINT('',#15593);
#5322=VERTEX_POINT('',#15600);
#5323=VERTEX_POINT('',#15601);
#5324=VERTEX_POINT('',#15603);
#5325=VERTEX_POINT('',#15605);
#5326=VERTEX_POINT('',#15609);
#5327=VERTEX_POINT('',#15611);
#5328=VERTEX_POINT('',#15615);
#5329=VERTEX_POINT('',#15617);
#5330=VERTEX_POINT('',#15624);
#5331=VERTEX_POINT('',#15625);
#5332=VERTEX_POINT('',#15627);
#5333=VERTEX_POINT('',#15629);
#5334=VERTEX_POINT('',#15633);
#5335=VERTEX_POINT('',#15635);
#5336=VERTEX_POINT('',#15639);
#5337=VERTEX_POINT('',#15641);
#5338=VERTEX_POINT('',#15648);
#5339=VERTEX_POINT('',#15649);
#5340=VERTEX_POINT('',#15651);
#5341=VERTEX_POINT('',#15653);
#5342=VERTEX_POINT('',#15657);
#5343=VERTEX_POINT('',#15659);
#5344=VERTEX_POINT('',#15663);
#5345=VERTEX_POINT('',#15665);
#5346=VERTEX_POINT('',#15672);
#5347=VERTEX_POINT('',#15673);
#5348=VERTEX_POINT('',#15675);
#5349=VERTEX_POINT('',#15677);
#5350=VERTEX_POINT('',#15681);
#5351=VERTEX_POINT('',#15683);
#5352=VERTEX_POINT('',#15687);
#5353=VERTEX_POINT('',#15689);
#5354=VERTEX_POINT('',#15696);
#5355=VERTEX_POINT('',#15697);
#5356=VERTEX_POINT('',#15699);
#5357=VERTEX_POINT('',#15701);
#5358=VERTEX_POINT('',#15705);
#5359=VERTEX_POINT('',#15707);
#5360=VERTEX_POINT('',#15711);
#5361=VERTEX_POINT('',#15713);
#5362=VERTEX_POINT('',#15720);
#5363=VERTEX_POINT('',#15721);
#5364=VERTEX_POINT('',#15723);
#5365=VERTEX_POINT('',#15725);
#5366=VERTEX_POINT('',#15729);
#5367=VERTEX_POINT('',#15731);
#5368=VERTEX_POINT('',#15735);
#5369=VERTEX_POINT('',#15737);
#5370=VERTEX_POINT('',#15744);
#5371=VERTEX_POINT('',#15745);
#5372=VERTEX_POINT('',#15747);
#5373=VERTEX_POINT('',#15749);
#5374=VERTEX_POINT('',#15753);
#5375=VERTEX_POINT('',#15755);
#5376=VERTEX_POINT('',#15759);
#5377=VERTEX_POINT('',#15761);
#5378=VERTEX_POINT('',#15768);
#5379=VERTEX_POINT('',#15769);
#5380=VERTEX_POINT('',#15771);
#5381=VERTEX_POINT('',#15773);
#5382=VERTEX_POINT('',#15777);
#5383=VERTEX_POINT('',#15779);
#5384=VERTEX_POINT('',#15783);
#5385=VERTEX_POINT('',#15785);
#5386=VERTEX_POINT('',#15792);
#5387=VERTEX_POINT('',#15793);
#5388=VERTEX_POINT('',#15795);
#5389=VERTEX_POINT('',#15797);
#5390=VERTEX_POINT('',#15801);
#5391=VERTEX_POINT('',#15803);
#5392=VERTEX_POINT('',#15807);
#5393=VERTEX_POINT('',#15809);
#5394=VERTEX_POINT('',#15816);
#5395=VERTEX_POINT('',#15817);
#5396=VERTEX_POINT('',#15819);
#5397=VERTEX_POINT('',#15821);
#5398=VERTEX_POINT('',#15825);
#5399=VERTEX_POINT('',#15827);
#5400=VERTEX_POINT('',#15831);
#5401=VERTEX_POINT('',#15833);
#5402=VERTEX_POINT('',#15840);
#5403=VERTEX_POINT('',#15841);
#5404=VERTEX_POINT('',#15843);
#5405=VERTEX_POINT('',#15845);
#5406=VERTEX_POINT('',#15849);
#5407=VERTEX_POINT('',#15851);
#5408=VERTEX_POINT('',#15855);
#5409=VERTEX_POINT('',#15857);
#5410=VERTEX_POINT('',#15864);
#5411=VERTEX_POINT('',#15865);
#5412=VERTEX_POINT('',#15867);
#5413=VERTEX_POINT('',#15869);
#5414=VERTEX_POINT('',#15873);
#5415=VERTEX_POINT('',#15875);
#5416=VERTEX_POINT('',#15879);
#5417=VERTEX_POINT('',#15881);
#5418=VERTEX_POINT('',#15888);
#5419=VERTEX_POINT('',#15889);
#5420=VERTEX_POINT('',#15891);
#5421=VERTEX_POINT('',#15893);
#5422=VERTEX_POINT('',#15897);
#5423=VERTEX_POINT('',#15899);
#5424=VERTEX_POINT('',#15903);
#5425=VERTEX_POINT('',#15905);
#5426=VERTEX_POINT('',#15912);
#5427=VERTEX_POINT('',#15913);
#5428=VERTEX_POINT('',#15915);
#5429=VERTEX_POINT('',#15917);
#5430=VERTEX_POINT('',#15921);
#5431=VERTEX_POINT('',#15923);
#5432=VERTEX_POINT('',#15927);
#5433=VERTEX_POINT('',#15929);
#5434=VERTEX_POINT('',#15936);
#5435=VERTEX_POINT('',#15937);
#5436=VERTEX_POINT('',#15939);
#5437=VERTEX_POINT('',#15941);
#5438=VERTEX_POINT('',#15945);
#5439=VERTEX_POINT('',#15947);
#5440=VERTEX_POINT('',#15951);
#5441=VERTEX_POINT('',#15953);
#5442=VERTEX_POINT('',#15960);
#5443=VERTEX_POINT('',#15961);
#5444=VERTEX_POINT('',#15963);
#5445=VERTEX_POINT('',#15965);
#5446=VERTEX_POINT('',#15969);
#5447=VERTEX_POINT('',#15971);
#5448=VERTEX_POINT('',#15975);
#5449=VERTEX_POINT('',#15977);
#5450=VERTEX_POINT('',#15984);
#5451=VERTEX_POINT('',#15985);
#5452=VERTEX_POINT('',#15987);
#5453=VERTEX_POINT('',#15989);
#5454=VERTEX_POINT('',#15993);
#5455=VERTEX_POINT('',#15995);
#5456=VERTEX_POINT('',#15999);
#5457=VERTEX_POINT('',#16001);
#5458=VERTEX_POINT('',#16008);
#5459=VERTEX_POINT('',#16009);
#5460=VERTEX_POINT('',#16011);
#5461=VERTEX_POINT('',#16013);
#5462=VERTEX_POINT('',#16017);
#5463=VERTEX_POINT('',#16019);
#5464=VERTEX_POINT('',#16023);
#5465=VERTEX_POINT('',#16025);
#5466=VERTEX_POINT('',#16032);
#5467=VERTEX_POINT('',#16033);
#5468=VERTEX_POINT('',#16035);
#5469=VERTEX_POINT('',#16037);
#5470=VERTEX_POINT('',#16041);
#5471=VERTEX_POINT('',#16043);
#5472=VERTEX_POINT('',#16047);
#5473=VERTEX_POINT('',#16049);
#5474=VERTEX_POINT('',#16056);
#5475=VERTEX_POINT('',#16057);
#5476=VERTEX_POINT('',#16059);
#5477=VERTEX_POINT('',#16061);
#5478=VERTEX_POINT('',#16065);
#5479=VERTEX_POINT('',#16067);
#5480=VERTEX_POINT('',#16071);
#5481=VERTEX_POINT('',#16073);
#5482=VERTEX_POINT('',#16080);
#5483=VERTEX_POINT('',#16081);
#5484=VERTEX_POINT('',#16083);
#5485=VERTEX_POINT('',#16085);
#5486=VERTEX_POINT('',#16089);
#5487=VERTEX_POINT('',#16091);
#5488=VERTEX_POINT('',#16095);
#5489=VERTEX_POINT('',#16097);
#5490=VERTEX_POINT('',#16104);
#5491=VERTEX_POINT('',#16105);
#5492=VERTEX_POINT('',#16107);
#5493=VERTEX_POINT('',#16109);
#5494=VERTEX_POINT('',#16113);
#5495=VERTEX_POINT('',#16115);
#5496=VERTEX_POINT('',#16119);
#5497=VERTEX_POINT('',#16121);
#5498=VERTEX_POINT('',#16128);
#5499=VERTEX_POINT('',#16129);
#5500=VERTEX_POINT('',#16131);
#5501=VERTEX_POINT('',#16133);
#5502=VERTEX_POINT('',#16137);
#5503=VERTEX_POINT('',#16139);
#5504=VERTEX_POINT('',#16143);
#5505=VERTEX_POINT('',#16145);
#5506=VERTEX_POINT('',#16152);
#5507=VERTEX_POINT('',#16153);
#5508=VERTEX_POINT('',#16155);
#5509=VERTEX_POINT('',#16157);
#5510=VERTEX_POINT('',#16161);
#5511=VERTEX_POINT('',#16163);
#5512=VERTEX_POINT('',#16167);
#5513=VERTEX_POINT('',#16169);
#5514=VERTEX_POINT('',#16176);
#5515=VERTEX_POINT('',#16177);
#5516=VERTEX_POINT('',#16179);
#5517=VERTEX_POINT('',#16181);
#5518=VERTEX_POINT('',#16185);
#5519=VERTEX_POINT('',#16187);
#5520=VERTEX_POINT('',#16191);
#5521=VERTEX_POINT('',#16193);
#5522=VERTEX_POINT('',#16200);
#5523=VERTEX_POINT('',#16201);
#5524=VERTEX_POINT('',#16203);
#5525=VERTEX_POINT('',#16205);
#5526=VERTEX_POINT('',#16209);
#5527=VERTEX_POINT('',#16211);
#5528=VERTEX_POINT('',#16215);
#5529=VERTEX_POINT('',#16217);
#5530=VERTEX_POINT('',#16224);
#5531=VERTEX_POINT('',#16225);
#5532=VERTEX_POINT('',#16227);
#5533=VERTEX_POINT('',#16229);
#5534=VERTEX_POINT('',#16233);
#5535=VERTEX_POINT('',#16235);
#5536=VERTEX_POINT('',#16239);
#5537=VERTEX_POINT('',#16241);
#5538=VERTEX_POINT('',#16248);
#5539=VERTEX_POINT('',#16249);
#5540=VERTEX_POINT('',#16251);
#5541=VERTEX_POINT('',#16253);
#5542=VERTEX_POINT('',#16257);
#5543=VERTEX_POINT('',#16259);
#5544=VERTEX_POINT('',#16263);
#5545=VERTEX_POINT('',#16265);
#5546=VERTEX_POINT('',#16272);
#5547=VERTEX_POINT('',#16273);
#5548=VERTEX_POINT('',#16275);
#5549=VERTEX_POINT('',#16277);
#5550=VERTEX_POINT('',#16281);
#5551=VERTEX_POINT('',#16283);
#5552=VERTEX_POINT('',#16287);
#5553=VERTEX_POINT('',#16289);
#5554=VERTEX_POINT('',#16296);
#5555=VERTEX_POINT('',#16297);
#5556=VERTEX_POINT('',#16299);
#5557=VERTEX_POINT('',#16301);
#5558=VERTEX_POINT('',#16305);
#5559=VERTEX_POINT('',#16307);
#5560=VERTEX_POINT('',#16311);
#5561=VERTEX_POINT('',#16313);
#5562=VERTEX_POINT('',#16320);
#5563=VERTEX_POINT('',#16321);
#5564=VERTEX_POINT('',#16323);
#5565=VERTEX_POINT('',#16325);
#5566=VERTEX_POINT('',#16329);
#5567=VERTEX_POINT('',#16331);
#5568=VERTEX_POINT('',#16335);
#5569=VERTEX_POINT('',#16337);
#5570=VERTEX_POINT('',#16344);
#5571=VERTEX_POINT('',#16345);
#5572=VERTEX_POINT('',#16347);
#5573=VERTEX_POINT('',#16349);
#5574=VERTEX_POINT('',#16353);
#5575=VERTEX_POINT('',#16355);
#5576=VERTEX_POINT('',#16359);
#5577=VERTEX_POINT('',#16361);
#5578=VERTEX_POINT('',#16368);
#5579=VERTEX_POINT('',#16369);
#5580=VERTEX_POINT('',#16371);
#5581=VERTEX_POINT('',#16373);
#5582=VERTEX_POINT('',#16377);
#5583=VERTEX_POINT('',#16379);
#5584=VERTEX_POINT('',#16383);
#5585=VERTEX_POINT('',#16385);
#5586=VERTEX_POINT('',#16392);
#5587=VERTEX_POINT('',#16393);
#5588=VERTEX_POINT('',#16395);
#5589=VERTEX_POINT('',#16397);
#5590=VERTEX_POINT('',#16401);
#5591=VERTEX_POINT('',#16403);
#5592=VERTEX_POINT('',#16407);
#5593=VERTEX_POINT('',#16409);
#5594=VERTEX_POINT('',#16416);
#5595=VERTEX_POINT('',#16417);
#5596=VERTEX_POINT('',#16419);
#5597=VERTEX_POINT('',#16421);
#5598=VERTEX_POINT('',#16425);
#5599=VERTEX_POINT('',#16427);
#5600=VERTEX_POINT('',#16431);
#5601=VERTEX_POINT('',#16433);
#5602=VERTEX_POINT('',#16440);
#5603=VERTEX_POINT('',#16441);
#5604=VERTEX_POINT('',#16443);
#5605=VERTEX_POINT('',#16445);
#5606=VERTEX_POINT('',#16449);
#5607=VERTEX_POINT('',#16451);
#5608=VERTEX_POINT('',#16455);
#5609=VERTEX_POINT('',#16457);
#5610=VERTEX_POINT('',#16464);
#5611=VERTEX_POINT('',#16465);
#5612=VERTEX_POINT('',#16467);
#5613=VERTEX_POINT('',#16469);
#5614=VERTEX_POINT('',#16473);
#5615=VERTEX_POINT('',#16475);
#5616=VERTEX_POINT('',#16479);
#5617=VERTEX_POINT('',#16481);
#5618=VERTEX_POINT('',#16488);
#5619=VERTEX_POINT('',#16489);
#5620=VERTEX_POINT('',#16491);
#5621=VERTEX_POINT('',#16493);
#5622=VERTEX_POINT('',#16497);
#5623=VERTEX_POINT('',#16499);
#5624=VERTEX_POINT('',#16503);
#5625=VERTEX_POINT('',#16505);
#5626=VERTEX_POINT('',#16512);
#5627=VERTEX_POINT('',#16513);
#5628=VERTEX_POINT('',#16515);
#5629=VERTEX_POINT('',#16517);
#5630=VERTEX_POINT('',#16521);
#5631=VERTEX_POINT('',#16523);
#5632=VERTEX_POINT('',#16527);
#5633=VERTEX_POINT('',#16529);
#5634=VERTEX_POINT('',#16536);
#5635=VERTEX_POINT('',#16537);
#5636=VERTEX_POINT('',#16539);
#5637=VERTEX_POINT('',#16541);
#5638=VERTEX_POINT('',#16545);
#5639=VERTEX_POINT('',#16547);
#5640=VERTEX_POINT('',#16551);
#5641=VERTEX_POINT('',#16553);
#5642=VERTEX_POINT('',#16560);
#5643=VERTEX_POINT('',#16561);
#5644=VERTEX_POINT('',#16563);
#5645=VERTEX_POINT('',#16565);
#5646=VERTEX_POINT('',#16569);
#5647=VERTEX_POINT('',#16571);
#5648=VERTEX_POINT('',#16575);
#5649=VERTEX_POINT('',#16577);
#5650=VERTEX_POINT('',#16584);
#5651=VERTEX_POINT('',#16585);
#5652=VERTEX_POINT('',#16587);
#5653=VERTEX_POINT('',#16589);
#5654=VERTEX_POINT('',#16593);
#5655=VERTEX_POINT('',#16595);
#5656=VERTEX_POINT('',#16599);
#5657=VERTEX_POINT('',#16601);
#5658=VERTEX_POINT('',#16608);
#5659=VERTEX_POINT('',#16609);
#5660=VERTEX_POINT('',#16611);
#5661=VERTEX_POINT('',#16613);
#5662=VERTEX_POINT('',#16617);
#5663=VERTEX_POINT('',#16619);
#5664=VERTEX_POINT('',#16623);
#5665=VERTEX_POINT('',#16625);
#5666=VERTEX_POINT('',#16632);
#5667=VERTEX_POINT('',#16633);
#5668=VERTEX_POINT('',#16635);
#5669=VERTEX_POINT('',#16637);
#5670=VERTEX_POINT('',#16641);
#5671=VERTEX_POINT('',#16643);
#5672=VERTEX_POINT('',#16647);
#5673=VERTEX_POINT('',#16649);
#5674=VERTEX_POINT('',#16656);
#5675=VERTEX_POINT('',#16657);
#5676=VERTEX_POINT('',#16659);
#5677=VERTEX_POINT('',#16661);
#5678=VERTEX_POINT('',#16665);
#5679=VERTEX_POINT('',#16667);
#5680=VERTEX_POINT('',#16671);
#5681=VERTEX_POINT('',#16673);
#5682=VERTEX_POINT('',#16680);
#5683=VERTEX_POINT('',#16681);
#5684=VERTEX_POINT('',#16683);
#5685=VERTEX_POINT('',#16685);
#5686=VERTEX_POINT('',#16689);
#5687=VERTEX_POINT('',#16691);
#5688=VERTEX_POINT('',#16695);
#5689=VERTEX_POINT('',#16697);
#5690=VERTEX_POINT('',#16704);
#5691=VERTEX_POINT('',#16705);
#5692=VERTEX_POINT('',#16707);
#5693=VERTEX_POINT('',#16709);
#5694=VERTEX_POINT('',#16713);
#5695=VERTEX_POINT('',#16714);
#5696=VERTEX_POINT('',#16716);
#5697=VERTEX_POINT('',#16718);
#5698=VERTEX_POINT('',#16722);
#5699=VERTEX_POINT('',#16723);
#5700=VERTEX_POINT('',#16725);
#5701=VERTEX_POINT('',#16727);
#5702=VERTEX_POINT('',#16731);
#5703=VERTEX_POINT('',#16732);
#5704=VERTEX_POINT('',#16734);
#5705=VERTEX_POINT('',#16736);
#5706=VERTEX_POINT('',#16740);
#5707=VERTEX_POINT('',#16741);
#5708=VERTEX_POINT('',#16743);
#5709=VERTEX_POINT('',#16745);
#5710=VERTEX_POINT('',#16747);
#5711=VERTEX_POINT('',#16749);
#5712=VERTEX_POINT('',#16752);
#5713=VERTEX_POINT('',#16753);
#5714=VERTEX_POINT('',#16755);
#5715=VERTEX_POINT('',#16757);
#5716=VERTEX_POINT('',#16759);
#5717=VERTEX_POINT('',#16761);
#5718=VERTEX_POINT('',#16764);
#5719=VERTEX_POINT('',#16765);
#5720=VERTEX_POINT('',#16767);
#5721=VERTEX_POINT('',#16769);
#5722=VERTEX_POINT('',#16772);
#5723=VERTEX_POINT('',#16773);
#5724=VERTEX_POINT('',#16775);
#5725=VERTEX_POINT('',#16777);
#5726=VERTEX_POINT('',#16780);
#5727=VERTEX_POINT('',#16782);
#5728=VERTEX_POINT('',#16784);
#5729=VERTEX_POINT('',#16786);
#5730=VERTEX_POINT('',#16789);
#5731=VERTEX_POINT('',#16791);
#5732=VERTEX_POINT('',#16794);
#5733=VERTEX_POINT('',#16796);
#5734=VERTEX_POINT('',#16798);
#5735=VERTEX_POINT('',#16800);
#5736=VERTEX_POINT('',#16802);
#5737=VERTEX_POINT('',#16804);
#5738=VERTEX_POINT('',#16806);
#5739=VERTEX_POINT('',#16808);
#5740=VERTEX_POINT('',#16810);
#5741=VERTEX_POINT('',#16812);
#5742=VERTEX_POINT('',#16814);
#5743=VERTEX_POINT('',#16816);
#5744=VERTEX_POINT('',#16819);
#5745=VERTEX_POINT('',#16821);
#5746=VERTEX_POINT('',#16825);
#5747=VERTEX_POINT('',#16826);
#5748=VERTEX_POINT('',#16828);
#5749=VERTEX_POINT('',#16830);
#5750=VERTEX_POINT('',#16832);
#5751=VERTEX_POINT('',#16834);
#5752=VERTEX_POINT('',#16837);
#5753=VERTEX_POINT('',#16838);
#5754=VERTEX_POINT('',#16840);
#5755=VERTEX_POINT('',#16842);
#5756=VERTEX_POINT('',#16844);
#5757=VERTEX_POINT('',#16846);
#5758=VERTEX_POINT('',#16849);
#5759=VERTEX_POINT('',#16850);
#5760=VERTEX_POINT('',#16852);
#5761=VERTEX_POINT('',#16854);
#5762=VERTEX_POINT('',#16857);
#5763=VERTEX_POINT('',#16858);
#5764=VERTEX_POINT('',#16860);
#5765=VERTEX_POINT('',#16862);
#5766=VERTEX_POINT('',#16865);
#5767=VERTEX_POINT('',#16866);
#5768=VERTEX_POINT('',#16869);
#5769=VERTEX_POINT('',#16871);
#5770=VERTEX_POINT('',#16874);
#5771=VERTEX_POINT('',#16876);
#5772=VERTEX_POINT('',#16878);
#5773=VERTEX_POINT('',#16880);
#5774=VERTEX_POINT('',#16882);
#5775=VERTEX_POINT('',#16884);
#5776=VERTEX_POINT('',#16886);
#5777=VERTEX_POINT('',#16888);
#5778=VERTEX_POINT('',#16890);
#5779=VERTEX_POINT('',#16892);
#5780=VERTEX_POINT('',#16894);
#5781=VERTEX_POINT('',#16896);
#5782=VERTEX_POINT('',#16899);
#5783=VERTEX_POINT('',#16901);
#5784=VERTEX_POINT('',#16904);
#5785=VERTEX_POINT('',#16906);
#5786=VERTEX_POINT('',#16910);
#5787=VERTEX_POINT('',#16911);
#5788=VERTEX_POINT('',#16913);
#5789=VERTEX_POINT('',#16915);
#5790=VERTEX_POINT('',#16919);
#5791=VERTEX_POINT('',#16920);
#5792=VERTEX_POINT('',#16928);
#5793=VERTEX_POINT('',#16930);
#5794=VERTEX_POINT('',#16937);
#5795=VERTEX_POINT('',#16938);
#5796=VERTEX_POINT('',#16940);
#5797=VERTEX_POINT('',#16942);
#5798=VERTEX_POINT('',#16946);
#5799=VERTEX_POINT('',#16947);
#5800=VERTEX_POINT('',#16955);
#5801=VERTEX_POINT('',#16957);
#5802=VERTEX_POINT('',#16961);
#5803=VERTEX_POINT('',#16963);
#5804=VERTEX_POINT('',#16989);
#5805=VERTEX_POINT('',#16992);
#5806=VERTEX_POINT('',#16998);
#5807=VERTEX_POINT('',#17001);
#5808=VERTEX_POINT('',#17007);
#5809=VERTEX_POINT('',#17010);
#5810=VERTEX_POINT('',#17016);
#5811=VERTEX_POINT('',#17019);
#5812=VERTEX_POINT('',#17066);
#5813=VERTEX_POINT('',#17070);
#5814=LINE('',#14087,#7074);
#5815=LINE('',#14090,#7075);
#5816=LINE('',#14092,#7076);
#5817=LINE('',#14094,#7077);
#5818=LINE('',#14096,#7078);
#5819=LINE('',#14098,#7079);
#5820=LINE('',#14100,#7080);
#5821=LINE('',#14102,#7081);
#5822=LINE('',#14104,#7082);
#5823=LINE('',#14106,#7083);
#5824=LINE('',#14108,#7084);
#5825=LINE('',#14110,#7085);
#5826=LINE('',#14112,#7086);
#5827=LINE('',#14114,#7087);
#5828=LINE('',#14116,#7088);
#5829=LINE('',#14118,#7089);
#5830=LINE('',#14120,#7090);
#5831=LINE('',#14121,#7091);
#5832=LINE('',#14123,#7092);
#5833=LINE('',#14126,#7093);
#5834=LINE('',#14128,#7094);
#5835=LINE('',#14130,#7095);
#5836=LINE('',#14132,#7096);
#5837=LINE('',#14134,#7097);
#5838=LINE('',#14136,#7098);
#5839=LINE('',#14138,#7099);
#5840=LINE('',#14140,#7100);
#5841=LINE('',#14142,#7101);
#5842=LINE('',#14144,#7102);
#5843=LINE('',#14146,#7103);
#5844=LINE('',#14148,#7104);
#5845=LINE('',#14150,#7105);
#5846=LINE('',#14152,#7106);
#5847=LINE('',#14154,#7107);
#5848=LINE('',#14156,#7108);
#5849=LINE('',#14157,#7109);
#5850=LINE('',#14159,#7110);
#5851=LINE('',#14162,#7111);
#5852=LINE('',#14164,#7112);
#5853=LINE('',#14166,#7113);
#5854=LINE('',#14168,#7114);
#5855=LINE('',#14170,#7115);
#5856=LINE('',#14172,#7116);
#5857=LINE('',#14174,#7117);
#5858=LINE('',#14176,#7118);
#5859=LINE('',#14178,#7119);
#5860=LINE('',#14180,#7120);
#5861=LINE('',#14182,#7121);
#5862=LINE('',#14184,#7122);
#5863=LINE('',#14186,#7123);
#5864=LINE('',#14188,#7124);
#5865=LINE('',#14190,#7125);
#5866=LINE('',#14192,#7126);
#5867=LINE('',#14193,#7127);
#5868=LINE('',#14195,#7128);
#5869=LINE('',#14198,#7129);
#5870=LINE('',#14200,#7130);
#5871=LINE('',#14202,#7131);
#5872=LINE('',#14204,#7132);
#5873=LINE('',#14206,#7133);
#5874=LINE('',#14208,#7134);
#5875=LINE('',#14210,#7135);
#5876=LINE('',#14212,#7136);
#5877=LINE('',#14214,#7137);
#5878=LINE('',#14216,#7138);
#5879=LINE('',#14218,#7139);
#5880=LINE('',#14220,#7140);
#5881=LINE('',#14222,#7141);
#5882=LINE('',#14224,#7142);
#5883=LINE('',#14226,#7143);
#5884=LINE('',#14228,#7144);
#5885=LINE('',#14229,#7145);
#5886=LINE('',#14231,#7146);
#5887=LINE('',#14234,#7147);
#5888=LINE('',#14236,#7148);
#5889=LINE('',#14238,#7149);
#5890=LINE('',#14240,#7150);
#5891=LINE('',#14242,#7151);
#5892=LINE('',#14244,#7152);
#5893=LINE('',#14246,#7153);
#5894=LINE('',#14248,#7154);
#5895=LINE('',#14250,#7155);
#5896=LINE('',#14252,#7156);
#5897=LINE('',#14254,#7157);
#5898=LINE('',#14256,#7158);
#5899=LINE('',#14258,#7159);
#5900=LINE('',#14260,#7160);
#5901=LINE('',#14262,#7161);
#5902=LINE('',#14264,#7162);
#5903=LINE('',#14265,#7163);
#5904=LINE('',#14267,#7164);
#5905=LINE('',#14270,#7165);
#5906=LINE('',#14272,#7166);
#5907=LINE('',#14274,#7167);
#5908=LINE('',#14276,#7168);
#5909=LINE('',#14278,#7169);
#5910=LINE('',#14280,#7170);
#5911=LINE('',#14282,#7171);
#5912=LINE('',#14284,#7172);
#5913=LINE('',#14286,#7173);
#5914=LINE('',#14288,#7174);
#5915=LINE('',#14290,#7175);
#5916=LINE('',#14292,#7176);
#5917=LINE('',#14294,#7177);
#5918=LINE('',#14296,#7178);
#5919=LINE('',#14298,#7179);
#5920=LINE('',#14300,#7180);
#5921=LINE('',#14301,#7181);
#5922=LINE('',#14303,#7182);
#5923=LINE('',#14306,#7183);
#5924=LINE('',#14308,#7184);
#5925=LINE('',#14310,#7185);
#5926=LINE('',#14312,#7186);
#5927=LINE('',#14314,#7187);
#5928=LINE('',#14316,#7188);
#5929=LINE('',#14318,#7189);
#5930=LINE('',#14320,#7190);
#5931=LINE('',#14322,#7191);
#5932=LINE('',#14324,#7192);
#5933=LINE('',#14326,#7193);
#5934=LINE('',#14328,#7194);
#5935=LINE('',#14330,#7195);
#5936=LINE('',#14332,#7196);
#5937=LINE('',#14334,#7197);
#5938=LINE('',#14336,#7198);
#5939=LINE('',#14337,#7199);
#5940=LINE('',#14339,#7200);
#5941=LINE('',#14342,#7201);
#5942=LINE('',#14344,#7202);
#5943=LINE('',#14346,#7203);
#5944=LINE('',#14348,#7204);
#5945=LINE('',#14350,#7205);
#5946=LINE('',#14352,#7206);
#5947=LINE('',#14354,#7207);
#5948=LINE('',#14356,#7208);
#5949=LINE('',#14358,#7209);
#5950=LINE('',#14360,#7210);
#5951=LINE('',#14362,#7211);
#5952=LINE('',#14364,#7212);
#5953=LINE('',#14366,#7213);
#5954=LINE('',#14368,#7214);
#5955=LINE('',#14370,#7215);
#5956=LINE('',#14372,#7216);
#5957=LINE('',#14373,#7217);
#5958=LINE('',#14375,#7218);
#5959=LINE('',#14378,#7219);
#5960=LINE('',#14380,#7220);
#5961=LINE('',#14382,#7221);
#5962=LINE('',#14384,#7222);
#5963=LINE('',#14386,#7223);
#5964=LINE('',#14388,#7224);
#5965=LINE('',#14390,#7225);
#5966=LINE('',#14392,#7226);
#5967=LINE('',#14394,#7227);
#5968=LINE('',#14396,#7228);
#5969=LINE('',#14398,#7229);
#5970=LINE('',#14400,#7230);
#5971=LINE('',#14402,#7231);
#5972=LINE('',#14404,#7232);
#5973=LINE('',#14406,#7233);
#5974=LINE('',#14408,#7234);
#5975=LINE('',#14409,#7235);
#5976=LINE('',#14411,#7236);
#5977=LINE('',#14414,#7237);
#5978=LINE('',#14416,#7238);
#5979=LINE('',#14418,#7239);
#5980=LINE('',#14420,#7240);
#5981=LINE('',#14422,#7241);
#5982=LINE('',#14424,#7242);
#5983=LINE('',#14426,#7243);
#5984=LINE('',#14428,#7244);
#5985=LINE('',#14430,#7245);
#5986=LINE('',#14432,#7246);
#5987=LINE('',#14434,#7247);
#5988=LINE('',#14436,#7248);
#5989=LINE('',#14438,#7249);
#5990=LINE('',#14440,#7250);
#5991=LINE('',#14442,#7251);
#5992=LINE('',#14444,#7252);
#5993=LINE('',#14445,#7253);
#5994=LINE('',#14447,#7254);
#5995=LINE('',#14450,#7255);
#5996=LINE('',#14452,#7256);
#5997=LINE('',#14454,#7257);
#5998=LINE('',#14456,#7258);
#5999=LINE('',#14458,#7259);
#6000=LINE('',#14460,#7260);
#6001=LINE('',#14462,#7261);
#6002=LINE('',#14464,#7262);
#6003=LINE('',#14466,#7263);
#6004=LINE('',#14468,#7264);
#6005=LINE('',#14470,#7265);
#6006=LINE('',#14472,#7266);
#6007=LINE('',#14474,#7267);
#6008=LINE('',#14476,#7268);
#6009=LINE('',#14478,#7269);
#6010=LINE('',#14480,#7270);
#6011=LINE('',#14481,#7271);
#6012=LINE('',#14483,#7272);
#6013=LINE('',#14486,#7273);
#6014=LINE('',#14488,#7274);
#6015=LINE('',#14490,#7275);
#6016=LINE('',#14492,#7276);
#6017=LINE('',#14494,#7277);
#6018=LINE('',#14496,#7278);
#6019=LINE('',#14498,#7279);
#6020=LINE('',#14500,#7280);
#6021=LINE('',#14502,#7281);
#6022=LINE('',#14504,#7282);
#6023=LINE('',#14506,#7283);
#6024=LINE('',#14508,#7284);
#6025=LINE('',#14510,#7285);
#6026=LINE('',#14512,#7286);
#6027=LINE('',#14514,#7287);
#6028=LINE('',#14516,#7288);
#6029=LINE('',#14517,#7289);
#6030=LINE('',#14519,#7290);
#6031=LINE('',#14522,#7291);
#6032=LINE('',#14524,#7292);
#6033=LINE('',#14526,#7293);
#6034=LINE('',#14528,#7294);
#6035=LINE('',#14530,#7295);
#6036=LINE('',#14532,#7296);
#6037=LINE('',#14534,#7297);
#6038=LINE('',#14536,#7298);
#6039=LINE('',#14538,#7299);
#6040=LINE('',#14540,#7300);
#6041=LINE('',#14542,#7301);
#6042=LINE('',#14544,#7302);
#6043=LINE('',#14546,#7303);
#6044=LINE('',#14548,#7304);
#6045=LINE('',#14550,#7305);
#6046=LINE('',#14552,#7306);
#6047=LINE('',#14553,#7307);
#6048=LINE('',#14555,#7308);
#6049=LINE('',#14558,#7309);
#6050=LINE('',#14560,#7310);
#6051=LINE('',#14562,#7311);
#6052=LINE('',#14564,#7312);
#6053=LINE('',#14566,#7313);
#6054=LINE('',#14568,#7314);
#6055=LINE('',#14570,#7315);
#6056=LINE('',#14572,#7316);
#6057=LINE('',#14574,#7317);
#6058=LINE('',#14576,#7318);
#6059=LINE('',#14578,#7319);
#6060=LINE('',#14580,#7320);
#6061=LINE('',#14582,#7321);
#6062=LINE('',#14584,#7322);
#6063=LINE('',#14586,#7323);
#6064=LINE('',#14588,#7324);
#6065=LINE('',#14589,#7325);
#6066=LINE('',#14591,#7326);
#6067=LINE('',#14594,#7327);
#6068=LINE('',#14596,#7328);
#6069=LINE('',#14598,#7329);
#6070=LINE('',#14600,#7330);
#6071=LINE('',#14602,#7331);
#6072=LINE('',#14604,#7332);
#6073=LINE('',#14606,#7333);
#6074=LINE('',#14608,#7334);
#6075=LINE('',#14610,#7335);
#6076=LINE('',#14612,#7336);
#6077=LINE('',#14614,#7337);
#6078=LINE('',#14616,#7338);
#6079=LINE('',#14618,#7339);
#6080=LINE('',#14620,#7340);
#6081=LINE('',#14622,#7341);
#6082=LINE('',#14624,#7342);
#6083=LINE('',#14625,#7343);
#6084=LINE('',#14627,#7344);
#6085=LINE('',#14630,#7345);
#6086=LINE('',#14632,#7346);
#6087=LINE('',#14634,#7347);
#6088=LINE('',#14636,#7348);
#6089=LINE('',#14638,#7349);
#6090=LINE('',#14640,#7350);
#6091=LINE('',#14642,#7351);
#6092=LINE('',#14644,#7352);
#6093=LINE('',#14646,#7353);
#6094=LINE('',#14648,#7354);
#6095=LINE('',#14650,#7355);
#6096=LINE('',#14652,#7356);
#6097=LINE('',#14654,#7357);
#6098=LINE('',#14656,#7358);
#6099=LINE('',#14658,#7359);
#6100=LINE('',#14660,#7360);
#6101=LINE('',#14661,#7361);
#6102=LINE('',#14663,#7362);
#6103=LINE('',#14666,#7363);
#6104=LINE('',#14668,#7364);
#6105=LINE('',#14670,#7365);
#6106=LINE('',#14672,#7366);
#6107=LINE('',#14674,#7367);
#6108=LINE('',#14676,#7368);
#6109=LINE('',#14678,#7369);
#6110=LINE('',#14680,#7370);
#6111=LINE('',#14682,#7371);
#6112=LINE('',#14684,#7372);
#6113=LINE('',#14686,#7373);
#6114=LINE('',#14688,#7374);
#6115=LINE('',#14690,#7375);
#6116=LINE('',#14692,#7376);
#6117=LINE('',#14694,#7377);
#6118=LINE('',#14696,#7378);
#6119=LINE('',#14697,#7379);
#6120=LINE('',#14699,#7380);
#6121=LINE('',#14702,#7381);
#6122=LINE('',#14704,#7382);
#6123=LINE('',#14706,#7383);
#6124=LINE('',#14708,#7384);
#6125=LINE('',#14710,#7385);
#6126=LINE('',#14712,#7386);
#6127=LINE('',#14714,#7387);
#6128=LINE('',#14716,#7388);
#6129=LINE('',#14718,#7389);
#6130=LINE('',#14720,#7390);
#6131=LINE('',#14722,#7391);
#6132=LINE('',#14724,#7392);
#6133=LINE('',#14726,#7393);
#6134=LINE('',#14728,#7394);
#6135=LINE('',#14730,#7395);
#6136=LINE('',#14732,#7396);
#6137=LINE('',#14733,#7397);
#6138=LINE('',#14735,#7398);
#6139=LINE('',#14738,#7399);
#6140=LINE('',#14740,#7400);
#6141=LINE('',#14742,#7401);
#6142=LINE('',#14744,#7402);
#6143=LINE('',#14746,#7403);
#6144=LINE('',#14748,#7404);
#6145=LINE('',#14750,#7405);
#6146=LINE('',#14752,#7406);
#6147=LINE('',#14754,#7407);
#6148=LINE('',#14756,#7408);
#6149=LINE('',#14758,#7409);
#6150=LINE('',#14760,#7410);
#6151=LINE('',#14762,#7411);
#6152=LINE('',#14764,#7412);
#6153=LINE('',#14766,#7413);
#6154=LINE('',#14768,#7414);
#6155=LINE('',#14769,#7415);
#6156=LINE('',#14771,#7416);
#6157=LINE('',#14774,#7417);
#6158=LINE('',#14776,#7418);
#6159=LINE('',#14778,#7419);
#6160=LINE('',#14780,#7420);
#6161=LINE('',#14782,#7421);
#6162=LINE('',#14784,#7422);
#6163=LINE('',#14786,#7423);
#6164=LINE('',#14788,#7424);
#6165=LINE('',#14790,#7425);
#6166=LINE('',#14792,#7426);
#6167=LINE('',#14794,#7427);
#6168=LINE('',#14796,#7428);
#6169=LINE('',#14798,#7429);
#6170=LINE('',#14800,#7430);
#6171=LINE('',#14802,#7431);
#6172=LINE('',#14804,#7432);
#6173=LINE('',#14805,#7433);
#6174=LINE('',#14807,#7434);
#6175=LINE('',#14810,#7435);
#6176=LINE('',#14812,#7436);
#6177=LINE('',#14814,#7437);
#6178=LINE('',#14816,#7438);
#6179=LINE('',#14818,#7439);
#6180=LINE('',#14820,#7440);
#6181=LINE('',#14822,#7441);
#6182=LINE('',#14824,#7442);
#6183=LINE('',#14826,#7443);
#6184=LINE('',#14828,#7444);
#6185=LINE('',#14830,#7445);
#6186=LINE('',#14832,#7446);
#6187=LINE('',#14834,#7447);
#6188=LINE('',#14836,#7448);
#6189=LINE('',#14838,#7449);
#6190=LINE('',#14840,#7450);
#6191=LINE('',#14841,#7451);
#6192=LINE('',#14843,#7452);
#6193=LINE('',#14846,#7453);
#6194=LINE('',#14848,#7454);
#6195=LINE('',#14850,#7455);
#6196=LINE('',#14852,#7456);
#6197=LINE('',#14854,#7457);
#6198=LINE('',#14856,#7458);
#6199=LINE('',#14858,#7459);
#6200=LINE('',#14860,#7460);
#6201=LINE('',#14862,#7461);
#6202=LINE('',#14864,#7462);
#6203=LINE('',#14866,#7463);
#6204=LINE('',#14868,#7464);
#6205=LINE('',#14870,#7465);
#6206=LINE('',#14872,#7466);
#6207=LINE('',#14874,#7467);
#6208=LINE('',#14876,#7468);
#6209=LINE('',#14877,#7469);
#6210=LINE('',#14879,#7470);
#6211=LINE('',#14882,#7471);
#6212=LINE('',#14884,#7472);
#6213=LINE('',#14886,#7473);
#6214=LINE('',#14888,#7474);
#6215=LINE('',#14890,#7475);
#6216=LINE('',#14892,#7476);
#6217=LINE('',#14894,#7477);
#6218=LINE('',#14896,#7478);
#6219=LINE('',#14898,#7479);
#6220=LINE('',#14900,#7480);
#6221=LINE('',#14902,#7481);
#6222=LINE('',#14904,#7482);
#6223=LINE('',#14906,#7483);
#6224=LINE('',#14908,#7484);
#6225=LINE('',#14910,#7485);
#6226=LINE('',#14912,#7486);
#6227=LINE('',#14913,#7487);
#6228=LINE('',#14915,#7488);
#6229=LINE('',#14918,#7489);
#6230=LINE('',#14920,#7490);
#6231=LINE('',#14922,#7491);
#6232=LINE('',#14924,#7492);
#6233=LINE('',#14926,#7493);
#6234=LINE('',#14928,#7494);
#6235=LINE('',#14930,#7495);
#6236=LINE('',#14932,#7496);
#6237=LINE('',#14934,#7497);
#6238=LINE('',#14936,#7498);
#6239=LINE('',#14938,#7499);
#6240=LINE('',#14940,#7500);
#6241=LINE('',#14942,#7501);
#6242=LINE('',#14944,#7502);
#6243=LINE('',#14946,#7503);
#6244=LINE('',#14948,#7504);
#6245=LINE('',#14949,#7505);
#6246=LINE('',#14951,#7506);
#6247=LINE('',#14954,#7507);
#6248=LINE('',#14956,#7508);
#6249=LINE('',#14958,#7509);
#6250=LINE('',#14960,#7510);
#6251=LINE('',#14962,#7511);
#6252=LINE('',#14964,#7512);
#6253=LINE('',#14966,#7513);
#6254=LINE('',#14968,#7514);
#6255=LINE('',#14970,#7515);
#6256=LINE('',#14972,#7516);
#6257=LINE('',#14974,#7517);
#6258=LINE('',#14976,#7518);
#6259=LINE('',#14978,#7519);
#6260=LINE('',#14980,#7520);
#6261=LINE('',#14982,#7521);
#6262=LINE('',#14984,#7522);
#6263=LINE('',#14985,#7523);
#6264=LINE('',#14987,#7524);
#6265=LINE('',#14990,#7525);
#6266=LINE('',#14992,#7526);
#6267=LINE('',#14994,#7527);
#6268=LINE('',#14996,#7528);
#6269=LINE('',#14998,#7529);
#6270=LINE('',#15000,#7530);
#6271=LINE('',#15002,#7531);
#6272=LINE('',#15004,#7532);
#6273=LINE('',#15006,#7533);
#6274=LINE('',#15008,#7534);
#6275=LINE('',#15010,#7535);
#6276=LINE('',#15012,#7536);
#6277=LINE('',#15014,#7537);
#6278=LINE('',#15016,#7538);
#6279=LINE('',#15018,#7539);
#6280=LINE('',#15020,#7540);
#6281=LINE('',#15021,#7541);
#6282=LINE('',#15023,#7542);
#6283=LINE('',#15026,#7543);
#6284=LINE('',#15028,#7544);
#6285=LINE('',#15030,#7545);
#6286=LINE('',#15032,#7546);
#6287=LINE('',#15034,#7547);
#6288=LINE('',#15036,#7548);
#6289=LINE('',#15038,#7549);
#6290=LINE('',#15040,#7550);
#6291=LINE('',#15042,#7551);
#6292=LINE('',#15044,#7552);
#6293=LINE('',#15046,#7553);
#6294=LINE('',#15048,#7554);
#6295=LINE('',#15050,#7555);
#6296=LINE('',#15052,#7556);
#6297=LINE('',#15054,#7557);
#6298=LINE('',#15056,#7558);
#6299=LINE('',#15057,#7559);
#6300=LINE('',#15059,#7560);
#6301=LINE('',#15062,#7561);
#6302=LINE('',#15064,#7562);
#6303=LINE('',#15066,#7563);
#6304=LINE('',#15068,#7564);
#6305=LINE('',#15070,#7565);
#6306=LINE('',#15072,#7566);
#6307=LINE('',#15074,#7567);
#6308=LINE('',#15076,#7568);
#6309=LINE('',#15078,#7569);
#6310=LINE('',#15080,#7570);
#6311=LINE('',#15082,#7571);
#6312=LINE('',#15084,#7572);
#6313=LINE('',#15086,#7573);
#6314=LINE('',#15088,#7574);
#6315=LINE('',#15090,#7575);
#6316=LINE('',#15092,#7576);
#6317=LINE('',#15093,#7577);
#6318=LINE('',#15095,#7578);
#6319=LINE('',#15098,#7579);
#6320=LINE('',#15100,#7580);
#6321=LINE('',#15102,#7581);
#6322=LINE('',#15104,#7582);
#6323=LINE('',#15106,#7583);
#6324=LINE('',#15108,#7584);
#6325=LINE('',#15110,#7585);
#6326=LINE('',#15112,#7586);
#6327=LINE('',#15114,#7587);
#6328=LINE('',#15116,#7588);
#6329=LINE('',#15118,#7589);
#6330=LINE('',#15120,#7590);
#6331=LINE('',#15122,#7591);
#6332=LINE('',#15124,#7592);
#6333=LINE('',#15126,#7593);
#6334=LINE('',#15128,#7594);
#6335=LINE('',#15129,#7595);
#6336=LINE('',#15131,#7596);
#6337=LINE('',#15134,#7597);
#6338=LINE('',#15136,#7598);
#6339=LINE('',#15138,#7599);
#6340=LINE('',#15140,#7600);
#6341=LINE('',#15142,#7601);
#6342=LINE('',#15144,#7602);
#6343=LINE('',#15146,#7603);
#6344=LINE('',#15148,#7604);
#6345=LINE('',#15150,#7605);
#6346=LINE('',#15152,#7606);
#6347=LINE('',#15154,#7607);
#6348=LINE('',#15156,#7608);
#6349=LINE('',#15158,#7609);
#6350=LINE('',#15160,#7610);
#6351=LINE('',#15162,#7611);
#6352=LINE('',#15164,#7612);
#6353=LINE('',#15165,#7613);
#6354=LINE('',#15167,#7614);
#6355=LINE('',#15170,#7615);
#6356=LINE('',#15172,#7616);
#6357=LINE('',#15174,#7617);
#6358=LINE('',#15176,#7618);
#6359=LINE('',#15178,#7619);
#6360=LINE('',#15180,#7620);
#6361=LINE('',#15182,#7621);
#6362=LINE('',#15184,#7622);
#6363=LINE('',#15186,#7623);
#6364=LINE('',#15188,#7624);
#6365=LINE('',#15190,#7625);
#6366=LINE('',#15192,#7626);
#6367=LINE('',#15194,#7627);
#6368=LINE('',#15196,#7628);
#6369=LINE('',#15198,#7629);
#6370=LINE('',#15200,#7630);
#6371=LINE('',#15201,#7631);
#6372=LINE('',#15203,#7632);
#6373=LINE('',#15206,#7633);
#6374=LINE('',#15208,#7634);
#6375=LINE('',#15210,#7635);
#6376=LINE('',#15212,#7636);
#6377=LINE('',#15214,#7637);
#6378=LINE('',#15216,#7638);
#6379=LINE('',#15218,#7639);
#6380=LINE('',#15220,#7640);
#6381=LINE('',#15222,#7641);
#6382=LINE('',#15224,#7642);
#6383=LINE('',#15226,#7643);
#6384=LINE('',#15228,#7644);
#6385=LINE('',#15230,#7645);
#6386=LINE('',#15232,#7646);
#6387=LINE('',#15234,#7647);
#6388=LINE('',#15236,#7648);
#6389=LINE('',#15237,#7649);
#6390=LINE('',#15239,#7650);
#6391=LINE('',#15242,#7651);
#6392=LINE('',#15244,#7652);
#6393=LINE('',#15246,#7653);
#6394=LINE('',#15248,#7654);
#6395=LINE('',#15250,#7655);
#6396=LINE('',#15252,#7656);
#6397=LINE('',#15254,#7657);
#6398=LINE('',#15256,#7658);
#6399=LINE('',#15258,#7659);
#6400=LINE('',#15260,#7660);
#6401=LINE('',#15262,#7661);
#6402=LINE('',#15264,#7662);
#6403=LINE('',#15266,#7663);
#6404=LINE('',#15268,#7664);
#6405=LINE('',#15270,#7665);
#6406=LINE('',#15272,#7666);
#6407=LINE('',#15273,#7667);
#6408=LINE('',#15275,#7668);
#6409=LINE('',#15278,#7669);
#6410=LINE('',#15280,#7670);
#6411=LINE('',#15282,#7671);
#6412=LINE('',#15284,#7672);
#6413=LINE('',#15286,#7673);
#6414=LINE('',#15288,#7674);
#6415=LINE('',#15290,#7675);
#6416=LINE('',#15292,#7676);
#6417=LINE('',#15294,#7677);
#6418=LINE('',#15296,#7678);
#6419=LINE('',#15298,#7679);
#6420=LINE('',#15300,#7680);
#6421=LINE('',#15302,#7681);
#6422=LINE('',#15304,#7682);
#6423=LINE('',#15306,#7683);
#6424=LINE('',#15308,#7684);
#6425=LINE('',#15309,#7685);
#6426=LINE('',#15311,#7686);
#6427=LINE('',#15314,#7687);
#6428=LINE('',#15316,#7688);
#6429=LINE('',#15318,#7689);
#6430=LINE('',#15320,#7690);
#6431=LINE('',#15322,#7691);
#6432=LINE('',#15324,#7692);
#6433=LINE('',#15326,#7693);
#6434=LINE('',#15328,#7694);
#6435=LINE('',#15330,#7695);
#6436=LINE('',#15332,#7696);
#6437=LINE('',#15334,#7697);
#6438=LINE('',#15336,#7698);
#6439=LINE('',#15338,#7699);
#6440=LINE('',#15340,#7700);
#6441=LINE('',#15342,#7701);
#6442=LINE('',#15344,#7702);
#6443=LINE('',#15345,#7703);
#6444=LINE('',#15347,#7704);
#6445=LINE('',#15350,#7705);
#6446=LINE('',#15352,#7706);
#6447=LINE('',#15354,#7707);
#6448=LINE('',#15356,#7708);
#6449=LINE('',#15358,#7709);
#6450=LINE('',#15360,#7710);
#6451=LINE('',#15362,#7711);
#6452=LINE('',#15364,#7712);
#6453=LINE('',#15366,#7713);
#6454=LINE('',#15368,#7714);
#6455=LINE('',#15370,#7715);
#6456=LINE('',#15372,#7716);
#6457=LINE('',#15374,#7717);
#6458=LINE('',#15376,#7718);
#6459=LINE('',#15378,#7719);
#6460=LINE('',#15380,#7720);
#6461=LINE('',#15381,#7721);
#6462=LINE('',#15383,#7722);
#6463=LINE('',#15386,#7723);
#6464=LINE('',#15388,#7724);
#6465=LINE('',#15390,#7725);
#6466=LINE('',#15392,#7726);
#6467=LINE('',#15394,#7727);
#6468=LINE('',#15396,#7728);
#6469=LINE('',#15398,#7729);
#6470=LINE('',#15400,#7730);
#6471=LINE('',#15402,#7731);
#6472=LINE('',#15404,#7732);
#6473=LINE('',#15406,#7733);
#6474=LINE('',#15408,#7734);
#6475=LINE('',#15410,#7735);
#6476=LINE('',#15412,#7736);
#6477=LINE('',#15414,#7737);
#6478=LINE('',#15416,#7738);
#6479=LINE('',#15417,#7739);
#6480=LINE('',#15419,#7740);
#6481=LINE('',#15422,#7741);
#6482=LINE('',#15424,#7742);
#6483=LINE('',#15426,#7743);
#6484=LINE('',#15428,#7744);
#6485=LINE('',#15430,#7745);
#6486=LINE('',#15432,#7746);
#6487=LINE('',#15434,#7747);
#6488=LINE('',#15436,#7748);
#6489=LINE('',#15438,#7749);
#6490=LINE('',#15440,#7750);
#6491=LINE('',#15442,#7751);
#6492=LINE('',#15444,#7752);
#6493=LINE('',#15446,#7753);
#6494=LINE('',#15448,#7754);
#6495=LINE('',#15450,#7755);
#6496=LINE('',#15452,#7756);
#6497=LINE('',#15453,#7757);
#6498=LINE('',#15455,#7758);
#6499=LINE('',#15458,#7759);
#6500=LINE('',#15460,#7760);
#6501=LINE('',#15462,#7761);
#6502=LINE('',#15464,#7762);
#6503=LINE('',#15466,#7763);
#6504=LINE('',#15468,#7764);
#6505=LINE('',#15470,#7765);
#6506=LINE('',#15472,#7766);
#6507=LINE('',#15474,#7767);
#6508=LINE('',#15476,#7768);
#6509=LINE('',#15478,#7769);
#6510=LINE('',#15480,#7770);
#6511=LINE('',#15482,#7771);
#6512=LINE('',#15484,#7772);
#6513=LINE('',#15486,#7773);
#6514=LINE('',#15488,#7774);
#6515=LINE('',#15489,#7775);
#6516=LINE('',#15491,#7776);
#6517=LINE('',#15494,#7777);
#6518=LINE('',#15496,#7778);
#6519=LINE('',#15498,#7779);
#6520=LINE('',#15500,#7780);
#6521=LINE('',#15502,#7781);
#6522=LINE('',#15504,#7782);
#6523=LINE('',#15506,#7783);
#6524=LINE('',#15508,#7784);
#6525=LINE('',#15510,#7785);
#6526=LINE('',#15512,#7786);
#6527=LINE('',#15514,#7787);
#6528=LINE('',#15516,#7788);
#6529=LINE('',#15518,#7789);
#6530=LINE('',#15520,#7790);
#6531=LINE('',#15522,#7791);
#6532=LINE('',#15524,#7792);
#6533=LINE('',#15525,#7793);
#6534=LINE('',#15527,#7794);
#6535=LINE('',#15530,#7795);
#6536=LINE('',#15532,#7796);
#6537=LINE('',#15534,#7797);
#6538=LINE('',#15536,#7798);
#6539=LINE('',#15538,#7799);
#6540=LINE('',#15540,#7800);
#6541=LINE('',#15542,#7801);
#6542=LINE('',#15544,#7802);
#6543=LINE('',#15546,#7803);
#6544=LINE('',#15548,#7804);
#6545=LINE('',#15550,#7805);
#6546=LINE('',#15552,#7806);
#6547=LINE('',#15554,#7807);
#6548=LINE('',#15556,#7808);
#6549=LINE('',#15558,#7809);
#6550=LINE('',#15560,#7810);
#6551=LINE('',#15561,#7811);
#6552=LINE('',#15563,#7812);
#6553=LINE('',#15566,#7813);
#6554=LINE('',#15568,#7814);
#6555=LINE('',#15570,#7815);
#6556=LINE('',#15572,#7816);
#6557=LINE('',#15574,#7817);
#6558=LINE('',#15576,#7818);
#6559=LINE('',#15578,#7819);
#6560=LINE('',#15580,#7820);
#6561=LINE('',#15582,#7821);
#6562=LINE('',#15584,#7822);
#6563=LINE('',#15586,#7823);
#6564=LINE('',#15588,#7824);
#6565=LINE('',#15590,#7825);
#6566=LINE('',#15592,#7826);
#6567=LINE('',#15594,#7827);
#6568=LINE('',#15596,#7828);
#6569=LINE('',#15597,#7829);
#6570=LINE('',#15599,#7830);
#6571=LINE('',#15602,#7831);
#6572=LINE('',#15604,#7832);
#6573=LINE('',#15606,#7833);
#6574=LINE('',#15610,#7834);
#6575=LINE('',#15614,#7835);
#6576=LINE('',#15616,#7836);
#6577=LINE('',#15618,#7837);
#6578=LINE('',#15623,#7838);
#6579=LINE('',#15626,#7839);
#6580=LINE('',#15628,#7840);
#6581=LINE('',#15630,#7841);
#6582=LINE('',#15634,#7842);
#6583=LINE('',#15638,#7843);
#6584=LINE('',#15640,#7844);
#6585=LINE('',#15642,#7845);
#6586=LINE('',#15647,#7846);
#6587=LINE('',#15650,#7847);
#6588=LINE('',#15652,#7848);
#6589=LINE('',#15654,#7849);
#6590=LINE('',#15658,#7850);
#6591=LINE('',#15662,#7851);
#6592=LINE('',#15664,#7852);
#6593=LINE('',#15666,#7853);
#6594=LINE('',#15671,#7854);
#6595=LINE('',#15674,#7855);
#6596=LINE('',#15676,#7856);
#6597=LINE('',#15678,#7857);
#6598=LINE('',#15682,#7858);
#6599=LINE('',#15686,#7859);
#6600=LINE('',#15688,#7860);
#6601=LINE('',#15690,#7861);
#6602=LINE('',#15695,#7862);
#6603=LINE('',#15698,#7863);
#6604=LINE('',#15700,#7864);
#6605=LINE('',#15702,#7865);
#6606=LINE('',#15706,#7866);
#6607=LINE('',#15710,#7867);
#6608=LINE('',#15712,#7868);
#6609=LINE('',#15714,#7869);
#6610=LINE('',#15719,#7870);
#6611=LINE('',#15722,#7871);
#6612=LINE('',#15724,#7872);
#6613=LINE('',#15726,#7873);
#6614=LINE('',#15730,#7874);
#6615=LINE('',#15734,#7875);
#6616=LINE('',#15736,#7876);
#6617=LINE('',#15738,#7877);
#6618=LINE('',#15743,#7878);
#6619=LINE('',#15746,#7879);
#6620=LINE('',#15748,#7880);
#6621=LINE('',#15750,#7881);
#6622=LINE('',#15754,#7882);
#6623=LINE('',#15758,#7883);
#6624=LINE('',#15760,#7884);
#6625=LINE('',#15762,#7885);
#6626=LINE('',#15767,#7886);
#6627=LINE('',#15770,#7887);
#6628=LINE('',#15772,#7888);
#6629=LINE('',#15774,#7889);
#6630=LINE('',#15778,#7890);
#6631=LINE('',#15782,#7891);
#6632=LINE('',#15784,#7892);
#6633=LINE('',#15786,#7893);
#6634=LINE('',#15791,#7894);
#6635=LINE('',#15794,#7895);
#6636=LINE('',#15796,#7896);
#6637=LINE('',#15798,#7897);
#6638=LINE('',#15802,#7898);
#6639=LINE('',#15806,#7899);
#6640=LINE('',#15808,#7900);
#6641=LINE('',#15810,#7901);
#6642=LINE('',#15815,#7902);
#6643=LINE('',#15818,#7903);
#6644=LINE('',#15820,#7904);
#6645=LINE('',#15822,#7905);
#6646=LINE('',#15826,#7906);
#6647=LINE('',#15830,#7907);
#6648=LINE('',#15832,#7908);
#6649=LINE('',#15834,#7909);
#6650=LINE('',#15839,#7910);
#6651=LINE('',#15842,#7911);
#6652=LINE('',#15844,#7912);
#6653=LINE('',#15846,#7913);
#6654=LINE('',#15850,#7914);
#6655=LINE('',#15854,#7915);
#6656=LINE('',#15856,#7916);
#6657=LINE('',#15858,#7917);
#6658=LINE('',#15863,#7918);
#6659=LINE('',#15866,#7919);
#6660=LINE('',#15868,#7920);
#6661=LINE('',#15870,#7921);
#6662=LINE('',#15874,#7922);
#6663=LINE('',#15878,#7923);
#6664=LINE('',#15880,#7924);
#6665=LINE('',#15882,#7925);
#6666=LINE('',#15887,#7926);
#6667=LINE('',#15890,#7927);
#6668=LINE('',#15892,#7928);
#6669=LINE('',#15894,#7929);
#6670=LINE('',#15898,#7930);
#6671=LINE('',#15902,#7931);
#6672=LINE('',#15904,#7932);
#6673=LINE('',#15906,#7933);
#6674=LINE('',#15911,#7934);
#6675=LINE('',#15914,#7935);
#6676=LINE('',#15916,#7936);
#6677=LINE('',#15918,#7937);
#6678=LINE('',#15922,#7938);
#6679=LINE('',#15926,#7939);
#6680=LINE('',#15928,#7940);
#6681=LINE('',#15930,#7941);
#6682=LINE('',#15935,#7942);
#6683=LINE('',#15938,#7943);
#6684=LINE('',#15940,#7944);
#6685=LINE('',#15942,#7945);
#6686=LINE('',#15946,#7946);
#6687=LINE('',#15950,#7947);
#6688=LINE('',#15952,#7948);
#6689=LINE('',#15954,#7949);
#6690=LINE('',#15959,#7950);
#6691=LINE('',#15962,#7951);
#6692=LINE('',#15964,#7952);
#6693=LINE('',#15966,#7953);
#6694=LINE('',#15970,#7954);
#6695=LINE('',#15974,#7955);
#6696=LINE('',#15976,#7956);
#6697=LINE('',#15978,#7957);
#6698=LINE('',#15983,#7958);
#6699=LINE('',#15986,#7959);
#6700=LINE('',#15988,#7960);
#6701=LINE('',#15990,#7961);
#6702=LINE('',#15994,#7962);
#6703=LINE('',#15998,#7963);
#6704=LINE('',#16000,#7964);
#6705=LINE('',#16002,#7965);
#6706=LINE('',#16007,#7966);
#6707=LINE('',#16010,#7967);
#6708=LINE('',#16012,#7968);
#6709=LINE('',#16014,#7969);
#6710=LINE('',#16018,#7970);
#6711=LINE('',#16022,#7971);
#6712=LINE('',#16024,#7972);
#6713=LINE('',#16026,#7973);
#6714=LINE('',#16031,#7974);
#6715=LINE('',#16034,#7975);
#6716=LINE('',#16036,#7976);
#6717=LINE('',#16038,#7977);
#6718=LINE('',#16042,#7978);
#6719=LINE('',#16046,#7979);
#6720=LINE('',#16048,#7980);
#6721=LINE('',#16050,#7981);
#6722=LINE('',#16055,#7982);
#6723=LINE('',#16058,#7983);
#6724=LINE('',#16060,#7984);
#6725=LINE('',#16062,#7985);
#6726=LINE('',#16066,#7986);
#6727=LINE('',#16070,#7987);
#6728=LINE('',#16072,#7988);
#6729=LINE('',#16074,#7989);
#6730=LINE('',#16079,#7990);
#6731=LINE('',#16082,#7991);
#6732=LINE('',#16084,#7992);
#6733=LINE('',#16086,#7993);
#6734=LINE('',#16090,#7994);
#6735=LINE('',#16094,#7995);
#6736=LINE('',#16096,#7996);
#6737=LINE('',#16098,#7997);
#6738=LINE('',#16103,#7998);
#6739=LINE('',#16106,#7999);
#6740=LINE('',#16108,#8000);
#6741=LINE('',#16110,#8001);
#6742=LINE('',#16114,#8002);
#6743=LINE('',#16118,#8003);
#6744=LINE('',#16120,#8004);
#6745=LINE('',#16122,#8005);
#6746=LINE('',#16127,#8006);
#6747=LINE('',#16130,#8007);
#6748=LINE('',#16132,#8008);
#6749=LINE('',#16134,#8009);
#6750=LINE('',#16138,#8010);
#6751=LINE('',#16142,#8011);
#6752=LINE('',#16144,#8012);
#6753=LINE('',#16146,#8013);
#6754=LINE('',#16151,#8014);
#6755=LINE('',#16154,#8015);
#6756=LINE('',#16156,#8016);
#6757=LINE('',#16158,#8017);
#6758=LINE('',#16162,#8018);
#6759=LINE('',#16166,#8019);
#6760=LINE('',#16168,#8020);
#6761=LINE('',#16170,#8021);
#6762=LINE('',#16175,#8022);
#6763=LINE('',#16178,#8023);
#6764=LINE('',#16180,#8024);
#6765=LINE('',#16182,#8025);
#6766=LINE('',#16186,#8026);
#6767=LINE('',#16190,#8027);
#6768=LINE('',#16192,#8028);
#6769=LINE('',#16194,#8029);
#6770=LINE('',#16199,#8030);
#6771=LINE('',#16202,#8031);
#6772=LINE('',#16204,#8032);
#6773=LINE('',#16206,#8033);
#6774=LINE('',#16210,#8034);
#6775=LINE('',#16214,#8035);
#6776=LINE('',#16216,#8036);
#6777=LINE('',#16218,#8037);
#6778=LINE('',#16223,#8038);
#6779=LINE('',#16226,#8039);
#6780=LINE('',#16228,#8040);
#6781=LINE('',#16230,#8041);
#6782=LINE('',#16234,#8042);
#6783=LINE('',#16238,#8043);
#6784=LINE('',#16240,#8044);
#6785=LINE('',#16242,#8045);
#6786=LINE('',#16247,#8046);
#6787=LINE('',#16250,#8047);
#6788=LINE('',#16252,#8048);
#6789=LINE('',#16254,#8049);
#6790=LINE('',#16258,#8050);
#6791=LINE('',#16262,#8051);
#6792=LINE('',#16264,#8052);
#6793=LINE('',#16266,#8053);
#6794=LINE('',#16271,#8054);
#6795=LINE('',#16274,#8055);
#6796=LINE('',#16276,#8056);
#6797=LINE('',#16278,#8057);
#6798=LINE('',#16282,#8058);
#6799=LINE('',#16286,#8059);
#6800=LINE('',#16288,#8060);
#6801=LINE('',#16290,#8061);
#6802=LINE('',#16295,#8062);
#6803=LINE('',#16298,#8063);
#6804=LINE('',#16300,#8064);
#6805=LINE('',#16302,#8065);
#6806=LINE('',#16306,#8066);
#6807=LINE('',#16310,#8067);
#6808=LINE('',#16312,#8068);
#6809=LINE('',#16314,#8069);
#6810=LINE('',#16319,#8070);
#6811=LINE('',#16322,#8071);
#6812=LINE('',#16324,#8072);
#6813=LINE('',#16326,#8073);
#6814=LINE('',#16330,#8074);
#6815=LINE('',#16334,#8075);
#6816=LINE('',#16336,#8076);
#6817=LINE('',#16338,#8077);
#6818=LINE('',#16343,#8078);
#6819=LINE('',#16346,#8079);
#6820=LINE('',#16348,#8080);
#6821=LINE('',#16350,#8081);
#6822=LINE('',#16354,#8082);
#6823=LINE('',#16358,#8083);
#6824=LINE('',#16360,#8084);
#6825=LINE('',#16362,#8085);
#6826=LINE('',#16367,#8086);
#6827=LINE('',#16370,#8087);
#6828=LINE('',#16372,#8088);
#6829=LINE('',#16374,#8089);
#6830=LINE('',#16378,#8090);
#6831=LINE('',#16382,#8091);
#6832=LINE('',#16384,#8092);
#6833=LINE('',#16386,#8093);
#6834=LINE('',#16391,#8094);
#6835=LINE('',#16394,#8095);
#6836=LINE('',#16396,#8096);
#6837=LINE('',#16398,#8097);
#6838=LINE('',#16402,#8098);
#6839=LINE('',#16406,#8099);
#6840=LINE('',#16408,#8100);
#6841=LINE('',#16410,#8101);
#6842=LINE('',#16415,#8102);
#6843=LINE('',#16418,#8103);
#6844=LINE('',#16420,#8104);
#6845=LINE('',#16422,#8105);
#6846=LINE('',#16426,#8106);
#6847=LINE('',#16430,#8107);
#6848=LINE('',#16432,#8108);
#6849=LINE('',#16434,#8109);
#6850=LINE('',#16439,#8110);
#6851=LINE('',#16442,#8111);
#6852=LINE('',#16444,#8112);
#6853=LINE('',#16446,#8113);
#6854=LINE('',#16450,#8114);
#6855=LINE('',#16454,#8115);
#6856=LINE('',#16456,#8116);
#6857=LINE('',#16458,#8117);
#6858=LINE('',#16463,#8118);
#6859=LINE('',#16466,#8119);
#6860=LINE('',#16468,#8120);
#6861=LINE('',#16470,#8121);
#6862=LINE('',#16474,#8122);
#6863=LINE('',#16478,#8123);
#6864=LINE('',#16480,#8124);
#6865=LINE('',#16482,#8125);
#6866=LINE('',#16487,#8126);
#6867=LINE('',#16490,#8127);
#6868=LINE('',#16492,#8128);
#6869=LINE('',#16494,#8129);
#6870=LINE('',#16498,#8130);
#6871=LINE('',#16502,#8131);
#6872=LINE('',#16504,#8132);
#6873=LINE('',#16506,#8133);
#6874=LINE('',#16511,#8134);
#6875=LINE('',#16514,#8135);
#6876=LINE('',#16516,#8136);
#6877=LINE('',#16518,#8137);
#6878=LINE('',#16522,#8138);
#6879=LINE('',#16526,#8139);
#6880=LINE('',#16528,#8140);
#6881=LINE('',#16530,#8141);
#6882=LINE('',#16535,#8142);
#6883=LINE('',#16538,#8143);
#6884=LINE('',#16540,#8144);
#6885=LINE('',#16542,#8145);
#6886=LINE('',#16546,#8146);
#6887=LINE('',#16550,#8147);
#6888=LINE('',#16552,#8148);
#6889=LINE('',#16554,#8149);
#6890=LINE('',#16559,#8150);
#6891=LINE('',#16562,#8151);
#6892=LINE('',#16564,#8152);
#6893=LINE('',#16566,#8153);
#6894=LINE('',#16570,#8154);
#6895=LINE('',#16574,#8155);
#6896=LINE('',#16576,#8156);
#6897=LINE('',#16578,#8157);
#6898=LINE('',#16583,#8158);
#6899=LINE('',#16586,#8159);
#6900=LINE('',#16588,#8160);
#6901=LINE('',#16590,#8161);
#6902=LINE('',#16594,#8162);
#6903=LINE('',#16598,#8163);
#6904=LINE('',#16600,#8164);
#6905=LINE('',#16602,#8165);
#6906=LINE('',#16607,#8166);
#6907=LINE('',#16610,#8167);
#6908=LINE('',#16612,#8168);
#6909=LINE('',#16614,#8169);
#6910=LINE('',#16618,#8170);
#6911=LINE('',#16622,#8171);
#6912=LINE('',#16624,#8172);
#6913=LINE('',#16626,#8173);
#6914=LINE('',#16631,#8174);
#6915=LINE('',#16634,#8175);
#6916=LINE('',#16636,#8176);
#6917=LINE('',#16638,#8177);
#6918=LINE('',#16642,#8178);
#6919=LINE('',#16646,#8179);
#6920=LINE('',#16648,#8180);
#6921=LINE('',#16650,#8181);
#6922=LINE('',#16655,#8182);
#6923=LINE('',#16658,#8183);
#6924=LINE('',#16660,#8184);
#6925=LINE('',#16662,#8185);
#6926=LINE('',#16666,#8186);
#6927=LINE('',#16670,#8187);
#6928=LINE('',#16672,#8188);
#6929=LINE('',#16674,#8189);
#6930=LINE('',#16679,#8190);
#6931=LINE('',#16682,#8191);
#6932=LINE('',#16684,#8192);
#6933=LINE('',#16686,#8193);
#6934=LINE('',#16690,#8194);
#6935=LINE('',#16694,#8195);
#6936=LINE('',#16696,#8196);
#6937=LINE('',#16698,#8197);
#6938=LINE('',#16703,#8198);
#6939=LINE('',#16708,#8199);
#6940=LINE('',#16712,#8200);
#6941=LINE('',#16717,#8201);
#6942=LINE('',#16721,#8202);
#6943=LINE('',#16726,#8203);
#6944=LINE('',#16730,#8204);
#6945=LINE('',#16735,#8205);
#6946=LINE('',#16739,#8206);
#6947=LINE('',#16742,#8207);
#6948=LINE('',#16744,#8208);
#6949=LINE('',#16746,#8209);
#6950=LINE('',#16748,#8210);
#6951=LINE('',#16750,#8211);
#6952=LINE('',#16751,#8212);
#6953=LINE('',#16754,#8213);
#6954=LINE('',#16756,#8214);
#6955=LINE('',#16758,#8215);
#6956=LINE('',#16760,#8216);
#6957=LINE('',#16762,#8217);
#6958=LINE('',#16763,#8218);
#6959=LINE('',#16768,#8219);
#6960=LINE('',#16771,#8220);
#6961=LINE('',#16776,#8221);
#6962=LINE('',#16779,#8222);
#6963=LINE('',#16781,#8223);
#6964=LINE('',#16783,#8224);
#6965=LINE('',#16785,#8225);
#6966=LINE('',#16787,#8226);
#6967=LINE('',#16788,#8227);
#6968=LINE('',#16790,#8228);
#6969=LINE('',#16792,#8229);
#6970=LINE('',#16793,#8230);
#6971=LINE('',#16795,#8231);
#6972=LINE('',#16797,#8232);
#6973=LINE('',#16799,#8233);
#6974=LINE('',#16801,#8234);
#6975=LINE('',#16803,#8235);
#6976=LINE('',#16805,#8236);
#6977=LINE('',#16807,#8237);
#6978=LINE('',#16809,#8238);
#6979=LINE('',#16811,#8239);
#6980=LINE('',#16813,#8240);
#6981=LINE('',#16815,#8241);
#6982=LINE('',#16817,#8242);
#6983=LINE('',#16818,#8243);
#6984=LINE('',#16820,#8244);
#6985=LINE('',#16822,#8245);
#6986=LINE('',#16824,#8246);
#6987=LINE('',#16827,#8247);
#6988=LINE('',#16829,#8248);
#6989=LINE('',#16831,#8249);
#6990=LINE('',#16833,#8250);
#6991=LINE('',#16835,#8251);
#6992=LINE('',#16836,#8252);
#6993=LINE('',#16839,#8253);
#6994=LINE('',#16841,#8254);
#6995=LINE('',#16843,#8255);
#6996=LINE('',#16845,#8256);
#6997=LINE('',#16847,#8257);
#6998=LINE('',#16848,#8258);
#6999=LINE('',#16853,#8259);
#7000=LINE('',#16856,#8260);
#7001=LINE('',#16861,#8261);
#7002=LINE('',#16864,#8262);
#7003=LINE('',#16867,#8263);
#7004=LINE('',#16868,#8264);
#7005=LINE('',#16870,#8265);
#7006=LINE('',#16872,#8266);
#7007=LINE('',#16873,#8267);
#7008=LINE('',#16875,#8268);
#7009=LINE('',#16877,#8269);
#7010=LINE('',#16879,#8270);
#7011=LINE('',#16881,#8271);
#7012=LINE('',#16883,#8272);
#7013=LINE('',#16885,#8273);
#7014=LINE('',#16887,#8274);
#7015=LINE('',#16889,#8275);
#7016=LINE('',#16891,#8276);
#7017=LINE('',#16893,#8277);
#7018=LINE('',#16895,#8278);
#7019=LINE('',#16897,#8279);
#7020=LINE('',#16898,#8280);
#7021=LINE('',#16900,#8281);
#7022=LINE('',#16902,#8282);
#7023=LINE('',#16903,#8283);
#7024=LINE('',#16905,#8284);
#7025=LINE('',#16907,#8285);
#7026=LINE('',#16909,#8286);
#7027=LINE('',#16914,#8287);
#7028=LINE('',#16918,#8288);
#7029=LINE('',#16921,#8289);
#7030=LINE('',#16922,#8290);
#7031=LINE('',#16931,#8291);
#7032=LINE('',#16933,#8292);
#7033=LINE('',#16934,#8293);
#7034=LINE('',#16936,#8294);
#7035=LINE('',#16941,#8295);
#7036=LINE('',#16945,#8296);
#7037=LINE('',#16948,#8297);
#7038=LINE('',#16949,#8298);
#7039=LINE('',#16964,#8299);
#7040=LINE('',#16966,#8300);
#7041=LINE('',#16967,#8301);
#7042=LINE('',#16969,#8302);
#7043=LINE('',#16972,#8303);
#7044=LINE('',#16976,#8304);
#7045=LINE('',#16977,#8305);
#7046=LINE('',#16985,#8306);
#7047=LINE('',#16986,#8307);
#7048=LINE('',#16994,#8308);
#7049=LINE('',#16995,#8309);
#7050=LINE('',#17003,#8310);
#7051=LINE('',#17004,#8311);
#7052=LINE('',#17012,#8312);
#7053=LINE('',#17013,#8313);
#7054=LINE('',#17025,#8314);
#7055=LINE('',#17026,#8315);
#7056=LINE('',#17028,#8316);
#7057=LINE('',#17030,#8317);
#7058=LINE('',#17033,#8318);
#7059=LINE('',#17034,#8319);
#7060=LINE('',#17036,#8320);
#7061=LINE('',#17038,#8321);
#7062=LINE('',#17041,#8322);
#7063=LINE('',#17042,#8323);
#7064=LINE('',#17044,#8324);
#7065=LINE('',#17046,#8325);
#7066=LINE('',#17048,#8326);
#7067=LINE('',#17050,#8327);
#7068=LINE('',#17053,#8328);
#7069=LINE('',#17054,#8329);
#7070=LINE('',#17056,#8330);
#7071=LINE('',#17058,#8331);
#7072=LINE('',#17060,#8332);
#7073=LINE('',#17062,#8333);
#7074=VECTOR('',#11367,1.);
#7075=VECTOR('',#11368,1.);
#7076=VECTOR('',#11369,1.);
#7077=VECTOR('',#11370,1.);
#7078=VECTOR('',#11373,1.);
#7079=VECTOR('',#11374,1.);
#7080=VECTOR('',#11375,1.);
#7081=VECTOR('',#11378,1.);
#7082=VECTOR('',#11379,1.);
#7083=VECTOR('',#11380,1.);
#7084=VECTOR('',#11383,1.);
#7085=VECTOR('',#11384,1.);
#7086=VECTOR('',#11385,1.);
#7087=VECTOR('',#11388,1.);
#7088=VECTOR('',#11389,1.);
#7089=VECTOR('',#11390,1.);
#7090=VECTOR('',#11393,1.);
#7091=VECTOR('',#11394,1.);
#7092=VECTOR('',#11397,1.);
#7093=VECTOR('',#11398,1.);
#7094=VECTOR('',#11399,1.);
#7095=VECTOR('',#11400,1.);
#7096=VECTOR('',#11403,1.);
#7097=VECTOR('',#11404,1.);
#7098=VECTOR('',#11405,1.);
#7099=VECTOR('',#11408,1.);
#7100=VECTOR('',#11409,1.);
#7101=VECTOR('',#11410,1.);
#7102=VECTOR('',#11413,1.);
#7103=VECTOR('',#11414,1.);
#7104=VECTOR('',#11415,1.);
#7105=VECTOR('',#11418,1.);
#7106=VECTOR('',#11419,1.);
#7107=VECTOR('',#11420,1.);
#7108=VECTOR('',#11423,1.);
#7109=VECTOR('',#11424,1.);
#7110=VECTOR('',#11427,1.);
#7111=VECTOR('',#11428,1.);
#7112=VECTOR('',#11429,1.);
#7113=VECTOR('',#11430,1.);
#7114=VECTOR('',#11433,1.);
#7115=VECTOR('',#11434,1.);
#7116=VECTOR('',#11435,1.);
#7117=VECTOR('',#11438,1.);
#7118=VECTOR('',#11439,1.);
#7119=VECTOR('',#11440,1.);
#7120=VECTOR('',#11443,1.);
#7121=VECTOR('',#11444,1.);
#7122=VECTOR('',#11445,1.);
#7123=VECTOR('',#11448,1.);
#7124=VECTOR('',#11449,1.);
#7125=VECTOR('',#11450,1.);
#7126=VECTOR('',#11453,1.);
#7127=VECTOR('',#11454,1.);
#7128=VECTOR('',#11457,1.);
#7129=VECTOR('',#11458,1.);
#7130=VECTOR('',#11459,1.);
#7131=VECTOR('',#11460,1.);
#7132=VECTOR('',#11463,1.);
#7133=VECTOR('',#11464,1.);
#7134=VECTOR('',#11465,1.);
#7135=VECTOR('',#11468,1.);
#7136=VECTOR('',#11469,1.);
#7137=VECTOR('',#11470,1.);
#7138=VECTOR('',#11473,1.);
#7139=VECTOR('',#11474,1.);
#7140=VECTOR('',#11475,1.);
#7141=VECTOR('',#11478,1.);
#7142=VECTOR('',#11479,1.);
#7143=VECTOR('',#11480,1.);
#7144=VECTOR('',#11483,1.);
#7145=VECTOR('',#11484,1.);
#7146=VECTOR('',#11487,1.);
#7147=VECTOR('',#11488,1.);
#7148=VECTOR('',#11489,1.);
#7149=VECTOR('',#11490,1.);
#7150=VECTOR('',#11493,1.);
#7151=VECTOR('',#11494,1.);
#7152=VECTOR('',#11495,1.);
#7153=VECTOR('',#11498,1.);
#7154=VECTOR('',#11499,1.);
#7155=VECTOR('',#11500,1.);
#7156=VECTOR('',#11503,1.);
#7157=VECTOR('',#11504,1.);
#7158=VECTOR('',#11505,1.);
#7159=VECTOR('',#11508,1.);
#7160=VECTOR('',#11509,1.);
#7161=VECTOR('',#11510,1.);
#7162=VECTOR('',#11513,1.);
#7163=VECTOR('',#11514,1.);
#7164=VECTOR('',#11517,1.);
#7165=VECTOR('',#11518,1.);
#7166=VECTOR('',#11519,1.);
#7167=VECTOR('',#11520,1.);
#7168=VECTOR('',#11523,1.);
#7169=VECTOR('',#11524,1.);
#7170=VECTOR('',#11525,1.);
#7171=VECTOR('',#11528,1.);
#7172=VECTOR('',#11529,1.);
#7173=VECTOR('',#11530,1.);
#7174=VECTOR('',#11533,1.);
#7175=VECTOR('',#11534,1.);
#7176=VECTOR('',#11535,1.);
#7177=VECTOR('',#11538,1.);
#7178=VECTOR('',#11539,1.);
#7179=VECTOR('',#11540,1.);
#7180=VECTOR('',#11543,1.);
#7181=VECTOR('',#11544,1.);
#7182=VECTOR('',#11547,1.);
#7183=VECTOR('',#11548,1.);
#7184=VECTOR('',#11549,1.);
#7185=VECTOR('',#11550,1.);
#7186=VECTOR('',#11553,1.);
#7187=VECTOR('',#11554,1.);
#7188=VECTOR('',#11555,1.);
#7189=VECTOR('',#11558,1.);
#7190=VECTOR('',#11559,1.);
#7191=VECTOR('',#11560,1.);
#7192=VECTOR('',#11563,1.);
#7193=VECTOR('',#11564,1.);
#7194=VECTOR('',#11565,1.);
#7195=VECTOR('',#11568,1.);
#7196=VECTOR('',#11569,1.);
#7197=VECTOR('',#11570,1.);
#7198=VECTOR('',#11573,1.);
#7199=VECTOR('',#11574,1.);
#7200=VECTOR('',#11577,1.);
#7201=VECTOR('',#11578,1.);
#7202=VECTOR('',#11579,1.);
#7203=VECTOR('',#11580,1.);
#7204=VECTOR('',#11583,1.);
#7205=VECTOR('',#11584,1.);
#7206=VECTOR('',#11585,1.);
#7207=VECTOR('',#11588,1.);
#7208=VECTOR('',#11589,1.);
#7209=VECTOR('',#11590,1.);
#7210=VECTOR('',#11593,1.);
#7211=VECTOR('',#11594,1.);
#7212=VECTOR('',#11595,1.);
#7213=VECTOR('',#11598,1.);
#7214=VECTOR('',#11599,1.);
#7215=VECTOR('',#11600,1.);
#7216=VECTOR('',#11603,1.);
#7217=VECTOR('',#11604,1.);
#7218=VECTOR('',#11607,1.);
#7219=VECTOR('',#11608,1.);
#7220=VECTOR('',#11609,1.);
#7221=VECTOR('',#11610,1.);
#7222=VECTOR('',#11613,1.);
#7223=VECTOR('',#11614,1.);
#7224=VECTOR('',#11615,1.);
#7225=VECTOR('',#11618,1.);
#7226=VECTOR('',#11619,1.);
#7227=VECTOR('',#11620,1.);
#7228=VECTOR('',#11623,1.);
#7229=VECTOR('',#11624,1.);
#7230=VECTOR('',#11625,1.);
#7231=VECTOR('',#11628,1.);
#7232=VECTOR('',#11629,1.);
#7233=VECTOR('',#11630,1.);
#7234=VECTOR('',#11633,1.);
#7235=VECTOR('',#11634,1.);
#7236=VECTOR('',#11637,1.);
#7237=VECTOR('',#11638,1.);
#7238=VECTOR('',#11639,1.);
#7239=VECTOR('',#11640,1.);
#7240=VECTOR('',#11643,1.);
#7241=VECTOR('',#11644,1.);
#7242=VECTOR('',#11645,1.);
#7243=VECTOR('',#11648,1.);
#7244=VECTOR('',#11649,1.);
#7245=VECTOR('',#11650,1.);
#7246=VECTOR('',#11653,1.);
#7247=VECTOR('',#11654,1.);
#7248=VECTOR('',#11655,1.);
#7249=VECTOR('',#11658,1.);
#7250=VECTOR('',#11659,1.);
#7251=VECTOR('',#11660,1.);
#7252=VECTOR('',#11663,1.);
#7253=VECTOR('',#11664,1.);
#7254=VECTOR('',#11667,1.);
#7255=VECTOR('',#11668,1.);
#7256=VECTOR('',#11669,1.);
#7257=VECTOR('',#11670,1.);
#7258=VECTOR('',#11673,1.);
#7259=VECTOR('',#11674,1.);
#7260=VECTOR('',#11675,1.);
#7261=VECTOR('',#11678,1.);
#7262=VECTOR('',#11679,1.);
#7263=VECTOR('',#11680,1.);
#7264=VECTOR('',#11683,1.);
#7265=VECTOR('',#11684,1.);
#7266=VECTOR('',#11685,1.);
#7267=VECTOR('',#11688,1.);
#7268=VECTOR('',#11689,1.);
#7269=VECTOR('',#11690,1.);
#7270=VECTOR('',#11693,1.);
#7271=VECTOR('',#11694,1.);
#7272=VECTOR('',#11697,1.);
#7273=VECTOR('',#11698,1.);
#7274=VECTOR('',#11699,1.);
#7275=VECTOR('',#11700,1.);
#7276=VECTOR('',#11703,1.);
#7277=VECTOR('',#11704,1.);
#7278=VECTOR('',#11705,1.);
#7279=VECTOR('',#11708,1.);
#7280=VECTOR('',#11709,1.);
#7281=VECTOR('',#11710,1.);
#7282=VECTOR('',#11713,1.);
#7283=VECTOR('',#11714,1.);
#7284=VECTOR('',#11715,1.);
#7285=VECTOR('',#11718,1.);
#7286=VECTOR('',#11719,1.);
#7287=VECTOR('',#11720,1.);
#7288=VECTOR('',#11723,1.);
#7289=VECTOR('',#11724,1.);
#7290=VECTOR('',#11727,1.);
#7291=VECTOR('',#11728,1.);
#7292=VECTOR('',#11729,1.);
#7293=VECTOR('',#11730,1.);
#7294=VECTOR('',#11733,1.);
#7295=VECTOR('',#11734,1.);
#7296=VECTOR('',#11735,1.);
#7297=VECTOR('',#11738,1.);
#7298=VECTOR('',#11739,1.);
#7299=VECTOR('',#11740,1.);
#7300=VECTOR('',#11743,1.);
#7301=VECTOR('',#11744,1.);
#7302=VECTOR('',#11745,1.);
#7303=VECTOR('',#11748,1.);
#7304=VECTOR('',#11749,1.);
#7305=VECTOR('',#11750,1.);
#7306=VECTOR('',#11753,1.);
#7307=VECTOR('',#11754,1.);
#7308=VECTOR('',#11757,1.);
#7309=VECTOR('',#11758,1.);
#7310=VECTOR('',#11759,1.);
#7311=VECTOR('',#11760,1.);
#7312=VECTOR('',#11763,1.);
#7313=VECTOR('',#11764,1.);
#7314=VECTOR('',#11765,1.);
#7315=VECTOR('',#11768,1.);
#7316=VECTOR('',#11769,1.);
#7317=VECTOR('',#11770,1.);
#7318=VECTOR('',#11773,1.);
#7319=VECTOR('',#11774,1.);
#7320=VECTOR('',#11775,1.);
#7321=VECTOR('',#11778,1.);
#7322=VECTOR('',#11779,1.);
#7323=VECTOR('',#11780,1.);
#7324=VECTOR('',#11783,1.);
#7325=VECTOR('',#11784,1.);
#7326=VECTOR('',#11787,1.);
#7327=VECTOR('',#11788,1.);
#7328=VECTOR('',#11789,1.);
#7329=VECTOR('',#11790,1.);
#7330=VECTOR('',#11793,1.);
#7331=VECTOR('',#11794,1.);
#7332=VECTOR('',#11795,1.);
#7333=VECTOR('',#11798,1.);
#7334=VECTOR('',#11799,1.);
#7335=VECTOR('',#11800,1.);
#7336=VECTOR('',#11803,1.);
#7337=VECTOR('',#11804,1.);
#7338=VECTOR('',#11805,1.);
#7339=VECTOR('',#11808,1.);
#7340=VECTOR('',#11809,1.);
#7341=VECTOR('',#11810,1.);
#7342=VECTOR('',#11813,1.);
#7343=VECTOR('',#11814,1.);
#7344=VECTOR('',#11817,1.);
#7345=VECTOR('',#11818,1.);
#7346=VECTOR('',#11819,1.);
#7347=VECTOR('',#11820,1.);
#7348=VECTOR('',#11823,1.);
#7349=VECTOR('',#11824,1.);
#7350=VECTOR('',#11825,1.);
#7351=VECTOR('',#11828,1.);
#7352=VECTOR('',#11829,1.);
#7353=VECTOR('',#11830,1.);
#7354=VECTOR('',#11833,1.);
#7355=VECTOR('',#11834,1.);
#7356=VECTOR('',#11835,1.);
#7357=VECTOR('',#11838,1.);
#7358=VECTOR('',#11839,1.);
#7359=VECTOR('',#11840,1.);
#7360=VECTOR('',#11843,1.);
#7361=VECTOR('',#11844,1.);
#7362=VECTOR('',#11847,1.);
#7363=VECTOR('',#11848,1.);
#7364=VECTOR('',#11849,1.);
#7365=VECTOR('',#11850,1.);
#7366=VECTOR('',#11853,1.);
#7367=VECTOR('',#11854,1.);
#7368=VECTOR('',#11855,1.);
#7369=VECTOR('',#11858,1.);
#7370=VECTOR('',#11859,1.);
#7371=VECTOR('',#11860,1.);
#7372=VECTOR('',#11863,1.);
#7373=VECTOR('',#11864,1.);
#7374=VECTOR('',#11865,1.);
#7375=VECTOR('',#11868,1.);
#7376=VECTOR('',#11869,1.);
#7377=VECTOR('',#11870,1.);
#7378=VECTOR('',#11873,1.);
#7379=VECTOR('',#11874,1.);
#7380=VECTOR('',#11877,1.);
#7381=VECTOR('',#11878,1.);
#7382=VECTOR('',#11879,1.);
#7383=VECTOR('',#11880,1.);
#7384=VECTOR('',#11883,1.);
#7385=VECTOR('',#11884,1.);
#7386=VECTOR('',#11885,1.);
#7387=VECTOR('',#11888,1.);
#7388=VECTOR('',#11889,1.);
#7389=VECTOR('',#11890,1.);
#7390=VECTOR('',#11893,1.);
#7391=VECTOR('',#11894,1.);
#7392=VECTOR('',#11895,1.);
#7393=VECTOR('',#11898,1.);
#7394=VECTOR('',#11899,1.);
#7395=VECTOR('',#11900,1.);
#7396=VECTOR('',#11903,1.);
#7397=VECTOR('',#11904,1.);
#7398=VECTOR('',#11907,1.);
#7399=VECTOR('',#11908,1.);
#7400=VECTOR('',#11909,1.);
#7401=VECTOR('',#11910,1.);
#7402=VECTOR('',#11913,1.);
#7403=VECTOR('',#11914,1.);
#7404=VECTOR('',#11915,1.);
#7405=VECTOR('',#11918,1.);
#7406=VECTOR('',#11919,1.);
#7407=VECTOR('',#11920,1.);
#7408=VECTOR('',#11923,1.);
#7409=VECTOR('',#11924,1.);
#7410=VECTOR('',#11925,1.);
#7411=VECTOR('',#11928,1.);
#7412=VECTOR('',#11929,1.);
#7413=VECTOR('',#11930,1.);
#7414=VECTOR('',#11933,1.);
#7415=VECTOR('',#11934,1.);
#7416=VECTOR('',#11937,1.);
#7417=VECTOR('',#11938,1.);
#7418=VECTOR('',#11939,1.);
#7419=VECTOR('',#11940,1.);
#7420=VECTOR('',#11943,1.);
#7421=VECTOR('',#11944,1.);
#7422=VECTOR('',#11945,1.);
#7423=VECTOR('',#11948,1.);
#7424=VECTOR('',#11949,1.);
#7425=VECTOR('',#11950,1.);
#7426=VECTOR('',#11953,1.);
#7427=VECTOR('',#11954,1.);
#7428=VECTOR('',#11955,1.);
#7429=VECTOR('',#11958,1.);
#7430=VECTOR('',#11959,1.);
#7431=VECTOR('',#11960,1.);
#7432=VECTOR('',#11963,1.);
#7433=VECTOR('',#11964,1.);
#7434=VECTOR('',#11967,1.);
#7435=VECTOR('',#11968,1.);
#7436=VECTOR('',#11969,1.);
#7437=VECTOR('',#11970,1.);
#7438=VECTOR('',#11973,1.);
#7439=VECTOR('',#11974,1.);
#7440=VECTOR('',#11975,1.);
#7441=VECTOR('',#11978,1.);
#7442=VECTOR('',#11979,1.);
#7443=VECTOR('',#11980,1.);
#7444=VECTOR('',#11983,1.);
#7445=VECTOR('',#11984,1.);
#7446=VECTOR('',#11985,1.);
#7447=VECTOR('',#11988,1.);
#7448=VECTOR('',#11989,1.);
#7449=VECTOR('',#11990,1.);
#7450=VECTOR('',#11993,1.);
#7451=VECTOR('',#11994,1.);
#7452=VECTOR('',#11997,1.);
#7453=VECTOR('',#11998,1.);
#7454=VECTOR('',#11999,1.);
#7455=VECTOR('',#12000,1.);
#7456=VECTOR('',#12003,1.);
#7457=VECTOR('',#12004,1.);
#7458=VECTOR('',#12005,1.);
#7459=VECTOR('',#12008,1.);
#7460=VECTOR('',#12009,1.);
#7461=VECTOR('',#12010,1.);
#7462=VECTOR('',#12013,1.);
#7463=VECTOR('',#12014,1.);
#7464=VECTOR('',#12015,1.);
#7465=VECTOR('',#12018,1.);
#7466=VECTOR('',#12019,1.);
#7467=VECTOR('',#12020,1.);
#7468=VECTOR('',#12023,1.);
#7469=VECTOR('',#12024,1.);
#7470=VECTOR('',#12027,1.);
#7471=VECTOR('',#12028,1.);
#7472=VECTOR('',#12029,1.);
#7473=VECTOR('',#12030,1.);
#7474=VECTOR('',#12033,1.);
#7475=VECTOR('',#12034,1.);
#7476=VECTOR('',#12035,1.);
#7477=VECTOR('',#12038,1.);
#7478=VECTOR('',#12039,1.);
#7479=VECTOR('',#12040,1.);
#7480=VECTOR('',#12043,1.);
#7481=VECTOR('',#12044,1.);
#7482=VECTOR('',#12045,1.);
#7483=VECTOR('',#12048,1.);
#7484=VECTOR('',#12049,1.);
#7485=VECTOR('',#12050,1.);
#7486=VECTOR('',#12053,1.);
#7487=VECTOR('',#12054,1.);
#7488=VECTOR('',#12057,1.);
#7489=VECTOR('',#12058,1.);
#7490=VECTOR('',#12059,1.);
#7491=VECTOR('',#12060,1.);
#7492=VECTOR('',#12063,1.);
#7493=VECTOR('',#12064,1.);
#7494=VECTOR('',#12065,1.);
#7495=VECTOR('',#12068,1.);
#7496=VECTOR('',#12069,1.);
#7497=VECTOR('',#12070,1.);
#7498=VECTOR('',#12073,1.);
#7499=VECTOR('',#12074,1.);
#7500=VECTOR('',#12075,1.);
#7501=VECTOR('',#12078,1.);
#7502=VECTOR('',#12079,1.);
#7503=VECTOR('',#12080,1.);
#7504=VECTOR('',#12083,1.);
#7505=VECTOR('',#12084,1.);
#7506=VECTOR('',#12087,1.);
#7507=VECTOR('',#12088,1.);
#7508=VECTOR('',#12089,1.);
#7509=VECTOR('',#12090,1.);
#7510=VECTOR('',#12093,1.);
#7511=VECTOR('',#12094,1.);
#7512=VECTOR('',#12095,1.);
#7513=VECTOR('',#12098,1.);
#7514=VECTOR('',#12099,1.);
#7515=VECTOR('',#12100,1.);
#7516=VECTOR('',#12103,1.);
#7517=VECTOR('',#12104,1.);
#7518=VECTOR('',#12105,1.);
#7519=VECTOR('',#12108,1.);
#7520=VECTOR('',#12109,1.);
#7521=VECTOR('',#12110,1.);
#7522=VECTOR('',#12113,1.);
#7523=VECTOR('',#12114,1.);
#7524=VECTOR('',#12117,1.);
#7525=VECTOR('',#12118,1.);
#7526=VECTOR('',#12119,1.);
#7527=VECTOR('',#12120,1.);
#7528=VECTOR('',#12123,1.);
#7529=VECTOR('',#12124,1.);
#7530=VECTOR('',#12125,1.);
#7531=VECTOR('',#12128,1.);
#7532=VECTOR('',#12129,1.);
#7533=VECTOR('',#12130,1.);
#7534=VECTOR('',#12133,1.);
#7535=VECTOR('',#12134,1.);
#7536=VECTOR('',#12135,1.);
#7537=VECTOR('',#12138,1.);
#7538=VECTOR('',#12139,1.);
#7539=VECTOR('',#12140,1.);
#7540=VECTOR('',#12143,1.);
#7541=VECTOR('',#12144,1.);
#7542=VECTOR('',#12147,1.);
#7543=VECTOR('',#12148,1.);
#7544=VECTOR('',#12149,1.);
#7545=VECTOR('',#12150,1.);
#7546=VECTOR('',#12153,1.);
#7547=VECTOR('',#12154,1.);
#7548=VECTOR('',#12155,1.);
#7549=VECTOR('',#12158,1.);
#7550=VECTOR('',#12159,1.);
#7551=VECTOR('',#12160,1.);
#7552=VECTOR('',#12163,1.);
#7553=VECTOR('',#12164,1.);
#7554=VECTOR('',#12165,1.);
#7555=VECTOR('',#12168,1.);
#7556=VECTOR('',#12169,1.);
#7557=VECTOR('',#12170,1.);
#7558=VECTOR('',#12173,1.);
#7559=VECTOR('',#12174,1.);
#7560=VECTOR('',#12177,1.);
#7561=VECTOR('',#12178,1.);
#7562=VECTOR('',#12179,1.);
#7563=VECTOR('',#12180,1.);
#7564=VECTOR('',#12183,1.);
#7565=VECTOR('',#12184,1.);
#7566=VECTOR('',#12185,1.);
#7567=VECTOR('',#12188,1.);
#7568=VECTOR('',#12189,1.);
#7569=VECTOR('',#12190,1.);
#7570=VECTOR('',#12193,1.);
#7571=VECTOR('',#12194,1.);
#7572=VECTOR('',#12195,1.);
#7573=VECTOR('',#12198,1.);
#7574=VECTOR('',#12199,1.);
#7575=VECTOR('',#12200,1.);
#7576=VECTOR('',#12203,1.);
#7577=VECTOR('',#12204,1.);
#7578=VECTOR('',#12207,1.);
#7579=VECTOR('',#12208,1.);
#7580=VECTOR('',#12209,1.);
#7581=VECTOR('',#12210,1.);
#7582=VECTOR('',#12213,1.);
#7583=VECTOR('',#12214,1.);
#7584=VECTOR('',#12215,1.);
#7585=VECTOR('',#12218,1.);
#7586=VECTOR('',#12219,1.);
#7587=VECTOR('',#12220,1.);
#7588=VECTOR('',#12223,1.);
#7589=VECTOR('',#12224,1.);
#7590=VECTOR('',#12225,1.);
#7591=VECTOR('',#12228,1.);
#7592=VECTOR('',#12229,1.);
#7593=VECTOR('',#12230,1.);
#7594=VECTOR('',#12233,1.);
#7595=VECTOR('',#12234,1.);
#7596=VECTOR('',#12237,1.);
#7597=VECTOR('',#12238,1.);
#7598=VECTOR('',#12239,1.);
#7599=VECTOR('',#12240,1.);
#7600=VECTOR('',#12243,1.);
#7601=VECTOR('',#12244,1.);
#7602=VECTOR('',#12245,1.);
#7603=VECTOR('',#12248,1.);
#7604=VECTOR('',#12249,1.);
#7605=VECTOR('',#12250,1.);
#7606=VECTOR('',#12253,1.);
#7607=VECTOR('',#12254,1.);
#7608=VECTOR('',#12255,1.);
#7609=VECTOR('',#12258,1.);
#7610=VECTOR('',#12259,1.);
#7611=VECTOR('',#12260,1.);
#7612=VECTOR('',#12263,1.);
#7613=VECTOR('',#12264,1.);
#7614=VECTOR('',#12267,1.);
#7615=VECTOR('',#12268,1.);
#7616=VECTOR('',#12269,1.);
#7617=VECTOR('',#12270,1.);
#7618=VECTOR('',#12273,1.);
#7619=VECTOR('',#12274,1.);
#7620=VECTOR('',#12275,1.);
#7621=VECTOR('',#12278,1.);
#7622=VECTOR('',#12279,1.);
#7623=VECTOR('',#12280,1.);
#7624=VECTOR('',#12283,1.);
#7625=VECTOR('',#12284,1.);
#7626=VECTOR('',#12285,1.);
#7627=VECTOR('',#12288,1.);
#7628=VECTOR('',#12289,1.);
#7629=VECTOR('',#12290,1.);
#7630=VECTOR('',#12293,1.);
#7631=VECTOR('',#12294,1.);
#7632=VECTOR('',#12297,1.);
#7633=VECTOR('',#12298,1.);
#7634=VECTOR('',#12299,1.);
#7635=VECTOR('',#12300,1.);
#7636=VECTOR('',#12303,1.);
#7637=VECTOR('',#12304,1.);
#7638=VECTOR('',#12305,1.);
#7639=VECTOR('',#12308,1.);
#7640=VECTOR('',#12309,1.);
#7641=VECTOR('',#12310,1.);
#7642=VECTOR('',#12313,1.);
#7643=VECTOR('',#12314,1.);
#7644=VECTOR('',#12315,1.);
#7645=VECTOR('',#12318,1.);
#7646=VECTOR('',#12319,1.);
#7647=VECTOR('',#12320,1.);
#7648=VECTOR('',#12323,1.);
#7649=VECTOR('',#12324,1.);
#7650=VECTOR('',#12327,1.);
#7651=VECTOR('',#12328,1.);
#7652=VECTOR('',#12329,1.);
#7653=VECTOR('',#12330,1.);
#7654=VECTOR('',#12333,1.);
#7655=VECTOR('',#12334,1.);
#7656=VECTOR('',#12335,1.);
#7657=VECTOR('',#12338,1.);
#7658=VECTOR('',#12339,1.);
#7659=VECTOR('',#12340,1.);
#7660=VECTOR('',#12343,1.);
#7661=VECTOR('',#12344,1.);
#7662=VECTOR('',#12345,1.);
#7663=VECTOR('',#12348,1.);
#7664=VECTOR('',#12349,1.);
#7665=VECTOR('',#12350,1.);
#7666=VECTOR('',#12353,1.);
#7667=VECTOR('',#12354,1.);
#7668=VECTOR('',#12357,1.);
#7669=VECTOR('',#12358,1.);
#7670=VECTOR('',#12359,1.);
#7671=VECTOR('',#12360,1.);
#7672=VECTOR('',#12363,1.);
#7673=VECTOR('',#12364,1.);
#7674=VECTOR('',#12365,1.);
#7675=VECTOR('',#12368,1.);
#7676=VECTOR('',#12369,1.);
#7677=VECTOR('',#12370,1.);
#7678=VECTOR('',#12373,1.);
#7679=VECTOR('',#12374,1.);
#7680=VECTOR('',#12375,1.);
#7681=VECTOR('',#12378,1.);
#7682=VECTOR('',#12379,1.);
#7683=VECTOR('',#12380,1.);
#7684=VECTOR('',#12383,1.);
#7685=VECTOR('',#12384,1.);
#7686=VECTOR('',#12387,1.);
#7687=VECTOR('',#12388,1.);
#7688=VECTOR('',#12389,1.);
#7689=VECTOR('',#12390,1.);
#7690=VECTOR('',#12393,1.);
#7691=VECTOR('',#12394,1.);
#7692=VECTOR('',#12395,1.);
#7693=VECTOR('',#12398,1.);
#7694=VECTOR('',#12399,1.);
#7695=VECTOR('',#12400,1.);
#7696=VECTOR('',#12403,1.);
#7697=VECTOR('',#12404,1.);
#7698=VECTOR('',#12405,1.);
#7699=VECTOR('',#12408,1.);
#7700=VECTOR('',#12409,1.);
#7701=VECTOR('',#12410,1.);
#7702=VECTOR('',#12413,1.);
#7703=VECTOR('',#12414,1.);
#7704=VECTOR('',#12417,1.);
#7705=VECTOR('',#12418,1.);
#7706=VECTOR('',#12419,1.);
#7707=VECTOR('',#12420,1.);
#7708=VECTOR('',#12423,1.);
#7709=VECTOR('',#12424,1.);
#7710=VECTOR('',#12425,1.);
#7711=VECTOR('',#12428,1.);
#7712=VECTOR('',#12429,1.);
#7713=VECTOR('',#12430,1.);
#7714=VECTOR('',#12433,1.);
#7715=VECTOR('',#12434,1.);
#7716=VECTOR('',#12435,1.);
#7717=VECTOR('',#12438,1.);
#7718=VECTOR('',#12439,1.);
#7719=VECTOR('',#12440,1.);
#7720=VECTOR('',#12443,1.);
#7721=VECTOR('',#12444,1.);
#7722=VECTOR('',#12447,1.);
#7723=VECTOR('',#12448,1.);
#7724=VECTOR('',#12449,1.);
#7725=VECTOR('',#12450,1.);
#7726=VECTOR('',#12453,1.);
#7727=VECTOR('',#12454,1.);
#7728=VECTOR('',#12455,1.);
#7729=VECTOR('',#12458,1.);
#7730=VECTOR('',#12459,1.);
#7731=VECTOR('',#12460,1.);
#7732=VECTOR('',#12463,1.);
#7733=VECTOR('',#12464,1.);
#7734=VECTOR('',#12465,1.);
#7735=VECTOR('',#12468,1.);
#7736=VECTOR('',#12469,1.);
#7737=VECTOR('',#12470,1.);
#7738=VECTOR('',#12473,1.);
#7739=VECTOR('',#12474,1.);
#7740=VECTOR('',#12477,1.);
#7741=VECTOR('',#12478,1.);
#7742=VECTOR('',#12479,1.);
#7743=VECTOR('',#12480,1.);
#7744=VECTOR('',#12483,1.);
#7745=VECTOR('',#12484,1.);
#7746=VECTOR('',#12485,1.);
#7747=VECTOR('',#12488,1.);
#7748=VECTOR('',#12489,1.);
#7749=VECTOR('',#12490,1.);
#7750=VECTOR('',#12493,1.);
#7751=VECTOR('',#12494,1.);
#7752=VECTOR('',#12495,1.);
#7753=VECTOR('',#12498,1.);
#7754=VECTOR('',#12499,1.);
#7755=VECTOR('',#12500,1.);
#7756=VECTOR('',#12503,1.);
#7757=VECTOR('',#12504,1.);
#7758=VECTOR('',#12507,1.);
#7759=VECTOR('',#12508,1.);
#7760=VECTOR('',#12509,1.);
#7761=VECTOR('',#12510,1.);
#7762=VECTOR('',#12513,1.);
#7763=VECTOR('',#12514,1.);
#7764=VECTOR('',#12515,1.);
#7765=VECTOR('',#12518,1.);
#7766=VECTOR('',#12519,1.);
#7767=VECTOR('',#12520,1.);
#7768=VECTOR('',#12523,1.);
#7769=VECTOR('',#12524,1.);
#7770=VECTOR('',#12525,1.);
#7771=VECTOR('',#12528,1.);
#7772=VECTOR('',#12529,1.);
#7773=VECTOR('',#12530,1.);
#7774=VECTOR('',#12533,1.);
#7775=VECTOR('',#12534,1.);
#7776=VECTOR('',#12537,1.);
#7777=VECTOR('',#12538,1.);
#7778=VECTOR('',#12539,1.);
#7779=VECTOR('',#12540,1.);
#7780=VECTOR('',#12543,1.);
#7781=VECTOR('',#12544,1.);
#7782=VECTOR('',#12545,1.);
#7783=VECTOR('',#12548,1.);
#7784=VECTOR('',#12549,1.);
#7785=VECTOR('',#12550,1.);
#7786=VECTOR('',#12553,1.);
#7787=VECTOR('',#12554,1.);
#7788=VECTOR('',#12555,1.);
#7789=VECTOR('',#12558,1.);
#7790=VECTOR('',#12559,1.);
#7791=VECTOR('',#12560,1.);
#7792=VECTOR('',#12563,1.);
#7793=VECTOR('',#12564,1.);
#7794=VECTOR('',#12567,1.);
#7795=VECTOR('',#12568,1.);
#7796=VECTOR('',#12569,1.);
#7797=VECTOR('',#12570,1.);
#7798=VECTOR('',#12573,1.);
#7799=VECTOR('',#12574,1.);
#7800=VECTOR('',#12575,1.);
#7801=VECTOR('',#12578,1.);
#7802=VECTOR('',#12579,1.);
#7803=VECTOR('',#12580,1.);
#7804=VECTOR('',#12583,1.);
#7805=VECTOR('',#12584,1.);
#7806=VECTOR('',#12585,1.);
#7807=VECTOR('',#12588,1.);
#7808=VECTOR('',#12589,1.);
#7809=VECTOR('',#12590,1.);
#7810=VECTOR('',#12593,1.);
#7811=VECTOR('',#12594,1.);
#7812=VECTOR('',#12597,1.);
#7813=VECTOR('',#12598,1.);
#7814=VECTOR('',#12599,1.);
#7815=VECTOR('',#12600,1.);
#7816=VECTOR('',#12603,1.);
#7817=VECTOR('',#12604,1.);
#7818=VECTOR('',#12605,1.);
#7819=VECTOR('',#12608,1.);
#7820=VECTOR('',#12609,1.);
#7821=VECTOR('',#12610,1.);
#7822=VECTOR('',#12613,1.);
#7823=VECTOR('',#12614,1.);
#7824=VECTOR('',#12615,1.);
#7825=VECTOR('',#12618,1.);
#7826=VECTOR('',#12619,1.);
#7827=VECTOR('',#12620,1.);
#7828=VECTOR('',#12623,1.);
#7829=VECTOR('',#12624,1.);
#7830=VECTOR('',#12627,1.);
#7831=VECTOR('',#12628,1.);
#7832=VECTOR('',#12629,1.);
#7833=VECTOR('',#12630,1.);
#7834=VECTOR('',#12635,1.);
#7835=VECTOR('',#12640,1.);
#7836=VECTOR('',#12641,1.);
#7837=VECTOR('',#12642,1.);
#7838=VECTOR('',#12651,1.);
#7839=VECTOR('',#12652,1.);
#7840=VECTOR('',#12653,1.);
#7841=VECTOR('',#12654,1.);
#7842=VECTOR('',#12659,1.);
#7843=VECTOR('',#12664,1.);
#7844=VECTOR('',#12665,1.);
#7845=VECTOR('',#12666,1.);
#7846=VECTOR('',#12675,1.);
#7847=VECTOR('',#12676,1.);
#7848=VECTOR('',#12677,1.);
#7849=VECTOR('',#12678,1.);
#7850=VECTOR('',#12683,1.);
#7851=VECTOR('',#12688,1.);
#7852=VECTOR('',#12689,1.);
#7853=VECTOR('',#12690,1.);
#7854=VECTOR('',#12699,1.);
#7855=VECTOR('',#12700,1.);
#7856=VECTOR('',#12701,1.);
#7857=VECTOR('',#12702,1.);
#7858=VECTOR('',#12707,1.);
#7859=VECTOR('',#12712,1.);
#7860=VECTOR('',#12713,1.);
#7861=VECTOR('',#12714,1.);
#7862=VECTOR('',#12723,1.);
#7863=VECTOR('',#12724,1.);
#7864=VECTOR('',#12725,1.);
#7865=VECTOR('',#12726,1.);
#7866=VECTOR('',#12731,1.);
#7867=VECTOR('',#12736,1.);
#7868=VECTOR('',#12737,1.);
#7869=VECTOR('',#12738,1.);
#7870=VECTOR('',#12747,1.);
#7871=VECTOR('',#12748,1.);
#7872=VECTOR('',#12749,1.);
#7873=VECTOR('',#12750,1.);
#7874=VECTOR('',#12755,1.);
#7875=VECTOR('',#12760,1.);
#7876=VECTOR('',#12761,1.);
#7877=VECTOR('',#12762,1.);
#7878=VECTOR('',#12771,1.);
#7879=VECTOR('',#12772,1.);
#7880=VECTOR('',#12773,1.);
#7881=VECTOR('',#12774,1.);
#7882=VECTOR('',#12779,1.);
#7883=VECTOR('',#12784,1.);
#7884=VECTOR('',#12785,1.);
#7885=VECTOR('',#12786,1.);
#7886=VECTOR('',#12795,1.);
#7887=VECTOR('',#12796,1.);
#7888=VECTOR('',#12797,1.);
#7889=VECTOR('',#12798,1.);
#7890=VECTOR('',#12803,1.);
#7891=VECTOR('',#12808,1.);
#7892=VECTOR('',#12809,1.);
#7893=VECTOR('',#12810,1.);
#7894=VECTOR('',#12819,1.);
#7895=VECTOR('',#12820,1.);
#7896=VECTOR('',#12821,1.);
#7897=VECTOR('',#12822,1.);
#7898=VECTOR('',#12827,1.);
#7899=VECTOR('',#12832,1.);
#7900=VECTOR('',#12833,1.);
#7901=VECTOR('',#12834,1.);
#7902=VECTOR('',#12843,1.);
#7903=VECTOR('',#12844,1.);
#7904=VECTOR('',#12845,1.);
#7905=VECTOR('',#12846,1.);
#7906=VECTOR('',#12851,1.);
#7907=VECTOR('',#12856,1.);
#7908=VECTOR('',#12857,1.);
#7909=VECTOR('',#12858,1.);
#7910=VECTOR('',#12867,1.);
#7911=VECTOR('',#12868,1.);
#7912=VECTOR('',#12869,1.);
#7913=VECTOR('',#12870,1.);
#7914=VECTOR('',#12875,1.);
#7915=VECTOR('',#12880,1.);
#7916=VECTOR('',#12881,1.);
#7917=VECTOR('',#12882,1.);
#7918=VECTOR('',#12891,1.);
#7919=VECTOR('',#12892,1.);
#7920=VECTOR('',#12893,1.);
#7921=VECTOR('',#12894,1.);
#7922=VECTOR('',#12899,1.);
#7923=VECTOR('',#12904,1.);
#7924=VECTOR('',#12905,1.);
#7925=VECTOR('',#12906,1.);
#7926=VECTOR('',#12915,1.);
#7927=VECTOR('',#12916,1.);
#7928=VECTOR('',#12917,1.);
#7929=VECTOR('',#12918,1.);
#7930=VECTOR('',#12923,1.);
#7931=VECTOR('',#12928,1.);
#7932=VECTOR('',#12929,1.);
#7933=VECTOR('',#12930,1.);
#7934=VECTOR('',#12939,1.);
#7935=VECTOR('',#12940,1.);
#7936=VECTOR('',#12941,1.);
#7937=VECTOR('',#12942,1.);
#7938=VECTOR('',#12947,1.);
#7939=VECTOR('',#12952,1.);
#7940=VECTOR('',#12953,1.);
#7941=VECTOR('',#12954,1.);
#7942=VECTOR('',#12963,1.);
#7943=VECTOR('',#12964,1.);
#7944=VECTOR('',#12965,1.);
#7945=VECTOR('',#12966,1.);
#7946=VECTOR('',#12971,1.);
#7947=VECTOR('',#12976,1.);
#7948=VECTOR('',#12977,1.);
#7949=VECTOR('',#12978,1.);
#7950=VECTOR('',#12987,1.);
#7951=VECTOR('',#12988,1.);
#7952=VECTOR('',#12989,1.);
#7953=VECTOR('',#12990,1.);
#7954=VECTOR('',#12995,1.);
#7955=VECTOR('',#13000,1.);
#7956=VECTOR('',#13001,1.);
#7957=VECTOR('',#13002,1.);
#7958=VECTOR('',#13011,1.);
#7959=VECTOR('',#13012,1.);
#7960=VECTOR('',#13013,1.);
#7961=VECTOR('',#13014,1.);
#7962=VECTOR('',#13019,1.);
#7963=VECTOR('',#13024,1.);
#7964=VECTOR('',#13025,1.);
#7965=VECTOR('',#13026,1.);
#7966=VECTOR('',#13035,1.);
#7967=VECTOR('',#13036,1.);
#7968=VECTOR('',#13037,1.);
#7969=VECTOR('',#13038,1.);
#7970=VECTOR('',#13043,1.);
#7971=VECTOR('',#13048,1.);
#7972=VECTOR('',#13049,1.);
#7973=VECTOR('',#13050,1.);
#7974=VECTOR('',#13059,1.);
#7975=VECTOR('',#13060,1.);
#7976=VECTOR('',#13061,1.);
#7977=VECTOR('',#13062,1.);
#7978=VECTOR('',#13067,1.);
#7979=VECTOR('',#13072,1.);
#7980=VECTOR('',#13073,1.);
#7981=VECTOR('',#13074,1.);
#7982=VECTOR('',#13083,1.);
#7983=VECTOR('',#13084,1.);
#7984=VECTOR('',#13085,1.);
#7985=VECTOR('',#13086,1.);
#7986=VECTOR('',#13091,1.);
#7987=VECTOR('',#13096,1.);
#7988=VECTOR('',#13097,1.);
#7989=VECTOR('',#13098,1.);
#7990=VECTOR('',#13107,1.);
#7991=VECTOR('',#13108,1.);
#7992=VECTOR('',#13109,1.);
#7993=VECTOR('',#13110,1.);
#7994=VECTOR('',#13115,1.);
#7995=VECTOR('',#13120,1.);
#7996=VECTOR('',#13121,1.);
#7997=VECTOR('',#13122,1.);
#7998=VECTOR('',#13131,1.);
#7999=VECTOR('',#13132,1.);
#8000=VECTOR('',#13133,1.);
#8001=VECTOR('',#13134,1.);
#8002=VECTOR('',#13139,1.);
#8003=VECTOR('',#13144,1.);
#8004=VECTOR('',#13145,1.);
#8005=VECTOR('',#13146,1.);
#8006=VECTOR('',#13155,1.);
#8007=VECTOR('',#13156,1.);
#8008=VECTOR('',#13157,1.);
#8009=VECTOR('',#13158,1.);
#8010=VECTOR('',#13163,1.);
#8011=VECTOR('',#13168,1.);
#8012=VECTOR('',#13169,1.);
#8013=VECTOR('',#13170,1.);
#8014=VECTOR('',#13179,1.);
#8015=VECTOR('',#13180,1.);
#8016=VECTOR('',#13181,1.);
#8017=VECTOR('',#13182,1.);
#8018=VECTOR('',#13187,1.);
#8019=VECTOR('',#13192,1.);
#8020=VECTOR('',#13193,1.);
#8021=VECTOR('',#13194,1.);
#8022=VECTOR('',#13203,1.);
#8023=VECTOR('',#13204,1.);
#8024=VECTOR('',#13205,1.);
#8025=VECTOR('',#13206,1.);
#8026=VECTOR('',#13211,1.);
#8027=VECTOR('',#13216,1.);
#8028=VECTOR('',#13217,1.);
#8029=VECTOR('',#13218,1.);
#8030=VECTOR('',#13227,1.);
#8031=VECTOR('',#13228,1.);
#8032=VECTOR('',#13229,1.);
#8033=VECTOR('',#13230,1.);
#8034=VECTOR('',#13235,1.);
#8035=VECTOR('',#13240,1.);
#8036=VECTOR('',#13241,1.);
#8037=VECTOR('',#13242,1.);
#8038=VECTOR('',#13251,1.);
#8039=VECTOR('',#13252,1.);
#8040=VECTOR('',#13253,1.);
#8041=VECTOR('',#13254,1.);
#8042=VECTOR('',#13259,1.);
#8043=VECTOR('',#13264,1.);
#8044=VECTOR('',#13265,1.);
#8045=VECTOR('',#13266,1.);
#8046=VECTOR('',#13275,1.);
#8047=VECTOR('',#13276,1.);
#8048=VECTOR('',#13277,1.);
#8049=VECTOR('',#13278,1.);
#8050=VECTOR('',#13283,1.);
#8051=VECTOR('',#13288,1.);
#8052=VECTOR('',#13289,1.);
#8053=VECTOR('',#13290,1.);
#8054=VECTOR('',#13299,1.);
#8055=VECTOR('',#13300,1.);
#8056=VECTOR('',#13301,1.);
#8057=VECTOR('',#13302,1.);
#8058=VECTOR('',#13307,1.);
#8059=VECTOR('',#13312,1.);
#8060=VECTOR('',#13313,1.);
#8061=VECTOR('',#13314,1.);
#8062=VECTOR('',#13323,1.);
#8063=VECTOR('',#13324,1.);
#8064=VECTOR('',#13325,1.);
#8065=VECTOR('',#13326,1.);
#8066=VECTOR('',#13331,1.);
#8067=VECTOR('',#13336,1.);
#8068=VECTOR('',#13337,1.);
#8069=VECTOR('',#13338,1.);
#8070=VECTOR('',#13347,1.);
#8071=VECTOR('',#13348,1.);
#8072=VECTOR('',#13349,1.);
#8073=VECTOR('',#13350,1.);
#8074=VECTOR('',#13355,1.);
#8075=VECTOR('',#13360,1.);
#8076=VECTOR('',#13361,1.);
#8077=VECTOR('',#13362,1.);
#8078=VECTOR('',#13371,1.);
#8079=VECTOR('',#13372,1.);
#8080=VECTOR('',#13373,1.);
#8081=VECTOR('',#13374,1.);
#8082=VECTOR('',#13379,1.);
#8083=VECTOR('',#13384,1.);
#8084=VECTOR('',#13385,1.);
#8085=VECTOR('',#13386,1.);
#8086=VECTOR('',#13395,1.);
#8087=VECTOR('',#13396,1.);
#8088=VECTOR('',#13397,1.);
#8089=VECTOR('',#13398,1.);
#8090=VECTOR('',#13403,1.);
#8091=VECTOR('',#13408,1.);
#8092=VECTOR('',#13409,1.);
#8093=VECTOR('',#13410,1.);
#8094=VECTOR('',#13419,1.);
#8095=VECTOR('',#13420,1.);
#8096=VECTOR('',#13421,1.);
#8097=VECTOR('',#13422,1.);
#8098=VECTOR('',#13427,1.);
#8099=VECTOR('',#13432,1.);
#8100=VECTOR('',#13433,1.);
#8101=VECTOR('',#13434,1.);
#8102=VECTOR('',#13443,1.);
#8103=VECTOR('',#13444,1.);
#8104=VECTOR('',#13445,1.);
#8105=VECTOR('',#13446,1.);
#8106=VECTOR('',#13451,1.);
#8107=VECTOR('',#13456,1.);
#8108=VECTOR('',#13457,1.);
#8109=VECTOR('',#13458,1.);
#8110=VECTOR('',#13467,1.);
#8111=VECTOR('',#13468,1.);
#8112=VECTOR('',#13469,1.);
#8113=VECTOR('',#13470,1.);
#8114=VECTOR('',#13475,1.);
#8115=VECTOR('',#13480,1.);
#8116=VECTOR('',#13481,1.);
#8117=VECTOR('',#13482,1.);
#8118=VECTOR('',#13491,1.);
#8119=VECTOR('',#13492,1.);
#8120=VECTOR('',#13493,1.);
#8121=VECTOR('',#13494,1.);
#8122=VECTOR('',#13499,1.);
#8123=VECTOR('',#13504,1.);
#8124=VECTOR('',#13505,1.);
#8125=VECTOR('',#13506,1.);
#8126=VECTOR('',#13515,1.);
#8127=VECTOR('',#13516,1.);
#8128=VECTOR('',#13517,1.);
#8129=VECTOR('',#13518,1.);
#8130=VECTOR('',#13523,1.);
#8131=VECTOR('',#13528,1.);
#8132=VECTOR('',#13529,1.);
#8133=VECTOR('',#13530,1.);
#8134=VECTOR('',#13539,1.);
#8135=VECTOR('',#13540,1.);
#8136=VECTOR('',#13541,1.);
#8137=VECTOR('',#13542,1.);
#8138=VECTOR('',#13547,1.);
#8139=VECTOR('',#13552,1.);
#8140=VECTOR('',#13553,1.);
#8141=VECTOR('',#13554,1.);
#8142=VECTOR('',#13563,1.);
#8143=VECTOR('',#13564,1.);
#8144=VECTOR('',#13565,1.);
#8145=VECTOR('',#13566,1.);
#8146=VECTOR('',#13571,1.);
#8147=VECTOR('',#13576,1.);
#8148=VECTOR('',#13577,1.);
#8149=VECTOR('',#13578,1.);
#8150=VECTOR('',#13587,1.);
#8151=VECTOR('',#13588,1.);
#8152=VECTOR('',#13589,1.);
#8153=VECTOR('',#13590,1.);
#8154=VECTOR('',#13595,1.);
#8155=VECTOR('',#13600,1.);
#8156=VECTOR('',#13601,1.);
#8157=VECTOR('',#13602,1.);
#8158=VECTOR('',#13611,1.);
#8159=VECTOR('',#13612,1.);
#8160=VECTOR('',#13613,1.);
#8161=VECTOR('',#13614,1.);
#8162=VECTOR('',#13619,1.);
#8163=VECTOR('',#13624,1.);
#8164=VECTOR('',#13625,1.);
#8165=VECTOR('',#13626,1.);
#8166=VECTOR('',#13635,1.);
#8167=VECTOR('',#13636,1.);
#8168=VECTOR('',#13637,1.);
#8169=VECTOR('',#13638,1.);
#8170=VECTOR('',#13643,1.);
#8171=VECTOR('',#13648,1.);
#8172=VECTOR('',#13649,1.);
#8173=VECTOR('',#13650,1.);
#8174=VECTOR('',#13659,1.);
#8175=VECTOR('',#13660,1.);
#8176=VECTOR('',#13661,1.);
#8177=VECTOR('',#13662,1.);
#8178=VECTOR('',#13667,1.);
#8179=VECTOR('',#13672,1.);
#8180=VECTOR('',#13673,1.);
#8181=VECTOR('',#13674,1.);
#8182=VECTOR('',#13683,1.);
#8183=VECTOR('',#13684,1.);
#8184=VECTOR('',#13685,1.);
#8185=VECTOR('',#13686,1.);
#8186=VECTOR('',#13691,1.);
#8187=VECTOR('',#13696,1.);
#8188=VECTOR('',#13697,1.);
#8189=VECTOR('',#13698,1.);
#8190=VECTOR('',#13707,1.);
#8191=VECTOR('',#13708,1.);
#8192=VECTOR('',#13709,1.);
#8193=VECTOR('',#13710,1.);
#8194=VECTOR('',#13715,1.);
#8195=VECTOR('',#13720,1.);
#8196=VECTOR('',#13721,1.);
#8197=VECTOR('',#13722,1.);
#8198=VECTOR('',#13731,1.);
#8199=VECTOR('',#13734,1.);
#8200=VECTOR('',#13739,1.);
#8201=VECTOR('',#13742,1.);
#8202=VECTOR('',#13747,1.);
#8203=VECTOR('',#13750,1.);
#8204=VECTOR('',#13755,1.);
#8205=VECTOR('',#13758,1.);
#8206=VECTOR('',#13763,1.);
#8207=VECTOR('',#13764,1.);
#8208=VECTOR('',#13765,1.);
#8209=VECTOR('',#13766,1.);
#8210=VECTOR('',#13767,1.);
#8211=VECTOR('',#13768,1.);
#8212=VECTOR('',#13769,1.);
#8213=VECTOR('',#13770,1.);
#8214=VECTOR('',#13771,1.);
#8215=VECTOR('',#13772,1.);
#8216=VECTOR('',#13773,1.);
#8217=VECTOR('',#13774,1.);
#8218=VECTOR('',#13775,1.);
#8219=VECTOR('',#13778,1.);
#8220=VECTOR('',#13781,1.);
#8221=VECTOR('',#13784,1.);
#8222=VECTOR('',#13787,1.);
#8223=VECTOR('',#13788,1.);
#8224=VECTOR('',#13789,1.);
#8225=VECTOR('',#13790,1.);
#8226=VECTOR('',#13791,1.);
#8227=VECTOR('',#13792,1.);
#8228=VECTOR('',#13793,1.);
#8229=VECTOR('',#13794,1.);
#8230=VECTOR('',#13795,1.);
#8231=VECTOR('',#13796,1.);
#8232=VECTOR('',#13797,1.);
#8233=VECTOR('',#13798,1.);
#8234=VECTOR('',#13799,1.);
#8235=VECTOR('',#13800,1.);
#8236=VECTOR('',#13801,1.);
#8237=VECTOR('',#13802,1.);
#8238=VECTOR('',#13803,1.);
#8239=VECTOR('',#13804,1.);
#8240=VECTOR('',#13805,1.);
#8241=VECTOR('',#13806,1.);
#8242=VECTOR('',#13807,1.);
#8243=VECTOR('',#13808,1.);
#8244=VECTOR('',#13809,1.);
#8245=VECTOR('',#13810,1.);
#8246=VECTOR('',#13813,1.);
#8247=VECTOR('',#13814,1.);
#8248=VECTOR('',#13815,1.);
#8249=VECTOR('',#13816,1.);
#8250=VECTOR('',#13817,1.);
#8251=VECTOR('',#13818,1.);
#8252=VECTOR('',#13819,1.);
#8253=VECTOR('',#13820,1.);
#8254=VECTOR('',#13821,1.);
#8255=VECTOR('',#13822,1.);
#8256=VECTOR('',#13823,1.);
#8257=VECTOR('',#13824,1.);
#8258=VECTOR('',#13825,1.);
#8259=VECTOR('',#13828,1.);
#8260=VECTOR('',#13831,1.);
#8261=VECTOR('',#13834,1.);
#8262=VECTOR('',#13837,1.);
#8263=VECTOR('',#13838,1.);
#8264=VECTOR('',#13839,1.);
#8265=VECTOR('',#13840,1.);
#8266=VECTOR('',#13841,1.);
#8267=VECTOR('',#13842,1.);
#8268=VECTOR('',#13843,1.);
#8269=VECTOR('',#13844,1.);
#8270=VECTOR('',#13845,1.);
#8271=VECTOR('',#13846,1.);
#8272=VECTOR('',#13847,1.);
#8273=VECTOR('',#13848,1.);
#8274=VECTOR('',#13849,1.);
#8275=VECTOR('',#13850,1.);
#8276=VECTOR('',#13851,1.);
#8277=VECTOR('',#13852,1.);
#8278=VECTOR('',#13853,1.);
#8279=VECTOR('',#13854,1.);
#8280=VECTOR('',#13855,1.);
#8281=VECTOR('',#13856,1.);
#8282=VECTOR('',#13857,1.);
#8283=VECTOR('',#13858,1.);
#8284=VECTOR('',#13859,1.);
#8285=VECTOR('',#13860,1.);
#8286=VECTOR('',#13863,1.);
#8287=VECTOR('',#13866,1.);
#8288=VECTOR('',#13871,1.);
#8289=VECTOR('',#13872,1.);
#8290=VECTOR('',#13873,1.);
#8291=VECTOR('',#13886,1.);
#8292=VECTOR('',#13889,1.);
#8293=VECTOR('',#13890,1.);
#8294=VECTOR('',#13893,1.);
#8295=VECTOR('',#13896,1.);
#8296=VECTOR('',#13901,1.);
#8297=VECTOR('',#13902,1.);
#8298=VECTOR('',#13903,1.);
#8299=VECTOR('',#13924,1.);
#8300=VECTOR('',#13927,1.);
#8301=VECTOR('',#13928,1.);
#8302=VECTOR('',#13931,1.);
#8303=VECTOR('',#13936,1.);
#8304=VECTOR('',#13943,1.);
#8305=VECTOR('',#13944,1.);
#8306=VECTOR('',#13959,1.);
#8307=VECTOR('',#13960,1.);
#8308=VECTOR('',#13971,1.);
#8309=VECTOR('',#13972,1.);
#8310=VECTOR('',#13983,1.);
#8311=VECTOR('',#13984,1.);
#8312=VECTOR('',#13995,1.);
#8313=VECTOR('',#13996,1.);
#8314=VECTOR('',#14015,1.);
#8315=VECTOR('',#14016,1.);
#8316=VECTOR('',#14019,1.);
#8317=VECTOR('',#14022,1.);
#8318=VECTOR('',#14027,1.);
#8319=VECTOR('',#14028,1.);
#8320=VECTOR('',#14031,1.);
#8321=VECTOR('',#14034,1.);
#8322=VECTOR('',#14039,1.);
#8323=VECTOR('',#14040,1.);
#8324=VECTOR('',#14043,1.);
#8325=VECTOR('',#14046,1.);
#8326=VECTOR('',#14049,1.);
#8327=VECTOR('',#14052,1.);
#8328=VECTOR('',#14057,1.);
#8329=VECTOR('',#14058,1.);
#8330=VECTOR('',#14061,1.);
#8331=VECTOR('',#14064,1.);
#8332=VECTOR('',#14067,1.);
#8333=VECTOR('',#14070,1.);
#8334=EDGE_LOOP('',(#354,#355,#356,#357));
#8335=EDGE_LOOP('',(#358,#359,#360,#361));
#8336=EDGE_LOOP('',(#362,#363,#364,#365));
#8337=EDGE_LOOP('',(#366,#367,#368,#369));
#8338=EDGE_LOOP('',(#370,#371,#372,#373));
#8339=EDGE_LOOP('',(#374,#375,#376,#377));
#8340=EDGE_LOOP('',(#378,#379,#380,#381));
#8341=EDGE_LOOP('',(#382,#383,#384,#385));
#8342=EDGE_LOOP('',(#386,#387,#388,#389));
#8343=EDGE_LOOP('',(#390,#391,#392,#393));
#8344=EDGE_LOOP('',(#394,#395,#396,#397));
#8345=EDGE_LOOP('',(#398,#399,#400,#401));
#8346=EDGE_LOOP('',(#402,#403,#404,#405));
#8347=EDGE_LOOP('',(#406,#407,#408,#409));
#8348=EDGE_LOOP('',(#410,#411,#412,#413));
#8349=EDGE_LOOP('',(#414,#415,#416,#417));
#8350=EDGE_LOOP('',(#418,#419,#420,#421));
#8351=EDGE_LOOP('',(#422,#423,#424,#425));
#8352=EDGE_LOOP('',(#426,#427,#428,#429));
#8353=EDGE_LOOP('',(#430,#431,#432,#433));
#8354=EDGE_LOOP('',(#434,#435,#436,#437));
#8355=EDGE_LOOP('',(#438,#439,#440,#441));
#8356=EDGE_LOOP('',(#442,#443,#444,#445));
#8357=EDGE_LOOP('',(#446,#447,#448,#449));
#8358=EDGE_LOOP('',(#450,#451,#452,#453));
#8359=EDGE_LOOP('',(#454,#455,#456,#457));
#8360=EDGE_LOOP('',(#458,#459,#460,#461));
#8361=EDGE_LOOP('',(#462,#463,#464,#465));
#8362=EDGE_LOOP('',(#466,#467,#468,#469));
#8363=EDGE_LOOP('',(#470,#471,#472,#473));
#8364=EDGE_LOOP('',(#474,#475,#476,#477));
#8365=EDGE_LOOP('',(#478,#479,#480,#481));
#8366=EDGE_LOOP('',(#482,#483,#484,#485));
#8367=EDGE_LOOP('',(#486,#487,#488,#489));
#8368=EDGE_LOOP('',(#490,#491,#492,#493));
#8369=EDGE_LOOP('',(#494,#495,#496,#497));
#8370=EDGE_LOOP('',(#498,#499,#500,#501));
#8371=EDGE_LOOP('',(#502,#503,#504,#505));
#8372=EDGE_LOOP('',(#506,#507,#508,#509));
#8373=EDGE_LOOP('',(#510,#511,#512,#513));
#8374=EDGE_LOOP('',(#514,#515,#516,#517));
#8375=EDGE_LOOP('',(#518,#519,#520,#521));
#8376=EDGE_LOOP('',(#522,#523,#524,#525));
#8377=EDGE_LOOP('',(#526,#527,#528,#529));
#8378=EDGE_LOOP('',(#530,#531,#532,#533));
#8379=EDGE_LOOP('',(#534,#535,#536,#537));
#8380=EDGE_LOOP('',(#538,#539,#540,#541));
#8381=EDGE_LOOP('',(#542,#543,#544,#545));
#8382=EDGE_LOOP('',(#546,#547,#548,#549));
#8383=EDGE_LOOP('',(#550,#551,#552,#553));
#8384=EDGE_LOOP('',(#554,#555,#556,#557));
#8385=EDGE_LOOP('',(#558,#559,#560,#561));
#8386=EDGE_LOOP('',(#562,#563,#564,#565));
#8387=EDGE_LOOP('',(#566,#567,#568,#569));
#8388=EDGE_LOOP('',(#570,#571,#572,#573));
#8389=EDGE_LOOP('',(#574,#575,#576,#577));
#8390=EDGE_LOOP('',(#578,#579,#580,#581));
#8391=EDGE_LOOP('',(#582,#583,#584,#585));
#8392=EDGE_LOOP('',(#586,#587,#588,#589));
#8393=EDGE_LOOP('',(#590,#591,#592,#593));
#8394=EDGE_LOOP('',(#594,#595,#596,#597));
#8395=EDGE_LOOP('',(#598,#599,#600,#601));
#8396=EDGE_LOOP('',(#602,#603,#604,#605));
#8397=EDGE_LOOP('',(#606,#607,#608,#609));
#8398=EDGE_LOOP('',(#610,#611,#612,#613));
#8399=EDGE_LOOP('',(#614,#615,#616,#617));
#8400=EDGE_LOOP('',(#618,#619,#620,#621));
#8401=EDGE_LOOP('',(#622,#623,#624,#625));
#8402=EDGE_LOOP('',(#626,#627,#628,#629));
#8403=EDGE_LOOP('',(#630,#631,#632,#633));
#8404=EDGE_LOOP('',(#634,#635,#636,#637));
#8405=EDGE_LOOP('',(#638,#639,#640,#641));
#8406=EDGE_LOOP('',(#642,#643,#644,#645));
#8407=EDGE_LOOP('',(#646,#647,#648,#649));
#8408=EDGE_LOOP('',(#650,#651,#652,#653));
#8409=EDGE_LOOP('',(#654,#655,#656,#657));
#8410=EDGE_LOOP('',(#658,#659,#660,#661));
#8411=EDGE_LOOP('',(#662,#663,#664,#665));
#8412=EDGE_LOOP('',(#666,#667,#668,#669));
#8413=EDGE_LOOP('',(#670,#671,#672,#673));
#8414=EDGE_LOOP('',(#674,#675,#676,#677));
#8415=EDGE_LOOP('',(#678,#679,#680,#681));
#8416=EDGE_LOOP('',(#682,#683,#684,#685));
#8417=EDGE_LOOP('',(#686,#687,#688,#689));
#8418=EDGE_LOOP('',(#690,#691,#692,#693));
#8419=EDGE_LOOP('',(#694,#695,#696,#697));
#8420=EDGE_LOOP('',(#698,#699,#700,#701));
#8421=EDGE_LOOP('',(#702,#703,#704,#705));
#8422=EDGE_LOOP('',(#706,#707,#708,#709));
#8423=EDGE_LOOP('',(#710,#711,#712,#713));
#8424=EDGE_LOOP('',(#714,#715,#716,#717));
#8425=EDGE_LOOP('',(#718,#719,#720,#721));
#8426=EDGE_LOOP('',(#722,#723,#724,#725));
#8427=EDGE_LOOP('',(#726,#727,#728,#729));
#8428=EDGE_LOOP('',(#730,#731,#732,#733));
#8429=EDGE_LOOP('',(#734,#735,#736,#737));
#8430=EDGE_LOOP('',(#738,#739,#740,#741));
#8431=EDGE_LOOP('',(#742,#743,#744,#745));
#8432=EDGE_LOOP('',(#746,#747,#748,#749));
#8433=EDGE_LOOP('',(#750,#751,#752,#753));
#8434=EDGE_LOOP('',(#754,#755,#756,#757));
#8435=EDGE_LOOP('',(#758,#759,#760,#761));
#8436=EDGE_LOOP('',(#762,#763,#764,#765));
#8437=EDGE_LOOP('',(#766,#767,#768,#769));
#8438=EDGE_LOOP('',(#770,#771,#772,#773));
#8439=EDGE_LOOP('',(#774,#775,#776,#777));
#8440=EDGE_LOOP('',(#778,#779,#780,#781));
#8441=EDGE_LOOP('',(#782,#783,#784,#785));
#8442=EDGE_LOOP('',(#786,#787,#788,#789));
#8443=EDGE_LOOP('',(#790,#791,#792,#793));
#8444=EDGE_LOOP('',(#794,#795,#796,#797));
#8445=EDGE_LOOP('',(#798,#799,#800,#801));
#8446=EDGE_LOOP('',(#802,#803,#804,#805));
#8447=EDGE_LOOP('',(#806,#807,#808,#809));
#8448=EDGE_LOOP('',(#810,#811,#812,#813));
#8449=EDGE_LOOP('',(#814,#815,#816,#817));
#8450=EDGE_LOOP('',(#818,#819,#820,#821));
#8451=EDGE_LOOP('',(#822,#823,#824,#825));
#8452=EDGE_LOOP('',(#826,#827,#828,#829));
#8453=EDGE_LOOP('',(#830,#831,#832,#833));
#8454=EDGE_LOOP('',(#834,#835,#836,#837));
#8455=EDGE_LOOP('',(#838,#839,#840,#841));
#8456=EDGE_LOOP('',(#842,#843,#844,#845));
#8457=EDGE_LOOP('',(#846,#847,#848,#849));
#8458=EDGE_LOOP('',(#850,#851,#852,#853));
#8459=EDGE_LOOP('',(#854,#855,#856,#857));
#8460=EDGE_LOOP('',(#858,#859,#860,#861));
#8461=EDGE_LOOP('',(#862,#863,#864,#865));
#8462=EDGE_LOOP('',(#866,#867,#868,#869));
#8463=EDGE_LOOP('',(#870,#871,#872,#873));
#8464=EDGE_LOOP('',(#874,#875,#876,#877));
#8465=EDGE_LOOP('',(#878,#879,#880,#881));
#8466=EDGE_LOOP('',(#882,#883,#884,#885));
#8467=EDGE_LOOP('',(#886,#887,#888,#889));
#8468=EDGE_LOOP('',(#890,#891,#892,#893));
#8469=EDGE_LOOP('',(#894,#895,#896,#897));
#8470=EDGE_LOOP('',(#898,#899,#900,#901));
#8471=EDGE_LOOP('',(#902,#903,#904,#905));
#8472=EDGE_LOOP('',(#906,#907,#908,#909));
#8473=EDGE_LOOP('',(#910,#911,#912,#913));
#8474=EDGE_LOOP('',(#914,#915,#916,#917));
#8475=EDGE_LOOP('',(#918,#919,#920,#921));
#8476=EDGE_LOOP('',(#922,#923,#924,#925));
#8477=EDGE_LOOP('',(#926,#927,#928,#929));
#8478=EDGE_LOOP('',(#930,#931,#932,#933));
#8479=EDGE_LOOP('',(#934,#935,#936,#937));
#8480=EDGE_LOOP('',(#938,#939,#940,#941));
#8481=EDGE_LOOP('',(#942,#943,#944,#945));
#8482=EDGE_LOOP('',(#946,#947,#948,#949));
#8483=EDGE_LOOP('',(#950,#951,#952,#953));
#8484=EDGE_LOOP('',(#954,#955,#956,#957));
#8485=EDGE_LOOP('',(#958,#959,#960,#961));
#8486=EDGE_LOOP('',(#962,#963,#964,#965));
#8487=EDGE_LOOP('',(#966,#967,#968,#969));
#8488=EDGE_LOOP('',(#970,#971,#972,#973));
#8489=EDGE_LOOP('',(#974,#975,#976,#977));
#8490=EDGE_LOOP('',(#978,#979,#980,#981));
#8491=EDGE_LOOP('',(#982,#983,#984,#985));
#8492=EDGE_LOOP('',(#986,#987,#988,#989));
#8493=EDGE_LOOP('',(#990,#991,#992,#993));
#8494=EDGE_LOOP('',(#994,#995,#996,#997));
#8495=EDGE_LOOP('',(#998,#999,#1000,#1001));
#8496=EDGE_LOOP('',(#1002,#1003,#1004,#1005));
#8497=EDGE_LOOP('',(#1006,#1007,#1008,#1009));
#8498=EDGE_LOOP('',(#1010,#1011,#1012,#1013));
#8499=EDGE_LOOP('',(#1014,#1015,#1016,#1017));
#8500=EDGE_LOOP('',(#1018,#1019,#1020,#1021));
#8501=EDGE_LOOP('',(#1022,#1023,#1024,#1025));
#8502=EDGE_LOOP('',(#1026,#1027,#1028,#1029));
#8503=EDGE_LOOP('',(#1030,#1031,#1032,#1033));
#8504=EDGE_LOOP('',(#1034,#1035,#1036,#1037));
#8505=EDGE_LOOP('',(#1038,#1039,#1040,#1041));
#8506=EDGE_LOOP('',(#1042,#1043,#1044,#1045));
#8507=EDGE_LOOP('',(#1046,#1047,#1048,#1049));
#8508=EDGE_LOOP('',(#1050,#1051,#1052,#1053));
#8509=EDGE_LOOP('',(#1054,#1055,#1056,#1057));
#8510=EDGE_LOOP('',(#1058,#1059,#1060,#1061));
#8511=EDGE_LOOP('',(#1062,#1063,#1064,#1065));
#8512=EDGE_LOOP('',(#1066,#1067,#1068,#1069));
#8513=EDGE_LOOP('',(#1070,#1071,#1072,#1073));
#8514=EDGE_LOOP('',(#1074,#1075,#1076,#1077));
#8515=EDGE_LOOP('',(#1078,#1079,#1080,#1081));
#8516=EDGE_LOOP('',(#1082,#1083,#1084,#1085));
#8517=EDGE_LOOP('',(#1086,#1087,#1088,#1089));
#8518=EDGE_LOOP('',(#1090,#1091,#1092,#1093));
#8519=EDGE_LOOP('',(#1094,#1095,#1096,#1097));
#8520=EDGE_LOOP('',(#1098,#1099,#1100,#1101));
#8521=EDGE_LOOP('',(#1102,#1103,#1104,#1105));
#8522=EDGE_LOOP('',(#1106,#1107,#1108,#1109));
#8523=EDGE_LOOP('',(#1110,#1111,#1112,#1113));
#8524=EDGE_LOOP('',(#1114,#1115,#1116,#1117));
#8525=EDGE_LOOP('',(#1118,#1119,#1120,#1121));
#8526=EDGE_LOOP('',(#1122,#1123,#1124,#1125));
#8527=EDGE_LOOP('',(#1126,#1127,#1128,#1129));
#8528=EDGE_LOOP('',(#1130,#1131,#1132,#1133));
#8529=EDGE_LOOP('',(#1134,#1135,#1136,#1137));
#8530=EDGE_LOOP('',(#1138,#1139,#1140,#1141));
#8531=EDGE_LOOP('',(#1142,#1143,#1144,#1145));
#8532=EDGE_LOOP('',(#1146,#1147,#1148,#1149));
#8533=EDGE_LOOP('',(#1150,#1151,#1152,#1153));
#8534=EDGE_LOOP('',(#1154,#1155,#1156,#1157));
#8535=EDGE_LOOP('',(#1158,#1159,#1160,#1161));
#8536=EDGE_LOOP('',(#1162,#1163,#1164,#1165));
#8537=EDGE_LOOP('',(#1166,#1167,#1168,#1169));
#8538=EDGE_LOOP('',(#1170,#1171,#1172,#1173));
#8539=EDGE_LOOP('',(#1174,#1175,#1176,#1177));
#8540=EDGE_LOOP('',(#1178,#1179,#1180,#1181));
#8541=EDGE_LOOP('',(#1182,#1183,#1184,#1185));
#8542=EDGE_LOOP('',(#1186,#1187,#1188,#1189));
#8543=EDGE_LOOP('',(#1190,#1191,#1192,#1193));
#8544=EDGE_LOOP('',(#1194,#1195,#1196,#1197));
#8545=EDGE_LOOP('',(#1198,#1199,#1200,#1201));
#8546=EDGE_LOOP('',(#1202,#1203,#1204,#1205));
#8547=EDGE_LOOP('',(#1206,#1207,#1208,#1209));
#8548=EDGE_LOOP('',(#1210,#1211,#1212,#1213));
#8549=EDGE_LOOP('',(#1214,#1215,#1216,#1217));
#8550=EDGE_LOOP('',(#1218,#1219,#1220,#1221));
#8551=EDGE_LOOP('',(#1222,#1223,#1224,#1225));
#8552=EDGE_LOOP('',(#1226,#1227,#1228,#1229));
#8553=EDGE_LOOP('',(#1230,#1231,#1232,#1233));
#8554=EDGE_LOOP('',(#1234,#1235,#1236,#1237));
#8555=EDGE_LOOP('',(#1238,#1239,#1240,#1241));
#8556=EDGE_LOOP('',(#1242,#1243,#1244,#1245));
#8557=EDGE_LOOP('',(#1246,#1247,#1248,#1249));
#8558=EDGE_LOOP('',(#1250,#1251,#1252,#1253));
#8559=EDGE_LOOP('',(#1254,#1255,#1256,#1257));
#8560=EDGE_LOOP('',(#1258,#1259,#1260,#1261));
#8561=EDGE_LOOP('',(#1262,#1263,#1264,#1265));
#8562=EDGE_LOOP('',(#1266,#1267,#1268,#1269));
#8563=EDGE_LOOP('',(#1270,#1271,#1272,#1273));
#8564=EDGE_LOOP('',(#1274,#1275,#1276,#1277));
#8565=EDGE_LOOP('',(#1278,#1279,#1280,#1281));
#8566=EDGE_LOOP('',(#1282,#1283,#1284,#1285));
#8567=EDGE_LOOP('',(#1286,#1287,#1288,#1289));
#8568=EDGE_LOOP('',(#1290,#1291,#1292,#1293));
#8569=EDGE_LOOP('',(#1294,#1295,#1296,#1297));
#8570=EDGE_LOOP('',(#1298,#1299,#1300,#1301));
#8571=EDGE_LOOP('',(#1302,#1303,#1304,#1305));
#8572=EDGE_LOOP('',(#1306,#1307,#1308,#1309));
#8573=EDGE_LOOP('',(#1310,#1311,#1312,#1313));
#8574=EDGE_LOOP('',(#1314,#1315,#1316,#1317));
#8575=EDGE_LOOP('',(#1318,#1319,#1320,#1321));
#8576=EDGE_LOOP('',(#1322,#1323,#1324,#1325));
#8577=EDGE_LOOP('',(#1326,#1327,#1328,#1329));
#8578=EDGE_LOOP('',(#1330,#1331,#1332,#1333));
#8579=EDGE_LOOP('',(#1334,#1335,#1336,#1337));
#8580=EDGE_LOOP('',(#1338,#1339,#1340,#1341));
#8581=EDGE_LOOP('',(#1342,#1343,#1344,#1345));
#8582=EDGE_LOOP('',(#1346,#1347,#1348,#1349));
#8583=EDGE_LOOP('',(#1350,#1351,#1352,#1353));
#8584=EDGE_LOOP('',(#1354,#1355,#1356,#1357));
#8585=EDGE_LOOP('',(#1358,#1359,#1360,#1361));
#8586=EDGE_LOOP('',(#1362,#1363,#1364,#1365));
#8587=EDGE_LOOP('',(#1366,#1367,#1368,#1369));
#8588=EDGE_LOOP('',(#1370,#1371,#1372,#1373));
#8589=EDGE_LOOP('',(#1374,#1375,#1376,#1377));
#8590=EDGE_LOOP('',(#1378,#1379,#1380,#1381));
#8591=EDGE_LOOP('',(#1382,#1383,#1384,#1385));
#8592=EDGE_LOOP('',(#1386,#1387,#1388,#1389));
#8593=EDGE_LOOP('',(#1390,#1391,#1392,#1393));
#8594=EDGE_LOOP('',(#1394,#1395,#1396,#1397));
#8595=EDGE_LOOP('',(#1398,#1399,#1400,#1401));
#8596=EDGE_LOOP('',(#1402,#1403,#1404,#1405));
#8597=EDGE_LOOP('',(#1406,#1407,#1408,#1409));
#8598=EDGE_LOOP('',(#1410,#1411,#1412,#1413));
#8599=EDGE_LOOP('',(#1414,#1415,#1416,#1417));
#8600=EDGE_LOOP('',(#1418,#1419,#1420,#1421));
#8601=EDGE_LOOP('',(#1422,#1423,#1424,#1425));
#8602=EDGE_LOOP('',(#1426,#1427,#1428,#1429));
#8603=EDGE_LOOP('',(#1430,#1431,#1432,#1433));
#8604=EDGE_LOOP('',(#1434,#1435,#1436,#1437));
#8605=EDGE_LOOP('',(#1438,#1439,#1440,#1441));
#8606=EDGE_LOOP('',(#1442,#1443,#1444,#1445));
#8607=EDGE_LOOP('',(#1446,#1447,#1448,#1449));
#8608=EDGE_LOOP('',(#1450,#1451,#1452,#1453));
#8609=EDGE_LOOP('',(#1454,#1455,#1456,#1457));
#8610=EDGE_LOOP('',(#1458,#1459,#1460,#1461));
#8611=EDGE_LOOP('',(#1462,#1463,#1464,#1465));
#8612=EDGE_LOOP('',(#1466,#1467,#1468,#1469));
#8613=EDGE_LOOP('',(#1470,#1471,#1472,#1473));
#8614=EDGE_LOOP('',(#1474,#1475,#1476,#1477));
#8615=EDGE_LOOP('',(#1478,#1479,#1480,#1481));
#8616=EDGE_LOOP('',(#1482,#1483,#1484,#1485));
#8617=EDGE_LOOP('',(#1486,#1487,#1488,#1489));
#8618=EDGE_LOOP('',(#1490,#1491,#1492,#1493));
#8619=EDGE_LOOP('',(#1494,#1495,#1496,#1497));
#8620=EDGE_LOOP('',(#1498,#1499,#1500,#1501));
#8621=EDGE_LOOP('',(#1502,#1503,#1504,#1505));
#8622=EDGE_LOOP('',(#1506,#1507,#1508,#1509));
#8623=EDGE_LOOP('',(#1510,#1511,#1512,#1513));
#8624=EDGE_LOOP('',(#1514,#1515,#1516,#1517));
#8625=EDGE_LOOP('',(#1518,#1519,#1520,#1521));
#8626=EDGE_LOOP('',(#1522,#1523,#1524,#1525));
#8627=EDGE_LOOP('',(#1526,#1527,#1528,#1529));
#8628=EDGE_LOOP('',(#1530,#1531,#1532,#1533));
#8629=EDGE_LOOP('',(#1534,#1535,#1536,#1537));
#8630=EDGE_LOOP('',(#1538,#1539,#1540,#1541));
#8631=EDGE_LOOP('',(#1542,#1543,#1544,#1545));
#8632=EDGE_LOOP('',(#1546,#1547,#1548,#1549));
#8633=EDGE_LOOP('',(#1550,#1551,#1552,#1553));
#8634=EDGE_LOOP('',(#1554,#1555,#1556,#1557));
#8635=EDGE_LOOP('',(#1558,#1559,#1560,#1561));
#8636=EDGE_LOOP('',(#1562,#1563,#1564,#1565));
#8637=EDGE_LOOP('',(#1566,#1567,#1568,#1569));
#8638=EDGE_LOOP('',(#1570,#1571,#1572,#1573));
#8639=EDGE_LOOP('',(#1574,#1575,#1576,#1577));
#8640=EDGE_LOOP('',(#1578,#1579,#1580,#1581));
#8641=EDGE_LOOP('',(#1582,#1583,#1584,#1585));
#8642=EDGE_LOOP('',(#1586,#1587,#1588,#1589));
#8643=EDGE_LOOP('',(#1590,#1591,#1592,#1593));
#8644=EDGE_LOOP('',(#1594,#1595,#1596,#1597));
#8645=EDGE_LOOP('',(#1598,#1599,#1600,#1601));
#8646=EDGE_LOOP('',(#1602,#1603,#1604,#1605));
#8647=EDGE_LOOP('',(#1606,#1607,#1608,#1609));
#8648=EDGE_LOOP('',(#1610,#1611,#1612,#1613));
#8649=EDGE_LOOP('',(#1614,#1615,#1616,#1617));
#8650=EDGE_LOOP('',(#1618,#1619,#1620,#1621));
#8651=EDGE_LOOP('',(#1622,#1623,#1624,#1625));
#8652=EDGE_LOOP('',(#1626,#1627,#1628,#1629));
#8653=EDGE_LOOP('',(#1630,#1631,#1632,#1633));
#8654=EDGE_LOOP('',(#1634,#1635,#1636,#1637));
#8655=EDGE_LOOP('',(#1638,#1639,#1640,#1641));
#8656=EDGE_LOOP('',(#1642,#1643,#1644,#1645));
#8657=EDGE_LOOP('',(#1646,#1647,#1648,#1649));
#8658=EDGE_LOOP('',(#1650,#1651,#1652,#1653));
#8659=EDGE_LOOP('',(#1654,#1655,#1656,#1657));
#8660=EDGE_LOOP('',(#1658,#1659,#1660,#1661));
#8661=EDGE_LOOP('',(#1662,#1663,#1664,#1665));
#8662=EDGE_LOOP('',(#1666,#1667,#1668,#1669));
#8663=EDGE_LOOP('',(#1670,#1671,#1672,#1673));
#8664=EDGE_LOOP('',(#1674,#1675,#1676,#1677));
#8665=EDGE_LOOP('',(#1678,#1679,#1680,#1681));
#8666=EDGE_LOOP('',(#1682,#1683,#1684,#1685));
#8667=EDGE_LOOP('',(#1686,#1687,#1688,#1689));
#8668=EDGE_LOOP('',(#1690,#1691,#1692,#1693));
#8669=EDGE_LOOP('',(#1694,#1695,#1696,#1697));
#8670=EDGE_LOOP('',(#1698,#1699,#1700,#1701));
#8671=EDGE_LOOP('',(#1702,#1703,#1704,#1705));
#8672=EDGE_LOOP('',(#1706,#1707,#1708,#1709));
#8673=EDGE_LOOP('',(#1710,#1711,#1712,#1713));
#8674=EDGE_LOOP('',(#1714,#1715,#1716,#1717));
#8675=EDGE_LOOP('',(#1718,#1719,#1720,#1721));
#8676=EDGE_LOOP('',(#1722,#1723,#1724,#1725));
#8677=EDGE_LOOP('',(#1726,#1727,#1728,#1729));
#8678=EDGE_LOOP('',(#1730,#1731,#1732,#1733));
#8679=EDGE_LOOP('',(#1734,#1735,#1736,#1737));
#8680=EDGE_LOOP('',(#1738,#1739,#1740,#1741));
#8681=EDGE_LOOP('',(#1742,#1743,#1744,#1745));
#8682=EDGE_LOOP('',(#1746,#1747,#1748,#1749));
#8683=EDGE_LOOP('',(#1750,#1751,#1752,#1753));
#8684=EDGE_LOOP('',(#1754,#1755,#1756,#1757));
#8685=EDGE_LOOP('',(#1758,#1759,#1760,#1761));
#8686=EDGE_LOOP('',(#1762,#1763,#1764,#1765));
#8687=EDGE_LOOP('',(#1766,#1767,#1768,#1769));
#8688=EDGE_LOOP('',(#1770,#1771,#1772,#1773));
#8689=EDGE_LOOP('',(#1774,#1775,#1776,#1777));
#8690=EDGE_LOOP('',(#1778,#1779,#1780,#1781));
#8691=EDGE_LOOP('',(#1782,#1783,#1784,#1785));
#8692=EDGE_LOOP('',(#1786,#1787,#1788,#1789));
#8693=EDGE_LOOP('',(#1790,#1791,#1792,#1793));
#8694=EDGE_LOOP('',(#1794,#1795,#1796,#1797));
#8695=EDGE_LOOP('',(#1798,#1799,#1800,#1801));
#8696=EDGE_LOOP('',(#1802,#1803,#1804,#1805));
#8697=EDGE_LOOP('',(#1806,#1807,#1808,#1809));
#8698=EDGE_LOOP('',(#1810,#1811,#1812,#1813));
#8699=EDGE_LOOP('',(#1814,#1815,#1816,#1817));
#8700=EDGE_LOOP('',(#1818,#1819,#1820,#1821));
#8701=EDGE_LOOP('',(#1822,#1823,#1824,#1825));
#8702=EDGE_LOOP('',(#1826,#1827,#1828,#1829));
#8703=EDGE_LOOP('',(#1830,#1831,#1832,#1833));
#8704=EDGE_LOOP('',(#1834,#1835,#1836,#1837));
#8705=EDGE_LOOP('',(#1838,#1839,#1840,#1841));
#8706=EDGE_LOOP('',(#1842,#1843,#1844,#1845));
#8707=EDGE_LOOP('',(#1846,#1847,#1848,#1849));
#8708=EDGE_LOOP('',(#1850,#1851,#1852,#1853));
#8709=EDGE_LOOP('',(#1854,#1855,#1856,#1857));
#8710=EDGE_LOOP('',(#1858,#1859,#1860,#1861));
#8711=EDGE_LOOP('',(#1862,#1863,#1864,#1865));
#8712=EDGE_LOOP('',(#1866,#1867,#1868,#1869));
#8713=EDGE_LOOP('',(#1870,#1871,#1872,#1873));
#8714=EDGE_LOOP('',(#1874,#1875,#1876,#1877));
#8715=EDGE_LOOP('',(#1878,#1879,#1880,#1881));
#8716=EDGE_LOOP('',(#1882,#1883,#1884,#1885));
#8717=EDGE_LOOP('',(#1886,#1887,#1888,#1889));
#8718=EDGE_LOOP('',(#1890,#1891,#1892,#1893));
#8719=EDGE_LOOP('',(#1894,#1895,#1896,#1897));
#8720=EDGE_LOOP('',(#1898,#1899,#1900,#1901));
#8721=EDGE_LOOP('',(#1902,#1903,#1904,#1905));
#8722=EDGE_LOOP('',(#1906,#1907,#1908,#1909));
#8723=EDGE_LOOP('',(#1910,#1911,#1912,#1913));
#8724=EDGE_LOOP('',(#1914,#1915,#1916,#1917));
#8725=EDGE_LOOP('',(#1918,#1919,#1920,#1921));
#8726=EDGE_LOOP('',(#1922,#1923,#1924,#1925));
#8727=EDGE_LOOP('',(#1926,#1927,#1928,#1929));
#8728=EDGE_LOOP('',(#1930,#1931,#1932,#1933));
#8729=EDGE_LOOP('',(#1934,#1935,#1936,#1937));
#8730=EDGE_LOOP('',(#1938,#1939,#1940,#1941));
#8731=EDGE_LOOP('',(#1942,#1943,#1944,#1945));
#8732=EDGE_LOOP('',(#1946,#1947,#1948,#1949));
#8733=EDGE_LOOP('',(#1950,#1951,#1952,#1953));
#8734=EDGE_LOOP('',(#1954,#1955,#1956,#1957));
#8735=EDGE_LOOP('',(#1958,#1959,#1960,#1961));
#8736=EDGE_LOOP('',(#1962,#1963,#1964,#1965));
#8737=EDGE_LOOP('',(#1966,#1967,#1968,#1969));
#8738=EDGE_LOOP('',(#1970,#1971,#1972,#1973));
#8739=EDGE_LOOP('',(#1974,#1975,#1976,#1977));
#8740=EDGE_LOOP('',(#1978,#1979,#1980,#1981));
#8741=EDGE_LOOP('',(#1982,#1983,#1984,#1985));
#8742=EDGE_LOOP('',(#1986,#1987,#1988,#1989));
#8743=EDGE_LOOP('',(#1990,#1991,#1992,#1993));
#8744=EDGE_LOOP('',(#1994,#1995,#1996,#1997));
#8745=EDGE_LOOP('',(#1998,#1999,#2000,#2001));
#8746=EDGE_LOOP('',(#2002,#2003,#2004,#2005));
#8747=EDGE_LOOP('',(#2006,#2007,#2008,#2009));
#8748=EDGE_LOOP('',(#2010,#2011,#2012,#2013));
#8749=EDGE_LOOP('',(#2014,#2015,#2016,#2017));
#8750=EDGE_LOOP('',(#2018,#2019,#2020,#2021));
#8751=EDGE_LOOP('',(#2022,#2023,#2024,#2025));
#8752=EDGE_LOOP('',(#2026,#2027,#2028,#2029));
#8753=EDGE_LOOP('',(#2030,#2031,#2032,#2033));
#8754=EDGE_LOOP('',(#2034,#2035,#2036,#2037));
#8755=EDGE_LOOP('',(#2038,#2039,#2040,#2041));
#8756=EDGE_LOOP('',(#2042,#2043,#2044,#2045));
#8757=EDGE_LOOP('',(#2046,#2047,#2048,#2049));
#8758=EDGE_LOOP('',(#2050,#2051,#2052,#2053));
#8759=EDGE_LOOP('',(#2054,#2055,#2056,#2057));
#8760=EDGE_LOOP('',(#2058,#2059,#2060,#2061));
#8761=EDGE_LOOP('',(#2062,#2063,#2064,#2065));
#8762=EDGE_LOOP('',(#2066,#2067,#2068,#2069));
#8763=EDGE_LOOP('',(#2070,#2071,#2072,#2073));
#8764=EDGE_LOOP('',(#2074,#2075,#2076,#2077));
#8765=EDGE_LOOP('',(#2078,#2079,#2080,#2081));
#8766=EDGE_LOOP('',(#2082,#2083,#2084,#2085));
#8767=EDGE_LOOP('',(#2086,#2087,#2088,#2089));
#8768=EDGE_LOOP('',(#2090,#2091,#2092,#2093));
#8769=EDGE_LOOP('',(#2094,#2095,#2096,#2097));
#8770=EDGE_LOOP('',(#2098,#2099,#2100,#2101));
#8771=EDGE_LOOP('',(#2102,#2103,#2104,#2105));
#8772=EDGE_LOOP('',(#2106,#2107,#2108,#2109));
#8773=EDGE_LOOP('',(#2110,#2111,#2112,#2113));
#8774=EDGE_LOOP('',(#2114,#2115,#2116,#2117,#2118,#2119));
#8775=EDGE_LOOP('',(#2120,#2121,#2122,#2123,#2124,#2125));
#8776=EDGE_LOOP('',(#2126,#2127,#2128,#2129));
#8777=EDGE_LOOP('',(#2130,#2131,#2132,#2133));
#8778=EDGE_LOOP('',(#2134,#2135,#2136,#2137,#2138,#2139,#2140,#2141,#2142,
#2143,#2144,#2145,#2146,#2147,#2148,#2149,#2150,#2151,#2152,#2153,#2154,
#2155,#2156,#2157,#2158,#2159,#2160,#2161));
#8779=EDGE_LOOP('',(#2162,#2163,#2164,#2165));
#8780=EDGE_LOOP('',(#2166,#2167,#2168,#2169));
#8781=EDGE_LOOP('',(#2170,#2171,#2172,#2173));
#8782=EDGE_LOOP('',(#2174,#2175,#2176,#2177));
#8783=EDGE_LOOP('',(#2178,#2179,#2180,#2181));
#8784=EDGE_LOOP('',(#2182,#2183,#2184,#2185));
#8785=EDGE_LOOP('',(#2186,#2187,#2188,#2189));
#8786=EDGE_LOOP('',(#2190,#2191,#2192,#2193));
#8787=EDGE_LOOP('',(#2194,#2195,#2196,#2197));
#8788=EDGE_LOOP('',(#2198,#2199,#2200,#2201));
#8789=EDGE_LOOP('',(#2202,#2203,#2204,#2205));
#8790=EDGE_LOOP('',(#2206,#2207,#2208,#2209));
#8791=EDGE_LOOP('',(#2210,#2211,#2212,#2213));
#8792=EDGE_LOOP('',(#2214,#2215,#2216,#2217));
#8793=EDGE_LOOP('',(#2218,#2219,#2220,#2221));
#8794=EDGE_LOOP('',(#2222,#2223,#2224,#2225));
#8795=EDGE_LOOP('',(#2226,#2227,#2228,#2229));
#8796=EDGE_LOOP('',(#2230,#2231,#2232,#2233));
#8797=EDGE_LOOP('',(#2234,#2235,#2236,#2237));
#8798=EDGE_LOOP('',(#2238,#2239,#2240,#2241));
#8799=EDGE_LOOP('',(#2242,#2243,#2244,#2245));
#8800=EDGE_LOOP('',(#2246,#2247,#2248,#2249));
#8801=EDGE_LOOP('',(#2250,#2251,#2252,#2253));
#8802=EDGE_LOOP('',(#2254,#2255,#2256,#2257));
#8803=EDGE_LOOP('',(#2258,#2259,#2260,#2261));
#8804=EDGE_LOOP('',(#2262,#2263,#2264,#2265));
#8805=EDGE_LOOP('',(#2266,#2267,#2268,#2269));
#8806=EDGE_LOOP('',(#2270,#2271,#2272,#2273));
#8807=EDGE_LOOP('',(#2274,#2275,#2276,#2277));
#8808=EDGE_LOOP('',(#2278,#2279,#2280,#2281));
#8809=EDGE_LOOP('',(#2282,#2283,#2284,#2285));
#8810=EDGE_LOOP('',(#2286,#2287,#2288,#2289));
#8811=EDGE_LOOP('',(#2290,#2291,#2292,#2293));
#8812=EDGE_LOOP('',(#2294,#2295,#2296,#2297));
#8813=EDGE_LOOP('',(#2298,#2299,#2300,#2301));
#8814=EDGE_LOOP('',(#2302,#2303,#2304,#2305));
#8815=EDGE_LOOP('',(#2306,#2307,#2308,#2309));
#8816=EDGE_LOOP('',(#2310,#2311,#2312,#2313));
#8817=EDGE_LOOP('',(#2314,#2315,#2316,#2317));
#8818=EDGE_LOOP('',(#2318,#2319,#2320,#2321));
#8819=EDGE_LOOP('',(#2322,#2323,#2324,#2325));
#8820=EDGE_LOOP('',(#2326,#2327,#2328,#2329));
#8821=EDGE_LOOP('',(#2330,#2331,#2332,#2333));
#8822=EDGE_LOOP('',(#2334,#2335,#2336,#2337));
#8823=EDGE_LOOP('',(#2338,#2339,#2340,#2341));
#8824=EDGE_LOOP('',(#2342,#2343,#2344,#2345));
#8825=EDGE_LOOP('',(#2346,#2347,#2348,#2349,#2350,#2351));
#8826=EDGE_LOOP('',(#2352,#2353,#2354,#2355,#2356,#2357));
#8827=EDGE_LOOP('',(#2358,#2359,#2360,#2361,#2362,#2363));
#8828=EDGE_LOOP('',(#2364,#2365,#2366,#2367,#2368,#2369));
#8829=EDGE_LOOP('',(#2370,#2371,#2372,#2373,#2374,#2375));
#8830=EDGE_LOOP('',(#2376,#2377,#2378,#2379,#2380,#2381));
#8831=EDGE_LOOP('',(#2382,#2383,#2384,#2385,#2386,#2387));
#8832=EDGE_LOOP('',(#2388,#2389,#2390,#2391,#2392,#2393));
#8833=EDGE_LOOP('',(#2394,#2395,#2396,#2397,#2398,#2399));
#8834=EDGE_LOOP('',(#2400,#2401,#2402,#2403,#2404,#2405));
#8835=EDGE_LOOP('',(#2406,#2407,#2408,#2409,#2410,#2411));
#8836=EDGE_LOOP('',(#2412,#2413,#2414,#2415,#2416,#2417));
#8837=EDGE_LOOP('',(#2418,#2419,#2420,#2421,#2422,#2423));
#8838=EDGE_LOOP('',(#2424,#2425,#2426,#2427,#2428,#2429));
#8839=EDGE_LOOP('',(#2430,#2431,#2432,#2433,#2434,#2435));
#8840=EDGE_LOOP('',(#2436,#2437,#2438,#2439,#2440,#2441));
#8841=EDGE_LOOP('',(#2442,#2443,#2444,#2445,#2446,#2447));
#8842=EDGE_LOOP('',(#2448,#2449,#2450,#2451,#2452,#2453));
#8843=EDGE_LOOP('',(#2454,#2455,#2456,#2457,#2458,#2459));
#8844=EDGE_LOOP('',(#2460,#2461,#2462,#2463,#2464,#2465));
#8845=EDGE_LOOP('',(#2466,#2467,#2468,#2469,#2470,#2471));
#8846=EDGE_LOOP('',(#2472,#2473,#2474,#2475,#2476,#2477));
#8847=EDGE_LOOP('',(#2478,#2479,#2480,#2481,#2482,#2483));
#8848=EDGE_LOOP('',(#2484,#2485,#2486,#2487,#2488,#2489));
#8849=EDGE_LOOP('',(#2490,#2491,#2492,#2493,#2494,#2495));
#8850=EDGE_LOOP('',(#2496,#2497,#2498,#2499,#2500,#2501));
#8851=EDGE_LOOP('',(#2502,#2503,#2504,#2505,#2506,#2507));
#8852=EDGE_LOOP('',(#2508,#2509,#2510,#2511,#2512,#2513));
#8853=EDGE_LOOP('',(#2514,#2515,#2516,#2517,#2518,#2519));
#8854=EDGE_LOOP('',(#2520,#2521,#2522,#2523,#2524,#2525));
#8855=EDGE_LOOP('',(#2526,#2527,#2528,#2529,#2530,#2531));
#8856=EDGE_LOOP('',(#2532,#2533,#2534,#2535,#2536,#2537));
#8857=EDGE_LOOP('',(#2538,#2539,#2540,#2541,#2542,#2543));
#8858=EDGE_LOOP('',(#2544,#2545,#2546,#2547,#2548,#2549));
#8859=EDGE_LOOP('',(#2550,#2551,#2552,#2553,#2554,#2555));
#8860=EDGE_LOOP('',(#2556,#2557,#2558,#2559,#2560,#2561));
#8861=EDGE_LOOP('',(#2562,#2563,#2564,#2565,#2566,#2567));
#8862=EDGE_LOOP('',(#2568,#2569,#2570,#2571,#2572,#2573));
#8863=EDGE_LOOP('',(#2574,#2575,#2576,#2577,#2578,#2579));
#8864=EDGE_LOOP('',(#2580,#2581,#2582,#2583,#2584,#2585));
#8865=EDGE_LOOP('',(#2586,#2587,#2588,#2589,#2590,#2591));
#8866=EDGE_LOOP('',(#2592,#2593,#2594,#2595,#2596,#2597));
#8867=EDGE_LOOP('',(#2598,#2599,#2600,#2601,#2602,#2603));
#8868=EDGE_LOOP('',(#2604,#2605,#2606,#2607,#2608,#2609));
#8869=EDGE_LOOP('',(#2610,#2611,#2612,#2613));
#8870=EDGE_LOOP('',(#2614,#2615,#2616,#2617));
#8871=EDGE_LOOP('',(#2618,#2619,#2620,#2621,#2622,#2623,#2624,#2625,#2626,
#2627,#2628,#2629,#2630,#2631,#2632,#2633,#2634,#2635,#2636,#2637,#2638,
#2639,#2640,#2641,#2642,#2643,#2644,#2645));
#8872=EDGE_LOOP('',(#2646,#2647,#2648,#2649));
#8873=EDGE_LOOP('',(#2650,#2651,#2652,#2653));
#8874=EDGE_LOOP('',(#2654,#2655,#2656,#2657));
#8875=EDGE_LOOP('',(#2658,#2659,#2660,#2661));
#8876=EDGE_LOOP('',(#2662,#2663,#2664,#2665));
#8877=EDGE_LOOP('',(#2666,#2667,#2668,#2669));
#8878=EDGE_LOOP('',(#2670,#2671,#2672,#2673));
#8879=EDGE_LOOP('',(#2674,#2675,#2676,#2677));
#8880=EDGE_LOOP('',(#2678,#2679,#2680,#2681));
#8881=EDGE_LOOP('',(#2682,#2683,#2684,#2685));
#8882=EDGE_LOOP('',(#2686,#2687,#2688,#2689));
#8883=EDGE_LOOP('',(#2690,#2691,#2692,#2693));
#8884=EDGE_LOOP('',(#2694,#2695,#2696,#2697));
#8885=EDGE_LOOP('',(#2698,#2699,#2700,#2701));
#8886=EDGE_LOOP('',(#2702,#2703,#2704,#2705));
#8887=EDGE_LOOP('',(#2706,#2707,#2708,#2709));
#8888=EDGE_LOOP('',(#2710,#2711,#2712,#2713));
#8889=EDGE_LOOP('',(#2714,#2715,#2716,#2717));
#8890=EDGE_LOOP('',(#2718,#2719,#2720,#2721));
#8891=EDGE_LOOP('',(#2722,#2723,#2724,#2725));
#8892=EDGE_LOOP('',(#2726,#2727,#2728,#2729));
#8893=EDGE_LOOP('',(#2730,#2731,#2732,#2733));
#8894=EDGE_LOOP('',(#2734,#2735,#2736,#2737));
#8895=EDGE_LOOP('',(#2738,#2739,#2740,#2741));
#8896=EDGE_LOOP('',(#2742,#2743,#2744,#2745));
#8897=EDGE_LOOP('',(#2746,#2747,#2748,#2749));
#8898=EDGE_LOOP('',(#2750,#2751,#2752,#2753));
#8899=EDGE_LOOP('',(#2754,#2755,#2756,#2757));
#8900=EDGE_LOOP('',(#2758,#2759,#2760,#2761));
#8901=EDGE_LOOP('',(#2762,#2763,#2764,#2765));
#8902=EDGE_LOOP('',(#2766,#2767,#2768,#2769));
#8903=EDGE_LOOP('',(#2770,#2771,#2772,#2773));
#8904=EDGE_LOOP('',(#2774,#2775,#2776,#2777));
#8905=EDGE_LOOP('',(#2778,#2779,#2780,#2781));
#8906=EDGE_LOOP('',(#2782,#2783,#2784,#2785));
#8907=EDGE_LOOP('',(#2786,#2787,#2788,#2789));
#8908=EDGE_LOOP('',(#2790,#2791,#2792,#2793));
#8909=EDGE_LOOP('',(#2794,#2795,#2796,#2797));
#8910=EDGE_LOOP('',(#2798,#2799,#2800,#2801));
#8911=EDGE_LOOP('',(#2802,#2803,#2804,#2805));
#8912=EDGE_LOOP('',(#2806,#2807,#2808,#2809));
#8913=EDGE_LOOP('',(#2810,#2811,#2812,#2813));
#8914=EDGE_LOOP('',(#2814,#2815,#2816,#2817));
#8915=EDGE_LOOP('',(#2818,#2819,#2820,#2821));
#8916=EDGE_LOOP('',(#2822,#2823,#2824,#2825));
#8917=EDGE_LOOP('',(#2826,#2827,#2828,#2829));
#8918=EDGE_LOOP('',(#2830,#2831,#2832,#2833,#2834,#2835));
#8919=EDGE_LOOP('',(#2836,#2837,#2838,#2839,#2840,#2841));
#8920=EDGE_LOOP('',(#2842,#2843,#2844,#2845,#2846,#2847));
#8921=EDGE_LOOP('',(#2848,#2849,#2850,#2851,#2852,#2853));
#8922=EDGE_LOOP('',(#2854,#2855,#2856,#2857,#2858,#2859));
#8923=EDGE_LOOP('',(#2860,#2861,#2862,#2863,#2864,#2865));
#8924=EDGE_LOOP('',(#2866,#2867,#2868,#2869,#2870,#2871));
#8925=EDGE_LOOP('',(#2872,#2873,#2874,#2875,#2876,#2877));
#8926=EDGE_LOOP('',(#2878,#2879,#2880,#2881,#2882,#2883));
#8927=EDGE_LOOP('',(#2884,#2885,#2886,#2887,#2888,#2889));
#8928=EDGE_LOOP('',(#2890,#2891,#2892,#2893,#2894,#2895));
#8929=EDGE_LOOP('',(#2896,#2897,#2898,#2899,#2900,#2901));
#8930=EDGE_LOOP('',(#2902,#2903,#2904,#2905,#2906,#2907));
#8931=EDGE_LOOP('',(#2908,#2909,#2910,#2911,#2912,#2913));
#8932=EDGE_LOOP('',(#2914,#2915,#2916,#2917,#2918,#2919));
#8933=EDGE_LOOP('',(#2920,#2921,#2922,#2923,#2924,#2925));
#8934=EDGE_LOOP('',(#2926,#2927,#2928,#2929,#2930,#2931));
#8935=EDGE_LOOP('',(#2932,#2933,#2934,#2935,#2936,#2937));
#8936=EDGE_LOOP('',(#2938,#2939,#2940,#2941,#2942,#2943));
#8937=EDGE_LOOP('',(#2944,#2945,#2946,#2947,#2948,#2949));
#8938=EDGE_LOOP('',(#2950,#2951,#2952,#2953,#2954,#2955));
#8939=EDGE_LOOP('',(#2956,#2957,#2958,#2959,#2960,#2961));
#8940=EDGE_LOOP('',(#2962,#2963,#2964,#2965,#2966,#2967));
#8941=EDGE_LOOP('',(#2968,#2969,#2970,#2971,#2972,#2973));
#8942=EDGE_LOOP('',(#2974,#2975,#2976,#2977,#2978,#2979));
#8943=EDGE_LOOP('',(#2980,#2981,#2982,#2983,#2984,#2985));
#8944=EDGE_LOOP('',(#2986,#2987,#2988,#2989,#2990,#2991));
#8945=EDGE_LOOP('',(#2992,#2993,#2994,#2995,#2996,#2997));
#8946=EDGE_LOOP('',(#2998,#2999,#3000,#3001,#3002,#3003));
#8947=EDGE_LOOP('',(#3004,#3005,#3006,#3007,#3008,#3009));
#8948=EDGE_LOOP('',(#3010,#3011,#3012,#3013,#3014,#3015));
#8949=EDGE_LOOP('',(#3016,#3017,#3018,#3019,#3020,#3021));
#8950=EDGE_LOOP('',(#3022,#3023,#3024,#3025,#3026,#3027));
#8951=EDGE_LOOP('',(#3028,#3029,#3030,#3031,#3032,#3033));
#8952=EDGE_LOOP('',(#3034,#3035,#3036,#3037,#3038,#3039));
#8953=EDGE_LOOP('',(#3040,#3041,#3042,#3043,#3044,#3045));
#8954=EDGE_LOOP('',(#3046,#3047,#3048,#3049,#3050,#3051));
#8955=EDGE_LOOP('',(#3052,#3053,#3054,#3055,#3056,#3057));
#8956=EDGE_LOOP('',(#3058,#3059,#3060,#3061,#3062,#3063));
#8957=EDGE_LOOP('',(#3064,#3065,#3066,#3067,#3068,#3069));
#8958=EDGE_LOOP('',(#3070,#3071,#3072,#3073,#3074,#3075));
#8959=EDGE_LOOP('',(#3076,#3077,#3078,#3079,#3080,#3081));
#8960=EDGE_LOOP('',(#3082,#3083,#3084,#3085));
#8961=EDGE_LOOP('',(#3086,#3087,#3088,#3089));
#8962=EDGE_LOOP('',(#3090,#3091,#3092,#3093));
#8963=EDGE_LOOP('',(#3094,#3095,#3096,#3097));
#8964=EDGE_LOOP('',(#3098,#3099,#3100,#3101));
#8965=EDGE_LOOP('',(#3102,#3103,#3104,#3105));
#8966=EDGE_LOOP('',(#3106,#3107,#3108,#3109));
#8967=EDGE_LOOP('',(#3110,#3111,#3112,#3113));
#8968=EDGE_LOOP('',(#3114));
#8969=EDGE_LOOP('',(#3115));
#8970=EDGE_LOOP('',(#3116,#3117,#3118,#3119));
#8971=EDGE_LOOP('',(#3120,#3121,#3122,#3123));
#8972=EDGE_LOOP('',(#3124,#3125,#3126,#3127));
#8973=EDGE_LOOP('',(#3128,#3129,#3130,#3131,#3132,#3133,#3134,#3135));
#8974=EDGE_LOOP('',(#3136,#3137,#3138,#3139));
#8975=EDGE_LOOP('',(#3140,#3141,#3142,#3143,#3144,#3145,#3146,#3147));
#8976=EDGE_LOOP('',(#3148,#3149,#3150,#3151));
#8977=EDGE_LOOP('',(#3152,#3153,#3154,#3155));
#8978=EDGE_LOOP('',(#3156,#3157,#3158,#3159,#3160,#3161,#3162,#3163));
#8979=EDGE_LOOP('',(#3164,#3165,#3166,#3167,#3168,#3169,#3170,#3171));
#8980=EDGE_LOOP('',(#3172,#3173,#3174,#3175));
#8981=EDGE_LOOP('',(#3176,#3177,#3178,#3179));
#8982=EDGE_LOOP('',(#3180,#3181,#3182,#3183));
#8983=EDGE_LOOP('',(#3184));
#8984=EDGE_LOOP('',(#3185,#3186,#3187,#3188));
#8985=EDGE_LOOP('',(#3189));
#8986=EDGE_LOOP('',(#3190,#3191,#3192,#3193));
#8987=EDGE_LOOP('',(#3194,#3195,#3196,#3197));
#8988=EDGE_LOOP('',(#3198));
#8989=EDGE_LOOP('',(#3199,#3200,#3201,#3202));
#8990=EDGE_LOOP('',(#3203));
#8991=EDGE_LOOP('',(#3204,#3205,#3206,#3207));
#8992=EDGE_LOOP('',(#3208,#3209,#3210,#3211));
#8993=EDGE_LOOP('',(#3212));
#8994=EDGE_LOOP('',(#3213,#3214,#3215,#3216));
#8995=EDGE_LOOP('',(#3217));
#8996=EDGE_LOOP('',(#3218,#3219,#3220,#3221));
#8997=EDGE_LOOP('',(#3222,#3223,#3224,#3225));
#8998=EDGE_LOOP('',(#3226));
#8999=EDGE_LOOP('',(#3227,#3228,#3229,#3230));
#9000=EDGE_LOOP('',(#3231));
#9001=EDGE_LOOP('',(#3232,#3233,#3234,#3235));
#9002=EDGE_LOOP('',(#3236));
#9003=EDGE_LOOP('',(#3237));
#9004=EDGE_LOOP('',(#3238));
#9005=EDGE_LOOP('',(#3239));
#9006=EDGE_LOOP('',(#3240));
#9007=EDGE_LOOP('',(#3241));
#9008=EDGE_LOOP('',(#3242));
#9009=EDGE_LOOP('',(#3243));
#9010=EDGE_LOOP('',(#3244,#3245,#3246,#3247));
#9011=EDGE_LOOP('',(#3248,#3249,#3250,#3251));
#9012=EDGE_LOOP('',(#3252,#3253,#3254,#3255));
#9013=EDGE_LOOP('',(#3256,#3257,#3258,#3259));
#9014=EDGE_LOOP('',(#3260,#3261,#3262,#3263));
#9015=EDGE_LOOP('',(#3264,#3265,#3266,#3267));
#9016=EDGE_LOOP('',(#3268,#3269,#3270,#3271));
#9017=EDGE_LOOP('',(#3272,#3273,#3274,#3275));
#9018=EDGE_LOOP('',(#3276,#3277,#3278,#3279));
#9019=EDGE_LOOP('',(#3280,#3281,#3282,#3283));
#9020=EDGE_LOOP('',(#3284,#3285,#3286,#3287));
#9021=EDGE_LOOP('',(#3288,#3289,#3290,#3291));
#9022=EDGE_LOOP('',(#3292,#3293,#3294,#3295));
#9023=EDGE_LOOP('',(#3296,#3297,#3298,#3299));
#9024=EDGE_LOOP('',(#3300,#3301,#3302,#3303));
#9025=EDGE_LOOP('',(#3304,#3305,#3306,#3307));
#9026=EDGE_LOOP('',(#3308,#3309,#3310,#3311));
#9027=EDGE_LOOP('',(#3312,#3313,#3314,#3315));
#9028=EDGE_LOOP('',(#3316,#3317,#3318,#3319));
#9029=EDGE_LOOP('',(#3320,#3321,#3322,#3323));
#9030=EDGE_LOOP('',(#3324));
#9031=EDGE_LOOP('',(#3325));
#9032=EDGE_LOOP('',(#3326));
#9033=EDGE_LOOP('',(#3327));
#9034=EDGE_LOOP('',(#3328));
#9035=EDGE_LOOP('',(#3329));
#9036=FACE_BOUND('',#8334,.T.);
#9037=FACE_BOUND('',#8335,.T.);
#9038=FACE_BOUND('',#8336,.T.);
#9039=FACE_BOUND('',#8337,.T.);
#9040=FACE_BOUND('',#8338,.T.);
#9041=FACE_BOUND('',#8339,.T.);
#9042=FACE_BOUND('',#8340,.T.);
#9043=FACE_BOUND('',#8341,.T.);
#9044=FACE_BOUND('',#8342,.T.);
#9045=FACE_BOUND('',#8343,.T.);
#9046=FACE_BOUND('',#8344,.T.);
#9047=FACE_BOUND('',#8345,.T.);
#9048=FACE_BOUND('',#8346,.T.);
#9049=FACE_BOUND('',#8347,.T.);
#9050=FACE_BOUND('',#8348,.T.);
#9051=FACE_BOUND('',#8349,.T.);
#9052=FACE_BOUND('',#8350,.T.);
#9053=FACE_BOUND('',#8351,.T.);
#9054=FACE_BOUND('',#8352,.T.);
#9055=FACE_BOUND('',#8353,.T.);
#9056=FACE_BOUND('',#8354,.T.);
#9057=FACE_BOUND('',#8355,.T.);
#9058=FACE_BOUND('',#8356,.T.);
#9059=FACE_BOUND('',#8357,.T.);
#9060=FACE_BOUND('',#8358,.T.);
#9061=FACE_BOUND('',#8359,.T.);
#9062=FACE_BOUND('',#8360,.T.);
#9063=FACE_BOUND('',#8361,.T.);
#9064=FACE_BOUND('',#8362,.T.);
#9065=FACE_BOUND('',#8363,.T.);
#9066=FACE_BOUND('',#8364,.T.);
#9067=FACE_BOUND('',#8365,.T.);
#9068=FACE_BOUND('',#8366,.T.);
#9069=FACE_BOUND('',#8367,.T.);
#9070=FACE_BOUND('',#8368,.T.);
#9071=FACE_BOUND('',#8369,.T.);
#9072=FACE_BOUND('',#8370,.T.);
#9073=FACE_BOUND('',#8371,.T.);
#9074=FACE_BOUND('',#8372,.T.);
#9075=FACE_BOUND('',#8373,.T.);
#9076=FACE_BOUND('',#8374,.T.);
#9077=FACE_BOUND('',#8375,.T.);
#9078=FACE_BOUND('',#8376,.T.);
#9079=FACE_BOUND('',#8377,.T.);
#9080=FACE_BOUND('',#8378,.T.);
#9081=FACE_BOUND('',#8379,.T.);
#9082=FACE_BOUND('',#8380,.T.);
#9083=FACE_BOUND('',#8381,.T.);
#9084=FACE_BOUND('',#8382,.T.);
#9085=FACE_BOUND('',#8383,.T.);
#9086=FACE_BOUND('',#8384,.T.);
#9087=FACE_BOUND('',#8385,.T.);
#9088=FACE_BOUND('',#8386,.T.);
#9089=FACE_BOUND('',#8387,.T.);
#9090=FACE_BOUND('',#8388,.T.);
#9091=FACE_BOUND('',#8389,.T.);
#9092=FACE_BOUND('',#8390,.T.);
#9093=FACE_BOUND('',#8391,.T.);
#9094=FACE_BOUND('',#8392,.T.);
#9095=FACE_BOUND('',#8393,.T.);
#9096=FACE_BOUND('',#8394,.T.);
#9097=FACE_BOUND('',#8395,.T.);
#9098=FACE_BOUND('',#8396,.T.);
#9099=FACE_BOUND('',#8397,.T.);
#9100=FACE_BOUND('',#8398,.T.);
#9101=FACE_BOUND('',#8399,.T.);
#9102=FACE_BOUND('',#8400,.T.);
#9103=FACE_BOUND('',#8401,.T.);
#9104=FACE_BOUND('',#8402,.T.);
#9105=FACE_BOUND('',#8403,.T.);
#9106=FACE_BOUND('',#8404,.T.);
#9107=FACE_BOUND('',#8405,.T.);
#9108=FACE_BOUND('',#8406,.T.);
#9109=FACE_BOUND('',#8407,.T.);
#9110=FACE_BOUND('',#8408,.T.);
#9111=FACE_BOUND('',#8409,.T.);
#9112=FACE_BOUND('',#8410,.T.);
#9113=FACE_BOUND('',#8411,.T.);
#9114=FACE_BOUND('',#8412,.T.);
#9115=FACE_BOUND('',#8413,.T.);
#9116=FACE_BOUND('',#8414,.T.);
#9117=FACE_BOUND('',#8415,.T.);
#9118=FACE_BOUND('',#8416,.T.);
#9119=FACE_BOUND('',#8417,.T.);
#9120=FACE_BOUND('',#8418,.T.);
#9121=FACE_BOUND('',#8419,.T.);
#9122=FACE_BOUND('',#8420,.T.);
#9123=FACE_BOUND('',#8421,.T.);
#9124=FACE_BOUND('',#8422,.T.);
#9125=FACE_BOUND('',#8423,.T.);
#9126=FACE_BOUND('',#8424,.T.);
#9127=FACE_BOUND('',#8425,.T.);
#9128=FACE_BOUND('',#8426,.T.);
#9129=FACE_BOUND('',#8427,.T.);
#9130=FACE_BOUND('',#8428,.T.);
#9131=FACE_BOUND('',#8429,.T.);
#9132=FACE_BOUND('',#8430,.T.);
#9133=FACE_BOUND('',#8431,.T.);
#9134=FACE_BOUND('',#8432,.T.);
#9135=FACE_BOUND('',#8433,.T.);
#9136=FACE_BOUND('',#8434,.T.);
#9137=FACE_BOUND('',#8435,.T.);
#9138=FACE_BOUND('',#8436,.T.);
#9139=FACE_BOUND('',#8437,.T.);
#9140=FACE_BOUND('',#8438,.T.);
#9141=FACE_BOUND('',#8439,.T.);
#9142=FACE_BOUND('',#8440,.T.);
#9143=FACE_BOUND('',#8441,.T.);
#9144=FACE_BOUND('',#8442,.T.);
#9145=FACE_BOUND('',#8443,.T.);
#9146=FACE_BOUND('',#8444,.T.);
#9147=FACE_BOUND('',#8445,.T.);
#9148=FACE_BOUND('',#8446,.T.);
#9149=FACE_BOUND('',#8447,.T.);
#9150=FACE_BOUND('',#8448,.T.);
#9151=FACE_BOUND('',#8449,.T.);
#9152=FACE_BOUND('',#8450,.T.);
#9153=FACE_BOUND('',#8451,.T.);
#9154=FACE_BOUND('',#8452,.T.);
#9155=FACE_BOUND('',#8453,.T.);
#9156=FACE_BOUND('',#8454,.T.);
#9157=FACE_BOUND('',#8455,.T.);
#9158=FACE_BOUND('',#8456,.T.);
#9159=FACE_BOUND('',#8457,.T.);
#9160=FACE_BOUND('',#8458,.T.);
#9161=FACE_BOUND('',#8459,.T.);
#9162=FACE_BOUND('',#8460,.T.);
#9163=FACE_BOUND('',#8461,.T.);
#9164=FACE_BOUND('',#8462,.T.);
#9165=FACE_BOUND('',#8463,.T.);
#9166=FACE_BOUND('',#8464,.T.);
#9167=FACE_BOUND('',#8465,.T.);
#9168=FACE_BOUND('',#8466,.T.);
#9169=FACE_BOUND('',#8467,.T.);
#9170=FACE_BOUND('',#8468,.T.);
#9171=FACE_BOUND('',#8469,.T.);
#9172=FACE_BOUND('',#8470,.T.);
#9173=FACE_BOUND('',#8471,.T.);
#9174=FACE_BOUND('',#8472,.T.);
#9175=FACE_BOUND('',#8473,.T.);
#9176=FACE_BOUND('',#8474,.T.);
#9177=FACE_BOUND('',#8475,.T.);
#9178=FACE_BOUND('',#8476,.T.);
#9179=FACE_BOUND('',#8477,.T.);
#9180=FACE_BOUND('',#8478,.T.);
#9181=FACE_BOUND('',#8479,.T.);
#9182=FACE_BOUND('',#8480,.T.);
#9183=FACE_BOUND('',#8481,.T.);
#9184=FACE_BOUND('',#8482,.T.);
#9185=FACE_BOUND('',#8483,.T.);
#9186=FACE_BOUND('',#8484,.T.);
#9187=FACE_BOUND('',#8485,.T.);
#9188=FACE_BOUND('',#8486,.T.);
#9189=FACE_BOUND('',#8487,.T.);
#9190=FACE_BOUND('',#8488,.T.);
#9191=FACE_BOUND('',#8489,.T.);
#9192=FACE_BOUND('',#8490,.T.);
#9193=FACE_BOUND('',#8491,.T.);
#9194=FACE_BOUND('',#8492,.T.);
#9195=FACE_BOUND('',#8493,.T.);
#9196=FACE_BOUND('',#8494,.T.);
#9197=FACE_BOUND('',#8495,.T.);
#9198=FACE_BOUND('',#8496,.T.);
#9199=FACE_BOUND('',#8497,.T.);
#9200=FACE_BOUND('',#8498,.T.);
#9201=FACE_BOUND('',#8499,.T.);
#9202=FACE_BOUND('',#8500,.T.);
#9203=FACE_BOUND('',#8501,.T.);
#9204=FACE_BOUND('',#8502,.T.);
#9205=FACE_BOUND('',#8503,.T.);
#9206=FACE_BOUND('',#8504,.T.);
#9207=FACE_BOUND('',#8505,.T.);
#9208=FACE_BOUND('',#8506,.T.);
#9209=FACE_BOUND('',#8507,.T.);
#9210=FACE_BOUND('',#8508,.T.);
#9211=FACE_BOUND('',#8509,.T.);
#9212=FACE_BOUND('',#8510,.T.);
#9213=FACE_BOUND('',#8511,.T.);
#9214=FACE_BOUND('',#8512,.T.);
#9215=FACE_BOUND('',#8513,.T.);
#9216=FACE_BOUND('',#8514,.T.);
#9217=FACE_BOUND('',#8515,.T.);
#9218=FACE_BOUND('',#8516,.T.);
#9219=FACE_BOUND('',#8517,.T.);
#9220=FACE_BOUND('',#8518,.T.);
#9221=FACE_BOUND('',#8519,.T.);
#9222=FACE_BOUND('',#8520,.T.);
#9223=FACE_BOUND('',#8521,.T.);
#9224=FACE_BOUND('',#8522,.T.);
#9225=FACE_BOUND('',#8523,.T.);
#9226=FACE_BOUND('',#8524,.T.);
#9227=FACE_BOUND('',#8525,.T.);
#9228=FACE_BOUND('',#8526,.T.);
#9229=FACE_BOUND('',#8527,.T.);
#9230=FACE_BOUND('',#8528,.T.);
#9231=FACE_BOUND('',#8529,.T.);
#9232=FACE_BOUND('',#8530,.T.);
#9233=FACE_BOUND('',#8531,.T.);
#9234=FACE_BOUND('',#8532,.T.);
#9235=FACE_BOUND('',#8533,.T.);
#9236=FACE_BOUND('',#8534,.T.);
#9237=FACE_BOUND('',#8535,.T.);
#9238=FACE_BOUND('',#8536,.T.);
#9239=FACE_BOUND('',#8537,.T.);
#9240=FACE_BOUND('',#8538,.T.);
#9241=FACE_BOUND('',#8539,.T.);
#9242=FACE_BOUND('',#8540,.T.);
#9243=FACE_BOUND('',#8541,.T.);
#9244=FACE_BOUND('',#8542,.T.);
#9245=FACE_BOUND('',#8543,.T.);
#9246=FACE_BOUND('',#8544,.T.);
#9247=FACE_BOUND('',#8545,.T.);
#9248=FACE_BOUND('',#8546,.T.);
#9249=FACE_BOUND('',#8547,.T.);
#9250=FACE_BOUND('',#8548,.T.);
#9251=FACE_BOUND('',#8549,.T.);
#9252=FACE_BOUND('',#8550,.T.);
#9253=FACE_BOUND('',#8551,.T.);
#9254=FACE_BOUND('',#8552,.T.);
#9255=FACE_BOUND('',#8553,.T.);
#9256=FACE_BOUND('',#8554,.T.);
#9257=FACE_BOUND('',#8555,.T.);
#9258=FACE_BOUND('',#8556,.T.);
#9259=FACE_BOUND('',#8557,.T.);
#9260=FACE_BOUND('',#8558,.T.);
#9261=FACE_BOUND('',#8559,.T.);
#9262=FACE_BOUND('',#8560,.T.);
#9263=FACE_BOUND('',#8561,.T.);
#9264=FACE_BOUND('',#8562,.T.);
#9265=FACE_BOUND('',#8563,.T.);
#9266=FACE_BOUND('',#8564,.T.);
#9267=FACE_BOUND('',#8565,.T.);
#9268=FACE_BOUND('',#8566,.T.);
#9269=FACE_BOUND('',#8567,.T.);
#9270=FACE_BOUND('',#8568,.T.);
#9271=FACE_BOUND('',#8569,.T.);
#9272=FACE_BOUND('',#8570,.T.);
#9273=FACE_BOUND('',#8571,.T.);
#9274=FACE_BOUND('',#8572,.T.);
#9275=FACE_BOUND('',#8573,.T.);
#9276=FACE_BOUND('',#8574,.T.);
#9277=FACE_BOUND('',#8575,.T.);
#9278=FACE_BOUND('',#8576,.T.);
#9279=FACE_BOUND('',#8577,.T.);
#9280=FACE_BOUND('',#8578,.T.);
#9281=FACE_BOUND('',#8579,.T.);
#9282=FACE_BOUND('',#8580,.T.);
#9283=FACE_BOUND('',#8581,.T.);
#9284=FACE_BOUND('',#8582,.T.);
#9285=FACE_BOUND('',#8583,.T.);
#9286=FACE_BOUND('',#8584,.T.);
#9287=FACE_BOUND('',#8585,.T.);
#9288=FACE_BOUND('',#8586,.T.);
#9289=FACE_BOUND('',#8587,.T.);
#9290=FACE_BOUND('',#8588,.T.);
#9291=FACE_BOUND('',#8589,.T.);
#9292=FACE_BOUND('',#8590,.T.);
#9293=FACE_BOUND('',#8591,.T.);
#9294=FACE_BOUND('',#8592,.T.);
#9295=FACE_BOUND('',#8593,.T.);
#9296=FACE_BOUND('',#8594,.T.);
#9297=FACE_BOUND('',#8595,.T.);
#9298=FACE_BOUND('',#8596,.T.);
#9299=FACE_BOUND('',#8597,.T.);
#9300=FACE_BOUND('',#8598,.T.);
#9301=FACE_BOUND('',#8599,.T.);
#9302=FACE_BOUND('',#8600,.T.);
#9303=FACE_BOUND('',#8601,.T.);
#9304=FACE_BOUND('',#8602,.T.);
#9305=FACE_BOUND('',#8603,.T.);
#9306=FACE_BOUND('',#8604,.T.);
#9307=FACE_BOUND('',#8605,.T.);
#9308=FACE_BOUND('',#8606,.T.);
#9309=FACE_BOUND('',#8607,.T.);
#9310=FACE_BOUND('',#8608,.T.);
#9311=FACE_BOUND('',#8609,.T.);
#9312=FACE_BOUND('',#8610,.T.);
#9313=FACE_BOUND('',#8611,.T.);
#9314=FACE_BOUND('',#8612,.T.);
#9315=FACE_BOUND('',#8613,.T.);
#9316=FACE_BOUND('',#8614,.T.);
#9317=FACE_BOUND('',#8615,.T.);
#9318=FACE_BOUND('',#8616,.T.);
#9319=FACE_BOUND('',#8617,.T.);
#9320=FACE_BOUND('',#8618,.T.);
#9321=FACE_BOUND('',#8619,.T.);
#9322=FACE_BOUND('',#8620,.T.);
#9323=FACE_BOUND('',#8621,.T.);
#9324=FACE_BOUND('',#8622,.T.);
#9325=FACE_BOUND('',#8623,.T.);
#9326=FACE_BOUND('',#8624,.T.);
#9327=FACE_BOUND('',#8625,.T.);
#9328=FACE_BOUND('',#8626,.T.);
#9329=FACE_BOUND('',#8627,.T.);
#9330=FACE_BOUND('',#8628,.T.);
#9331=FACE_BOUND('',#8629,.T.);
#9332=FACE_BOUND('',#8630,.T.);
#9333=FACE_BOUND('',#8631,.T.);
#9334=FACE_BOUND('',#8632,.T.);
#9335=FACE_BOUND('',#8633,.T.);
#9336=FACE_BOUND('',#8634,.T.);
#9337=FACE_BOUND('',#8635,.T.);
#9338=FACE_BOUND('',#8636,.T.);
#9339=FACE_BOUND('',#8637,.T.);
#9340=FACE_BOUND('',#8638,.T.);
#9341=FACE_BOUND('',#8639,.T.);
#9342=FACE_BOUND('',#8640,.T.);
#9343=FACE_BOUND('',#8641,.T.);
#9344=FACE_BOUND('',#8642,.T.);
#9345=FACE_BOUND('',#8643,.T.);
#9346=FACE_BOUND('',#8644,.T.);
#9347=FACE_BOUND('',#8645,.T.);
#9348=FACE_BOUND('',#8646,.T.);
#9349=FACE_BOUND('',#8647,.T.);
#9350=FACE_BOUND('',#8648,.T.);
#9351=FACE_BOUND('',#8649,.T.);
#9352=FACE_BOUND('',#8650,.T.);
#9353=FACE_BOUND('',#8651,.T.);
#9354=FACE_BOUND('',#8652,.T.);
#9355=FACE_BOUND('',#8653,.T.);
#9356=FACE_BOUND('',#8654,.T.);
#9357=FACE_BOUND('',#8655,.T.);
#9358=FACE_BOUND('',#8656,.T.);
#9359=FACE_BOUND('',#8657,.T.);
#9360=FACE_BOUND('',#8658,.T.);
#9361=FACE_BOUND('',#8659,.T.);
#9362=FACE_BOUND('',#8660,.T.);
#9363=FACE_BOUND('',#8661,.T.);
#9364=FACE_BOUND('',#8662,.T.);
#9365=FACE_BOUND('',#8663,.T.);
#9366=FACE_BOUND('',#8664,.T.);
#9367=FACE_BOUND('',#8665,.T.);
#9368=FACE_BOUND('',#8666,.T.);
#9369=FACE_BOUND('',#8667,.T.);
#9370=FACE_BOUND('',#8668,.T.);
#9371=FACE_BOUND('',#8669,.T.);
#9372=FACE_BOUND('',#8670,.T.);
#9373=FACE_BOUND('',#8671,.T.);
#9374=FACE_BOUND('',#8672,.T.);
#9375=FACE_BOUND('',#8673,.T.);
#9376=FACE_BOUND('',#8674,.T.);
#9377=FACE_BOUND('',#8675,.T.);
#9378=FACE_BOUND('',#8676,.T.);
#9379=FACE_BOUND('',#8677,.T.);
#9380=FACE_BOUND('',#8678,.T.);
#9381=FACE_BOUND('',#8679,.T.);
#9382=FACE_BOUND('',#8680,.T.);
#9383=FACE_BOUND('',#8681,.T.);
#9384=FACE_BOUND('',#8682,.T.);
#9385=FACE_BOUND('',#8683,.T.);
#9386=FACE_BOUND('',#8684,.T.);
#9387=FACE_BOUND('',#8685,.T.);
#9388=FACE_BOUND('',#8686,.T.);
#9389=FACE_BOUND('',#8687,.T.);
#9390=FACE_BOUND('',#8688,.T.);
#9391=FACE_BOUND('',#8689,.T.);
#9392=FACE_BOUND('',#8690,.T.);
#9393=FACE_BOUND('',#8691,.T.);
#9394=FACE_BOUND('',#8692,.T.);
#9395=FACE_BOUND('',#8693,.T.);
#9396=FACE_BOUND('',#8694,.T.);
#9397=FACE_BOUND('',#8695,.T.);
#9398=FACE_BOUND('',#8696,.T.);
#9399=FACE_BOUND('',#8697,.T.);
#9400=FACE_BOUND('',#8698,.T.);
#9401=FACE_BOUND('',#8699,.T.);
#9402=FACE_BOUND('',#8700,.T.);
#9403=FACE_BOUND('',#8701,.T.);
#9404=FACE_BOUND('',#8702,.T.);
#9405=FACE_BOUND('',#8703,.T.);
#9406=FACE_BOUND('',#8704,.T.);
#9407=FACE_BOUND('',#8705,.T.);
#9408=FACE_BOUND('',#8706,.T.);
#9409=FACE_BOUND('',#8707,.T.);
#9410=FACE_BOUND('',#8708,.T.);
#9411=FACE_BOUND('',#8709,.T.);
#9412=FACE_BOUND('',#8710,.T.);
#9413=FACE_BOUND('',#8711,.T.);
#9414=FACE_BOUND('',#8712,.T.);
#9415=FACE_BOUND('',#8713,.T.);
#9416=FACE_BOUND('',#8714,.T.);
#9417=FACE_BOUND('',#8715,.T.);
#9418=FACE_BOUND('',#8716,.T.);
#9419=FACE_BOUND('',#8717,.T.);
#9420=FACE_BOUND('',#8718,.T.);
#9421=FACE_BOUND('',#8719,.T.);
#9422=FACE_BOUND('',#8720,.T.);
#9423=FACE_BOUND('',#8721,.T.);
#9424=FACE_BOUND('',#8722,.T.);
#9425=FACE_BOUND('',#8723,.T.);
#9426=FACE_BOUND('',#8724,.T.);
#9427=FACE_BOUND('',#8725,.T.);
#9428=FACE_BOUND('',#8726,.T.);
#9429=FACE_BOUND('',#8727,.T.);
#9430=FACE_BOUND('',#8728,.T.);
#9431=FACE_BOUND('',#8729,.T.);
#9432=FACE_BOUND('',#8730,.T.);
#9433=FACE_BOUND('',#8731,.T.);
#9434=FACE_BOUND('',#8732,.T.);
#9435=FACE_BOUND('',#8733,.T.);
#9436=FACE_BOUND('',#8734,.T.);
#9437=FACE_BOUND('',#8735,.T.);
#9438=FACE_BOUND('',#8736,.T.);
#9439=FACE_BOUND('',#8737,.T.);
#9440=FACE_BOUND('',#8738,.T.);
#9441=FACE_BOUND('',#8739,.T.);
#9442=FACE_BOUND('',#8740,.T.);
#9443=FACE_BOUND('',#8741,.T.);
#9444=FACE_BOUND('',#8742,.T.);
#9445=FACE_BOUND('',#8743,.T.);
#9446=FACE_BOUND('',#8744,.T.);
#9447=FACE_BOUND('',#8745,.T.);
#9448=FACE_BOUND('',#8746,.T.);
#9449=FACE_BOUND('',#8747,.T.);
#9450=FACE_BOUND('',#8748,.T.);
#9451=FACE_BOUND('',#8749,.T.);
#9452=FACE_BOUND('',#8750,.T.);
#9453=FACE_BOUND('',#8751,.T.);
#9454=FACE_BOUND('',#8752,.T.);
#9455=FACE_BOUND('',#8753,.T.);
#9456=FACE_BOUND('',#8754,.T.);
#9457=FACE_BOUND('',#8755,.T.);
#9458=FACE_BOUND('',#8756,.T.);
#9459=FACE_BOUND('',#8757,.T.);
#9460=FACE_BOUND('',#8758,.T.);
#9461=FACE_BOUND('',#8759,.T.);
#9462=FACE_BOUND('',#8760,.T.);
#9463=FACE_BOUND('',#8761,.T.);
#9464=FACE_BOUND('',#8762,.T.);
#9465=FACE_BOUND('',#8763,.T.);
#9466=FACE_BOUND('',#8764,.T.);
#9467=FACE_BOUND('',#8765,.T.);
#9468=FACE_BOUND('',#8766,.T.);
#9469=FACE_BOUND('',#8767,.T.);
#9470=FACE_BOUND('',#8768,.T.);
#9471=FACE_BOUND('',#8769,.T.);
#9472=FACE_BOUND('',#8770,.T.);
#9473=FACE_BOUND('',#8771,.T.);
#9474=FACE_BOUND('',#8772,.T.);
#9475=FACE_BOUND('',#8773,.T.);
#9476=FACE_BOUND('',#8774,.T.);
#9477=FACE_BOUND('',#8775,.T.);
#9478=FACE_BOUND('',#8776,.T.);
#9479=FACE_BOUND('',#8777,.T.);
#9480=FACE_BOUND('',#8778,.T.);
#9481=FACE_BOUND('',#8779,.T.);
#9482=FACE_BOUND('',#8780,.T.);
#9483=FACE_BOUND('',#8781,.T.);
#9484=FACE_BOUND('',#8782,.T.);
#9485=FACE_BOUND('',#8783,.T.);
#9486=FACE_BOUND('',#8784,.T.);
#9487=FACE_BOUND('',#8785,.T.);
#9488=FACE_BOUND('',#8786,.T.);
#9489=FACE_BOUND('',#8787,.T.);
#9490=FACE_BOUND('',#8788,.T.);
#9491=FACE_BOUND('',#8789,.T.);
#9492=FACE_BOUND('',#8790,.T.);
#9493=FACE_BOUND('',#8791,.T.);
#9494=FACE_BOUND('',#8792,.T.);
#9495=FACE_BOUND('',#8793,.T.);
#9496=FACE_BOUND('',#8794,.T.);
#9497=FACE_BOUND('',#8795,.T.);
#9498=FACE_BOUND('',#8796,.T.);
#9499=FACE_BOUND('',#8797,.T.);
#9500=FACE_BOUND('',#8798,.T.);
#9501=FACE_BOUND('',#8799,.T.);
#9502=FACE_BOUND('',#8800,.T.);
#9503=FACE_BOUND('',#8801,.T.);
#9504=FACE_BOUND('',#8802,.T.);
#9505=FACE_BOUND('',#8803,.T.);
#9506=FACE_BOUND('',#8804,.T.);
#9507=FACE_BOUND('',#8805,.T.);
#9508=FACE_BOUND('',#8806,.T.);
#9509=FACE_BOUND('',#8807,.T.);
#9510=FACE_BOUND('',#8808,.T.);
#9511=FACE_BOUND('',#8809,.T.);
#9512=FACE_BOUND('',#8810,.T.);
#9513=FACE_BOUND('',#8811,.T.);
#9514=FACE_BOUND('',#8812,.T.);
#9515=FACE_BOUND('',#8813,.T.);
#9516=FACE_BOUND('',#8814,.T.);
#9517=FACE_BOUND('',#8815,.T.);
#9518=FACE_BOUND('',#8816,.T.);
#9519=FACE_BOUND('',#8817,.T.);
#9520=FACE_BOUND('',#8818,.T.);
#9521=FACE_BOUND('',#8819,.T.);
#9522=FACE_BOUND('',#8820,.T.);
#9523=FACE_BOUND('',#8821,.T.);
#9524=FACE_BOUND('',#8822,.T.);
#9525=FACE_BOUND('',#8823,.T.);
#9526=FACE_BOUND('',#8824,.T.);
#9527=FACE_BOUND('',#8825,.T.);
#9528=FACE_BOUND('',#8826,.T.);
#9529=FACE_BOUND('',#8827,.T.);
#9530=FACE_BOUND('',#8828,.T.);
#9531=FACE_BOUND('',#8829,.T.);
#9532=FACE_BOUND('',#8830,.T.);
#9533=FACE_BOUND('',#8831,.T.);
#9534=FACE_BOUND('',#8832,.T.);
#9535=FACE_BOUND('',#8833,.T.);
#9536=FACE_BOUND('',#8834,.T.);
#9537=FACE_BOUND('',#8835,.T.);
#9538=FACE_BOUND('',#8836,.T.);
#9539=FACE_BOUND('',#8837,.T.);
#9540=FACE_BOUND('',#8838,.T.);
#9541=FACE_BOUND('',#8839,.T.);
#9542=FACE_BOUND('',#8840,.T.);
#9543=FACE_BOUND('',#8841,.T.);
#9544=FACE_BOUND('',#8842,.T.);
#9545=FACE_BOUND('',#8843,.T.);
#9546=FACE_BOUND('',#8844,.T.);
#9547=FACE_BOUND('',#8845,.T.);
#9548=FACE_BOUND('',#8846,.T.);
#9549=FACE_BOUND('',#8847,.T.);
#9550=FACE_BOUND('',#8848,.T.);
#9551=FACE_BOUND('',#8849,.T.);
#9552=FACE_BOUND('',#8850,.T.);
#9553=FACE_BOUND('',#8851,.T.);
#9554=FACE_BOUND('',#8852,.T.);
#9555=FACE_BOUND('',#8853,.T.);
#9556=FACE_BOUND('',#8854,.T.);
#9557=FACE_BOUND('',#8855,.T.);
#9558=FACE_BOUND('',#8856,.T.);
#9559=FACE_BOUND('',#8857,.T.);
#9560=FACE_BOUND('',#8858,.T.);
#9561=FACE_BOUND('',#8859,.T.);
#9562=FACE_BOUND('',#8860,.T.);
#9563=FACE_BOUND('',#8861,.T.);
#9564=FACE_BOUND('',#8862,.T.);
#9565=FACE_BOUND('',#8863,.T.);
#9566=FACE_BOUND('',#8864,.T.);
#9567=FACE_BOUND('',#8865,.T.);
#9568=FACE_BOUND('',#8866,.T.);
#9569=FACE_BOUND('',#8867,.T.);
#9570=FACE_BOUND('',#8868,.T.);
#9571=FACE_BOUND('',#8869,.T.);
#9572=FACE_BOUND('',#8870,.T.);
#9573=FACE_BOUND('',#8871,.T.);
#9574=FACE_BOUND('',#8872,.T.);
#9575=FACE_BOUND('',#8873,.T.);
#9576=FACE_BOUND('',#8874,.T.);
#9577=FACE_BOUND('',#8875,.T.);
#9578=FACE_BOUND('',#8876,.T.);
#9579=FACE_BOUND('',#8877,.T.);
#9580=FACE_BOUND('',#8878,.T.);
#9581=FACE_BOUND('',#8879,.T.);
#9582=FACE_BOUND('',#8880,.T.);
#9583=FACE_BOUND('',#8881,.T.);
#9584=FACE_BOUND('',#8882,.T.);
#9585=FACE_BOUND('',#8883,.T.);
#9586=FACE_BOUND('',#8884,.T.);
#9587=FACE_BOUND('',#8885,.T.);
#9588=FACE_BOUND('',#8886,.T.);
#9589=FACE_BOUND('',#8887,.T.);
#9590=FACE_BOUND('',#8888,.T.);
#9591=FACE_BOUND('',#8889,.T.);
#9592=FACE_BOUND('',#8890,.T.);
#9593=FACE_BOUND('',#8891,.T.);
#9594=FACE_BOUND('',#8892,.T.);
#9595=FACE_BOUND('',#8893,.T.);
#9596=FACE_BOUND('',#8894,.T.);
#9597=FACE_BOUND('',#8895,.T.);
#9598=FACE_BOUND('',#8896,.T.);
#9599=FACE_BOUND('',#8897,.T.);
#9600=FACE_BOUND('',#8898,.T.);
#9601=FACE_BOUND('',#8899,.T.);
#9602=FACE_BOUND('',#8900,.T.);
#9603=FACE_BOUND('',#8901,.T.);
#9604=FACE_BOUND('',#8902,.T.);
#9605=FACE_BOUND('',#8903,.T.);
#9606=FACE_BOUND('',#8904,.T.);
#9607=FACE_BOUND('',#8905,.T.);
#9608=FACE_BOUND('',#8906,.T.);
#9609=FACE_BOUND('',#8907,.T.);
#9610=FACE_BOUND('',#8908,.T.);
#9611=FACE_BOUND('',#8909,.T.);
#9612=FACE_BOUND('',#8910,.T.);
#9613=FACE_BOUND('',#8911,.T.);
#9614=FACE_BOUND('',#8912,.T.);
#9615=FACE_BOUND('',#8913,.T.);
#9616=FACE_BOUND('',#8914,.T.);
#9617=FACE_BOUND('',#8915,.T.);
#9618=FACE_BOUND('',#8916,.T.);
#9619=FACE_BOUND('',#8917,.T.);
#9620=FACE_BOUND('',#8918,.T.);
#9621=FACE_BOUND('',#8919,.T.);
#9622=FACE_BOUND('',#8920,.T.);
#9623=FACE_BOUND('',#8921,.T.);
#9624=FACE_BOUND('',#8922,.T.);
#9625=FACE_BOUND('',#8923,.T.);
#9626=FACE_BOUND('',#8924,.T.);
#9627=FACE_BOUND('',#8925,.T.);
#9628=FACE_BOUND('',#8926,.T.);
#9629=FACE_BOUND('',#8927,.T.);
#9630=FACE_BOUND('',#8928,.T.);
#9631=FACE_BOUND('',#8929,.T.);
#9632=FACE_BOUND('',#8930,.T.);
#9633=FACE_BOUND('',#8931,.T.);
#9634=FACE_BOUND('',#8932,.T.);
#9635=FACE_BOUND('',#8933,.T.);
#9636=FACE_BOUND('',#8934,.T.);
#9637=FACE_BOUND('',#8935,.T.);
#9638=FACE_BOUND('',#8936,.T.);
#9639=FACE_BOUND('',#8937,.T.);
#9640=FACE_BOUND('',#8938,.T.);
#9641=FACE_BOUND('',#8939,.T.);
#9642=FACE_BOUND('',#8940,.T.);
#9643=FACE_BOUND('',#8941,.T.);
#9644=FACE_BOUND('',#8942,.T.);
#9645=FACE_BOUND('',#8943,.T.);
#9646=FACE_BOUND('',#8944,.T.);
#9647=FACE_BOUND('',#8945,.T.);
#9648=FACE_BOUND('',#8946,.T.);
#9649=FACE_BOUND('',#8947,.T.);
#9650=FACE_BOUND('',#8948,.T.);
#9651=FACE_BOUND('',#8949,.T.);
#9652=FACE_BOUND('',#8950,.T.);
#9653=FACE_BOUND('',#8951,.T.);
#9654=FACE_BOUND('',#8952,.T.);
#9655=FACE_BOUND('',#8953,.T.);
#9656=FACE_BOUND('',#8954,.T.);
#9657=FACE_BOUND('',#8955,.T.);
#9658=FACE_BOUND('',#8956,.T.);
#9659=FACE_BOUND('',#8957,.T.);
#9660=FACE_BOUND('',#8958,.T.);
#9661=FACE_BOUND('',#8959,.T.);
#9662=FACE_BOUND('',#8960,.T.);
#9663=FACE_BOUND('',#8961,.T.);
#9664=FACE_BOUND('',#8962,.T.);
#9665=FACE_BOUND('',#8963,.T.);
#9666=FACE_BOUND('',#8964,.T.);
#9667=FACE_BOUND('',#8965,.T.);
#9668=FACE_BOUND('',#8966,.T.);
#9669=FACE_BOUND('',#8967,.T.);
#9670=FACE_BOUND('',#8968,.T.);
#9671=FACE_BOUND('',#8969,.T.);
#9672=FACE_BOUND('',#8970,.T.);
#9673=FACE_BOUND('',#8971,.T.);
#9674=FACE_BOUND('',#8972,.T.);
#9675=FACE_BOUND('',#8973,.T.);
#9676=FACE_BOUND('',#8974,.T.);
#9677=FACE_BOUND('',#8975,.T.);
#9678=FACE_BOUND('',#8976,.T.);
#9679=FACE_BOUND('',#8977,.T.);
#9680=FACE_BOUND('',#8978,.T.);
#9681=FACE_BOUND('',#8979,.T.);
#9682=FACE_BOUND('',#8980,.T.);
#9683=FACE_BOUND('',#8981,.T.);
#9684=FACE_BOUND('',#8982,.T.);
#9685=FACE_BOUND('',#8983,.T.);
#9686=FACE_BOUND('',#8984,.T.);
#9687=FACE_BOUND('',#8985,.T.);
#9688=FACE_BOUND('',#8986,.T.);
#9689=FACE_BOUND('',#8987,.T.);
#9690=FACE_BOUND('',#8988,.T.);
#9691=FACE_BOUND('',#8989,.T.);
#9692=FACE_BOUND('',#8990,.T.);
#9693=FACE_BOUND('',#8991,.T.);
#9694=FACE_BOUND('',#8992,.T.);
#9695=FACE_BOUND('',#8993,.T.);
#9696=FACE_BOUND('',#8994,.T.);
#9697=FACE_BOUND('',#8995,.T.);
#9698=FACE_BOUND('',#8996,.T.);
#9699=FACE_BOUND('',#8997,.T.);
#9700=FACE_BOUND('',#8998,.T.);
#9701=FACE_BOUND('',#8999,.T.);
#9702=FACE_BOUND('',#9000,.T.);
#9703=FACE_BOUND('',#9001,.T.);
#9704=FACE_BOUND('',#9002,.T.);
#9705=FACE_BOUND('',#9003,.T.);
#9706=FACE_BOUND('',#9004,.T.);
#9707=FACE_BOUND('',#9005,.T.);
#9708=FACE_BOUND('',#9006,.T.);
#9709=FACE_BOUND('',#9007,.T.);
#9710=FACE_BOUND('',#9008,.T.);
#9711=FACE_BOUND('',#9009,.T.);
#9712=FACE_BOUND('',#9010,.T.);
#9713=FACE_BOUND('',#9011,.T.);
#9714=FACE_BOUND('',#9012,.T.);
#9715=FACE_BOUND('',#9013,.T.);
#9716=FACE_BOUND('',#9014,.T.);
#9717=FACE_BOUND('',#9015,.T.);
#9718=FACE_BOUND('',#9016,.T.);
#9719=FACE_BOUND('',#9017,.T.);
#9720=FACE_BOUND('',#9018,.T.);
#9721=FACE_BOUND('',#9019,.T.);
#9722=FACE_BOUND('',#9020,.T.);
#9723=FACE_BOUND('',#9021,.T.);
#9724=FACE_BOUND('',#9022,.T.);
#9725=FACE_BOUND('',#9023,.T.);
#9726=FACE_BOUND('',#9024,.T.);
#9727=FACE_BOUND('',#9025,.T.);
#9728=FACE_BOUND('',#9026,.T.);
#9729=FACE_BOUND('',#9027,.T.);
#9730=FACE_BOUND('',#9028,.T.);
#9731=FACE_BOUND('',#9029,.T.);
#9732=FACE_BOUND('',#9030,.T.);
#9733=FACE_BOUND('',#9031,.T.);
#9734=FACE_BOUND('',#9032,.T.);
#9735=FACE_BOUND('',#9033,.T.);
#9736=FACE_BOUND('',#9034,.T.);
#9737=FACE_BOUND('',#9035,.T.);
#9738=PLANE('',#10633);
#9739=PLANE('',#10634);
#9740=PLANE('',#10635);
#9741=PLANE('',#10636);
#9742=PLANE('',#10637);
#9743=PLANE('',#10638);
#9744=PLANE('',#10639);
#9745=PLANE('',#10640);
#9746=PLANE('',#10641);
#9747=PLANE('',#10642);
#9748=PLANE('',#10643);
#9749=PLANE('',#10644);
#9750=PLANE('',#10645);
#9751=PLANE('',#10646);
#9752=PLANE('',#10647);
#9753=PLANE('',#10648);
#9754=PLANE('',#10649);
#9755=PLANE('',#10650);
#9756=PLANE('',#10651);
#9757=PLANE('',#10652);
#9758=PLANE('',#10653);
#9759=PLANE('',#10654);
#9760=PLANE('',#10655);
#9761=PLANE('',#10656);
#9762=PLANE('',#10657);
#9763=PLANE('',#10658);
#9764=PLANE('',#10659);
#9765=PLANE('',#10660);
#9766=PLANE('',#10661);
#9767=PLANE('',#10662);
#9768=PLANE('',#10663);
#9769=PLANE('',#10664);
#9770=PLANE('',#10665);
#9771=PLANE('',#10666);
#9772=PLANE('',#10667);
#9773=PLANE('',#10668);
#9774=PLANE('',#10669);
#9775=PLANE('',#10670);
#9776=PLANE('',#10671);
#9777=PLANE('',#10672);
#9778=PLANE('',#10673);
#9779=PLANE('',#10674);
#9780=PLANE('',#10675);
#9781=PLANE('',#10676);
#9782=PLANE('',#10677);
#9783=PLANE('',#10678);
#9784=PLANE('',#10679);
#9785=PLANE('',#10680);
#9786=PLANE('',#10681);
#9787=PLANE('',#10682);
#9788=PLANE('',#10683);
#9789=PLANE('',#10684);
#9790=PLANE('',#10685);
#9791=PLANE('',#10686);
#9792=PLANE('',#10687);
#9793=PLANE('',#10688);
#9794=PLANE('',#10689);
#9795=PLANE('',#10690);
#9796=PLANE('',#10691);
#9797=PLANE('',#10692);
#9798=PLANE('',#10693);
#9799=PLANE('',#10694);
#9800=PLANE('',#10695);
#9801=PLANE('',#10696);
#9802=PLANE('',#10697);
#9803=PLANE('',#10698);
#9804=PLANE('',#10699);
#9805=PLANE('',#10700);
#9806=PLANE('',#10701);
#9807=PLANE('',#10702);
#9808=PLANE('',#10703);
#9809=PLANE('',#10704);
#9810=PLANE('',#10705);
#9811=PLANE('',#10706);
#9812=PLANE('',#10707);
#9813=PLANE('',#10708);
#9814=PLANE('',#10709);
#9815=PLANE('',#10710);
#9816=PLANE('',#10711);
#9817=PLANE('',#10712);
#9818=PLANE('',#10713);
#9819=PLANE('',#10714);
#9820=PLANE('',#10715);
#9821=PLANE('',#10716);
#9822=PLANE('',#10717);
#9823=PLANE('',#10718);
#9824=PLANE('',#10719);
#9825=PLANE('',#10720);
#9826=PLANE('',#10721);
#9827=PLANE('',#10722);
#9828=PLANE('',#10723);
#9829=PLANE('',#10724);
#9830=PLANE('',#10725);
#9831=PLANE('',#10726);
#9832=PLANE('',#10727);
#9833=PLANE('',#10728);
#9834=PLANE('',#10729);
#9835=PLANE('',#10730);
#9836=PLANE('',#10731);
#9837=PLANE('',#10732);
#9838=PLANE('',#10733);
#9839=PLANE('',#10734);
#9840=PLANE('',#10735);
#9841=PLANE('',#10736);
#9842=PLANE('',#10737);
#9843=PLANE('',#10738);
#9844=PLANE('',#10739);
#9845=PLANE('',#10740);
#9846=PLANE('',#10741);
#9847=PLANE('',#10742);
#9848=PLANE('',#10743);
#9849=PLANE('',#10744);
#9850=PLANE('',#10745);
#9851=PLANE('',#10746);
#9852=PLANE('',#10747);
#9853=PLANE('',#10748);
#9854=PLANE('',#10749);
#9855=PLANE('',#10750);
#9856=PLANE('',#10751);
#9857=PLANE('',#10752);
#9858=PLANE('',#10753);
#9859=PLANE('',#10754);
#9860=PLANE('',#10755);
#9861=PLANE('',#10756);
#9862=PLANE('',#10757);
#9863=PLANE('',#10758);
#9864=PLANE('',#10759);
#9865=PLANE('',#10760);
#9866=PLANE('',#10761);
#9867=PLANE('',#10762);
#9868=PLANE('',#10763);
#9869=PLANE('',#10764);
#9870=PLANE('',#10765);
#9871=PLANE('',#10766);
#9872=PLANE('',#10767);
#9873=PLANE('',#10768);
#9874=PLANE('',#10769);
#9875=PLANE('',#10770);
#9876=PLANE('',#10771);
#9877=PLANE('',#10772);
#9878=PLANE('',#10773);
#9879=PLANE('',#10774);
#9880=PLANE('',#10775);
#9881=PLANE('',#10776);
#9882=PLANE('',#10777);
#9883=PLANE('',#10778);
#9884=PLANE('',#10779);
#9885=PLANE('',#10780);
#9886=PLANE('',#10781);
#9887=PLANE('',#10782);
#9888=PLANE('',#10783);
#9889=PLANE('',#10784);
#9890=PLANE('',#10785);
#9891=PLANE('',#10786);
#9892=PLANE('',#10787);
#9893=PLANE('',#10788);
#9894=PLANE('',#10789);
#9895=PLANE('',#10790);
#9896=PLANE('',#10791);
#9897=PLANE('',#10792);
#9898=PLANE('',#10793);
#9899=PLANE('',#10794);
#9900=PLANE('',#10795);
#9901=PLANE('',#10796);
#9902=PLANE('',#10797);
#9903=PLANE('',#10798);
#9904=PLANE('',#10799);
#9905=PLANE('',#10800);
#9906=PLANE('',#10801);
#9907=PLANE('',#10802);
#9908=PLANE('',#10803);
#9909=PLANE('',#10804);
#9910=PLANE('',#10805);
#9911=PLANE('',#10806);
#9912=PLANE('',#10807);
#9913=PLANE('',#10808);
#9914=PLANE('',#10809);
#9915=PLANE('',#10810);
#9916=PLANE('',#10811);
#9917=PLANE('',#10812);
#9918=PLANE('',#10813);
#9919=PLANE('',#10814);
#9920=PLANE('',#10815);
#9921=PLANE('',#10816);
#9922=PLANE('',#10817);
#9923=PLANE('',#10818);
#9924=PLANE('',#10819);
#9925=PLANE('',#10820);
#9926=PLANE('',#10821);
#9927=PLANE('',#10822);
#9928=PLANE('',#10823);
#9929=PLANE('',#10824);
#9930=PLANE('',#10825);
#9931=PLANE('',#10826);
#9932=PLANE('',#10827);
#9933=PLANE('',#10828);
#9934=PLANE('',#10829);
#9935=PLANE('',#10830);
#9936=PLANE('',#10831);
#9937=PLANE('',#10832);
#9938=PLANE('',#10833);
#9939=PLANE('',#10834);
#9940=PLANE('',#10835);
#9941=PLANE('',#10836);
#9942=PLANE('',#10837);
#9943=PLANE('',#10838);
#9944=PLANE('',#10839);
#9945=PLANE('',#10840);
#9946=PLANE('',#10841);
#9947=PLANE('',#10842);
#9948=PLANE('',#10843);
#9949=PLANE('',#10844);
#9950=PLANE('',#10845);
#9951=PLANE('',#10846);
#9952=PLANE('',#10847);
#9953=PLANE('',#10848);
#9954=PLANE('',#10849);
#9955=PLANE('',#10850);
#9956=PLANE('',#10851);
#9957=PLANE('',#10852);
#9958=PLANE('',#10853);
#9959=PLANE('',#10854);
#9960=PLANE('',#10855);
#9961=PLANE('',#10856);
#9962=PLANE('',#10857);
#9963=PLANE('',#10858);
#9964=PLANE('',#10859);
#9965=PLANE('',#10860);
#9966=PLANE('',#10861);
#9967=PLANE('',#10862);
#9968=PLANE('',#10863);
#9969=PLANE('',#10864);
#9970=PLANE('',#10865);
#9971=PLANE('',#10866);
#9972=PLANE('',#10867);
#9973=PLANE('',#10868);
#9974=PLANE('',#10869);
#9975=PLANE('',#10870);
#9976=PLANE('',#10871);
#9977=PLANE('',#10872);
#9978=PLANE('',#10873);
#9979=PLANE('',#10874);
#9980=PLANE('',#10875);
#9981=PLANE('',#10876);
#9982=PLANE('',#10877);
#9983=PLANE('',#10878);
#9984=PLANE('',#10879);
#9985=PLANE('',#10880);
#9986=PLANE('',#10881);
#9987=PLANE('',#10882);
#9988=PLANE('',#10883);
#9989=PLANE('',#10884);
#9990=PLANE('',#10885);
#9991=PLANE('',#10889);
#9992=PLANE('',#10893);
#9993=PLANE('',#10897);
#9994=PLANE('',#10901);
#9995=PLANE('',#10905);
#9996=PLANE('',#10909);
#9997=PLANE('',#10913);
#9998=PLANE('',#10917);
#9999=PLANE('',#10921);
#10000=PLANE('',#10925);
#10001=PLANE('',#10929);
#10002=PLANE('',#10933);
#10003=PLANE('',#10937);
#10004=PLANE('',#10941);
#10005=PLANE('',#10945);
#10006=PLANE('',#10949);
#10007=PLANE('',#10953);
#10008=PLANE('',#10957);
#10009=PLANE('',#10961);
#10010=PLANE('',#10965);
#10011=PLANE('',#10969);
#10012=PLANE('',#10973);
#10013=PLANE('',#10977);
#10014=PLANE('',#10981);
#10015=PLANE('',#10985);
#10016=PLANE('',#10989);
#10017=PLANE('',#10993);
#10018=PLANE('',#10997);
#10019=PLANE('',#11001);
#10020=PLANE('',#11005);
#10021=PLANE('',#11009);
#10022=PLANE('',#11013);
#10023=PLANE('',#11017);
#10024=PLANE('',#11021);
#10025=PLANE('',#11025);
#10026=PLANE('',#11029);
#10027=PLANE('',#11033);
#10028=PLANE('',#11037);
#10029=PLANE('',#11041);
#10030=PLANE('',#11045);
#10031=PLANE('',#11049);
#10032=PLANE('',#11053);
#10033=PLANE('',#11057);
#10034=PLANE('',#11061);
#10035=PLANE('',#11065);
#10036=PLANE('',#11069);
#10037=PLANE('',#11073);
#10038=PLANE('',#11077);
#10039=PLANE('',#11081);
#10040=PLANE('',#11085);
#10041=PLANE('',#11089);
#10042=PLANE('',#11093);
#10043=PLANE('',#11097);
#10044=PLANE('',#11101);
#10045=PLANE('',#11105);
#10046=PLANE('',#11109);
#10047=PLANE('',#11113);
#10048=PLANE('',#11117);
#10049=PLANE('',#11121);
#10050=PLANE('',#11125);
#10051=PLANE('',#11129);
#10052=PLANE('',#11133);
#10053=PLANE('',#11137);
#10054=PLANE('',#11141);
#10055=PLANE('',#11145);
#10056=PLANE('',#11149);
#10057=PLANE('',#11153);
#10058=PLANE('',#11157);
#10059=PLANE('',#11161);
#10060=PLANE('',#11165);
#10061=PLANE('',#11169);
#10062=PLANE('',#11173);
#10063=PLANE('',#11177);
#10064=PLANE('',#11181);
#10065=PLANE('',#11185);
#10066=PLANE('',#11189);
#10067=PLANE('',#11193);
#10068=PLANE('',#11197);
#10069=PLANE('',#11201);
#10070=PLANE('',#11205);
#10071=PLANE('',#11209);
#10072=PLANE('',#11213);
#10073=PLANE('',#11217);
#10074=PLANE('',#11221);
#10075=PLANE('',#11225);
#10076=PLANE('',#11229);
#10077=PLANE('',#11233);
#10078=PLANE('',#11237);
#10079=PLANE('',#11241);
#10080=PLANE('',#11245);
#10081=PLANE('',#11249);
#10082=PLANE('',#11265);
#10083=PLANE('',#11270);
#10084=PLANE('',#11278);
#10085=PLANE('',#11285);
#10086=PLANE('',#11289);
#10087=PLANE('',#11293);
#10088=PLANE('',#11300);
#10089=PLANE('',#11301);
#10090=PLANE('',#11302);
#10091=PLANE('',#11303);
#10092=PLANE('',#11304);
#10093=PLANE('',#11306);
#10094=PLANE('',#11307);
#10095=PLANE('',#11308);
#10096=PLANE('',#11313);
#10097=PLANE('',#11314);
#10098=PLANE('',#11316);
#10099=PLANE('',#11318);
#10100=PLANE('',#11319);
#10101=PLANE('',#11321);
#10102=PLANE('',#11323);
#10103=PLANE('',#11324);
#10104=PLANE('',#11326);
#10105=PLANE('',#11328);
#10106=PLANE('',#11329);
#10107=PLANE('',#11331);
#10108=PLANE('',#11338);
#10109=PLANE('',#11340);
#10110=PLANE('',#11342);
#10111=PLANE('',#11344);
#10112=PLANE('',#11345);
#10113=PLANE('',#11346);
#10114=PLANE('',#11347);
#10115=PLANE('',#11348);
#10116=PLANE('',#11349);
#10117=PLANE('',#11350);
#10118=PLANE('',#11351);
#10119=PLANE('',#11352);
#10120=PLANE('',#11353);
#10121=PLANE('',#11354);
#10122=PLANE('',#11355);
#10123=PLANE('',#11356);
#10124=PLANE('',#11359);
#10125=PLANE('',#11362);
#10126=ADVANCED_FACE('',(#9036),#9738,.F.);
#10127=ADVANCED_FACE('',(#9037),#9739,.F.);
#10128=ADVANCED_FACE('',(#9038),#9740,.F.);
#10129=ADVANCED_FACE('',(#9039),#9741,.F.);
#10130=ADVANCED_FACE('',(#9040),#9742,.F.);
#10131=ADVANCED_FACE('',(#9041),#9743,.F.);
#10132=ADVANCED_FACE('',(#9042),#9744,.F.);
#10133=ADVANCED_FACE('',(#9043),#9745,.F.);
#10134=ADVANCED_FACE('',(#9044),#9746,.F.);
#10135=ADVANCED_FACE('',(#9045),#9747,.F.);
#10136=ADVANCED_FACE('',(#9046),#9748,.F.);
#10137=ADVANCED_FACE('',(#9047),#9749,.F.);
#10138=ADVANCED_FACE('',(#9048),#9750,.F.);
#10139=ADVANCED_FACE('',(#9049),#9751,.F.);
#10140=ADVANCED_FACE('',(#9050),#9752,.F.);
#10141=ADVANCED_FACE('',(#9051),#9753,.F.);
#10142=ADVANCED_FACE('',(#9052),#9754,.F.);
#10143=ADVANCED_FACE('',(#9053),#9755,.F.);
#10144=ADVANCED_FACE('',(#9054),#9756,.F.);
#10145=ADVANCED_FACE('',(#9055),#9757,.F.);
#10146=ADVANCED_FACE('',(#9056),#9758,.F.);
#10147=ADVANCED_FACE('',(#9057),#9759,.F.);
#10148=ADVANCED_FACE('',(#9058),#9760,.F.);
#10149=ADVANCED_FACE('',(#9059),#9761,.F.);
#10150=ADVANCED_FACE('',(#9060),#9762,.F.);
#10151=ADVANCED_FACE('',(#9061),#9763,.F.);
#10152=ADVANCED_FACE('',(#9062),#9764,.F.);
#10153=ADVANCED_FACE('',(#9063),#9765,.F.);
#10154=ADVANCED_FACE('',(#9064),#9766,.F.);
#10155=ADVANCED_FACE('',(#9065),#9767,.F.);
#10156=ADVANCED_FACE('',(#9066),#9768,.F.);
#10157=ADVANCED_FACE('',(#9067),#9769,.F.);
#10158=ADVANCED_FACE('',(#9068),#9770,.F.);
#10159=ADVANCED_FACE('',(#9069),#9771,.F.);
#10160=ADVANCED_FACE('',(#9070),#9772,.F.);
#10161=ADVANCED_FACE('',(#9071),#9773,.F.);
#10162=ADVANCED_FACE('',(#9072),#9774,.F.);
#10163=ADVANCED_FACE('',(#9073),#9775,.F.);
#10164=ADVANCED_FACE('',(#9074),#9776,.F.);
#10165=ADVANCED_FACE('',(#9075),#9777,.F.);
#10166=ADVANCED_FACE('',(#9076),#9778,.F.);
#10167=ADVANCED_FACE('',(#9077),#9779,.F.);
#10168=ADVANCED_FACE('',(#9078),#9780,.F.);
#10169=ADVANCED_FACE('',(#9079),#9781,.F.);
#10170=ADVANCED_FACE('',(#9080),#9782,.F.);
#10171=ADVANCED_FACE('',(#9081),#9783,.F.);
#10172=ADVANCED_FACE('',(#9082),#9784,.F.);
#10173=ADVANCED_FACE('',(#9083),#9785,.F.);
#10174=ADVANCED_FACE('',(#9084),#9786,.F.);
#10175=ADVANCED_FACE('',(#9085),#9787,.F.);
#10176=ADVANCED_FACE('',(#9086),#9788,.F.);
#10177=ADVANCED_FACE('',(#9087),#9789,.F.);
#10178=ADVANCED_FACE('',(#9088),#9790,.F.);
#10179=ADVANCED_FACE('',(#9089),#9791,.F.);
#10180=ADVANCED_FACE('',(#9090),#9792,.F.);
#10181=ADVANCED_FACE('',(#9091),#9793,.F.);
#10182=ADVANCED_FACE('',(#9092),#9794,.F.);
#10183=ADVANCED_FACE('',(#9093),#9795,.F.);
#10184=ADVANCED_FACE('',(#9094),#9796,.F.);
#10185=ADVANCED_FACE('',(#9095),#9797,.F.);
#10186=ADVANCED_FACE('',(#9096),#9798,.F.);
#10187=ADVANCED_FACE('',(#9097),#9799,.F.);
#10188=ADVANCED_FACE('',(#9098),#9800,.F.);
#10189=ADVANCED_FACE('',(#9099),#9801,.F.);
#10190=ADVANCED_FACE('',(#9100),#9802,.F.);
#10191=ADVANCED_FACE('',(#9101),#9803,.F.);
#10192=ADVANCED_FACE('',(#9102),#9804,.F.);
#10193=ADVANCED_FACE('',(#9103),#9805,.F.);
#10194=ADVANCED_FACE('',(#9104),#9806,.F.);
#10195=ADVANCED_FACE('',(#9105),#9807,.F.);
#10196=ADVANCED_FACE('',(#9106),#9808,.F.);
#10197=ADVANCED_FACE('',(#9107),#9809,.F.);
#10198=ADVANCED_FACE('',(#9108),#9810,.F.);
#10199=ADVANCED_FACE('',(#9109),#9811,.F.);
#10200=ADVANCED_FACE('',(#9110),#9812,.F.);
#10201=ADVANCED_FACE('',(#9111),#9813,.F.);
#10202=ADVANCED_FACE('',(#9112),#9814,.F.);
#10203=ADVANCED_FACE('',(#9113),#9815,.F.);
#10204=ADVANCED_FACE('',(#9114),#9816,.F.);
#10205=ADVANCED_FACE('',(#9115),#9817,.F.);
#10206=ADVANCED_FACE('',(#9116),#9818,.F.);
#10207=ADVANCED_FACE('',(#9117),#9819,.F.);
#10208=ADVANCED_FACE('',(#9118),#9820,.F.);
#10209=ADVANCED_FACE('',(#9119),#9821,.F.);
#10210=ADVANCED_FACE('',(#9120),#9822,.F.);
#10211=ADVANCED_FACE('',(#9121),#9823,.F.);
#10212=ADVANCED_FACE('',(#9122),#9824,.F.);
#10213=ADVANCED_FACE('',(#9123),#9825,.F.);
#10214=ADVANCED_FACE('',(#9124),#9826,.F.);
#10215=ADVANCED_FACE('',(#9125),#9827,.F.);
#10216=ADVANCED_FACE('',(#9126),#9828,.F.);
#10217=ADVANCED_FACE('',(#9127),#9829,.F.);
#10218=ADVANCED_FACE('',(#9128),#9830,.F.);
#10219=ADVANCED_FACE('',(#9129),#9831,.F.);
#10220=ADVANCED_FACE('',(#9130),#9832,.F.);
#10221=ADVANCED_FACE('',(#9131),#9833,.F.);
#10222=ADVANCED_FACE('',(#9132),#9834,.F.);
#10223=ADVANCED_FACE('',(#9133),#9835,.F.);
#10224=ADVANCED_FACE('',(#9134),#9836,.F.);
#10225=ADVANCED_FACE('',(#9135),#9837,.F.);
#10226=ADVANCED_FACE('',(#9136),#9838,.F.);
#10227=ADVANCED_FACE('',(#9137),#9839,.F.);
#10228=ADVANCED_FACE('',(#9138),#9840,.F.);
#10229=ADVANCED_FACE('',(#9139),#9841,.F.);
#10230=ADVANCED_FACE('',(#9140),#9842,.F.);
#10231=ADVANCED_FACE('',(#9141),#9843,.F.);
#10232=ADVANCED_FACE('',(#9142),#9844,.F.);
#10233=ADVANCED_FACE('',(#9143),#9845,.F.);
#10234=ADVANCED_FACE('',(#9144),#9846,.F.);
#10235=ADVANCED_FACE('',(#9145),#9847,.F.);
#10236=ADVANCED_FACE('',(#9146),#9848,.F.);
#10237=ADVANCED_FACE('',(#9147),#9849,.F.);
#10238=ADVANCED_FACE('',(#9148),#9850,.F.);
#10239=ADVANCED_FACE('',(#9149),#9851,.F.);
#10240=ADVANCED_FACE('',(#9150),#9852,.F.);
#10241=ADVANCED_FACE('',(#9151),#9853,.F.);
#10242=ADVANCED_FACE('',(#9152),#9854,.F.);
#10243=ADVANCED_FACE('',(#9153),#9855,.F.);
#10244=ADVANCED_FACE('',(#9154),#9856,.F.);
#10245=ADVANCED_FACE('',(#9155),#9857,.F.);
#10246=ADVANCED_FACE('',(#9156),#9858,.F.);
#10247=ADVANCED_FACE('',(#9157),#9859,.F.);
#10248=ADVANCED_FACE('',(#9158),#9860,.F.);
#10249=ADVANCED_FACE('',(#9159),#9861,.F.);
#10250=ADVANCED_FACE('',(#9160),#9862,.F.);
#10251=ADVANCED_FACE('',(#9161),#9863,.F.);
#10252=ADVANCED_FACE('',(#9162),#9864,.F.);
#10253=ADVANCED_FACE('',(#9163),#9865,.F.);
#10254=ADVANCED_FACE('',(#9164),#9866,.F.);
#10255=ADVANCED_FACE('',(#9165),#9867,.F.);
#10256=ADVANCED_FACE('',(#9166),#9868,.F.);
#10257=ADVANCED_FACE('',(#9167),#9869,.F.);
#10258=ADVANCED_FACE('',(#9168),#9870,.F.);
#10259=ADVANCED_FACE('',(#9169),#9871,.F.);
#10260=ADVANCED_FACE('',(#9170),#9872,.F.);
#10261=ADVANCED_FACE('',(#9171),#9873,.F.);
#10262=ADVANCED_FACE('',(#9172),#9874,.F.);
#10263=ADVANCED_FACE('',(#9173),#9875,.F.);
#10264=ADVANCED_FACE('',(#9174),#9876,.F.);
#10265=ADVANCED_FACE('',(#9175),#9877,.F.);
#10266=ADVANCED_FACE('',(#9176),#9878,.F.);
#10267=ADVANCED_FACE('',(#9177),#9879,.F.);
#10268=ADVANCED_FACE('',(#9178),#9880,.F.);
#10269=ADVANCED_FACE('',(#9179),#9881,.F.);
#10270=ADVANCED_FACE('',(#9180),#9882,.F.);
#10271=ADVANCED_FACE('',(#9181),#9883,.F.);
#10272=ADVANCED_FACE('',(#9182),#9884,.F.);
#10273=ADVANCED_FACE('',(#9183),#9885,.F.);
#10274=ADVANCED_FACE('',(#9184),#9886,.F.);
#10275=ADVANCED_FACE('',(#9185),#9887,.F.);
#10276=ADVANCED_FACE('',(#9186),#9888,.F.);
#10277=ADVANCED_FACE('',(#9187),#9889,.F.);
#10278=ADVANCED_FACE('',(#9188),#9890,.F.);
#10279=ADVANCED_FACE('',(#9189),#9891,.F.);
#10280=ADVANCED_FACE('',(#9190),#9892,.F.);
#10281=ADVANCED_FACE('',(#9191),#9893,.F.);
#10282=ADVANCED_FACE('',(#9192),#9894,.F.);
#10283=ADVANCED_FACE('',(#9193),#9895,.F.);
#10284=ADVANCED_FACE('',(#9194),#9896,.F.);
#10285=ADVANCED_FACE('',(#9195),#9897,.F.);
#10286=ADVANCED_FACE('',(#9196),#9898,.F.);
#10287=ADVANCED_FACE('',(#9197),#9899,.F.);
#10288=ADVANCED_FACE('',(#9198),#9900,.F.);
#10289=ADVANCED_FACE('',(#9199),#9901,.F.);
#10290=ADVANCED_FACE('',(#9200),#9902,.F.);
#10291=ADVANCED_FACE('',(#9201),#9903,.F.);
#10292=ADVANCED_FACE('',(#9202),#9904,.F.);
#10293=ADVANCED_FACE('',(#9203),#9905,.F.);
#10294=ADVANCED_FACE('',(#9204),#9906,.F.);
#10295=ADVANCED_FACE('',(#9205),#9907,.F.);
#10296=ADVANCED_FACE('',(#9206),#9908,.F.);
#10297=ADVANCED_FACE('',(#9207),#9909,.F.);
#10298=ADVANCED_FACE('',(#9208),#9910,.F.);
#10299=ADVANCED_FACE('',(#9209),#9911,.F.);
#10300=ADVANCED_FACE('',(#9210),#9912,.F.);
#10301=ADVANCED_FACE('',(#9211),#9913,.F.);
#10302=ADVANCED_FACE('',(#9212),#9914,.F.);
#10303=ADVANCED_FACE('',(#9213),#9915,.F.);
#10304=ADVANCED_FACE('',(#9214),#9916,.F.);
#10305=ADVANCED_FACE('',(#9215),#9917,.F.);
#10306=ADVANCED_FACE('',(#9216),#9918,.F.);
#10307=ADVANCED_FACE('',(#9217),#9919,.F.);
#10308=ADVANCED_FACE('',(#9218),#9920,.F.);
#10309=ADVANCED_FACE('',(#9219),#9921,.F.);
#10310=ADVANCED_FACE('',(#9220),#9922,.F.);
#10311=ADVANCED_FACE('',(#9221),#9923,.F.);
#10312=ADVANCED_FACE('',(#9222),#9924,.F.);
#10313=ADVANCED_FACE('',(#9223),#9925,.F.);
#10314=ADVANCED_FACE('',(#9224),#9926,.F.);
#10315=ADVANCED_FACE('',(#9225),#9927,.F.);
#10316=ADVANCED_FACE('',(#9226),#9928,.F.);
#10317=ADVANCED_FACE('',(#9227),#9929,.F.);
#10318=ADVANCED_FACE('',(#9228),#9930,.F.);
#10319=ADVANCED_FACE('',(#9229),#9931,.F.);
#10320=ADVANCED_FACE('',(#9230),#9932,.F.);
#10321=ADVANCED_FACE('',(#9231),#9933,.F.);
#10322=ADVANCED_FACE('',(#9232),#9934,.F.);
#10323=ADVANCED_FACE('',(#9233),#9935,.F.);
#10324=ADVANCED_FACE('',(#9234),#9936,.F.);
#10325=ADVANCED_FACE('',(#9235),#9937,.F.);
#10326=ADVANCED_FACE('',(#9236),#9938,.F.);
#10327=ADVANCED_FACE('',(#9237),#9939,.F.);
#10328=ADVANCED_FACE('',(#9238),#9940,.F.);
#10329=ADVANCED_FACE('',(#9239),#9941,.F.);
#10330=ADVANCED_FACE('',(#9240),#9942,.F.);
#10331=ADVANCED_FACE('',(#9241),#9943,.F.);
#10332=ADVANCED_FACE('',(#9242),#9944,.F.);
#10333=ADVANCED_FACE('',(#9243),#9945,.F.);
#10334=ADVANCED_FACE('',(#9244),#9946,.F.);
#10335=ADVANCED_FACE('',(#9245),#9947,.F.);
#10336=ADVANCED_FACE('',(#9246),#9948,.F.);
#10337=ADVANCED_FACE('',(#9247),#9949,.F.);
#10338=ADVANCED_FACE('',(#9248),#9950,.F.);
#10339=ADVANCED_FACE('',(#9249),#9951,.F.);
#10340=ADVANCED_FACE('',(#9250),#9952,.F.);
#10341=ADVANCED_FACE('',(#9251),#9953,.F.);
#10342=ADVANCED_FACE('',(#9252),#9954,.F.);
#10343=ADVANCED_FACE('',(#9253),#9955,.F.);
#10344=ADVANCED_FACE('',(#9254),#9956,.F.);
#10345=ADVANCED_FACE('',(#9255),#9957,.F.);
#10346=ADVANCED_FACE('',(#9256),#9958,.F.);
#10347=ADVANCED_FACE('',(#9257),#9959,.F.);
#10348=ADVANCED_FACE('',(#9258),#9960,.F.);
#10349=ADVANCED_FACE('',(#9259),#9961,.F.);
#10350=ADVANCED_FACE('',(#9260),#9962,.F.);
#10351=ADVANCED_FACE('',(#9261),#9963,.F.);
#10352=ADVANCED_FACE('',(#9262),#9964,.F.);
#10353=ADVANCED_FACE('',(#9263),#9965,.F.);
#10354=ADVANCED_FACE('',(#9264),#9966,.F.);
#10355=ADVANCED_FACE('',(#9265),#9967,.F.);
#10356=ADVANCED_FACE('',(#9266),#9968,.F.);
#10357=ADVANCED_FACE('',(#9267),#9969,.F.);
#10358=ADVANCED_FACE('',(#9268),#9970,.F.);
#10359=ADVANCED_FACE('',(#9269),#9971,.F.);
#10360=ADVANCED_FACE('',(#9270),#9972,.F.);
#10361=ADVANCED_FACE('',(#9271),#9973,.F.);
#10362=ADVANCED_FACE('',(#9272),#9974,.F.);
#10363=ADVANCED_FACE('',(#9273),#9975,.F.);
#10364=ADVANCED_FACE('',(#9274),#9976,.F.);
#10365=ADVANCED_FACE('',(#9275),#9977,.F.);
#10366=ADVANCED_FACE('',(#9276),#9978,.F.);
#10367=ADVANCED_FACE('',(#9277),#9979,.F.);
#10368=ADVANCED_FACE('',(#9278),#9980,.F.);
#10369=ADVANCED_FACE('',(#9279),#9981,.F.);
#10370=ADVANCED_FACE('',(#9280),#9982,.F.);
#10371=ADVANCED_FACE('',(#9281),#9983,.F.);
#10372=ADVANCED_FACE('',(#9282),#9984,.F.);
#10373=ADVANCED_FACE('',(#9283),#9985,.F.);
#10374=ADVANCED_FACE('',(#9284),#9986,.F.);
#10375=ADVANCED_FACE('',(#9285),#9987,.F.);
#10376=ADVANCED_FACE('',(#9286),#9988,.F.);
#10377=ADVANCED_FACE('',(#9287),#9989,.F.);
#10378=ADVANCED_FACE('',(#9288),#9990,.F.);
#10379=ADVANCED_FACE('',(#9289),#240,.F.);
#10380=ADVANCED_FACE('',(#9290),#9991,.F.);
#10381=ADVANCED_FACE('',(#9291),#241,.F.);
#10382=ADVANCED_FACE('',(#9292),#9992,.F.);
#10383=ADVANCED_FACE('',(#9293),#242,.F.);
#10384=ADVANCED_FACE('',(#9294),#9993,.F.);
#10385=ADVANCED_FACE('',(#9295),#243,.F.);
#10386=ADVANCED_FACE('',(#9296),#9994,.F.);
#10387=ADVANCED_FACE('',(#9297),#244,.F.);
#10388=ADVANCED_FACE('',(#9298),#9995,.F.);
#10389=ADVANCED_FACE('',(#9299),#245,.F.);
#10390=ADVANCED_FACE('',(#9300),#9996,.F.);
#10391=ADVANCED_FACE('',(#9301),#246,.F.);
#10392=ADVANCED_FACE('',(#9302),#9997,.F.);
#10393=ADVANCED_FACE('',(#9303),#247,.F.);
#10394=ADVANCED_FACE('',(#9304),#9998,.F.);
#10395=ADVANCED_FACE('',(#9305),#248,.F.);
#10396=ADVANCED_FACE('',(#9306),#9999,.F.);
#10397=ADVANCED_FACE('',(#9307),#249,.F.);
#10398=ADVANCED_FACE('',(#9308),#10000,.F.);
#10399=ADVANCED_FACE('',(#9309),#250,.F.);
#10400=ADVANCED_FACE('',(#9310),#10001,.F.);
#10401=ADVANCED_FACE('',(#9311),#251,.F.);
#10402=ADVANCED_FACE('',(#9312),#10002,.F.);
#10403=ADVANCED_FACE('',(#9313),#252,.F.);
#10404=ADVANCED_FACE('',(#9314),#10003,.F.);
#10405=ADVANCED_FACE('',(#9315),#253,.F.);
#10406=ADVANCED_FACE('',(#9316),#10004,.F.);
#10407=ADVANCED_FACE('',(#9317),#254,.F.);
#10408=ADVANCED_FACE('',(#9318),#10005,.F.);
#10409=ADVANCED_FACE('',(#9319),#255,.F.);
#10410=ADVANCED_FACE('',(#9320),#10006,.F.);
#10411=ADVANCED_FACE('',(#9321),#256,.F.);
#10412=ADVANCED_FACE('',(#9322),#10007,.F.);
#10413=ADVANCED_FACE('',(#9323),#257,.F.);
#10414=ADVANCED_FACE('',(#9324),#10008,.F.);
#10415=ADVANCED_FACE('',(#9325),#258,.F.);
#10416=ADVANCED_FACE('',(#9326),#10009,.F.);
#10417=ADVANCED_FACE('',(#9327),#259,.F.);
#10418=ADVANCED_FACE('',(#9328),#10010,.F.);
#10419=ADVANCED_FACE('',(#9329),#260,.F.);
#10420=ADVANCED_FACE('',(#9330),#10011,.F.);
#10421=ADVANCED_FACE('',(#9331),#261,.F.);
#10422=ADVANCED_FACE('',(#9332),#10012,.F.);
#10423=ADVANCED_FACE('',(#9333),#262,.F.);
#10424=ADVANCED_FACE('',(#9334),#10013,.F.);
#10425=ADVANCED_FACE('',(#9335),#263,.F.);
#10426=ADVANCED_FACE('',(#9336),#10014,.F.);
#10427=ADVANCED_FACE('',(#9337),#264,.F.);
#10428=ADVANCED_FACE('',(#9338),#10015,.F.);
#10429=ADVANCED_FACE('',(#9339),#265,.F.);
#10430=ADVANCED_FACE('',(#9340),#10016,.F.);
#10431=ADVANCED_FACE('',(#9341),#266,.F.);
#10432=ADVANCED_FACE('',(#9342),#10017,.F.);
#10433=ADVANCED_FACE('',(#9343),#267,.F.);
#10434=ADVANCED_FACE('',(#9344),#10018,.F.);
#10435=ADVANCED_FACE('',(#9345),#268,.F.);
#10436=ADVANCED_FACE('',(#9346),#10019,.F.);
#10437=ADVANCED_FACE('',(#9347),#269,.F.);
#10438=ADVANCED_FACE('',(#9348),#10020,.F.);
#10439=ADVANCED_FACE('',(#9349),#270,.F.);
#10440=ADVANCED_FACE('',(#9350),#10021,.F.);
#10441=ADVANCED_FACE('',(#9351),#271,.F.);
#10442=ADVANCED_FACE('',(#9352),#10022,.F.);
#10443=ADVANCED_FACE('',(#9353),#272,.F.);
#10444=ADVANCED_FACE('',(#9354),#10023,.F.);
#10445=ADVANCED_FACE('',(#9355),#273,.F.);
#10446=ADVANCED_FACE('',(#9356),#10024,.F.);
#10447=ADVANCED_FACE('',(#9357),#274,.F.);
#10448=ADVANCED_FACE('',(#9358),#10025,.F.);
#10449=ADVANCED_FACE('',(#9359),#275,.F.);
#10450=ADVANCED_FACE('',(#9360),#10026,.F.);
#10451=ADVANCED_FACE('',(#9361),#276,.F.);
#10452=ADVANCED_FACE('',(#9362),#10027,.F.);
#10453=ADVANCED_FACE('',(#9363),#277,.F.);
#10454=ADVANCED_FACE('',(#9364),#10028,.F.);
#10455=ADVANCED_FACE('',(#9365),#278,.F.);
#10456=ADVANCED_FACE('',(#9366),#10029,.F.);
#10457=ADVANCED_FACE('',(#9367),#279,.F.);
#10458=ADVANCED_FACE('',(#9368),#10030,.F.);
#10459=ADVANCED_FACE('',(#9369),#280,.F.);
#10460=ADVANCED_FACE('',(#9370),#10031,.F.);
#10461=ADVANCED_FACE('',(#9371),#281,.F.);
#10462=ADVANCED_FACE('',(#9372),#10032,.F.);
#10463=ADVANCED_FACE('',(#9373),#282,.F.);
#10464=ADVANCED_FACE('',(#9374),#10033,.F.);
#10465=ADVANCED_FACE('',(#9375),#283,.F.);
#10466=ADVANCED_FACE('',(#9376),#10034,.F.);
#10467=ADVANCED_FACE('',(#9377),#284,.F.);
#10468=ADVANCED_FACE('',(#9378),#10035,.F.);
#10469=ADVANCED_FACE('',(#9379),#285,.F.);
#10470=ADVANCED_FACE('',(#9380),#10036,.F.);
#10471=ADVANCED_FACE('',(#9381),#286,.F.);
#10472=ADVANCED_FACE('',(#9382),#10037,.F.);
#10473=ADVANCED_FACE('',(#9383),#287,.F.);
#10474=ADVANCED_FACE('',(#9384),#10038,.F.);
#10475=ADVANCED_FACE('',(#9385),#288,.F.);
#10476=ADVANCED_FACE('',(#9386),#10039,.F.);
#10477=ADVANCED_FACE('',(#9387),#289,.F.);
#10478=ADVANCED_FACE('',(#9388),#10040,.F.);
#10479=ADVANCED_FACE('',(#9389),#290,.F.);
#10480=ADVANCED_FACE('',(#9390),#10041,.F.);
#10481=ADVANCED_FACE('',(#9391),#291,.F.);
#10482=ADVANCED_FACE('',(#9392),#10042,.F.);
#10483=ADVANCED_FACE('',(#9393),#292,.F.);
#10484=ADVANCED_FACE('',(#9394),#10043,.F.);
#10485=ADVANCED_FACE('',(#9395),#293,.F.);
#10486=ADVANCED_FACE('',(#9396),#10044,.F.);
#10487=ADVANCED_FACE('',(#9397),#294,.F.);
#10488=ADVANCED_FACE('',(#9398),#10045,.F.);
#10489=ADVANCED_FACE('',(#9399),#295,.F.);
#10490=ADVANCED_FACE('',(#9400),#10046,.F.);
#10491=ADVANCED_FACE('',(#9401),#296,.F.);
#10492=ADVANCED_FACE('',(#9402),#10047,.F.);
#10493=ADVANCED_FACE('',(#9403),#297,.F.);
#10494=ADVANCED_FACE('',(#9404),#10048,.F.);
#10495=ADVANCED_FACE('',(#9405),#298,.F.);
#10496=ADVANCED_FACE('',(#9406),#10049,.F.);
#10497=ADVANCED_FACE('',(#9407),#299,.F.);
#10498=ADVANCED_FACE('',(#9408),#10050,.F.);
#10499=ADVANCED_FACE('',(#9409),#300,.F.);
#10500=ADVANCED_FACE('',(#9410),#10051,.F.);
#10501=ADVANCED_FACE('',(#9411),#301,.F.);
#10502=ADVANCED_FACE('',(#9412),#10052,.F.);
#10503=ADVANCED_FACE('',(#9413),#302,.F.);
#10504=ADVANCED_FACE('',(#9414),#10053,.F.);
#10505=ADVANCED_FACE('',(#9415),#303,.F.);
#10506=ADVANCED_FACE('',(#9416),#10054,.F.);
#10507=ADVANCED_FACE('',(#9417),#304,.F.);
#10508=ADVANCED_FACE('',(#9418),#10055,.F.);
#10509=ADVANCED_FACE('',(#9419),#305,.F.);
#10510=ADVANCED_FACE('',(#9420),#10056,.F.);
#10511=ADVANCED_FACE('',(#9421),#306,.F.);
#10512=ADVANCED_FACE('',(#9422),#10057,.F.);
#10513=ADVANCED_FACE('',(#9423),#307,.F.);
#10514=ADVANCED_FACE('',(#9424),#10058,.F.);
#10515=ADVANCED_FACE('',(#9425),#308,.F.);
#10516=ADVANCED_FACE('',(#9426),#10059,.F.);
#10517=ADVANCED_FACE('',(#9427),#309,.F.);
#10518=ADVANCED_FACE('',(#9428),#10060,.F.);
#10519=ADVANCED_FACE('',(#9429),#310,.F.);
#10520=ADVANCED_FACE('',(#9430),#10061,.F.);
#10521=ADVANCED_FACE('',(#9431),#311,.F.);
#10522=ADVANCED_FACE('',(#9432),#10062,.F.);
#10523=ADVANCED_FACE('',(#9433),#312,.F.);
#10524=ADVANCED_FACE('',(#9434),#10063,.F.);
#10525=ADVANCED_FACE('',(#9435),#313,.F.);
#10526=ADVANCED_FACE('',(#9436),#10064,.F.);
#10527=ADVANCED_FACE('',(#9437),#314,.F.);
#10528=ADVANCED_FACE('',(#9438),#10065,.F.);
#10529=ADVANCED_FACE('',(#9439),#315,.F.);
#10530=ADVANCED_FACE('',(#9440),#10066,.F.);
#10531=ADVANCED_FACE('',(#9441),#316,.F.);
#10532=ADVANCED_FACE('',(#9442),#10067,.F.);
#10533=ADVANCED_FACE('',(#9443),#317,.F.);
#10534=ADVANCED_FACE('',(#9444),#10068,.F.);
#10535=ADVANCED_FACE('',(#9445),#318,.F.);
#10536=ADVANCED_FACE('',(#9446),#10069,.F.);
#10537=ADVANCED_FACE('',(#9447),#319,.F.);
#10538=ADVANCED_FACE('',(#9448),#10070,.F.);
#10539=ADVANCED_FACE('',(#9449),#320,.F.);
#10540=ADVANCED_FACE('',(#9450),#10071,.F.);
#10541=ADVANCED_FACE('',(#9451),#321,.F.);
#10542=ADVANCED_FACE('',(#9452),#10072,.F.);
#10543=ADVANCED_FACE('',(#9453),#322,.F.);
#10544=ADVANCED_FACE('',(#9454),#10073,.F.);
#10545=ADVANCED_FACE('',(#9455),#323,.F.);
#10546=ADVANCED_FACE('',(#9456),#10074,.F.);
#10547=ADVANCED_FACE('',(#9457),#324,.F.);
#10548=ADVANCED_FACE('',(#9458),#10075,.F.);
#10549=ADVANCED_FACE('',(#9459),#325,.F.);
#10550=ADVANCED_FACE('',(#9460),#10076,.F.);
#10551=ADVANCED_FACE('',(#9461),#326,.F.);
#10552=ADVANCED_FACE('',(#9462),#10077,.F.);
#10553=ADVANCED_FACE('',(#9463),#327,.F.);
#10554=ADVANCED_FACE('',(#9464),#10078,.F.);
#10555=ADVANCED_FACE('',(#9465),#328,.F.);
#10556=ADVANCED_FACE('',(#9466),#10079,.F.);
#10557=ADVANCED_FACE('',(#9467),#329,.F.);
#10558=ADVANCED_FACE('',(#9468),#10080,.F.);
#10559=ADVANCED_FACE('',(#9469),#330,.F.);
#10560=ADVANCED_FACE('',(#9470),#10081,.F.);
#10561=ADVANCED_FACE('',(#9471),#331,.F.);
#10562=ADVANCED_FACE('',(#9472),#332,.T.);
#10563=ADVANCED_FACE('',(#9473),#333,.T.);
#10564=ADVANCED_FACE('',(#9474),#334,.T.);
#10565=ADVANCED_FACE('',(#9475),#335,.T.);
#10566=ADVANCED_FACE('',(#9476,#9477,#9478,#9479,#9480,#9481,#9482,#9483,
#9484,#9485,#9486,#9487,#9488,#9489,#9490,#9491,#9492,#9493,#9494,#9495,
#9496,#9497,#9498,#9499,#9500,#9501,#9502,#9503,#9504,#9505,#9506,#9507,
#9508,#9509,#9510,#9511,#9512,#9513,#9514,#9515,#9516,#9517,#9518,#9519,
#9520,#9521,#9522,#9523,#9524,#9525,#9526,#9527,#9528,#9529,#9530,#9531,
#9532,#9533,#9534,#9535,#9536,#9537,#9538,#9539,#9540,#9541,#9542,#9543,
#9544,#9545,#9546,#9547,#9548,#9549,#9550,#9551,#9552,#9553,#9554,#9555,
#9556,#9557,#9558,#9559,#9560,#9561,#9562,#9563,#9564,#9565,#9566,#9567,
#9568),#10082,.F.);
#10567=ADVANCED_FACE('',(#9569,#9570,#9571,#9572,#9573,#9574,#9575,#9576,
#9577,#9578,#9579,#9580,#9581,#9582,#9583,#9584,#9585,#9586,#9587,#9588,
#9589,#9590,#9591,#9592,#9593,#9594,#9595,#9596,#9597,#9598,#9599,#9600,
#9601,#9602,#9603,#9604,#9605,#9606,#9607,#9608,#9609,#9610,#9611,#9612,
#9613,#9614,#9615,#9616,#9617,#9618,#9619,#9620,#9621,#9622,#9623,#9624,
#9625,#9626,#9627,#9628,#9629,#9630,#9631,#9632,#9633,#9634,#9635,#9636,
#9637,#9638,#9639,#9640,#9641,#9642,#9643,#9644,#9645,#9646,#9647,#9648,
#9649,#9650,#9651,#9652,#9653,#9654,#9655,#9656,#9657,#9658,#9659,#9660,
#9661),#10083,.F.);
#10568=ADVANCED_FACE('',(#9662),#336,.F.);
#10569=ADVANCED_FACE('',(#9663),#10084,.F.);
#10570=ADVANCED_FACE('',(#9664),#337,.T.);
#10571=ADVANCED_FACE('',(#9665),#338,.T.);
#10572=ADVANCED_FACE('',(#9666),#10085,.F.);
#10573=ADVANCED_FACE('',(#9667),#339,.F.);
#10574=ADVANCED_FACE('',(#9668),#10086,.F.);
#10575=ADVANCED_FACE('',(#9669),#340,.T.);
#10576=ADVANCED_FACE('',(#9670,#9671,#9672),#10087,.F.);
#10577=ADVANCED_FACE('',(#9673),#341,.T.);
#10578=ADVANCED_FACE('',(#9674),#10088,.F.);
#10579=ADVANCED_FACE('',(#9675),#10089,.F.);
#10580=ADVANCED_FACE('',(#9676),#10090,.F.);
#10581=ADVANCED_FACE('',(#9677),#10091,.F.);
#10582=ADVANCED_FACE('',(#9678),#10092,.F.);
#10583=ADVANCED_FACE('',(#9679),#10093,.F.);
#10584=ADVANCED_FACE('',(#9680),#10094,.F.);
#10585=ADVANCED_FACE('',(#9681),#10095,.F.);
#10586=ADVANCED_FACE('',(#9682),#342,.T.);
#10587=ADVANCED_FACE('',(#9683),#343,.T.);
#10588=ADVANCED_FACE('',(#9684),#10096,.F.);
#10589=ADVANCED_FACE('',(#9685,#9686),#10097,.F.);
#10590=ADVANCED_FACE('',(#9687,#9688),#10098,.F.);
#10591=ADVANCED_FACE('',(#9689),#10099,.F.);
#10592=ADVANCED_FACE('',(#9690,#9691),#10100,.F.);
#10593=ADVANCED_FACE('',(#9692,#9693),#10101,.F.);
#10594=ADVANCED_FACE('',(#9694),#10102,.F.);
#10595=ADVANCED_FACE('',(#9695,#9696),#10103,.F.);
#10596=ADVANCED_FACE('',(#9697,#9698),#10104,.F.);
#10597=ADVANCED_FACE('',(#9699),#10105,.F.);
#10598=ADVANCED_FACE('',(#9700,#9701),#10106,.F.);
#10599=ADVANCED_FACE('',(#9702,#9703),#10107,.F.);
#10600=ADVANCED_FACE('',(#9704,#9705),#344,.T.);
#10601=ADVANCED_FACE('',(#9706,#9707),#345,.T.);
#10602=ADVANCED_FACE('',(#9708,#9709),#346,.T.);
#10603=ADVANCED_FACE('',(#9710,#9711),#347,.T.);
#10604=ADVANCED_FACE('',(#9712),#348,.F.);
#10605=ADVANCED_FACE('',(#9713),#10108,.F.);
#10606=ADVANCED_FACE('',(#9714),#349,.F.);
#10607=ADVANCED_FACE('',(#9715),#10109,.F.);
#10608=ADVANCED_FACE('',(#9716),#350,.F.);
#10609=ADVANCED_FACE('',(#9717),#10110,.F.);
#10610=ADVANCED_FACE('',(#9718),#351,.F.);
#10611=ADVANCED_FACE('',(#9719),#10111,.F.);
#10612=ADVANCED_FACE('',(#9720),#10112,.F.);
#10613=ADVANCED_FACE('',(#9721),#10113,.F.);
#10614=ADVANCED_FACE('',(#9722),#10114,.F.);
#10615=ADVANCED_FACE('',(#9723),#10115,.F.);
#10616=ADVANCED_FACE('',(#9724),#10116,.F.);
#10617=ADVANCED_FACE('',(#9725),#10117,.F.);
#10618=ADVANCED_FACE('',(#9726),#10118,.F.);
#10619=ADVANCED_FACE('',(#9727),#10119,.F.);
#10620=ADVANCED_FACE('',(#9728),#10120,.F.);
#10621=ADVANCED_FACE('',(#9729),#10121,.F.);
#10622=ADVANCED_FACE('',(#9730),#10122,.F.);
#10623=ADVANCED_FACE('',(#9731),#10123,.F.);
#10624=ADVANCED_FACE('',(#9732,#9733),#352,.F.);
#10625=ADVANCED_FACE('',(#9734),#10124,.T.);
#10626=ADVANCED_FACE('',(#9735,#9736),#353,.F.);
#10627=ADVANCED_FACE('',(#9737),#10125,.T.);
#10628=CLOSED_SHELL('',(#10126,#10127,#10128,#10129,#10130,#10131,#10132,
#10133,#10134,#10135,#10136,#10137,#10138,#10139,#10140,#10141,#10142,#10143,
#10144,#10145,#10146,#10147,#10148,#10149,#10150,#10151,#10152,#10153,#10154,
#10155,#10156,#10157,#10158,#10159,#10160,#10161,#10162,#10163,#10164,#10165,
#10166,#10167,#10168,#10169,#10170,#10171,#10172,#10173,#10174,#10175,#10176,
#10177,#10178,#10179,#10180,#10181,#10182,#10183,#10184,#10185,#10186,#10187,
#10188,#10189,#10190,#10191,#10192,#10193,#10194,#10195,#10196,#10197,#10198,
#10199,#10200,#10201,#10202,#10203,#10204,#10205,#10206,#10207,#10208,#10209,
#10210,#10211,#10212,#10213,#10214,#10215,#10216,#10217,#10218,#10219,#10220,
#10221,#10222,#10223,#10224,#10225,#10226,#10227,#10228,#10229,#10230,#10231,
#10232,#10233,#10234,#10235,#10236,#10237,#10238,#10239,#10240,#10241,#10242,
#10243,#10244,#10245,#10246,#10247,#10248,#10249,#10250,#10251,#10252,#10253,
#10254,#10255,#10256,#10257,#10258,#10259,#10260,#10261,#10262,#10263,#10264,
#10265,#10266,#10267,#10268,#10269,#10270,#10271,#10272,#10273,#10274,#10275,
#10276,#10277,#10278,#10279,#10280,#10281,#10282,#10283,#10284,#10285,#10286,
#10287,#10288,#10289,#10290,#10291,#10292,#10293,#10294,#10295,#10296,#10297,
#10298,#10299,#10300,#10301,#10302,#10303,#10304,#10305,#10306,#10307,#10308,
#10309,#10310,#10311,#10312,#10313,#10314,#10315,#10316,#10317,#10318,#10319,
#10320,#10321,#10322,#10323,#10324,#10325,#10326,#10327,#10328,#10329,#10330,
#10331,#10332,#10333,#10334,#10335,#10336,#10337,#10338,#10339,#10340,#10341,
#10342,#10343,#10344,#10345,#10346,#10347,#10348,#10349,#10350,#10351,#10352,
#10353,#10354,#10355,#10356,#10357,#10358,#10359,#10360,#10361,#10362,#10363,
#10364,#10365,#10366,#10367,#10368,#10369,#10370,#10371,#10372,#10373,#10374,
#10375,#10376,#10377,#10378,#10379,#10380,#10381,#10382,#10383,#10384,#10385,
#10386,#10387,#10388,#10389,#10390,#10391,#10392,#10393,#10394,#10395,#10396,
#10397,#10398,#10399,#10400,#10401,#10402,#10403,#10404,#10405,#10406,#10407,
#10408,#10409,#10410,#10411,#10412,#10413,#10414,#10415,#10416,#10417,#10418,
#10419,#10420,#10421,#10422,#10423,#10424,#10425,#10426,#10427,#10428,#10429,
#10430,#10431,#10432,#10433,#10434,#10435,#10436,#10437,#10438,#10439,#10440,
#10441,#10442,#10443,#10444,#10445,#10446,#10447,#10448,#10449,#10450,#10451,
#10452,#10453,#10454,#10455,#10456,#10457,#10458,#10459,#10460,#10461,#10462,
#10463,#10464,#10465,#10466,#10467,#10468,#10469,#10470,#10471,#10472,#10473,
#10474,#10475,#10476,#10477,#10478,#10479,#10480,#10481,#10482,#10483,#10484,
#10485,#10486,#10487,#10488,#10489,#10490,#10491,#10492,#10493,#10494,#10495,
#10496,#10497,#10498,#10499,#10500,#10501,#10502,#10503,#10504,#10505,#10506,
#10507,#10508,#10509,#10510,#10511,#10512,#10513,#10514,#10515,#10516,#10517,
#10518,#10519,#10520,#10521,#10522,#10523,#10524,#10525,#10526,#10527,#10528,
#10529,#10530,#10531,#10532,#10533,#10534,#10535,#10536,#10537,#10538,#10539,
#10540,#10541,#10542,#10543,#10544,#10545,#10546,#10547,#10548,#10549,#10550,
#10551,#10552,#10553,#10554,#10555,#10556,#10557,#10558,#10559,#10560,#10561,
#10562,#10563,#10564,#10565,#10566,#10567,#10568,#10569,#10570,#10571,#10572,
#10573,#10574,#10575,#10576,#10577,#10578,#10579,#10580,#10581,#10582,#10583,
#10584,#10585,#10586,#10587,#10588,#10589,#10590,#10591,#10592,#10593,#10594,
#10595,#10596,#10597,#10598,#10599,#10600,#10601,#10602,#10603,#10604,#10605,
#10606,#10607,#10608,#10609,#10610,#10611,#10612,#10613,#10614,#10615,#10616,
#10617,#10618,#10619,#10620,#10621,#10622,#10623,#10624,#10625,#10626,#10627));
#10629=MANIFOLD_SOLID_BREP($,#10628);
#10630=SHAPE_DEFINITION_REPRESENTATION(#17077,#10631);
#10631=SHAPE_REPRESENTATION('id2',(#10632),#17072);
#10632=AXIS2_PLACEMENT_3D('',#14085,#11363,#11364);
#10633=AXIS2_PLACEMENT_3D('',#14086,#11365,#11366);
#10634=AXIS2_PLACEMENT_3D('',#14095,#11371,#11372);
#10635=AXIS2_PLACEMENT_3D('',#14101,#11376,#11377);
#10636=AXIS2_PLACEMENT_3D('',#14107,#11381,#11382);
#10637=AXIS2_PLACEMENT_3D('',#14113,#11386,#11387);
#10638=AXIS2_PLACEMENT_3D('',#14119,#11391,#11392);
#10639=AXIS2_PLACEMENT_3D('',#14122,#11395,#11396);
#10640=AXIS2_PLACEMENT_3D('',#14131,#11401,#11402);
#10641=AXIS2_PLACEMENT_3D('',#14137,#11406,#11407);
#10642=AXIS2_PLACEMENT_3D('',#14143,#11411,#11412);
#10643=AXIS2_PLACEMENT_3D('',#14149,#11416,#11417);
#10644=AXIS2_PLACEMENT_3D('',#14155,#11421,#11422);
#10645=AXIS2_PLACEMENT_3D('',#14158,#11425,#11426);
#10646=AXIS2_PLACEMENT_3D('',#14167,#11431,#11432);
#10647=AXIS2_PLACEMENT_3D('',#14173,#11436,#11437);
#10648=AXIS2_PLACEMENT_3D('',#14179,#11441,#11442);
#10649=AXIS2_PLACEMENT_3D('',#14185,#11446,#11447);
#10650=AXIS2_PLACEMENT_3D('',#14191,#11451,#11452);
#10651=AXIS2_PLACEMENT_3D('',#14194,#11455,#11456);
#10652=AXIS2_PLACEMENT_3D('',#14203,#11461,#11462);
#10653=AXIS2_PLACEMENT_3D('',#14209,#11466,#11467);
#10654=AXIS2_PLACEMENT_3D('',#14215,#11471,#11472);
#10655=AXIS2_PLACEMENT_3D('',#14221,#11476,#11477);
#10656=AXIS2_PLACEMENT_3D('',#14227,#11481,#11482);
#10657=AXIS2_PLACEMENT_3D('',#14230,#11485,#11486);
#10658=AXIS2_PLACEMENT_3D('',#14239,#11491,#11492);
#10659=AXIS2_PLACEMENT_3D('',#14245,#11496,#11497);
#10660=AXIS2_PLACEMENT_3D('',#14251,#11501,#11502);
#10661=AXIS2_PLACEMENT_3D('',#14257,#11506,#11507);
#10662=AXIS2_PLACEMENT_3D('',#14263,#11511,#11512);
#10663=AXIS2_PLACEMENT_3D('',#14266,#11515,#11516);
#10664=AXIS2_PLACEMENT_3D('',#14275,#11521,#11522);
#10665=AXIS2_PLACEMENT_3D('',#14281,#11526,#11527);
#10666=AXIS2_PLACEMENT_3D('',#14287,#11531,#11532);
#10667=AXIS2_PLACEMENT_3D('',#14293,#11536,#11537);
#10668=AXIS2_PLACEMENT_3D('',#14299,#11541,#11542);
#10669=AXIS2_PLACEMENT_3D('',#14302,#11545,#11546);
#10670=AXIS2_PLACEMENT_3D('',#14311,#11551,#11552);
#10671=AXIS2_PLACEMENT_3D('',#14317,#11556,#11557);
#10672=AXIS2_PLACEMENT_3D('',#14323,#11561,#11562);
#10673=AXIS2_PLACEMENT_3D('',#14329,#11566,#11567);
#10674=AXIS2_PLACEMENT_3D('',#14335,#11571,#11572);
#10675=AXIS2_PLACEMENT_3D('',#14338,#11575,#11576);
#10676=AXIS2_PLACEMENT_3D('',#14347,#11581,#11582);
#10677=AXIS2_PLACEMENT_3D('',#14353,#11586,#11587);
#10678=AXIS2_PLACEMENT_3D('',#14359,#11591,#11592);
#10679=AXIS2_PLACEMENT_3D('',#14365,#11596,#11597);
#10680=AXIS2_PLACEMENT_3D('',#14371,#11601,#11602);
#10681=AXIS2_PLACEMENT_3D('',#14374,#11605,#11606);
#10682=AXIS2_PLACEMENT_3D('',#14383,#11611,#11612);
#10683=AXIS2_PLACEMENT_3D('',#14389,#11616,#11617);
#10684=AXIS2_PLACEMENT_3D('',#14395,#11621,#11622);
#10685=AXIS2_PLACEMENT_3D('',#14401,#11626,#11627);
#10686=AXIS2_PLACEMENT_3D('',#14407,#11631,#11632);
#10687=AXIS2_PLACEMENT_3D('',#14410,#11635,#11636);
#10688=AXIS2_PLACEMENT_3D('',#14419,#11641,#11642);
#10689=AXIS2_PLACEMENT_3D('',#14425,#11646,#11647);
#10690=AXIS2_PLACEMENT_3D('',#14431,#11651,#11652);
#10691=AXIS2_PLACEMENT_3D('',#14437,#11656,#11657);
#10692=AXIS2_PLACEMENT_3D('',#14443,#11661,#11662);
#10693=AXIS2_PLACEMENT_3D('',#14446,#11665,#11666);
#10694=AXIS2_PLACEMENT_3D('',#14455,#11671,#11672);
#10695=AXIS2_PLACEMENT_3D('',#14461,#11676,#11677);
#10696=AXIS2_PLACEMENT_3D('',#14467,#11681,#11682);
#10697=AXIS2_PLACEMENT_3D('',#14473,#11686,#11687);
#10698=AXIS2_PLACEMENT_3D('',#14479,#11691,#11692);
#10699=AXIS2_PLACEMENT_3D('',#14482,#11695,#11696);
#10700=AXIS2_PLACEMENT_3D('',#14491,#11701,#11702);
#10701=AXIS2_PLACEMENT_3D('',#14497,#11706,#11707);
#10702=AXIS2_PLACEMENT_3D('',#14503,#11711,#11712);
#10703=AXIS2_PLACEMENT_3D('',#14509,#11716,#11717);
#10704=AXIS2_PLACEMENT_3D('',#14515,#11721,#11722);
#10705=AXIS2_PLACEMENT_3D('',#14518,#11725,#11726);
#10706=AXIS2_PLACEMENT_3D('',#14527,#11731,#11732);
#10707=AXIS2_PLACEMENT_3D('',#14533,#11736,#11737);
#10708=AXIS2_PLACEMENT_3D('',#14539,#11741,#11742);
#10709=AXIS2_PLACEMENT_3D('',#14545,#11746,#11747);
#10710=AXIS2_PLACEMENT_3D('',#14551,#11751,#11752);
#10711=AXIS2_PLACEMENT_3D('',#14554,#11755,#11756);
#10712=AXIS2_PLACEMENT_3D('',#14563,#11761,#11762);
#10713=AXIS2_PLACEMENT_3D('',#14569,#11766,#11767);
#10714=AXIS2_PLACEMENT_3D('',#14575,#11771,#11772);
#10715=AXIS2_PLACEMENT_3D('',#14581,#11776,#11777);
#10716=AXIS2_PLACEMENT_3D('',#14587,#11781,#11782);
#10717=AXIS2_PLACEMENT_3D('',#14590,#11785,#11786);
#10718=AXIS2_PLACEMENT_3D('',#14599,#11791,#11792);
#10719=AXIS2_PLACEMENT_3D('',#14605,#11796,#11797);
#10720=AXIS2_PLACEMENT_3D('',#14611,#11801,#11802);
#10721=AXIS2_PLACEMENT_3D('',#14617,#11806,#11807);
#10722=AXIS2_PLACEMENT_3D('',#14623,#11811,#11812);
#10723=AXIS2_PLACEMENT_3D('',#14626,#11815,#11816);
#10724=AXIS2_PLACEMENT_3D('',#14635,#11821,#11822);
#10725=AXIS2_PLACEMENT_3D('',#14641,#11826,#11827);
#10726=AXIS2_PLACEMENT_3D('',#14647,#11831,#11832);
#10727=AXIS2_PLACEMENT_3D('',#14653,#11836,#11837);
#10728=AXIS2_PLACEMENT_3D('',#14659,#11841,#11842);
#10729=AXIS2_PLACEMENT_3D('',#14662,#11845,#11846);
#10730=AXIS2_PLACEMENT_3D('',#14671,#11851,#11852);
#10731=AXIS2_PLACEMENT_3D('',#14677,#11856,#11857);
#10732=AXIS2_PLACEMENT_3D('',#14683,#11861,#11862);
#10733=AXIS2_PLACEMENT_3D('',#14689,#11866,#11867);
#10734=AXIS2_PLACEMENT_3D('',#14695,#11871,#11872);
#10735=AXIS2_PLACEMENT_3D('',#14698,#11875,#11876);
#10736=AXIS2_PLACEMENT_3D('',#14707,#11881,#11882);
#10737=AXIS2_PLACEMENT_3D('',#14713,#11886,#11887);
#10738=AXIS2_PLACEMENT_3D('',#14719,#11891,#11892);
#10739=AXIS2_PLACEMENT_3D('',#14725,#11896,#11897);
#10740=AXIS2_PLACEMENT_3D('',#14731,#11901,#11902);
#10741=AXIS2_PLACEMENT_3D('',#14734,#11905,#11906);
#10742=AXIS2_PLACEMENT_3D('',#14743,#11911,#11912);
#10743=AXIS2_PLACEMENT_3D('',#14749,#11916,#11917);
#10744=AXIS2_PLACEMENT_3D('',#14755,#11921,#11922);
#10745=AXIS2_PLACEMENT_3D('',#14761,#11926,#11927);
#10746=AXIS2_PLACEMENT_3D('',#14767,#11931,#11932);
#10747=AXIS2_PLACEMENT_3D('',#14770,#11935,#11936);
#10748=AXIS2_PLACEMENT_3D('',#14779,#11941,#11942);
#10749=AXIS2_PLACEMENT_3D('',#14785,#11946,#11947);
#10750=AXIS2_PLACEMENT_3D('',#14791,#11951,#11952);
#10751=AXIS2_PLACEMENT_3D('',#14797,#11956,#11957);
#10752=AXIS2_PLACEMENT_3D('',#14803,#11961,#11962);
#10753=AXIS2_PLACEMENT_3D('',#14806,#11965,#11966);
#10754=AXIS2_PLACEMENT_3D('',#14815,#11971,#11972);
#10755=AXIS2_PLACEMENT_3D('',#14821,#11976,#11977);
#10756=AXIS2_PLACEMENT_3D('',#14827,#11981,#11982);
#10757=AXIS2_PLACEMENT_3D('',#14833,#11986,#11987);
#10758=AXIS2_PLACEMENT_3D('',#14839,#11991,#11992);
#10759=AXIS2_PLACEMENT_3D('',#14842,#11995,#11996);
#10760=AXIS2_PLACEMENT_3D('',#14851,#12001,#12002);
#10761=AXIS2_PLACEMENT_3D('',#14857,#12006,#12007);
#10762=AXIS2_PLACEMENT_3D('',#14863,#12011,#12012);
#10763=AXIS2_PLACEMENT_3D('',#14869,#12016,#12017);
#10764=AXIS2_PLACEMENT_3D('',#14875,#12021,#12022);
#10765=AXIS2_PLACEMENT_3D('',#14878,#12025,#12026);
#10766=AXIS2_PLACEMENT_3D('',#14887,#12031,#12032);
#10767=AXIS2_PLACEMENT_3D('',#14893,#12036,#12037);
#10768=AXIS2_PLACEMENT_3D('',#14899,#12041,#12042);
#10769=AXIS2_PLACEMENT_3D('',#14905,#12046,#12047);
#10770=AXIS2_PLACEMENT_3D('',#14911,#12051,#12052);
#10771=AXIS2_PLACEMENT_3D('',#14914,#12055,#12056);
#10772=AXIS2_PLACEMENT_3D('',#14923,#12061,#12062);
#10773=AXIS2_PLACEMENT_3D('',#14929,#12066,#12067);
#10774=AXIS2_PLACEMENT_3D('',#14935,#12071,#12072);
#10775=AXIS2_PLACEMENT_3D('',#14941,#12076,#12077);
#10776=AXIS2_PLACEMENT_3D('',#14947,#12081,#12082);
#10777=AXIS2_PLACEMENT_3D('',#14950,#12085,#12086);
#10778=AXIS2_PLACEMENT_3D('',#14959,#12091,#12092);
#10779=AXIS2_PLACEMENT_3D('',#14965,#12096,#12097);
#10780=AXIS2_PLACEMENT_3D('',#14971,#12101,#12102);
#10781=AXIS2_PLACEMENT_3D('',#14977,#12106,#12107);
#10782=AXIS2_PLACEMENT_3D('',#14983,#12111,#12112);
#10783=AXIS2_PLACEMENT_3D('',#14986,#12115,#12116);
#10784=AXIS2_PLACEMENT_3D('',#14995,#12121,#12122);
#10785=AXIS2_PLACEMENT_3D('',#15001,#12126,#12127);
#10786=AXIS2_PLACEMENT_3D('',#15007,#12131,#12132);
#10787=AXIS2_PLACEMENT_3D('',#15013,#12136,#12137);
#10788=AXIS2_PLACEMENT_3D('',#15019,#12141,#12142);
#10789=AXIS2_PLACEMENT_3D('',#15022,#12145,#12146);
#10790=AXIS2_PLACEMENT_3D('',#15031,#12151,#12152);
#10791=AXIS2_PLACEMENT_3D('',#15037,#12156,#12157);
#10792=AXIS2_PLACEMENT_3D('',#15043,#12161,#12162);
#10793=AXIS2_PLACEMENT_3D('',#15049,#12166,#12167);
#10794=AXIS2_PLACEMENT_3D('',#15055,#12171,#12172);
#10795=AXIS2_PLACEMENT_3D('',#15058,#12175,#12176);
#10796=AXIS2_PLACEMENT_3D('',#15067,#12181,#12182);
#10797=AXIS2_PLACEMENT_3D('',#15073,#12186,#12187);
#10798=AXIS2_PLACEMENT_3D('',#15079,#12191,#12192);
#10799=AXIS2_PLACEMENT_3D('',#15085,#12196,#12197);
#10800=AXIS2_PLACEMENT_3D('',#15091,#12201,#12202);
#10801=AXIS2_PLACEMENT_3D('',#15094,#12205,#12206);
#10802=AXIS2_PLACEMENT_3D('',#15103,#12211,#12212);
#10803=AXIS2_PLACEMENT_3D('',#15109,#12216,#12217);
#10804=AXIS2_PLACEMENT_3D('',#15115,#12221,#12222);
#10805=AXIS2_PLACEMENT_3D('',#15121,#12226,#12227);
#10806=AXIS2_PLACEMENT_3D('',#15127,#12231,#12232);
#10807=AXIS2_PLACEMENT_3D('',#15130,#12235,#12236);
#10808=AXIS2_PLACEMENT_3D('',#15139,#12241,#12242);
#10809=AXIS2_PLACEMENT_3D('',#15145,#12246,#12247);
#10810=AXIS2_PLACEMENT_3D('',#15151,#12251,#12252);
#10811=AXIS2_PLACEMENT_3D('',#15157,#12256,#12257);
#10812=AXIS2_PLACEMENT_3D('',#15163,#12261,#12262);
#10813=AXIS2_PLACEMENT_3D('',#15166,#12265,#12266);
#10814=AXIS2_PLACEMENT_3D('',#15175,#12271,#12272);
#10815=AXIS2_PLACEMENT_3D('',#15181,#12276,#12277);
#10816=AXIS2_PLACEMENT_3D('',#15187,#12281,#12282);
#10817=AXIS2_PLACEMENT_3D('',#15193,#12286,#12287);
#10818=AXIS2_PLACEMENT_3D('',#15199,#12291,#12292);
#10819=AXIS2_PLACEMENT_3D('',#15202,#12295,#12296);
#10820=AXIS2_PLACEMENT_3D('',#15211,#12301,#12302);
#10821=AXIS2_PLACEMENT_3D('',#15217,#12306,#12307);
#10822=AXIS2_PLACEMENT_3D('',#15223,#12311,#12312);
#10823=AXIS2_PLACEMENT_3D('',#15229,#12316,#12317);
#10824=AXIS2_PLACEMENT_3D('',#15235,#12321,#12322);
#10825=AXIS2_PLACEMENT_3D('',#15238,#12325,#12326);
#10826=AXIS2_PLACEMENT_3D('',#15247,#12331,#12332);
#10827=AXIS2_PLACEMENT_3D('',#15253,#12336,#12337);
#10828=AXIS2_PLACEMENT_3D('',#15259,#12341,#12342);
#10829=AXIS2_PLACEMENT_3D('',#15265,#12346,#12347);
#10830=AXIS2_PLACEMENT_3D('',#15271,#12351,#12352);
#10831=AXIS2_PLACEMENT_3D('',#15274,#12355,#12356);
#10832=AXIS2_PLACEMENT_3D('',#15283,#12361,#12362);
#10833=AXIS2_PLACEMENT_3D('',#15289,#12366,#12367);
#10834=AXIS2_PLACEMENT_3D('',#15295,#12371,#12372);
#10835=AXIS2_PLACEMENT_3D('',#15301,#12376,#12377);
#10836=AXIS2_PLACEMENT_3D('',#15307,#12381,#12382);
#10837=AXIS2_PLACEMENT_3D('',#15310,#12385,#12386);
#10838=AXIS2_PLACEMENT_3D('',#15319,#12391,#12392);
#10839=AXIS2_PLACEMENT_3D('',#15325,#12396,#12397);
#10840=AXIS2_PLACEMENT_3D('',#15331,#12401,#12402);
#10841=AXIS2_PLACEMENT_3D('',#15337,#12406,#12407);
#10842=AXIS2_PLACEMENT_3D('',#15343,#12411,#12412);
#10843=AXIS2_PLACEMENT_3D('',#15346,#12415,#12416);
#10844=AXIS2_PLACEMENT_3D('',#15355,#12421,#12422);
#10845=AXIS2_PLACEMENT_3D('',#15361,#12426,#12427);
#10846=AXIS2_PLACEMENT_3D('',#15367,#12431,#12432);
#10847=AXIS2_PLACEMENT_3D('',#15373,#12436,#12437);
#10848=AXIS2_PLACEMENT_3D('',#15379,#12441,#12442);
#10849=AXIS2_PLACEMENT_3D('',#15382,#12445,#12446);
#10850=AXIS2_PLACEMENT_3D('',#15391,#12451,#12452);
#10851=AXIS2_PLACEMENT_3D('',#15397,#12456,#12457);
#10852=AXIS2_PLACEMENT_3D('',#15403,#12461,#12462);
#10853=AXIS2_PLACEMENT_3D('',#15409,#12466,#12467);
#10854=AXIS2_PLACEMENT_3D('',#15415,#12471,#12472);
#10855=AXIS2_PLACEMENT_3D('',#15418,#12475,#12476);
#10856=AXIS2_PLACEMENT_3D('',#15427,#12481,#12482);
#10857=AXIS2_PLACEMENT_3D('',#15433,#12486,#12487);
#10858=AXIS2_PLACEMENT_3D('',#15439,#12491,#12492);
#10859=AXIS2_PLACEMENT_3D('',#15445,#12496,#12497);
#10860=AXIS2_PLACEMENT_3D('',#15451,#12501,#12502);
#10861=AXIS2_PLACEMENT_3D('',#15454,#12505,#12506);
#10862=AXIS2_PLACEMENT_3D('',#15463,#12511,#12512);
#10863=AXIS2_PLACEMENT_3D('',#15469,#12516,#12517);
#10864=AXIS2_PLACEMENT_3D('',#15475,#12521,#12522);
#10865=AXIS2_PLACEMENT_3D('',#15481,#12526,#12527);
#10866=AXIS2_PLACEMENT_3D('',#15487,#12531,#12532);
#10867=AXIS2_PLACEMENT_3D('',#15490,#12535,#12536);
#10868=AXIS2_PLACEMENT_3D('',#15499,#12541,#12542);
#10869=AXIS2_PLACEMENT_3D('',#15505,#12546,#12547);
#10870=AXIS2_PLACEMENT_3D('',#15511,#12551,#12552);
#10871=AXIS2_PLACEMENT_3D('',#15517,#12556,#12557);
#10872=AXIS2_PLACEMENT_3D('',#15523,#12561,#12562);
#10873=AXIS2_PLACEMENT_3D('',#15526,#12565,#12566);
#10874=AXIS2_PLACEMENT_3D('',#15535,#12571,#12572);
#10875=AXIS2_PLACEMENT_3D('',#15541,#12576,#12577);
#10876=AXIS2_PLACEMENT_3D('',#15547,#12581,#12582);
#10877=AXIS2_PLACEMENT_3D('',#15553,#12586,#12587);
#10878=AXIS2_PLACEMENT_3D('',#15559,#12591,#12592);
#10879=AXIS2_PLACEMENT_3D('',#15562,#12595,#12596);
#10880=AXIS2_PLACEMENT_3D('',#15571,#12601,#12602);
#10881=AXIS2_PLACEMENT_3D('',#15577,#12606,#12607);
#10882=AXIS2_PLACEMENT_3D('',#15583,#12611,#12612);
#10883=AXIS2_PLACEMENT_3D('',#15589,#12616,#12617);
#10884=AXIS2_PLACEMENT_3D('',#15595,#12621,#12622);
#10885=AXIS2_PLACEMENT_3D('',#15598,#12625,#12626);
#10886=AXIS2_PLACEMENT_3D('',#15607,#12631,#12632);
#10887=AXIS2_PLACEMENT_3D('',#15608,#12633,#12634);
#10888=AXIS2_PLACEMENT_3D('',#15612,#12636,#12637);
#10889=AXIS2_PLACEMENT_3D('',#15613,#12638,#12639);
#10890=AXIS2_PLACEMENT_3D('',#15619,#12643,#12644);
#10891=AXIS2_PLACEMENT_3D('',#15620,#12645,#12646);
#10892=AXIS2_PLACEMENT_3D('',#15621,#12647,#12648);
#10893=AXIS2_PLACEMENT_3D('',#15622,#12649,#12650);
#10894=AXIS2_PLACEMENT_3D('',#15631,#12655,#12656);
#10895=AXIS2_PLACEMENT_3D('',#15632,#12657,#12658);
#10896=AXIS2_PLACEMENT_3D('',#15636,#12660,#12661);
#10897=AXIS2_PLACEMENT_3D('',#15637,#12662,#12663);
#10898=AXIS2_PLACEMENT_3D('',#15643,#12667,#12668);
#10899=AXIS2_PLACEMENT_3D('',#15644,#12669,#12670);
#10900=AXIS2_PLACEMENT_3D('',#15645,#12671,#12672);
#10901=AXIS2_PLACEMENT_3D('',#15646,#12673,#12674);
#10902=AXIS2_PLACEMENT_3D('',#15655,#12679,#12680);
#10903=AXIS2_PLACEMENT_3D('',#15656,#12681,#12682);
#10904=AXIS2_PLACEMENT_3D('',#15660,#12684,#12685);
#10905=AXIS2_PLACEMENT_3D('',#15661,#12686,#12687);
#10906=AXIS2_PLACEMENT_3D('',#15667,#12691,#12692);
#10907=AXIS2_PLACEMENT_3D('',#15668,#12693,#12694);
#10908=AXIS2_PLACEMENT_3D('',#15669,#12695,#12696);
#10909=AXIS2_PLACEMENT_3D('',#15670,#12697,#12698);
#10910=AXIS2_PLACEMENT_3D('',#15679,#12703,#12704);
#10911=AXIS2_PLACEMENT_3D('',#15680,#12705,#12706);
#10912=AXIS2_PLACEMENT_3D('',#15684,#12708,#12709);
#10913=AXIS2_PLACEMENT_3D('',#15685,#12710,#12711);
#10914=AXIS2_PLACEMENT_3D('',#15691,#12715,#12716);
#10915=AXIS2_PLACEMENT_3D('',#15692,#12717,#12718);
#10916=AXIS2_PLACEMENT_3D('',#15693,#12719,#12720);
#10917=AXIS2_PLACEMENT_3D('',#15694,#12721,#12722);
#10918=AXIS2_PLACEMENT_3D('',#15703,#12727,#12728);
#10919=AXIS2_PLACEMENT_3D('',#15704,#12729,#12730);
#10920=AXIS2_PLACEMENT_3D('',#15708,#12732,#12733);
#10921=AXIS2_PLACEMENT_3D('',#15709,#12734,#12735);
#10922=AXIS2_PLACEMENT_3D('',#15715,#12739,#12740);
#10923=AXIS2_PLACEMENT_3D('',#15716,#12741,#12742);
#10924=AXIS2_PLACEMENT_3D('',#15717,#12743,#12744);
#10925=AXIS2_PLACEMENT_3D('',#15718,#12745,#12746);
#10926=AXIS2_PLACEMENT_3D('',#15727,#12751,#12752);
#10927=AXIS2_PLACEMENT_3D('',#15728,#12753,#12754);
#10928=AXIS2_PLACEMENT_3D('',#15732,#12756,#12757);
#10929=AXIS2_PLACEMENT_3D('',#15733,#12758,#12759);
#10930=AXIS2_PLACEMENT_3D('',#15739,#12763,#12764);
#10931=AXIS2_PLACEMENT_3D('',#15740,#12765,#12766);
#10932=AXIS2_PLACEMENT_3D('',#15741,#12767,#12768);
#10933=AXIS2_PLACEMENT_3D('',#15742,#12769,#12770);
#10934=AXIS2_PLACEMENT_3D('',#15751,#12775,#12776);
#10935=AXIS2_PLACEMENT_3D('',#15752,#12777,#12778);
#10936=AXIS2_PLACEMENT_3D('',#15756,#12780,#12781);
#10937=AXIS2_PLACEMENT_3D('',#15757,#12782,#12783);
#10938=AXIS2_PLACEMENT_3D('',#15763,#12787,#12788);
#10939=AXIS2_PLACEMENT_3D('',#15764,#12789,#12790);
#10940=AXIS2_PLACEMENT_3D('',#15765,#12791,#12792);
#10941=AXIS2_PLACEMENT_3D('',#15766,#12793,#12794);
#10942=AXIS2_PLACEMENT_3D('',#15775,#12799,#12800);
#10943=AXIS2_PLACEMENT_3D('',#15776,#12801,#12802);
#10944=AXIS2_PLACEMENT_3D('',#15780,#12804,#12805);
#10945=AXIS2_PLACEMENT_3D('',#15781,#12806,#12807);
#10946=AXIS2_PLACEMENT_3D('',#15787,#12811,#12812);
#10947=AXIS2_PLACEMENT_3D('',#15788,#12813,#12814);
#10948=AXIS2_PLACEMENT_3D('',#15789,#12815,#12816);
#10949=AXIS2_PLACEMENT_3D('',#15790,#12817,#12818);
#10950=AXIS2_PLACEMENT_3D('',#15799,#12823,#12824);
#10951=AXIS2_PLACEMENT_3D('',#15800,#12825,#12826);
#10952=AXIS2_PLACEMENT_3D('',#15804,#12828,#12829);
#10953=AXIS2_PLACEMENT_3D('',#15805,#12830,#12831);
#10954=AXIS2_PLACEMENT_3D('',#15811,#12835,#12836);
#10955=AXIS2_PLACEMENT_3D('',#15812,#12837,#12838);
#10956=AXIS2_PLACEMENT_3D('',#15813,#12839,#12840);
#10957=AXIS2_PLACEMENT_3D('',#15814,#12841,#12842);
#10958=AXIS2_PLACEMENT_3D('',#15823,#12847,#12848);
#10959=AXIS2_PLACEMENT_3D('',#15824,#12849,#12850);
#10960=AXIS2_PLACEMENT_3D('',#15828,#12852,#12853);
#10961=AXIS2_PLACEMENT_3D('',#15829,#12854,#12855);
#10962=AXIS2_PLACEMENT_3D('',#15835,#12859,#12860);
#10963=AXIS2_PLACEMENT_3D('',#15836,#12861,#12862);
#10964=AXIS2_PLACEMENT_3D('',#15837,#12863,#12864);
#10965=AXIS2_PLACEMENT_3D('',#15838,#12865,#12866);
#10966=AXIS2_PLACEMENT_3D('',#15847,#12871,#12872);
#10967=AXIS2_PLACEMENT_3D('',#15848,#12873,#12874);
#10968=AXIS2_PLACEMENT_3D('',#15852,#12876,#12877);
#10969=AXIS2_PLACEMENT_3D('',#15853,#12878,#12879);
#10970=AXIS2_PLACEMENT_3D('',#15859,#12883,#12884);
#10971=AXIS2_PLACEMENT_3D('',#15860,#12885,#12886);
#10972=AXIS2_PLACEMENT_3D('',#15861,#12887,#12888);
#10973=AXIS2_PLACEMENT_3D('',#15862,#12889,#12890);
#10974=AXIS2_PLACEMENT_3D('',#15871,#12895,#12896);
#10975=AXIS2_PLACEMENT_3D('',#15872,#12897,#12898);
#10976=AXIS2_PLACEMENT_3D('',#15876,#12900,#12901);
#10977=AXIS2_PLACEMENT_3D('',#15877,#12902,#12903);
#10978=AXIS2_PLACEMENT_3D('',#15883,#12907,#12908);
#10979=AXIS2_PLACEMENT_3D('',#15884,#12909,#12910);
#10980=AXIS2_PLACEMENT_3D('',#15885,#12911,#12912);
#10981=AXIS2_PLACEMENT_3D('',#15886,#12913,#12914);
#10982=AXIS2_PLACEMENT_3D('',#15895,#12919,#12920);
#10983=AXIS2_PLACEMENT_3D('',#15896,#12921,#12922);
#10984=AXIS2_PLACEMENT_3D('',#15900,#12924,#12925);
#10985=AXIS2_PLACEMENT_3D('',#15901,#12926,#12927);
#10986=AXIS2_PLACEMENT_3D('',#15907,#12931,#12932);
#10987=AXIS2_PLACEMENT_3D('',#15908,#12933,#12934);
#10988=AXIS2_PLACEMENT_3D('',#15909,#12935,#12936);
#10989=AXIS2_PLACEMENT_3D('',#15910,#12937,#12938);
#10990=AXIS2_PLACEMENT_3D('',#15919,#12943,#12944);
#10991=AXIS2_PLACEMENT_3D('',#15920,#12945,#12946);
#10992=AXIS2_PLACEMENT_3D('',#15924,#12948,#12949);
#10993=AXIS2_PLACEMENT_3D('',#15925,#12950,#12951);
#10994=AXIS2_PLACEMENT_3D('',#15931,#12955,#12956);
#10995=AXIS2_PLACEMENT_3D('',#15932,#12957,#12958);
#10996=AXIS2_PLACEMENT_3D('',#15933,#12959,#12960);
#10997=AXIS2_PLACEMENT_3D('',#15934,#12961,#12962);
#10998=AXIS2_PLACEMENT_3D('',#15943,#12967,#12968);
#10999=AXIS2_PLACEMENT_3D('',#15944,#12969,#12970);
#11000=AXIS2_PLACEMENT_3D('',#15948,#12972,#12973);
#11001=AXIS2_PLACEMENT_3D('',#15949,#12974,#12975);
#11002=AXIS2_PLACEMENT_3D('',#15955,#12979,#12980);
#11003=AXIS2_PLACEMENT_3D('',#15956,#12981,#12982);
#11004=AXIS2_PLACEMENT_3D('',#15957,#12983,#12984);
#11005=AXIS2_PLACEMENT_3D('',#15958,#12985,#12986);
#11006=AXIS2_PLACEMENT_3D('',#15967,#12991,#12992);
#11007=AXIS2_PLACEMENT_3D('',#15968,#12993,#12994);
#11008=AXIS2_PLACEMENT_3D('',#15972,#12996,#12997);
#11009=AXIS2_PLACEMENT_3D('',#15973,#12998,#12999);
#11010=AXIS2_PLACEMENT_3D('',#15979,#13003,#13004);
#11011=AXIS2_PLACEMENT_3D('',#15980,#13005,#13006);
#11012=AXIS2_PLACEMENT_3D('',#15981,#13007,#13008);
#11013=AXIS2_PLACEMENT_3D('',#15982,#13009,#13010);
#11014=AXIS2_PLACEMENT_3D('',#15991,#13015,#13016);
#11015=AXIS2_PLACEMENT_3D('',#15992,#13017,#13018);
#11016=AXIS2_PLACEMENT_3D('',#15996,#13020,#13021);
#11017=AXIS2_PLACEMENT_3D('',#15997,#13022,#13023);
#11018=AXIS2_PLACEMENT_3D('',#16003,#13027,#13028);
#11019=AXIS2_PLACEMENT_3D('',#16004,#13029,#13030);
#11020=AXIS2_PLACEMENT_3D('',#16005,#13031,#13032);
#11021=AXIS2_PLACEMENT_3D('',#16006,#13033,#13034);
#11022=AXIS2_PLACEMENT_3D('',#16015,#13039,#13040);
#11023=AXIS2_PLACEMENT_3D('',#16016,#13041,#13042);
#11024=AXIS2_PLACEMENT_3D('',#16020,#13044,#13045);
#11025=AXIS2_PLACEMENT_3D('',#16021,#13046,#13047);
#11026=AXIS2_PLACEMENT_3D('',#16027,#13051,#13052);
#11027=AXIS2_PLACEMENT_3D('',#16028,#13053,#13054);
#11028=AXIS2_PLACEMENT_3D('',#16029,#13055,#13056);
#11029=AXIS2_PLACEMENT_3D('',#16030,#13057,#13058);
#11030=AXIS2_PLACEMENT_3D('',#16039,#13063,#13064);
#11031=AXIS2_PLACEMENT_3D('',#16040,#13065,#13066);
#11032=AXIS2_PLACEMENT_3D('',#16044,#13068,#13069);
#11033=AXIS2_PLACEMENT_3D('',#16045,#13070,#13071);
#11034=AXIS2_PLACEMENT_3D('',#16051,#13075,#13076);
#11035=AXIS2_PLACEMENT_3D('',#16052,#13077,#13078);
#11036=AXIS2_PLACEMENT_3D('',#16053,#13079,#13080);
#11037=AXIS2_PLACEMENT_3D('',#16054,#13081,#13082);
#11038=AXIS2_PLACEMENT_3D('',#16063,#13087,#13088);
#11039=AXIS2_PLACEMENT_3D('',#16064,#13089,#13090);
#11040=AXIS2_PLACEMENT_3D('',#16068,#13092,#13093);
#11041=AXIS2_PLACEMENT_3D('',#16069,#13094,#13095);
#11042=AXIS2_PLACEMENT_3D('',#16075,#13099,#13100);
#11043=AXIS2_PLACEMENT_3D('',#16076,#13101,#13102);
#11044=AXIS2_PLACEMENT_3D('',#16077,#13103,#13104);
#11045=AXIS2_PLACEMENT_3D('',#16078,#13105,#13106);
#11046=AXIS2_PLACEMENT_3D('',#16087,#13111,#13112);
#11047=AXIS2_PLACEMENT_3D('',#16088,#13113,#13114);
#11048=AXIS2_PLACEMENT_3D('',#16092,#13116,#13117);
#11049=AXIS2_PLACEMENT_3D('',#16093,#13118,#13119);
#11050=AXIS2_PLACEMENT_3D('',#16099,#13123,#13124);
#11051=AXIS2_PLACEMENT_3D('',#16100,#13125,#13126);
#11052=AXIS2_PLACEMENT_3D('',#16101,#13127,#13128);
#11053=AXIS2_PLACEMENT_3D('',#16102,#13129,#13130);
#11054=AXIS2_PLACEMENT_3D('',#16111,#13135,#13136);
#11055=AXIS2_PLACEMENT_3D('',#16112,#13137,#13138);
#11056=AXIS2_PLACEMENT_3D('',#16116,#13140,#13141);
#11057=AXIS2_PLACEMENT_3D('',#16117,#13142,#13143);
#11058=AXIS2_PLACEMENT_3D('',#16123,#13147,#13148);
#11059=AXIS2_PLACEMENT_3D('',#16124,#13149,#13150);
#11060=AXIS2_PLACEMENT_3D('',#16125,#13151,#13152);
#11061=AXIS2_PLACEMENT_3D('',#16126,#13153,#13154);
#11062=AXIS2_PLACEMENT_3D('',#16135,#13159,#13160);
#11063=AXIS2_PLACEMENT_3D('',#16136,#13161,#13162);
#11064=AXIS2_PLACEMENT_3D('',#16140,#13164,#13165);
#11065=AXIS2_PLACEMENT_3D('',#16141,#13166,#13167);
#11066=AXIS2_PLACEMENT_3D('',#16147,#13171,#13172);
#11067=AXIS2_PLACEMENT_3D('',#16148,#13173,#13174);
#11068=AXIS2_PLACEMENT_3D('',#16149,#13175,#13176);
#11069=AXIS2_PLACEMENT_3D('',#16150,#13177,#13178);
#11070=AXIS2_PLACEMENT_3D('',#16159,#13183,#13184);
#11071=AXIS2_PLACEMENT_3D('',#16160,#13185,#13186);
#11072=AXIS2_PLACEMENT_3D('',#16164,#13188,#13189);
#11073=AXIS2_PLACEMENT_3D('',#16165,#13190,#13191);
#11074=AXIS2_PLACEMENT_3D('',#16171,#13195,#13196);
#11075=AXIS2_PLACEMENT_3D('',#16172,#13197,#13198);
#11076=AXIS2_PLACEMENT_3D('',#16173,#13199,#13200);
#11077=AXIS2_PLACEMENT_3D('',#16174,#13201,#13202);
#11078=AXIS2_PLACEMENT_3D('',#16183,#13207,#13208);
#11079=AXIS2_PLACEMENT_3D('',#16184,#13209,#13210);
#11080=AXIS2_PLACEMENT_3D('',#16188,#13212,#13213);
#11081=AXIS2_PLACEMENT_3D('',#16189,#13214,#13215);
#11082=AXIS2_PLACEMENT_3D('',#16195,#13219,#13220);
#11083=AXIS2_PLACEMENT_3D('',#16196,#13221,#13222);
#11084=AXIS2_PLACEMENT_3D('',#16197,#13223,#13224);
#11085=AXIS2_PLACEMENT_3D('',#16198,#13225,#13226);
#11086=AXIS2_PLACEMENT_3D('',#16207,#13231,#13232);
#11087=AXIS2_PLACEMENT_3D('',#16208,#13233,#13234);
#11088=AXIS2_PLACEMENT_3D('',#16212,#13236,#13237);
#11089=AXIS2_PLACEMENT_3D('',#16213,#13238,#13239);
#11090=AXIS2_PLACEMENT_3D('',#16219,#13243,#13244);
#11091=AXIS2_PLACEMENT_3D('',#16220,#13245,#13246);
#11092=AXIS2_PLACEMENT_3D('',#16221,#13247,#13248);
#11093=AXIS2_PLACEMENT_3D('',#16222,#13249,#13250);
#11094=AXIS2_PLACEMENT_3D('',#16231,#13255,#13256);
#11095=AXIS2_PLACEMENT_3D('',#16232,#13257,#13258);
#11096=AXIS2_PLACEMENT_3D('',#16236,#13260,#13261);
#11097=AXIS2_PLACEMENT_3D('',#16237,#13262,#13263);
#11098=AXIS2_PLACEMENT_3D('',#16243,#13267,#13268);
#11099=AXIS2_PLACEMENT_3D('',#16244,#13269,#13270);
#11100=AXIS2_PLACEMENT_3D('',#16245,#13271,#13272);
#11101=AXIS2_PLACEMENT_3D('',#16246,#13273,#13274);
#11102=AXIS2_PLACEMENT_3D('',#16255,#13279,#13280);
#11103=AXIS2_PLACEMENT_3D('',#16256,#13281,#13282);
#11104=AXIS2_PLACEMENT_3D('',#16260,#13284,#13285);
#11105=AXIS2_PLACEMENT_3D('',#16261,#13286,#13287);
#11106=AXIS2_PLACEMENT_3D('',#16267,#13291,#13292);
#11107=AXIS2_PLACEMENT_3D('',#16268,#13293,#13294);
#11108=AXIS2_PLACEMENT_3D('',#16269,#13295,#13296);
#11109=AXIS2_PLACEMENT_3D('',#16270,#13297,#13298);
#11110=AXIS2_PLACEMENT_3D('',#16279,#13303,#13304);
#11111=AXIS2_PLACEMENT_3D('',#16280,#13305,#13306);
#11112=AXIS2_PLACEMENT_3D('',#16284,#13308,#13309);
#11113=AXIS2_PLACEMENT_3D('',#16285,#13310,#13311);
#11114=AXIS2_PLACEMENT_3D('',#16291,#13315,#13316);
#11115=AXIS2_PLACEMENT_3D('',#16292,#13317,#13318);
#11116=AXIS2_PLACEMENT_3D('',#16293,#13319,#13320);
#11117=AXIS2_PLACEMENT_3D('',#16294,#13321,#13322);
#11118=AXIS2_PLACEMENT_3D('',#16303,#13327,#13328);
#11119=AXIS2_PLACEMENT_3D('',#16304,#13329,#13330);
#11120=AXIS2_PLACEMENT_3D('',#16308,#13332,#13333);
#11121=AXIS2_PLACEMENT_3D('',#16309,#13334,#13335);
#11122=AXIS2_PLACEMENT_3D('',#16315,#13339,#13340);
#11123=AXIS2_PLACEMENT_3D('',#16316,#13341,#13342);
#11124=AXIS2_PLACEMENT_3D('',#16317,#13343,#13344);
#11125=AXIS2_PLACEMENT_3D('',#16318,#13345,#13346);
#11126=AXIS2_PLACEMENT_3D('',#16327,#13351,#13352);
#11127=AXIS2_PLACEMENT_3D('',#16328,#13353,#13354);
#11128=AXIS2_PLACEMENT_3D('',#16332,#13356,#13357);
#11129=AXIS2_PLACEMENT_3D('',#16333,#13358,#13359);
#11130=AXIS2_PLACEMENT_3D('',#16339,#13363,#13364);
#11131=AXIS2_PLACEMENT_3D('',#16340,#13365,#13366);
#11132=AXIS2_PLACEMENT_3D('',#16341,#13367,#13368);
#11133=AXIS2_PLACEMENT_3D('',#16342,#13369,#13370);
#11134=AXIS2_PLACEMENT_3D('',#16351,#13375,#13376);
#11135=AXIS2_PLACEMENT_3D('',#16352,#13377,#13378);
#11136=AXIS2_PLACEMENT_3D('',#16356,#13380,#13381);
#11137=AXIS2_PLACEMENT_3D('',#16357,#13382,#13383);
#11138=AXIS2_PLACEMENT_3D('',#16363,#13387,#13388);
#11139=AXIS2_PLACEMENT_3D('',#16364,#13389,#13390);
#11140=AXIS2_PLACEMENT_3D('',#16365,#13391,#13392);
#11141=AXIS2_PLACEMENT_3D('',#16366,#13393,#13394);
#11142=AXIS2_PLACEMENT_3D('',#16375,#13399,#13400);
#11143=AXIS2_PLACEMENT_3D('',#16376,#13401,#13402);
#11144=AXIS2_PLACEMENT_3D('',#16380,#13404,#13405);
#11145=AXIS2_PLACEMENT_3D('',#16381,#13406,#13407);
#11146=AXIS2_PLACEMENT_3D('',#16387,#13411,#13412);
#11147=AXIS2_PLACEMENT_3D('',#16388,#13413,#13414);
#11148=AXIS2_PLACEMENT_3D('',#16389,#13415,#13416);
#11149=AXIS2_PLACEMENT_3D('',#16390,#13417,#13418);
#11150=AXIS2_PLACEMENT_3D('',#16399,#13423,#13424);
#11151=AXIS2_PLACEMENT_3D('',#16400,#13425,#13426);
#11152=AXIS2_PLACEMENT_3D('',#16404,#13428,#13429);
#11153=AXIS2_PLACEMENT_3D('',#16405,#13430,#13431);
#11154=AXIS2_PLACEMENT_3D('',#16411,#13435,#13436);
#11155=AXIS2_PLACEMENT_3D('',#16412,#13437,#13438);
#11156=AXIS2_PLACEMENT_3D('',#16413,#13439,#13440);
#11157=AXIS2_PLACEMENT_3D('',#16414,#13441,#13442);
#11158=AXIS2_PLACEMENT_3D('',#16423,#13447,#13448);
#11159=AXIS2_PLACEMENT_3D('',#16424,#13449,#13450);
#11160=AXIS2_PLACEMENT_3D('',#16428,#13452,#13453);
#11161=AXIS2_PLACEMENT_3D('',#16429,#13454,#13455);
#11162=AXIS2_PLACEMENT_3D('',#16435,#13459,#13460);
#11163=AXIS2_PLACEMENT_3D('',#16436,#13461,#13462);
#11164=AXIS2_PLACEMENT_3D('',#16437,#13463,#13464);
#11165=AXIS2_PLACEMENT_3D('',#16438,#13465,#13466);
#11166=AXIS2_PLACEMENT_3D('',#16447,#13471,#13472);
#11167=AXIS2_PLACEMENT_3D('',#16448,#13473,#13474);
#11168=AXIS2_PLACEMENT_3D('',#16452,#13476,#13477);
#11169=AXIS2_PLACEMENT_3D('',#16453,#13478,#13479);
#11170=AXIS2_PLACEMENT_3D('',#16459,#13483,#13484);
#11171=AXIS2_PLACEMENT_3D('',#16460,#13485,#13486);
#11172=AXIS2_PLACEMENT_3D('',#16461,#13487,#13488);
#11173=AXIS2_PLACEMENT_3D('',#16462,#13489,#13490);
#11174=AXIS2_PLACEMENT_3D('',#16471,#13495,#13496);
#11175=AXIS2_PLACEMENT_3D('',#16472,#13497,#13498);
#11176=AXIS2_PLACEMENT_3D('',#16476,#13500,#13501);
#11177=AXIS2_PLACEMENT_3D('',#16477,#13502,#13503);
#11178=AXIS2_PLACEMENT_3D('',#16483,#13507,#13508);
#11179=AXIS2_PLACEMENT_3D('',#16484,#13509,#13510);
#11180=AXIS2_PLACEMENT_3D('',#16485,#13511,#13512);
#11181=AXIS2_PLACEMENT_3D('',#16486,#13513,#13514);
#11182=AXIS2_PLACEMENT_3D('',#16495,#13519,#13520);
#11183=AXIS2_PLACEMENT_3D('',#16496,#13521,#13522);
#11184=AXIS2_PLACEMENT_3D('',#16500,#13524,#13525);
#11185=AXIS2_PLACEMENT_3D('',#16501,#13526,#13527);
#11186=AXIS2_PLACEMENT_3D('',#16507,#13531,#13532);
#11187=AXIS2_PLACEMENT_3D('',#16508,#13533,#13534);
#11188=AXIS2_PLACEMENT_3D('',#16509,#13535,#13536);
#11189=AXIS2_PLACEMENT_3D('',#16510,#13537,#13538);
#11190=AXIS2_PLACEMENT_3D('',#16519,#13543,#13544);
#11191=AXIS2_PLACEMENT_3D('',#16520,#13545,#13546);
#11192=AXIS2_PLACEMENT_3D('',#16524,#13548,#13549);
#11193=AXIS2_PLACEMENT_3D('',#16525,#13550,#13551);
#11194=AXIS2_PLACEMENT_3D('',#16531,#13555,#13556);
#11195=AXIS2_PLACEMENT_3D('',#16532,#13557,#13558);
#11196=AXIS2_PLACEMENT_3D('',#16533,#13559,#13560);
#11197=AXIS2_PLACEMENT_3D('',#16534,#13561,#13562);
#11198=AXIS2_PLACEMENT_3D('',#16543,#13567,#13568);
#11199=AXIS2_PLACEMENT_3D('',#16544,#13569,#13570);
#11200=AXIS2_PLACEMENT_3D('',#16548,#13572,#13573);
#11201=AXIS2_PLACEMENT_3D('',#16549,#13574,#13575);
#11202=AXIS2_PLACEMENT_3D('',#16555,#13579,#13580);
#11203=AXIS2_PLACEMENT_3D('',#16556,#13581,#13582);
#11204=AXIS2_PLACEMENT_3D('',#16557,#13583,#13584);
#11205=AXIS2_PLACEMENT_3D('',#16558,#13585,#13586);
#11206=AXIS2_PLACEMENT_3D('',#16567,#13591,#13592);
#11207=AXIS2_PLACEMENT_3D('',#16568,#13593,#13594);
#11208=AXIS2_PLACEMENT_3D('',#16572,#13596,#13597);
#11209=AXIS2_PLACEMENT_3D('',#16573,#13598,#13599);
#11210=AXIS2_PLACEMENT_3D('',#16579,#13603,#13604);
#11211=AXIS2_PLACEMENT_3D('',#16580,#13605,#13606);
#11212=AXIS2_PLACEMENT_3D('',#16581,#13607,#13608);
#11213=AXIS2_PLACEMENT_3D('',#16582,#13609,#13610);
#11214=AXIS2_PLACEMENT_3D('',#16591,#13615,#13616);
#11215=AXIS2_PLACEMENT_3D('',#16592,#13617,#13618);
#11216=AXIS2_PLACEMENT_3D('',#16596,#13620,#13621);
#11217=AXIS2_PLACEMENT_3D('',#16597,#13622,#13623);
#11218=AXIS2_PLACEMENT_3D('',#16603,#13627,#13628);
#11219=AXIS2_PLACEMENT_3D('',#16604,#13629,#13630);
#11220=AXIS2_PLACEMENT_3D('',#16605,#13631,#13632);
#11221=AXIS2_PLACEMENT_3D('',#16606,#13633,#13634);
#11222=AXIS2_PLACEMENT_3D('',#16615,#13639,#13640);
#11223=AXIS2_PLACEMENT_3D('',#16616,#13641,#13642);
#11224=AXIS2_PLACEMENT_3D('',#16620,#13644,#13645);
#11225=AXIS2_PLACEMENT_3D('',#16621,#13646,#13647);
#11226=AXIS2_PLACEMENT_3D('',#16627,#13651,#13652);
#11227=AXIS2_PLACEMENT_3D('',#16628,#13653,#13654);
#11228=AXIS2_PLACEMENT_3D('',#16629,#13655,#13656);
#11229=AXIS2_PLACEMENT_3D('',#16630,#13657,#13658);
#11230=AXIS2_PLACEMENT_3D('',#16639,#13663,#13664);
#11231=AXIS2_PLACEMENT_3D('',#16640,#13665,#13666);
#11232=AXIS2_PLACEMENT_3D('',#16644,#13668,#13669);
#11233=AXIS2_PLACEMENT_3D('',#16645,#13670,#13671);
#11234=AXIS2_PLACEMENT_3D('',#16651,#13675,#13676);
#11235=AXIS2_PLACEMENT_3D('',#16652,#13677,#13678);
#11236=AXIS2_PLACEMENT_3D('',#16653,#13679,#13680);
#11237=AXIS2_PLACEMENT_3D('',#16654,#13681,#13682);
#11238=AXIS2_PLACEMENT_3D('',#16663,#13687,#13688);
#11239=AXIS2_PLACEMENT_3D('',#16664,#13689,#13690);
#11240=AXIS2_PLACEMENT_3D('',#16668,#13692,#13693);
#11241=AXIS2_PLACEMENT_3D('',#16669,#13694,#13695);
#11242=AXIS2_PLACEMENT_3D('',#16675,#13699,#13700);
#11243=AXIS2_PLACEMENT_3D('',#16676,#13701,#13702);
#11244=AXIS2_PLACEMENT_3D('',#16677,#13703,#13704);
#11245=AXIS2_PLACEMENT_3D('',#16678,#13705,#13706);
#11246=AXIS2_PLACEMENT_3D('',#16687,#13711,#13712);
#11247=AXIS2_PLACEMENT_3D('',#16688,#13713,#13714);
#11248=AXIS2_PLACEMENT_3D('',#16692,#13716,#13717);
#11249=AXIS2_PLACEMENT_3D('',#16693,#13718,#13719);
#11250=AXIS2_PLACEMENT_3D('',#16699,#13723,#13724);
#11251=AXIS2_PLACEMENT_3D('',#16700,#13725,#13726);
#11252=AXIS2_PLACEMENT_3D('',#16701,#13727,#13728);
#11253=AXIS2_PLACEMENT_3D('',#16702,#13729,#13730);
#11254=AXIS2_PLACEMENT_3D('',#16706,#13732,#13733);
#11255=AXIS2_PLACEMENT_3D('',#16710,#13735,#13736);
#11256=AXIS2_PLACEMENT_3D('',#16711,#13737,#13738);
#11257=AXIS2_PLACEMENT_3D('',#16715,#13740,#13741);
#11258=AXIS2_PLACEMENT_3D('',#16719,#13743,#13744);
#11259=AXIS2_PLACEMENT_3D('',#16720,#13745,#13746);
#11260=AXIS2_PLACEMENT_3D('',#16724,#13748,#13749);
#11261=AXIS2_PLACEMENT_3D('',#16728,#13751,#13752);
#11262=AXIS2_PLACEMENT_3D('',#16729,#13753,#13754);
#11263=AXIS2_PLACEMENT_3D('',#16733,#13756,#13757);
#11264=AXIS2_PLACEMENT_3D('',#16737,#13759,#13760);
#11265=AXIS2_PLACEMENT_3D('',#16738,#13761,#13762);
#11266=AXIS2_PLACEMENT_3D('',#16766,#13776,#13777);
#11267=AXIS2_PLACEMENT_3D('',#16770,#13779,#13780);
#11268=AXIS2_PLACEMENT_3D('',#16774,#13782,#13783);
#11269=AXIS2_PLACEMENT_3D('',#16778,#13785,#13786);
#11270=AXIS2_PLACEMENT_3D('',#16823,#13811,#13812);
#11271=AXIS2_PLACEMENT_3D('',#16851,#13826,#13827);
#11272=AXIS2_PLACEMENT_3D('',#16855,#13829,#13830);
#11273=AXIS2_PLACEMENT_3D('',#16859,#13832,#13833);
#11274=AXIS2_PLACEMENT_3D('',#16863,#13835,#13836);
#11275=AXIS2_PLACEMENT_3D('',#16908,#13861,#13862);
#11276=AXIS2_PLACEMENT_3D('',#16912,#13864,#13865);
#11277=AXIS2_PLACEMENT_3D('',#16916,#13867,#13868);
#11278=AXIS2_PLACEMENT_3D('',#16917,#13869,#13870);
#11279=AXIS2_PLACEMENT_3D('',#16923,#13874,#13875);
#11280=AXIS2_PLACEMENT_3D('',#16924,#13876,#13877);
#11281=AXIS2_PLACEMENT_3D('',#16925,#13878,#13879);
#11282=AXIS2_PLACEMENT_3D('',#16926,#13880,#13881);
#11283=AXIS2_PLACEMENT_3D('',#16927,#13882,#13883);
#11284=AXIS2_PLACEMENT_3D('',#16929,#13884,#13885);
#11285=AXIS2_PLACEMENT_3D('',#16932,#13887,#13888);
#11286=AXIS2_PLACEMENT_3D('',#16935,#13891,#13892);
#11287=AXIS2_PLACEMENT_3D('',#16939,#13894,#13895);
#11288=AXIS2_PLACEMENT_3D('',#16943,#13897,#13898);
#11289=AXIS2_PLACEMENT_3D('',#16944,#13899,#13900);
#11290=AXIS2_PLACEMENT_3D('',#16950,#13904,#13905);
#11291=AXIS2_PLACEMENT_3D('',#16951,#13906,#13907);
#11292=AXIS2_PLACEMENT_3D('',#16952,#13908,#13909);
#11293=AXIS2_PLACEMENT_3D('',#16953,#13910,#13911);
#11294=AXIS2_PLACEMENT_3D('',#16954,#13912,#13913);
#11295=AXIS2_PLACEMENT_3D('',#16956,#13914,#13915);
#11296=AXIS2_PLACEMENT_3D('',#16958,#13916,#13917);
#11297=AXIS2_PLACEMENT_3D('',#16959,#13918,#13919);
#11298=AXIS2_PLACEMENT_3D('',#16960,#13920,#13921);
#11299=AXIS2_PLACEMENT_3D('',#16962,#13922,#13923);
#11300=AXIS2_PLACEMENT_3D('',#16965,#13925,#13926);
#11301=AXIS2_PLACEMENT_3D('',#16968,#13929,#13930);
#11302=AXIS2_PLACEMENT_3D('',#16970,#13932,#13933);
#11303=AXIS2_PLACEMENT_3D('',#16971,#13934,#13935);
#11304=AXIS2_PLACEMENT_3D('',#16973,#13937,#13938);
#11305=AXIS2_PLACEMENT_3D('',#16974,#13939,#13940);
#11306=AXIS2_PLACEMENT_3D('',#16975,#13941,#13942);
#11307=AXIS2_PLACEMENT_3D('',#16978,#13945,#13946);
#11308=AXIS2_PLACEMENT_3D('',#16979,#13947,#13948);
#11309=AXIS2_PLACEMENT_3D('',#16980,#13949,#13950);
#11310=AXIS2_PLACEMENT_3D('',#16981,#13951,#13952);
#11311=AXIS2_PLACEMENT_3D('',#16982,#13953,#13954);
#11312=AXIS2_PLACEMENT_3D('',#16983,#13955,#13956);
#11313=AXIS2_PLACEMENT_3D('',#16984,#13957,#13958);
#11314=AXIS2_PLACEMENT_3D('',#16987,#13961,#13962);
#11315=AXIS2_PLACEMENT_3D('',#16988,#13963,#13964);
#11316=AXIS2_PLACEMENT_3D('',#16990,#13965,#13966);
#11317=AXIS2_PLACEMENT_3D('',#16991,#13967,#13968);
#11318=AXIS2_PLACEMENT_3D('',#16993,#13969,#13970);
#11319=AXIS2_PLACEMENT_3D('',#16996,#13973,#13974);
#11320=AXIS2_PLACEMENT_3D('',#16997,#13975,#13976);
#11321=AXIS2_PLACEMENT_3D('',#16999,#13977,#13978);
#11322=AXIS2_PLACEMENT_3D('',#17000,#13979,#13980);
#11323=AXIS2_PLACEMENT_3D('',#17002,#13981,#13982);
#11324=AXIS2_PLACEMENT_3D('',#17005,#13985,#13986);
#11325=AXIS2_PLACEMENT_3D('',#17006,#13987,#13988);
#11326=AXIS2_PLACEMENT_3D('',#17008,#13989,#13990);
#11327=AXIS2_PLACEMENT_3D('',#17009,#13991,#13992);
#11328=AXIS2_PLACEMENT_3D('',#17011,#13993,#13994);
#11329=AXIS2_PLACEMENT_3D('',#17014,#13997,#13998);
#11330=AXIS2_PLACEMENT_3D('',#17015,#13999,#14000);
#11331=AXIS2_PLACEMENT_3D('',#17017,#14001,#14002);
#11332=AXIS2_PLACEMENT_3D('',#17018,#14003,#14004);
#11333=AXIS2_PLACEMENT_3D('',#17020,#14005,#14006);
#11334=AXIS2_PLACEMENT_3D('',#17021,#14007,#14008);
#11335=AXIS2_PLACEMENT_3D('',#17022,#14009,#14010);
#11336=AXIS2_PLACEMENT_3D('',#17023,#14011,#14012);
#11337=AXIS2_PLACEMENT_3D('',#17024,#14013,#14014);
#11338=AXIS2_PLACEMENT_3D('',#17027,#14017,#14018);
#11339=AXIS2_PLACEMENT_3D('',#17029,#14020,#14021);
#11340=AXIS2_PLACEMENT_3D('',#17031,#14023,#14024);
#11341=AXIS2_PLACEMENT_3D('',#17032,#14025,#14026);
#11342=AXIS2_PLACEMENT_3D('',#17035,#14029,#14030);
#11343=AXIS2_PLACEMENT_3D('',#17037,#14032,#14033);
#11344=AXIS2_PLACEMENT_3D('',#17039,#14035,#14036);
#11345=AXIS2_PLACEMENT_3D('',#17040,#14037,#14038);
#11346=AXIS2_PLACEMENT_3D('',#17043,#14041,#14042);
#11347=AXIS2_PLACEMENT_3D('',#17045,#14044,#14045);
#11348=AXIS2_PLACEMENT_3D('',#17047,#14047,#14048);
#11349=AXIS2_PLACEMENT_3D('',#17049,#14050,#14051);
#11350=AXIS2_PLACEMENT_3D('',#17051,#14053,#14054);
#11351=AXIS2_PLACEMENT_3D('',#17052,#14055,#14056);
#11352=AXIS2_PLACEMENT_3D('',#17055,#14059,#14060);
#11353=AXIS2_PLACEMENT_3D('',#17057,#14062,#14063);
#11354=AXIS2_PLACEMENT_3D('',#17059,#14065,#14066);
#11355=AXIS2_PLACEMENT_3D('',#17061,#14068,#14069);
#11356=AXIS2_PLACEMENT_3D('',#17063,#14071,#14072);
#11357=AXIS2_PLACEMENT_3D('',#17064,#14073,#14074);
#11358=AXIS2_PLACEMENT_3D('',#17065,#14075,#14076);
#11359=AXIS2_PLACEMENT_3D('',#17067,#14077,#14078);
#11360=AXIS2_PLACEMENT_3D('',#17068,#14079,#14080);
#11361=AXIS2_PLACEMENT_3D('',#17069,#14081,#14082);
#11362=AXIS2_PLACEMENT_3D('',#17071,#14083,#14084);
#11363=DIRECTION('',(0.,0.,1.));
#11364=DIRECTION('',(1.,0.,0.));
#11365=DIRECTION('',(-0.88604728797934,-1.46553372035741E-17,-0.463594869972108));
#11366=DIRECTION('',(0.463594869972108,0.,-0.88604728797934));
#11367=DIRECTION('',(0.,1.,-3.16123800171814E-17));
#11368=DIRECTION('',(-0.463594869972108,7.51157299368583E-17,0.88604728797934));
#11369=DIRECTION('',(0.,1.,-3.16123800171814E-17));
#11370=DIRECTION('',(-0.463594869972108,-2.80100635807959E-17,0.886047287979341));
#11371=DIRECTION('',(-0.844508578449661,1.69297580207994E-17,0.535542025358359));
#11372=DIRECTION('',(-0.535542025358359,0.,-0.844508578449661));
#11373=DIRECTION('',(0.535542025358359,0.,0.844508578449661));
#11374=DIRECTION('',(0.,1.,-3.16123800171814E-17));
#11375=DIRECTION('',(0.535542025358359,-2.66969261097203E-17,0.844508578449661));
#11376=DIRECTION('',(0.041538709529678,3.15850952243736E-17,0.999136895330469));
#11377=DIRECTION('',(-0.999136895330469,0.,0.041538709529678));
#11378=DIRECTION('',(0.999136895330469,0.,-0.041538709529678));
#11379=DIRECTION('',(0.,1.,-3.16123800171814E-17));
#11380=DIRECTION('',(0.999136895330469,1.3131374710755E-18,-0.041538709529678));
#11381=DIRECTION('',(0.886047287979339,1.46553372035742E-17,0.463594869972112));
#11382=DIRECTION('',(-0.463594869972112,0.,0.886047287979339));
#11383=DIRECTION('',(0.463594869972112,0.,-0.886047287979339));
#11384=DIRECTION('',(0.,1.,-3.16123800171814E-17));
#11385=DIRECTION('',(0.463594869972112,2.80100635807958E-17,-0.886047287979339));
#11386=DIRECTION('',(0.844508578449661,-1.69297580207994E-17,-0.535542025358359));
#11387=DIRECTION('',(0.535542025358359,0.,0.844508578449661));
#11388=DIRECTION('',(-0.535542025358359,-7.51157299368578E-17,-0.844508578449661));
#11389=DIRECTION('',(0.,1.,-3.16123800171814E-17));
#11390=DIRECTION('',(-0.535542025358359,2.66969261097203E-17,-0.844508578449661));
#11391=DIRECTION('',(-0.0415387095296778,-3.15850952243736E-17,-0.999136895330469));
#11392=DIRECTION('',(0.999136895330469,0.,-0.0415387095296778));
#11393=DIRECTION('',(-0.999136895330469,0.,0.0415387095296778));
#11394=DIRECTION('',(-0.999136895330469,-1.31313747107549E-18,0.0415387095296778));
#11395=DIRECTION('',(-0.88604728797934,-1.46553372035741E-17,-0.463594869972108));
#11396=DIRECTION('',(0.463594869972108,0.,-0.88604728797934));
#11397=DIRECTION('',(0.,1.,-3.16123800171814E-17));
#11398=DIRECTION('',(-0.463594869972108,7.51157299368583E-17,0.88604728797934));
#11399=DIRECTION('',(0.,1.,-3.16123800171814E-17));
#11400=DIRECTION('',(-0.463594869972108,-2.80100635807959E-17,0.886047287979341));
#11401=DIRECTION('',(-0.844508578449661,1.69297580207994E-17,0.535542025358359));
#11402=DIRECTION('',(-0.535542025358359,0.,-0.844508578449661));
#11403=DIRECTION('',(0.535542025358359,0.,0.844508578449661));
#11404=DIRECTION('',(0.,1.,-3.16123800171814E-17));
#11405=DIRECTION('',(0.535542025358359,-2.66969261097203E-17,0.844508578449661));
#11406=DIRECTION('',(0.041538709529678,3.15850952243736E-17,0.999136895330469));
#11407=DIRECTION('',(-0.999136895330469,0.,0.041538709529678));
#11408=DIRECTION('',(0.999136895330469,0.,-0.041538709529678));
#11409=DIRECTION('',(0.,1.,-3.16123800171814E-17));
#11410=DIRECTION('',(0.999136895330469,1.3131374710755E-18,-0.041538709529678));
#11411=DIRECTION('',(0.886047287979339,1.46553372035742E-17,0.463594869972112));
#11412=DIRECTION('',(-0.463594869972112,0.,0.886047287979339));
#11413=DIRECTION('',(0.463594869972112,0.,-0.886047287979339));
#11414=DIRECTION('',(0.,1.,-3.16123800171814E-17));
#11415=DIRECTION('',(0.463594869972112,2.80100635807958E-17,-0.886047287979339));
#11416=DIRECTION('',(0.844508578449661,-1.69297580207994E-17,-0.535542025358359));
#11417=DIRECTION('',(0.535542025358359,0.,0.844508578449661));
#11418=DIRECTION('',(-0.535542025358359,-7.51157299368578E-17,-0.844508578449661));
#11419=DIRECTION('',(0.,1.,-3.16123800171814E-17));
#11420=DIRECTION('',(-0.535542025358359,2.66969261097203E-17,-0.844508578449661));
#11421=DIRECTION('',(-0.0415387095296778,-3.15850952243736E-17,-0.999136895330469));
#11422=DIRECTION('',(0.999136895330469,0.,-0.0415387095296778));
#11423=DIRECTION('',(-0.999136895330469,0.,0.0415387095296778));
#11424=DIRECTION('',(-0.999136895330469,-1.31313747107549E-18,0.0415387095296778));
#11425=DIRECTION('',(-0.88604728797934,-1.46553372035741E-17,-0.463594869972108));
#11426=DIRECTION('',(0.463594869972108,0.,-0.88604728797934));
#11427=DIRECTION('',(0.,1.,-3.16123800171814E-17));
#11428=DIRECTION('',(-0.463594869972108,7.51157299368583E-17,0.88604728797934));
#11429=DIRECTION('',(0.,1.,-3.16123800171814E-17));
#11430=DIRECTION('',(-0.463594869972108,-2.80100635807959E-17,0.886047287979341));
#11431=DIRECTION('',(-0.844508578449661,1.69297580207994E-17,0.535542025358359));
#11432=DIRECTION('',(-0.535542025358359,0.,-0.844508578449661));
#11433=DIRECTION('',(0.535542025358359,0.,0.844508578449661));
#11434=DIRECTION('',(0.,1.,-3.16123800171814E-17));
#11435=DIRECTION('',(0.535542025358359,-2.66969261097203E-17,0.844508578449661));
#11436=DIRECTION('',(0.041538709529678,3.15850952243736E-17,0.999136895330469));
#11437=DIRECTION('',(-0.999136895330469,0.,0.041538709529678));
#11438=DIRECTION('',(0.999136895330469,0.,-0.041538709529678));
#11439=DIRECTION('',(0.,1.,-3.16123800171814E-17));
#11440=DIRECTION('',(0.999136895330469,1.3131374710755E-18,-0.041538709529678));
#11441=DIRECTION('',(0.886047287979339,1.46553372035742E-17,0.463594869972112));
#11442=DIRECTION('',(-0.463594869972112,0.,0.886047287979339));
#11443=DIRECTION('',(0.463594869972112,0.,-0.886047287979339));
#11444=DIRECTION('',(0.,1.,-3.16123800171814E-17));
#11445=DIRECTION('',(0.463594869972112,2.80100635807958E-17,-0.886047287979339));
#11446=DIRECTION('',(0.844508578449661,-1.69297580207994E-17,-0.535542025358359));
#11447=DIRECTION('',(0.535542025358359,0.,0.844508578449661));
#11448=DIRECTION('',(-0.535542025358359,-7.51157299368578E-17,-0.844508578449661));
#11449=DIRECTION('',(0.,1.,-3.16123800171814E-17));
#11450=DIRECTION('',(-0.535542025358359,2.66969261097203E-17,-0.844508578449661));
#11451=DIRECTION('',(-0.0415387095296778,-3.15850952243736E-17,-0.999136895330469));
#11452=DIRECTION('',(0.999136895330469,0.,-0.0415387095296778));
#11453=DIRECTION('',(-0.999136895330469,0.,0.0415387095296778));
#11454=DIRECTION('',(-0.999136895330469,-1.31313747107549E-18,0.0415387095296778));
#11455=DIRECTION('',(-0.88604728797934,-1.46553372035741E-17,-0.463594869972108));
#11456=DIRECTION('',(0.463594869972108,0.,-0.88604728797934));
#11457=DIRECTION('',(0.,1.,-3.16123800171814E-17));
#11458=DIRECTION('',(-0.463594869972108,7.51157299368583E-17,0.88604728797934));
#11459=DIRECTION('',(0.,1.,-3.16123800171814E-17));
#11460=DIRECTION('',(-0.463594869972108,-2.80100635807959E-17,0.886047287979341));
#11461=DIRECTION('',(-0.844508578449661,1.69297580207994E-17,0.535542025358359));
#11462=DIRECTION('',(-0.535542025358359,0.,-0.844508578449661));
#11463=DIRECTION('',(0.535542025358359,0.,0.844508578449661));
#11464=DIRECTION('',(0.,1.,-3.16123800171814E-17));
#11465=DIRECTION('',(0.535542025358359,-2.66969261097203E-17,0.844508578449661));
#11466=DIRECTION('',(0.041538709529678,3.15850952243736E-17,0.999136895330469));
#11467=DIRECTION('',(-0.999136895330469,0.,0.041538709529678));
#11468=DIRECTION('',(0.999136895330469,0.,-0.041538709529678));
#11469=DIRECTION('',(0.,1.,-3.16123800171814E-17));
#11470=DIRECTION('',(0.999136895330469,1.3131374710755E-18,-0.041538709529678));
#11471=DIRECTION('',(0.886047287979339,1.46553372035742E-17,0.463594869972112));
#11472=DIRECTION('',(-0.463594869972112,0.,0.886047287979339));
#11473=DIRECTION('',(0.463594869972112,0.,-0.886047287979339));
#11474=DIRECTION('',(0.,1.,-3.16123800171814E-17));
#11475=DIRECTION('',(0.463594869972112,2.80100635807958E-17,-0.886047287979339));
#11476=DIRECTION('',(0.844508578449661,-1.69297580207994E-17,-0.535542025358359));
#11477=DIRECTION('',(0.535542025358359,0.,0.844508578449661));
#11478=DIRECTION('',(-0.535542025358359,-7.51157299368578E-17,-0.844508578449661));
#11479=DIRECTION('',(0.,1.,-3.16123800171814E-17));
#11480=DIRECTION('',(-0.535542025358359,2.66969261097203E-17,-0.844508578449661));
#11481=DIRECTION('',(-0.0415387095296778,-3.15850952243736E-17,-0.999136895330469));
#11482=DIRECTION('',(0.999136895330469,0.,-0.0415387095296778));
#11483=DIRECTION('',(-0.999136895330469,0.,0.0415387095296778));
#11484=DIRECTION('',(-0.999136895330469,-1.31313747107549E-18,0.0415387095296778));
#11485=DIRECTION('',(-0.88604728797934,-1.46553372035741E-17,-0.463594869972108));
#11486=DIRECTION('',(0.463594869972108,0.,-0.88604728797934));
#11487=DIRECTION('',(0.,1.,-3.16123800171814E-17));
#11488=DIRECTION('',(-0.463594869972108,7.51157299368583E-17,0.88604728797934));
#11489=DIRECTION('',(0.,1.,-3.16123800171814E-17));
#11490=DIRECTION('',(-0.463594869972108,-2.80100635807959E-17,0.886047287979341));
#11491=DIRECTION('',(-0.844508578449661,1.69297580207994E-17,0.535542025358359));
#11492=DIRECTION('',(-0.535542025358359,0.,-0.844508578449661));
#11493=DIRECTION('',(0.535542025358359,0.,0.844508578449661));
#11494=DIRECTION('',(0.,1.,-3.16123800171814E-17));
#11495=DIRECTION('',(0.535542025358359,-2.66969261097203E-17,0.844508578449661));
#11496=DIRECTION('',(0.041538709529678,3.15850952243736E-17,0.999136895330469));
#11497=DIRECTION('',(-0.999136895330469,0.,0.041538709529678));
#11498=DIRECTION('',(0.999136895330469,0.,-0.041538709529678));
#11499=DIRECTION('',(0.,1.,-3.16123800171814E-17));
#11500=DIRECTION('',(0.999136895330469,1.3131374710755E-18,-0.041538709529678));
#11501=DIRECTION('',(0.886047287979339,1.46553372035742E-17,0.463594869972112));
#11502=DIRECTION('',(-0.463594869972112,0.,0.886047287979339));
#11503=DIRECTION('',(0.463594869972112,0.,-0.886047287979339));
#11504=DIRECTION('',(0.,1.,-3.16123800171814E-17));
#11505=DIRECTION('',(0.463594869972112,2.80100635807958E-17,-0.886047287979339));
#11506=DIRECTION('',(0.844508578449661,-1.69297580207994E-17,-0.535542025358359));
#11507=DIRECTION('',(0.535542025358359,0.,0.844508578449661));
#11508=DIRECTION('',(-0.535542025358359,-7.51157299368578E-17,-0.844508578449661));
#11509=DIRECTION('',(0.,1.,-3.16123800171814E-17));
#11510=DIRECTION('',(-0.535542025358359,2.66969261097203E-17,-0.844508578449661));
#11511=DIRECTION('',(-0.0415387095296778,-3.15850952243736E-17,-0.999136895330469));
#11512=DIRECTION('',(0.999136895330469,0.,-0.0415387095296778));
#11513=DIRECTION('',(-0.999136895330469,0.,0.0415387095296778));
#11514=DIRECTION('',(-0.999136895330469,-1.31313747107549E-18,0.0415387095296778));
#11515=DIRECTION('',(-0.88604728797934,-1.46553372035741E-17,-0.463594869972108));
#11516=DIRECTION('',(0.463594869972108,0.,-0.88604728797934));
#11517=DIRECTION('',(0.,1.,-3.16123800171814E-17));
#11518=DIRECTION('',(-0.463594869972108,7.51157299368583E-17,0.88604728797934));
#11519=DIRECTION('',(0.,1.,-3.16123800171814E-17));
#11520=DIRECTION('',(-0.463594869972108,-2.80100635807959E-17,0.886047287979341));
#11521=DIRECTION('',(-0.844508578449661,1.69297580207994E-17,0.535542025358359));
#11522=DIRECTION('',(-0.535542025358359,0.,-0.844508578449661));
#11523=DIRECTION('',(0.535542025358359,0.,0.844508578449661));
#11524=DIRECTION('',(0.,1.,-3.16123800171814E-17));
#11525=DIRECTION('',(0.535542025358359,-2.66969261097203E-17,0.844508578449661));
#11526=DIRECTION('',(0.041538709529678,3.15850952243736E-17,0.999136895330469));
#11527=DIRECTION('',(-0.999136895330469,0.,0.041538709529678));
#11528=DIRECTION('',(0.999136895330469,0.,-0.041538709529678));
#11529=DIRECTION('',(0.,1.,-3.16123800171814E-17));
#11530=DIRECTION('',(0.999136895330469,1.3131374710755E-18,-0.041538709529678));
#11531=DIRECTION('',(0.886047287979339,1.46553372035742E-17,0.463594869972112));
#11532=DIRECTION('',(-0.463594869972112,0.,0.886047287979339));
#11533=DIRECTION('',(0.463594869972112,0.,-0.886047287979339));
#11534=DIRECTION('',(0.,1.,-3.16123800171814E-17));
#11535=DIRECTION('',(0.463594869972112,2.80100635807958E-17,-0.886047287979339));
#11536=DIRECTION('',(0.844508578449661,-1.69297580207994E-17,-0.535542025358359));
#11537=DIRECTION('',(0.535542025358359,0.,0.844508578449661));
#11538=DIRECTION('',(-0.535542025358359,-7.51157299368578E-17,-0.844508578449661));
#11539=DIRECTION('',(0.,1.,-3.16123800171814E-17));
#11540=DIRECTION('',(-0.535542025358359,2.66969261097203E-17,-0.844508578449661));
#11541=DIRECTION('',(-0.0415387095296778,-3.15850952243736E-17,-0.999136895330469));
#11542=DIRECTION('',(0.999136895330469,0.,-0.0415387095296778));
#11543=DIRECTION('',(-0.999136895330469,0.,0.0415387095296778));
#11544=DIRECTION('',(-0.999136895330469,-1.31313747107549E-18,0.0415387095296778));
#11545=DIRECTION('',(-0.88604728797934,-1.46553372035741E-17,-0.463594869972108));
#11546=DIRECTION('',(0.463594869972108,0.,-0.88604728797934));
#11547=DIRECTION('',(0.,1.,-3.16123800171814E-17));
#11548=DIRECTION('',(-0.463594869972108,7.51157299368583E-17,0.88604728797934));
#11549=DIRECTION('',(0.,1.,-3.16123800171814E-17));
#11550=DIRECTION('',(-0.463594869972108,-2.80100635807959E-17,0.886047287979341));
#11551=DIRECTION('',(-0.844508578449661,1.69297580207994E-17,0.535542025358359));
#11552=DIRECTION('',(-0.535542025358359,0.,-0.844508578449661));
#11553=DIRECTION('',(0.535542025358359,0.,0.844508578449661));
#11554=DIRECTION('',(0.,1.,-3.16123800171814E-17));
#11555=DIRECTION('',(0.535542025358359,-2.66969261097203E-17,0.844508578449661));
#11556=DIRECTION('',(0.041538709529678,3.15850952243736E-17,0.999136895330469));
#11557=DIRECTION('',(-0.999136895330469,0.,0.041538709529678));
#11558=DIRECTION('',(0.999136895330469,0.,-0.041538709529678));
#11559=DIRECTION('',(0.,1.,-3.16123800171814E-17));
#11560=DIRECTION('',(0.999136895330469,1.3131374710755E-18,-0.041538709529678));
#11561=DIRECTION('',(0.886047287979339,1.46553372035742E-17,0.463594869972112));
#11562=DIRECTION('',(-0.463594869972112,0.,0.886047287979339));
#11563=DIRECTION('',(0.463594869972112,0.,-0.886047287979339));
#11564=DIRECTION('',(0.,1.,-3.16123800171814E-17));
#11565=DIRECTION('',(0.463594869972112,2.80100635807958E-17,-0.886047287979339));
#11566=DIRECTION('',(0.844508578449661,-1.69297580207994E-17,-0.535542025358359));
#11567=DIRECTION('',(0.535542025358359,0.,0.844508578449661));
#11568=DIRECTION('',(-0.535542025358359,-7.51157299368578E-17,-0.844508578449661));
#11569=DIRECTION('',(0.,1.,-3.16123800171814E-17));
#11570=DIRECTION('',(-0.535542025358359,2.66969261097203E-17,-0.844508578449661));
#11571=DIRECTION('',(-0.0415387095296778,-3.15850952243736E-17,-0.999136895330469));
#11572=DIRECTION('',(0.999136895330469,0.,-0.0415387095296778));
#11573=DIRECTION('',(-0.999136895330469,0.,0.0415387095296778));
#11574=DIRECTION('',(-0.999136895330469,-1.31313747107549E-18,0.0415387095296778));
#11575=DIRECTION('',(-0.88604728797934,-1.46553372035741E-17,-0.463594869972108));
#11576=DIRECTION('',(0.463594869972108,0.,-0.88604728797934));
#11577=DIRECTION('',(0.,1.,-3.16123800171814E-17));
#11578=DIRECTION('',(-0.463594869972108,7.51157299368583E-17,0.88604728797934));
#11579=DIRECTION('',(0.,1.,-3.16123800171814E-17));
#11580=DIRECTION('',(-0.463594869972108,-2.80100635807959E-17,0.886047287979341));
#11581=DIRECTION('',(-0.844508578449661,1.69297580207994E-17,0.535542025358359));
#11582=DIRECTION('',(-0.535542025358359,0.,-0.844508578449661));
#11583=DIRECTION('',(0.535542025358359,0.,0.844508578449661));
#11584=DIRECTION('',(0.,1.,-3.16123800171814E-17));
#11585=DIRECTION('',(0.535542025358359,-2.66969261097203E-17,0.844508578449661));
#11586=DIRECTION('',(0.041538709529678,3.15850952243736E-17,0.999136895330469));
#11587=DIRECTION('',(-0.999136895330469,0.,0.041538709529678));
#11588=DIRECTION('',(0.999136895330469,0.,-0.041538709529678));
#11589=DIRECTION('',(0.,1.,-3.16123800171814E-17));
#11590=DIRECTION('',(0.999136895330469,1.3131374710755E-18,-0.041538709529678));
#11591=DIRECTION('',(0.886047287979339,1.46553372035742E-17,0.463594869972112));
#11592=DIRECTION('',(-0.463594869972112,0.,0.886047287979339));
#11593=DIRECTION('',(0.463594869972112,0.,-0.886047287979339));
#11594=DIRECTION('',(0.,1.,-3.16123800171814E-17));
#11595=DIRECTION('',(0.463594869972112,2.80100635807958E-17,-0.886047287979339));
#11596=DIRECTION('',(0.844508578449661,-1.69297580207994E-17,-0.535542025358359));
#11597=DIRECTION('',(0.535542025358359,0.,0.844508578449661));
#11598=DIRECTION('',(-0.535542025358359,-7.51157299368578E-17,-0.844508578449661));
#11599=DIRECTION('',(0.,1.,-3.16123800171814E-17));
#11600=DIRECTION('',(-0.535542025358359,2.66969261097203E-17,-0.844508578449661));
#11601=DIRECTION('',(-0.0415387095296778,-3.15850952243736E-17,-0.999136895330469));
#11602=DIRECTION('',(0.999136895330469,0.,-0.0415387095296778));
#11603=DIRECTION('',(-0.999136895330469,0.,0.0415387095296778));
#11604=DIRECTION('',(-0.999136895330469,-1.31313747107549E-18,0.0415387095296778));
#11605=DIRECTION('',(-0.88604728797934,-1.46553372035741E-17,-0.463594869972108));
#11606=DIRECTION('',(0.463594869972108,0.,-0.88604728797934));
#11607=DIRECTION('',(0.,1.,-3.16123800171814E-17));
#11608=DIRECTION('',(-0.463594869972108,7.51157299368583E-17,0.88604728797934));
#11609=DIRECTION('',(0.,1.,-3.16123800171814E-17));
#11610=DIRECTION('',(-0.463594869972108,-2.80100635807959E-17,0.886047287979341));
#11611=DIRECTION('',(-0.844508578449661,1.69297580207994E-17,0.535542025358359));
#11612=DIRECTION('',(-0.535542025358359,0.,-0.844508578449661));
#11613=DIRECTION('',(0.535542025358359,0.,0.844508578449661));
#11614=DIRECTION('',(0.,1.,-3.16123800171814E-17));
#11615=DIRECTION('',(0.535542025358359,-2.66969261097203E-17,0.844508578449661));
#11616=DIRECTION('',(0.041538709529678,3.15850952243736E-17,0.999136895330469));
#11617=DIRECTION('',(-0.999136895330469,0.,0.041538709529678));
#11618=DIRECTION('',(0.999136895330469,0.,-0.041538709529678));
#11619=DIRECTION('',(0.,1.,-3.16123800171814E-17));
#11620=DIRECTION('',(0.999136895330469,1.3131374710755E-18,-0.041538709529678));
#11621=DIRECTION('',(0.886047287979339,1.46553372035742E-17,0.463594869972112));
#11622=DIRECTION('',(-0.463594869972112,0.,0.886047287979339));
#11623=DIRECTION('',(0.463594869972112,0.,-0.886047287979339));
#11624=DIRECTION('',(0.,1.,-3.16123800171814E-17));
#11625=DIRECTION('',(0.463594869972112,2.80100635807958E-17,-0.886047287979339));
#11626=DIRECTION('',(0.844508578449661,-1.69297580207994E-17,-0.535542025358359));
#11627=DIRECTION('',(0.535542025358359,0.,0.844508578449661));
#11628=DIRECTION('',(-0.535542025358359,-7.51157299368578E-17,-0.844508578449661));
#11629=DIRECTION('',(0.,1.,-3.16123800171814E-17));
#11630=DIRECTION('',(-0.535542025358359,2.66969261097203E-17,-0.844508578449661));
#11631=DIRECTION('',(-0.0415387095296778,-3.15850952243736E-17,-0.999136895330469));
#11632=DIRECTION('',(0.999136895330469,0.,-0.0415387095296778));
#11633=DIRECTION('',(-0.999136895330469,0.,0.0415387095296778));
#11634=DIRECTION('',(-0.999136895330469,-1.31313747107549E-18,0.0415387095296778));
#11635=DIRECTION('',(-0.88604728797934,-1.46553372035741E-17,-0.463594869972108));
#11636=DIRECTION('',(0.463594869972108,0.,-0.88604728797934));
#11637=DIRECTION('',(0.,1.,-3.16123800171814E-17));
#11638=DIRECTION('',(-0.463594869972108,7.51157299368583E-17,0.88604728797934));
#11639=DIRECTION('',(0.,1.,-3.16123800171814E-17));
#11640=DIRECTION('',(-0.463594869972108,-2.80100635807959E-17,0.886047287979341));
#11641=DIRECTION('',(-0.844508578449661,1.69297580207994E-17,0.535542025358359));
#11642=DIRECTION('',(-0.535542025358359,0.,-0.844508578449661));
#11643=DIRECTION('',(0.535542025358359,0.,0.844508578449661));
#11644=DIRECTION('',(0.,1.,-3.16123800171814E-17));
#11645=DIRECTION('',(0.535542025358359,-2.66969261097203E-17,0.844508578449661));
#11646=DIRECTION('',(0.041538709529678,3.15850952243736E-17,0.999136895330469));
#11647=DIRECTION('',(-0.999136895330469,0.,0.041538709529678));
#11648=DIRECTION('',(0.999136895330469,0.,-0.041538709529678));
#11649=DIRECTION('',(0.,1.,-3.16123800171814E-17));
#11650=DIRECTION('',(0.999136895330469,1.3131374710755E-18,-0.041538709529678));
#11651=DIRECTION('',(0.886047287979339,1.46553372035742E-17,0.463594869972112));
#11652=DIRECTION('',(-0.463594869972112,0.,0.886047287979339));
#11653=DIRECTION('',(0.463594869972112,0.,-0.886047287979339));
#11654=DIRECTION('',(0.,1.,-3.16123800171814E-17));
#11655=DIRECTION('',(0.463594869972112,2.80100635807958E-17,-0.886047287979339));
#11656=DIRECTION('',(0.844508578449661,-1.69297580207994E-17,-0.535542025358359));
#11657=DIRECTION('',(0.535542025358359,0.,0.844508578449661));
#11658=DIRECTION('',(-0.535542025358359,-7.51157299368578E-17,-0.844508578449661));
#11659=DIRECTION('',(0.,1.,-3.16123800171814E-17));
#11660=DIRECTION('',(-0.535542025358359,2.66969261097203E-17,-0.844508578449661));
#11661=DIRECTION('',(-0.0415387095296778,-3.15850952243736E-17,-0.999136895330469));
#11662=DIRECTION('',(0.999136895330469,0.,-0.0415387095296778));
#11663=DIRECTION('',(-0.999136895330469,0.,0.0415387095296778));
#11664=DIRECTION('',(-0.999136895330469,-1.31313747107549E-18,0.0415387095296778));
#11665=DIRECTION('',(-0.88604728797934,-1.46553372035741E-17,-0.463594869972108));
#11666=DIRECTION('',(0.463594869972108,0.,-0.88604728797934));
#11667=DIRECTION('',(0.,1.,-3.16123800171814E-17));
#11668=DIRECTION('',(-0.463594869972108,7.51157299368583E-17,0.88604728797934));
#11669=DIRECTION('',(0.,1.,-3.16123800171814E-17));
#11670=DIRECTION('',(-0.463594869972108,-2.80100635807959E-17,0.886047287979341));
#11671=DIRECTION('',(-0.844508578449661,1.69297580207994E-17,0.535542025358359));
#11672=DIRECTION('',(-0.535542025358359,0.,-0.844508578449661));
#11673=DIRECTION('',(0.535542025358359,0.,0.844508578449661));
#11674=DIRECTION('',(0.,1.,-3.16123800171814E-17));
#11675=DIRECTION('',(0.535542025358359,-2.66969261097203E-17,0.844508578449661));
#11676=DIRECTION('',(0.041538709529678,3.15850952243736E-17,0.999136895330469));
#11677=DIRECTION('',(-0.999136895330469,0.,0.041538709529678));
#11678=DIRECTION('',(0.999136895330469,0.,-0.041538709529678));
#11679=DIRECTION('',(0.,1.,-3.16123800171814E-17));
#11680=DIRECTION('',(0.999136895330469,1.3131374710755E-18,-0.041538709529678));
#11681=DIRECTION('',(0.886047287979339,1.46553372035742E-17,0.463594869972112));
#11682=DIRECTION('',(-0.463594869972112,0.,0.886047287979339));
#11683=DIRECTION('',(0.463594869972112,0.,-0.886047287979339));
#11684=DIRECTION('',(0.,1.,-3.16123800171814E-17));
#11685=DIRECTION('',(0.463594869972112,2.80100635807958E-17,-0.886047287979339));
#11686=DIRECTION('',(0.844508578449661,-1.69297580207994E-17,-0.535542025358359));
#11687=DIRECTION('',(0.535542025358359,0.,0.844508578449661));
#11688=DIRECTION('',(-0.535542025358359,-7.51157299368578E-17,-0.844508578449661));
#11689=DIRECTION('',(0.,1.,-3.16123800171814E-17));
#11690=DIRECTION('',(-0.535542025358359,2.66969261097203E-17,-0.844508578449661));
#11691=DIRECTION('',(-0.0415387095296778,-3.15850952243736E-17,-0.999136895330469));
#11692=DIRECTION('',(0.999136895330469,0.,-0.0415387095296778));
#11693=DIRECTION('',(-0.999136895330469,0.,0.0415387095296778));
#11694=DIRECTION('',(-0.999136895330469,-1.31313747107549E-18,0.0415387095296778));
#11695=DIRECTION('',(-0.88604728797934,-1.46553372035741E-17,-0.463594869972108));
#11696=DIRECTION('',(0.463594869972108,0.,-0.88604728797934));
#11697=DIRECTION('',(0.,1.,-3.16123800171814E-17));
#11698=DIRECTION('',(-0.463594869972108,7.51157299368583E-17,0.88604728797934));
#11699=DIRECTION('',(0.,1.,-3.16123800171814E-17));
#11700=DIRECTION('',(-0.463594869972108,-2.80100635807959E-17,0.886047287979341));
#11701=DIRECTION('',(-0.844508578449661,1.69297580207994E-17,0.535542025358359));
#11702=DIRECTION('',(-0.535542025358359,0.,-0.844508578449661));
#11703=DIRECTION('',(0.535542025358359,0.,0.844508578449661));
#11704=DIRECTION('',(0.,1.,-3.16123800171814E-17));
#11705=DIRECTION('',(0.535542025358359,-2.66969261097203E-17,0.844508578449661));
#11706=DIRECTION('',(0.041538709529678,3.15850952243736E-17,0.999136895330469));
#11707=DIRECTION('',(-0.999136895330469,0.,0.041538709529678));
#11708=DIRECTION('',(0.999136895330469,0.,-0.041538709529678));
#11709=DIRECTION('',(0.,1.,-3.16123800171814E-17));
#11710=DIRECTION('',(0.999136895330469,1.3131374710755E-18,-0.041538709529678));
#11711=DIRECTION('',(0.886047287979339,1.46553372035742E-17,0.463594869972112));
#11712=DIRECTION('',(-0.463594869972112,0.,0.886047287979339));
#11713=DIRECTION('',(0.463594869972112,0.,-0.886047287979339));
#11714=DIRECTION('',(0.,1.,-3.16123800171814E-17));
#11715=DIRECTION('',(0.463594869972112,2.80100635807958E-17,-0.886047287979339));
#11716=DIRECTION('',(0.844508578449661,-1.69297580207994E-17,-0.535542025358359));
#11717=DIRECTION('',(0.535542025358359,0.,0.844508578449661));
#11718=DIRECTION('',(-0.535542025358359,-7.51157299368578E-17,-0.844508578449661));
#11719=DIRECTION('',(0.,1.,-3.16123800171814E-17));
#11720=DIRECTION('',(-0.535542025358359,2.66969261097203E-17,-0.844508578449661));
#11721=DIRECTION('',(-0.0415387095296778,-3.15850952243736E-17,-0.999136895330469));
#11722=DIRECTION('',(0.999136895330469,0.,-0.0415387095296778));
#11723=DIRECTION('',(-0.999136895330469,0.,0.0415387095296778));
#11724=DIRECTION('',(-0.999136895330469,-1.31313747107549E-18,0.0415387095296778));
#11725=DIRECTION('',(-0.88604728797934,-1.46553372035741E-17,-0.463594869972108));
#11726=DIRECTION('',(0.463594869972108,0.,-0.88604728797934));
#11727=DIRECTION('',(0.,1.,-3.16123800171814E-17));
#11728=DIRECTION('',(-0.463594869972108,7.51157299368583E-17,0.88604728797934));
#11729=DIRECTION('',(0.,1.,-3.16123800171814E-17));
#11730=DIRECTION('',(-0.463594869972108,-2.80100635807959E-17,0.886047287979341));
#11731=DIRECTION('',(-0.844508578449661,1.69297580207994E-17,0.535542025358359));
#11732=DIRECTION('',(-0.535542025358359,0.,-0.844508578449661));
#11733=DIRECTION('',(0.535542025358359,0.,0.844508578449661));
#11734=DIRECTION('',(0.,1.,-3.16123800171814E-17));
#11735=DIRECTION('',(0.535542025358359,-2.66969261097203E-17,0.844508578449661));
#11736=DIRECTION('',(0.041538709529678,3.15850952243736E-17,0.999136895330469));
#11737=DIRECTION('',(-0.999136895330469,0.,0.041538709529678));
#11738=DIRECTION('',(0.999136895330469,0.,-0.041538709529678));
#11739=DIRECTION('',(0.,1.,-3.16123800171814E-17));
#11740=DIRECTION('',(0.999136895330469,1.3131374710755E-18,-0.041538709529678));
#11741=DIRECTION('',(0.886047287979339,1.46553372035742E-17,0.463594869972112));
#11742=DIRECTION('',(-0.463594869972112,0.,0.886047287979339));
#11743=DIRECTION('',(0.463594869972112,0.,-0.886047287979339));
#11744=DIRECTION('',(0.,1.,-3.16123800171814E-17));
#11745=DIRECTION('',(0.463594869972112,2.80100635807958E-17,-0.886047287979339));
#11746=DIRECTION('',(0.844508578449661,-1.69297580207994E-17,-0.535542025358359));
#11747=DIRECTION('',(0.535542025358359,0.,0.844508578449661));
#11748=DIRECTION('',(-0.535542025358359,-7.51157299368578E-17,-0.844508578449661));
#11749=DIRECTION('',(0.,1.,-3.16123800171814E-17));
#11750=DIRECTION('',(-0.535542025358359,2.66969261097203E-17,-0.844508578449661));
#11751=DIRECTION('',(-0.0415387095296778,-3.15850952243736E-17,-0.999136895330469));
#11752=DIRECTION('',(0.999136895330469,0.,-0.0415387095296778));
#11753=DIRECTION('',(-0.999136895330469,0.,0.0415387095296778));
#11754=DIRECTION('',(-0.999136895330469,-1.31313747107549E-18,0.0415387095296778));
#11755=DIRECTION('',(-0.88604728797934,-1.46553372035741E-17,-0.463594869972108));
#11756=DIRECTION('',(0.463594869972108,0.,-0.88604728797934));
#11757=DIRECTION('',(0.,1.,-3.16123800171814E-17));
#11758=DIRECTION('',(-0.463594869972108,7.51157299368583E-17,0.88604728797934));
#11759=DIRECTION('',(0.,1.,-3.16123800171814E-17));
#11760=DIRECTION('',(-0.463594869972108,-2.80100635807959E-17,0.886047287979341));
#11761=DIRECTION('',(-0.844508578449661,1.69297580207994E-17,0.535542025358359));
#11762=DIRECTION('',(-0.535542025358359,0.,-0.844508578449661));
#11763=DIRECTION('',(0.535542025358359,0.,0.844508578449661));
#11764=DIRECTION('',(0.,1.,-3.16123800171814E-17));
#11765=DIRECTION('',(0.535542025358359,-2.66969261097203E-17,0.844508578449661));
#11766=DIRECTION('',(0.041538709529678,3.15850952243736E-17,0.999136895330469));
#11767=DIRECTION('',(-0.999136895330469,0.,0.041538709529678));
#11768=DIRECTION('',(0.999136895330469,0.,-0.041538709529678));
#11769=DIRECTION('',(0.,1.,-3.16123800171814E-17));
#11770=DIRECTION('',(0.999136895330469,1.3131374710755E-18,-0.041538709529678));
#11771=DIRECTION('',(0.886047287979339,1.46553372035742E-17,0.463594869972112));
#11772=DIRECTION('',(-0.463594869972112,0.,0.886047287979339));
#11773=DIRECTION('',(0.463594869972112,0.,-0.886047287979339));
#11774=DIRECTION('',(0.,1.,-3.16123800171814E-17));
#11775=DIRECTION('',(0.463594869972112,2.80100635807958E-17,-0.886047287979339));
#11776=DIRECTION('',(0.844508578449661,-1.69297580207994E-17,-0.535542025358359));
#11777=DIRECTION('',(0.535542025358359,0.,0.844508578449661));
#11778=DIRECTION('',(-0.535542025358359,-7.51157299368578E-17,-0.844508578449661));
#11779=DIRECTION('',(0.,1.,-3.16123800171814E-17));
#11780=DIRECTION('',(-0.535542025358359,2.66969261097203E-17,-0.844508578449661));
#11781=DIRECTION('',(-0.0415387095296778,-3.15850952243736E-17,-0.999136895330469));
#11782=DIRECTION('',(0.999136895330469,0.,-0.0415387095296778));
#11783=DIRECTION('',(-0.999136895330469,0.,0.0415387095296778));
#11784=DIRECTION('',(-0.999136895330469,-1.31313747107549E-18,0.0415387095296778));
#11785=DIRECTION('',(-0.88604728797934,-1.46553372035741E-17,-0.463594869972108));
#11786=DIRECTION('',(0.463594869972108,0.,-0.88604728797934));
#11787=DIRECTION('',(0.,1.,-3.16123800171814E-17));
#11788=DIRECTION('',(-0.463594869972108,7.51157299368583E-17,0.88604728797934));
#11789=DIRECTION('',(0.,1.,-3.16123800171814E-17));
#11790=DIRECTION('',(-0.463594869972108,-2.80100635807959E-17,0.886047287979341));
#11791=DIRECTION('',(-0.844508578449661,1.69297580207994E-17,0.535542025358359));
#11792=DIRECTION('',(-0.535542025358359,0.,-0.844508578449661));
#11793=DIRECTION('',(0.535542025358359,0.,0.844508578449661));
#11794=DIRECTION('',(0.,1.,-3.16123800171814E-17));
#11795=DIRECTION('',(0.535542025358359,-2.66969261097203E-17,0.844508578449661));
#11796=DIRECTION('',(0.041538709529678,3.15850952243736E-17,0.999136895330469));
#11797=DIRECTION('',(-0.999136895330469,0.,0.041538709529678));
#11798=DIRECTION('',(0.999136895330469,0.,-0.041538709529678));
#11799=DIRECTION('',(0.,1.,-3.16123800171814E-17));
#11800=DIRECTION('',(0.999136895330469,1.3131374710755E-18,-0.041538709529678));
#11801=DIRECTION('',(0.886047287979339,1.46553372035742E-17,0.463594869972112));
#11802=DIRECTION('',(-0.463594869972112,0.,0.886047287979339));
#11803=DIRECTION('',(0.463594869972112,0.,-0.886047287979339));
#11804=DIRECTION('',(0.,1.,-3.16123800171814E-17));
#11805=DIRECTION('',(0.463594869972112,2.80100635807958E-17,-0.886047287979339));
#11806=DIRECTION('',(0.844508578449661,-1.69297580207994E-17,-0.535542025358359));
#11807=DIRECTION('',(0.535542025358359,0.,0.844508578449661));
#11808=DIRECTION('',(-0.535542025358359,-7.51157299368578E-17,-0.844508578449661));
#11809=DIRECTION('',(0.,1.,-3.16123800171814E-17));
#11810=DIRECTION('',(-0.535542025358359,2.66969261097203E-17,-0.844508578449661));
#11811=DIRECTION('',(-0.0415387095296778,-3.15850952243736E-17,-0.999136895330469));
#11812=DIRECTION('',(0.999136895330469,0.,-0.0415387095296778));
#11813=DIRECTION('',(-0.999136895330469,0.,0.0415387095296778));
#11814=DIRECTION('',(-0.999136895330469,-1.31313747107549E-18,0.0415387095296778));
#11815=DIRECTION('',(-0.88604728797934,-1.46553372035741E-17,-0.463594869972108));
#11816=DIRECTION('',(0.463594869972108,0.,-0.88604728797934));
#11817=DIRECTION('',(0.,1.,-3.16123800171814E-17));
#11818=DIRECTION('',(-0.463594869972108,7.51157299368583E-17,0.88604728797934));
#11819=DIRECTION('',(0.,1.,-3.16123800171814E-17));
#11820=DIRECTION('',(-0.463594869972108,-2.80100635807959E-17,0.886047287979341));
#11821=DIRECTION('',(-0.844508578449661,1.69297580207994E-17,0.535542025358359));
#11822=DIRECTION('',(-0.535542025358359,0.,-0.844508578449661));
#11823=DIRECTION('',(0.535542025358359,0.,0.844508578449661));
#11824=DIRECTION('',(0.,1.,-3.16123800171814E-17));
#11825=DIRECTION('',(0.535542025358359,-2.66969261097203E-17,0.844508578449661));
#11826=DIRECTION('',(0.041538709529678,3.15850952243736E-17,0.999136895330469));
#11827=DIRECTION('',(-0.999136895330469,0.,0.041538709529678));
#11828=DIRECTION('',(0.999136895330469,0.,-0.041538709529678));
#11829=DIRECTION('',(0.,1.,-3.16123800171814E-17));
#11830=DIRECTION('',(0.999136895330469,1.3131374710755E-18,-0.041538709529678));
#11831=DIRECTION('',(0.886047287979339,1.46553372035742E-17,0.463594869972112));
#11832=DIRECTION('',(-0.463594869972112,0.,0.886047287979339));
#11833=DIRECTION('',(0.463594869972112,0.,-0.886047287979339));
#11834=DIRECTION('',(0.,1.,-3.16123800171814E-17));
#11835=DIRECTION('',(0.463594869972112,2.80100635807958E-17,-0.886047287979339));
#11836=DIRECTION('',(0.844508578449661,-1.69297580207994E-17,-0.535542025358359));
#11837=DIRECTION('',(0.535542025358359,0.,0.844508578449661));
#11838=DIRECTION('',(-0.535542025358359,-7.51157299368578E-17,-0.844508578449661));
#11839=DIRECTION('',(0.,1.,-3.16123800171814E-17));
#11840=DIRECTION('',(-0.535542025358359,2.66969261097203E-17,-0.844508578449661));
#11841=DIRECTION('',(-0.0415387095296778,-3.15850952243736E-17,-0.999136895330469));
#11842=DIRECTION('',(0.999136895330469,0.,-0.0415387095296778));
#11843=DIRECTION('',(-0.999136895330469,0.,0.0415387095296778));
#11844=DIRECTION('',(-0.999136895330469,-1.31313747107549E-18,0.0415387095296778));
#11845=DIRECTION('',(-0.88604728797934,-1.46553372035741E-17,-0.463594869972108));
#11846=DIRECTION('',(0.463594869972108,0.,-0.88604728797934));
#11847=DIRECTION('',(0.,1.,-3.16123800171814E-17));
#11848=DIRECTION('',(-0.463594869972108,7.51157299368583E-17,0.88604728797934));
#11849=DIRECTION('',(0.,1.,-3.16123800171814E-17));
#11850=DIRECTION('',(-0.463594869972108,-2.80100635807959E-17,0.886047287979341));
#11851=DIRECTION('',(-0.844508578449661,1.69297580207994E-17,0.535542025358359));
#11852=DIRECTION('',(-0.535542025358359,0.,-0.844508578449661));
#11853=DIRECTION('',(0.535542025358359,0.,0.844508578449661));
#11854=DIRECTION('',(0.,1.,-3.16123800171814E-17));
#11855=DIRECTION('',(0.535542025358359,-2.66969261097203E-17,0.844508578449661));
#11856=DIRECTION('',(0.041538709529678,3.15850952243736E-17,0.999136895330469));
#11857=DIRECTION('',(-0.999136895330469,0.,0.041538709529678));
#11858=DIRECTION('',(0.999136895330469,0.,-0.041538709529678));
#11859=DIRECTION('',(0.,1.,-3.16123800171814E-17));
#11860=DIRECTION('',(0.999136895330469,1.3131374710755E-18,-0.041538709529678));
#11861=DIRECTION('',(0.886047287979339,1.46553372035742E-17,0.463594869972112));
#11862=DIRECTION('',(-0.463594869972112,0.,0.886047287979339));
#11863=DIRECTION('',(0.463594869972112,0.,-0.886047287979339));
#11864=DIRECTION('',(0.,1.,-3.16123800171814E-17));
#11865=DIRECTION('',(0.463594869972112,2.80100635807958E-17,-0.886047287979339));
#11866=DIRECTION('',(0.844508578449661,-1.69297580207994E-17,-0.535542025358359));
#11867=DIRECTION('',(0.535542025358359,0.,0.844508578449661));
#11868=DIRECTION('',(-0.535542025358359,-7.51157299368578E-17,-0.844508578449661));
#11869=DIRECTION('',(0.,1.,-3.16123800171814E-17));
#11870=DIRECTION('',(-0.535542025358359,2.66969261097203E-17,-0.844508578449661));
#11871=DIRECTION('',(-0.0415387095296778,-3.15850952243736E-17,-0.999136895330469));
#11872=DIRECTION('',(0.999136895330469,0.,-0.0415387095296778));
#11873=DIRECTION('',(-0.999136895330469,0.,0.0415387095296778));
#11874=DIRECTION('',(-0.999136895330469,-1.31313747107549E-18,0.0415387095296778));
#11875=DIRECTION('',(-0.88604728797934,-1.46553372035741E-17,-0.463594869972108));
#11876=DIRECTION('',(0.463594869972108,0.,-0.88604728797934));
#11877=DIRECTION('',(0.,1.,-3.16123800171814E-17));
#11878=DIRECTION('',(-0.463594869972108,7.51157299368583E-17,0.88604728797934));
#11879=DIRECTION('',(0.,1.,-3.16123800171814E-17));
#11880=DIRECTION('',(-0.463594869972108,-2.80100635807959E-17,0.886047287979341));
#11881=DIRECTION('',(-0.844508578449661,1.69297580207994E-17,0.535542025358359));
#11882=DIRECTION('',(-0.535542025358359,0.,-0.844508578449661));
#11883=DIRECTION('',(0.535542025358359,0.,0.844508578449661));
#11884=DIRECTION('',(0.,1.,-3.16123800171814E-17));
#11885=DIRECTION('',(0.535542025358359,-2.66969261097203E-17,0.844508578449661));
#11886=DIRECTION('',(0.041538709529678,3.15850952243736E-17,0.999136895330469));
#11887=DIRECTION('',(-0.999136895330469,0.,0.041538709529678));
#11888=DIRECTION('',(0.999136895330469,0.,-0.041538709529678));
#11889=DIRECTION('',(0.,1.,-3.16123800171814E-17));
#11890=DIRECTION('',(0.999136895330469,1.3131374710755E-18,-0.041538709529678));
#11891=DIRECTION('',(0.886047287979339,1.46553372035742E-17,0.463594869972112));
#11892=DIRECTION('',(-0.463594869972112,0.,0.886047287979339));
#11893=DIRECTION('',(0.463594869972112,0.,-0.886047287979339));
#11894=DIRECTION('',(0.,1.,-3.16123800171814E-17));
#11895=DIRECTION('',(0.463594869972112,2.80100635807958E-17,-0.886047287979339));
#11896=DIRECTION('',(0.844508578449661,-1.69297580207994E-17,-0.535542025358359));
#11897=DIRECTION('',(0.535542025358359,0.,0.844508578449661));
#11898=DIRECTION('',(-0.535542025358359,-7.51157299368578E-17,-0.844508578449661));
#11899=DIRECTION('',(0.,1.,-3.16123800171814E-17));
#11900=DIRECTION('',(-0.535542025358359,2.66969261097203E-17,-0.844508578449661));
#11901=DIRECTION('',(-0.0415387095296778,-3.15850952243736E-17,-0.999136895330469));
#11902=DIRECTION('',(0.999136895330469,0.,-0.0415387095296778));
#11903=DIRECTION('',(-0.999136895330469,0.,0.0415387095296778));
#11904=DIRECTION('',(-0.999136895330469,-1.31313747107549E-18,0.0415387095296778));
#11905=DIRECTION('',(-0.88604728797934,-1.46553372035741E-17,-0.463594869972108));
#11906=DIRECTION('',(0.463594869972108,0.,-0.88604728797934));
#11907=DIRECTION('',(0.,1.,-3.16123800171814E-17));
#11908=DIRECTION('',(-0.463594869972108,7.51157299368583E-17,0.88604728797934));
#11909=DIRECTION('',(0.,1.,-3.16123800171814E-17));
#11910=DIRECTION('',(-0.463594869972108,-2.80100635807959E-17,0.886047287979341));
#11911=DIRECTION('',(-0.844508578449661,1.69297580207994E-17,0.535542025358359));
#11912=DIRECTION('',(-0.535542025358359,0.,-0.844508578449661));
#11913=DIRECTION('',(0.535542025358359,0.,0.844508578449661));
#11914=DIRECTION('',(0.,1.,-3.16123800171814E-17));
#11915=DIRECTION('',(0.535542025358359,-2.66969261097203E-17,0.844508578449661));
#11916=DIRECTION('',(0.041538709529678,3.15850952243736E-17,0.999136895330469));
#11917=DIRECTION('',(-0.999136895330469,0.,0.041538709529678));
#11918=DIRECTION('',(0.999136895330469,0.,-0.041538709529678));
#11919=DIRECTION('',(0.,1.,-3.16123800171814E-17));
#11920=DIRECTION('',(0.999136895330469,1.3131374710755E-18,-0.041538709529678));
#11921=DIRECTION('',(0.886047287979339,1.46553372035742E-17,0.463594869972112));
#11922=DIRECTION('',(-0.463594869972112,0.,0.886047287979339));
#11923=DIRECTION('',(0.463594869972112,0.,-0.886047287979339));
#11924=DIRECTION('',(0.,1.,-3.16123800171814E-17));
#11925=DIRECTION('',(0.463594869972112,2.80100635807958E-17,-0.886047287979339));
#11926=DIRECTION('',(0.844508578449661,-1.69297580207994E-17,-0.535542025358359));
#11927=DIRECTION('',(0.535542025358359,0.,0.844508578449661));
#11928=DIRECTION('',(-0.535542025358359,-7.51157299368578E-17,-0.844508578449661));
#11929=DIRECTION('',(0.,1.,-3.16123800171814E-17));
#11930=DIRECTION('',(-0.535542025358359,2.66969261097203E-17,-0.844508578449661));
#11931=DIRECTION('',(-0.0415387095296778,-3.15850952243736E-17,-0.999136895330469));
#11932=DIRECTION('',(0.999136895330469,0.,-0.0415387095296778));
#11933=DIRECTION('',(-0.999136895330469,0.,0.0415387095296778));
#11934=DIRECTION('',(-0.999136895330469,-1.31313747107549E-18,0.0415387095296778));
#11935=DIRECTION('',(-0.88604728797934,-1.46553372035741E-17,-0.463594869972108));
#11936=DIRECTION('',(0.463594869972108,0.,-0.88604728797934));
#11937=DIRECTION('',(0.,1.,-3.16123800171814E-17));
#11938=DIRECTION('',(-0.463594869972108,7.51157299368583E-17,0.88604728797934));
#11939=DIRECTION('',(0.,1.,-3.16123800171814E-17));
#11940=DIRECTION('',(-0.463594869972108,-2.80100635807959E-17,0.886047287979341));
#11941=DIRECTION('',(-0.844508578449661,1.69297580207994E-17,0.535542025358359));
#11942=DIRECTION('',(-0.535542025358359,0.,-0.844508578449661));
#11943=DIRECTION('',(0.535542025358359,0.,0.844508578449661));
#11944=DIRECTION('',(0.,1.,-3.16123800171814E-17));
#11945=DIRECTION('',(0.535542025358359,-2.66969261097203E-17,0.844508578449661));
#11946=DIRECTION('',(0.041538709529678,3.15850952243736E-17,0.999136895330469));
#11947=DIRECTION('',(-0.999136895330469,0.,0.041538709529678));
#11948=DIRECTION('',(0.999136895330469,0.,-0.041538709529678));
#11949=DIRECTION('',(0.,1.,-3.16123800171814E-17));
#11950=DIRECTION('',(0.999136895330469,1.3131374710755E-18,-0.041538709529678));
#11951=DIRECTION('',(0.886047287979339,1.46553372035742E-17,0.463594869972112));
#11952=DIRECTION('',(-0.463594869972112,0.,0.886047287979339));
#11953=DIRECTION('',(0.463594869972112,0.,-0.886047287979339));
#11954=DIRECTION('',(0.,1.,-3.16123800171814E-17));
#11955=DIRECTION('',(0.463594869972112,2.80100635807958E-17,-0.886047287979339));
#11956=DIRECTION('',(0.844508578449661,-1.69297580207994E-17,-0.535542025358359));
#11957=DIRECTION('',(0.535542025358359,0.,0.844508578449661));
#11958=DIRECTION('',(-0.535542025358359,-7.51157299368578E-17,-0.844508578449661));
#11959=DIRECTION('',(0.,1.,-3.16123800171814E-17));
#11960=DIRECTION('',(-0.535542025358359,2.66969261097203E-17,-0.844508578449661));
#11961=DIRECTION('',(-0.0415387095296778,-3.15850952243736E-17,-0.999136895330469));
#11962=DIRECTION('',(0.999136895330469,0.,-0.0415387095296778));
#11963=DIRECTION('',(-0.999136895330469,0.,0.0415387095296778));
#11964=DIRECTION('',(-0.999136895330469,-1.31313747107549E-18,0.0415387095296778));
#11965=DIRECTION('',(-0.88604728797934,-1.46553372035741E-17,-0.463594869972108));
#11966=DIRECTION('',(0.463594869972108,0.,-0.88604728797934));
#11967=DIRECTION('',(0.,1.,-3.16123800171814E-17));
#11968=DIRECTION('',(-0.463594869972108,7.51157299368583E-17,0.88604728797934));
#11969=DIRECTION('',(0.,1.,-3.16123800171814E-17));
#11970=DIRECTION('',(-0.463594869972108,-2.80100635807959E-17,0.886047287979341));
#11971=DIRECTION('',(-0.844508578449661,1.69297580207994E-17,0.535542025358359));
#11972=DIRECTION('',(-0.535542025358359,0.,-0.844508578449661));
#11973=DIRECTION('',(0.535542025358359,0.,0.844508578449661));
#11974=DIRECTION('',(0.,1.,-3.16123800171814E-17));
#11975=DIRECTION('',(0.535542025358359,-2.66969261097203E-17,0.844508578449661));
#11976=DIRECTION('',(0.041538709529678,3.15850952243736E-17,0.999136895330469));
#11977=DIRECTION('',(-0.999136895330469,0.,0.041538709529678));
#11978=DIRECTION('',(0.999136895330469,0.,-0.041538709529678));
#11979=DIRECTION('',(0.,1.,-3.16123800171814E-17));
#11980=DIRECTION('',(0.999136895330469,1.3131374710755E-18,-0.041538709529678));
#11981=DIRECTION('',(0.886047287979339,1.46553372035742E-17,0.463594869972112));
#11982=DIRECTION('',(-0.463594869972112,0.,0.886047287979339));
#11983=DIRECTION('',(0.463594869972112,0.,-0.886047287979339));
#11984=DIRECTION('',(0.,1.,-3.16123800171814E-17));
#11985=DIRECTION('',(0.463594869972112,2.80100635807958E-17,-0.886047287979339));
#11986=DIRECTION('',(0.844508578449661,-1.69297580207994E-17,-0.535542025358359));
#11987=DIRECTION('',(0.535542025358359,0.,0.844508578449661));
#11988=DIRECTION('',(-0.535542025358359,-7.51157299368578E-17,-0.844508578449661));
#11989=DIRECTION('',(0.,1.,-3.16123800171814E-17));
#11990=DIRECTION('',(-0.535542025358359,2.66969261097203E-17,-0.844508578449661));
#11991=DIRECTION('',(-0.0415387095296778,-3.15850952243736E-17,-0.999136895330469));
#11992=DIRECTION('',(0.999136895330469,0.,-0.0415387095296778));
#11993=DIRECTION('',(-0.999136895330469,0.,0.0415387095296778));
#11994=DIRECTION('',(-0.999136895330469,-1.31313747107549E-18,0.0415387095296778));
#11995=DIRECTION('',(-0.88604728797934,-1.46553372035741E-17,-0.463594869972108));
#11996=DIRECTION('',(0.463594869972108,0.,-0.88604728797934));
#11997=DIRECTION('',(0.,1.,-3.16123800171814E-17));
#11998=DIRECTION('',(-0.463594869972108,7.51157299368583E-17,0.88604728797934));
#11999=DIRECTION('',(0.,1.,-3.16123800171814E-17));
#12000=DIRECTION('',(-0.463594869972108,-2.80100635807959E-17,0.886047287979341));
#12001=DIRECTION('',(-0.844508578449661,1.69297580207994E-17,0.535542025358359));
#12002=DIRECTION('',(-0.535542025358359,0.,-0.844508578449661));
#12003=DIRECTION('',(0.535542025358359,0.,0.844508578449661));
#12004=DIRECTION('',(0.,1.,-3.16123800171814E-17));
#12005=DIRECTION('',(0.535542025358359,-2.66969261097203E-17,0.844508578449661));
#12006=DIRECTION('',(0.041538709529678,3.15850952243736E-17,0.999136895330469));
#12007=DIRECTION('',(-0.999136895330469,0.,0.041538709529678));
#12008=DIRECTION('',(0.999136895330469,0.,-0.041538709529678));
#12009=DIRECTION('',(0.,1.,-3.16123800171814E-17));
#12010=DIRECTION('',(0.999136895330469,1.3131374710755E-18,-0.041538709529678));
#12011=DIRECTION('',(0.886047287979339,1.46553372035742E-17,0.463594869972112));
#12012=DIRECTION('',(-0.463594869972112,0.,0.886047287979339));
#12013=DIRECTION('',(0.463594869972112,0.,-0.886047287979339));
#12014=DIRECTION('',(0.,1.,-3.16123800171814E-17));
#12015=DIRECTION('',(0.463594869972112,2.80100635807958E-17,-0.886047287979339));
#12016=DIRECTION('',(0.844508578449661,-1.69297580207994E-17,-0.535542025358359));
#12017=DIRECTION('',(0.535542025358359,0.,0.844508578449661));
#12018=DIRECTION('',(-0.535542025358359,-7.51157299368578E-17,-0.844508578449661));
#12019=DIRECTION('',(0.,1.,-3.16123800171814E-17));
#12020=DIRECTION('',(-0.535542025358359,2.66969261097203E-17,-0.844508578449661));
#12021=DIRECTION('',(-0.0415387095296778,-3.15850952243736E-17,-0.999136895330469));
#12022=DIRECTION('',(0.999136895330469,0.,-0.0415387095296778));
#12023=DIRECTION('',(-0.999136895330469,0.,0.0415387095296778));
#12024=DIRECTION('',(-0.999136895330469,-1.31313747107549E-18,0.0415387095296778));
#12025=DIRECTION('',(-0.88604728797934,-1.46553372035741E-17,-0.463594869972108));
#12026=DIRECTION('',(0.463594869972108,0.,-0.88604728797934));
#12027=DIRECTION('',(0.,1.,-3.16123800171814E-17));
#12028=DIRECTION('',(-0.463594869972108,7.51157299368583E-17,0.88604728797934));
#12029=DIRECTION('',(0.,1.,-3.16123800171814E-17));
#12030=DIRECTION('',(-0.463594869972108,-2.80100635807959E-17,0.886047287979341));
#12031=DIRECTION('',(-0.844508578449661,1.69297580207994E-17,0.535542025358359));
#12032=DIRECTION('',(-0.535542025358359,0.,-0.844508578449661));
#12033=DIRECTION('',(0.535542025358359,0.,0.844508578449661));
#12034=DIRECTION('',(0.,1.,-3.16123800171814E-17));
#12035=DIRECTION('',(0.535542025358359,-2.66969261097203E-17,0.844508578449661));
#12036=DIRECTION('',(0.041538709529678,3.15850952243736E-17,0.999136895330469));
#12037=DIRECTION('',(-0.999136895330469,0.,0.041538709529678));
#12038=DIRECTION('',(0.999136895330469,0.,-0.041538709529678));
#12039=DIRECTION('',(0.,1.,-3.16123800171814E-17));
#12040=DIRECTION('',(0.999136895330469,1.3131374710755E-18,-0.041538709529678));
#12041=DIRECTION('',(0.886047287979339,1.46553372035742E-17,0.463594869972112));
#12042=DIRECTION('',(-0.463594869972112,0.,0.886047287979339));
#12043=DIRECTION('',(0.463594869972112,0.,-0.886047287979339));
#12044=DIRECTION('',(0.,1.,-3.16123800171814E-17));
#12045=DIRECTION('',(0.463594869972112,2.80100635807958E-17,-0.886047287979339));
#12046=DIRECTION('',(0.844508578449661,-1.69297580207994E-17,-0.535542025358359));
#12047=DIRECTION('',(0.535542025358359,0.,0.844508578449661));
#12048=DIRECTION('',(-0.535542025358359,-7.51157299368578E-17,-0.844508578449661));
#12049=DIRECTION('',(0.,1.,-3.16123800171814E-17));
#12050=DIRECTION('',(-0.535542025358359,2.66969261097203E-17,-0.844508578449661));
#12051=DIRECTION('',(-0.0415387095296778,-3.15850952243736E-17,-0.999136895330469));
#12052=DIRECTION('',(0.999136895330469,0.,-0.0415387095296778));
#12053=DIRECTION('',(-0.999136895330469,0.,0.0415387095296778));
#12054=DIRECTION('',(-0.999136895330469,-1.31313747107549E-18,0.0415387095296778));
#12055=DIRECTION('',(-0.88604728797934,-1.46553372035741E-17,-0.463594869972108));
#12056=DIRECTION('',(0.463594869972108,0.,-0.88604728797934));
#12057=DIRECTION('',(0.,1.,-3.16123800171814E-17));
#12058=DIRECTION('',(-0.463594869972108,7.51157299368583E-17,0.88604728797934));
#12059=DIRECTION('',(0.,1.,-3.16123800171814E-17));
#12060=DIRECTION('',(-0.463594869972108,-2.80100635807959E-17,0.886047287979341));
#12061=DIRECTION('',(-0.844508578449661,1.69297580207994E-17,0.535542025358359));
#12062=DIRECTION('',(-0.535542025358359,0.,-0.844508578449661));
#12063=DIRECTION('',(0.535542025358359,0.,0.844508578449661));
#12064=DIRECTION('',(0.,1.,-3.16123800171814E-17));
#12065=DIRECTION('',(0.535542025358359,-2.66969261097203E-17,0.844508578449661));
#12066=DIRECTION('',(0.041538709529678,3.15850952243736E-17,0.999136895330469));
#12067=DIRECTION('',(-0.999136895330469,0.,0.041538709529678));
#12068=DIRECTION('',(0.999136895330469,0.,-0.041538709529678));
#12069=DIRECTION('',(0.,1.,-3.16123800171814E-17));
#12070=DIRECTION('',(0.999136895330469,1.3131374710755E-18,-0.041538709529678));
#12071=DIRECTION('',(0.886047287979339,1.46553372035742E-17,0.463594869972112));
#12072=DIRECTION('',(-0.463594869972112,0.,0.886047287979339));
#12073=DIRECTION('',(0.463594869972112,0.,-0.886047287979339));
#12074=DIRECTION('',(0.,1.,-3.16123800171814E-17));
#12075=DIRECTION('',(0.463594869972112,2.80100635807958E-17,-0.886047287979339));
#12076=DIRECTION('',(0.844508578449661,-1.69297580207994E-17,-0.535542025358359));
#12077=DIRECTION('',(0.535542025358359,0.,0.844508578449661));
#12078=DIRECTION('',(-0.535542025358359,-7.51157299368578E-17,-0.844508578449661));
#12079=DIRECTION('',(0.,1.,-3.16123800171814E-17));
#12080=DIRECTION('',(-0.535542025358359,2.66969261097203E-17,-0.844508578449661));
#12081=DIRECTION('',(-0.0415387095296778,-3.15850952243736E-17,-0.999136895330469));
#12082=DIRECTION('',(0.999136895330469,0.,-0.0415387095296778));
#12083=DIRECTION('',(-0.999136895330469,0.,0.0415387095296778));
#12084=DIRECTION('',(-0.999136895330469,-1.31313747107549E-18,0.0415387095296778));
#12085=DIRECTION('',(-0.88604728797934,-1.46553372035741E-17,-0.463594869972108));
#12086=DIRECTION('',(0.463594869972108,0.,-0.88604728797934));
#12087=DIRECTION('',(0.,1.,-3.16123800171814E-17));
#12088=DIRECTION('',(-0.463594869972108,7.51157299368583E-17,0.88604728797934));
#12089=DIRECTION('',(0.,1.,-3.16123800171814E-17));
#12090=DIRECTION('',(-0.463594869972108,-2.80100635807959E-17,0.886047287979341));
#12091=DIRECTION('',(-0.844508578449661,1.69297580207994E-17,0.535542025358359));
#12092=DIRECTION('',(-0.535542025358359,0.,-0.844508578449661));
#12093=DIRECTION('',(0.535542025358359,0.,0.844508578449661));
#12094=DIRECTION('',(0.,1.,-3.16123800171814E-17));
#12095=DIRECTION('',(0.535542025358359,-2.66969261097203E-17,0.844508578449661));
#12096=DIRECTION('',(0.041538709529678,3.15850952243736E-17,0.999136895330469));
#12097=DIRECTION('',(-0.999136895330469,0.,0.041538709529678));
#12098=DIRECTION('',(0.999136895330469,0.,-0.041538709529678));
#12099=DIRECTION('',(0.,1.,-3.16123800171814E-17));
#12100=DIRECTION('',(0.999136895330469,1.3131374710755E-18,-0.041538709529678));
#12101=DIRECTION('',(0.886047287979339,1.46553372035742E-17,0.463594869972112));
#12102=DIRECTION('',(-0.463594869972112,0.,0.886047287979339));
#12103=DIRECTION('',(0.463594869972112,0.,-0.886047287979339));
#12104=DIRECTION('',(0.,1.,-3.16123800171814E-17));
#12105=DIRECTION('',(0.463594869972112,2.80100635807958E-17,-0.886047287979339));
#12106=DIRECTION('',(0.844508578449661,-1.69297580207994E-17,-0.535542025358359));
#12107=DIRECTION('',(0.535542025358359,0.,0.844508578449661));
#12108=DIRECTION('',(-0.535542025358359,-7.51157299368578E-17,-0.844508578449661));
#12109=DIRECTION('',(0.,1.,-3.16123800171814E-17));
#12110=DIRECTION('',(-0.535542025358359,2.66969261097203E-17,-0.844508578449661));
#12111=DIRECTION('',(-0.0415387095296778,-3.15850952243736E-17,-0.999136895330469));
#12112=DIRECTION('',(0.999136895330469,0.,-0.0415387095296778));
#12113=DIRECTION('',(-0.999136895330469,0.,0.0415387095296778));
#12114=DIRECTION('',(-0.999136895330469,-1.31313747107549E-18,0.0415387095296778));
#12115=DIRECTION('',(-0.88604728797934,-1.46553372035741E-17,-0.463594869972108));
#12116=DIRECTION('',(0.463594869972108,0.,-0.88604728797934));
#12117=DIRECTION('',(0.,1.,-3.16123800171814E-17));
#12118=DIRECTION('',(-0.463594869972108,7.51157299368583E-17,0.88604728797934));
#12119=DIRECTION('',(0.,1.,-3.16123800171814E-17));
#12120=DIRECTION('',(-0.463594869972108,-2.80100635807959E-17,0.886047287979341));
#12121=DIRECTION('',(-0.844508578449661,1.69297580207994E-17,0.535542025358359));
#12122=DIRECTION('',(-0.535542025358359,0.,-0.844508578449661));
#12123=DIRECTION('',(0.535542025358359,0.,0.844508578449661));
#12124=DIRECTION('',(0.,1.,-3.16123800171814E-17));
#12125=DIRECTION('',(0.535542025358359,-2.66969261097203E-17,0.844508578449661));
#12126=DIRECTION('',(0.041538709529678,3.15850952243736E-17,0.999136895330469));
#12127=DIRECTION('',(-0.999136895330469,0.,0.041538709529678));
#12128=DIRECTION('',(0.999136895330469,0.,-0.041538709529678));
#12129=DIRECTION('',(0.,1.,-3.16123800171814E-17));
#12130=DIRECTION('',(0.999136895330469,1.3131374710755E-18,-0.041538709529678));
#12131=DIRECTION('',(0.886047287979339,1.46553372035742E-17,0.463594869972112));
#12132=DIRECTION('',(-0.463594869972112,0.,0.886047287979339));
#12133=DIRECTION('',(0.463594869972112,0.,-0.886047287979339));
#12134=DIRECTION('',(0.,1.,-3.16123800171814E-17));
#12135=DIRECTION('',(0.463594869972112,2.80100635807958E-17,-0.886047287979339));
#12136=DIRECTION('',(0.844508578449661,-1.69297580207994E-17,-0.535542025358359));
#12137=DIRECTION('',(0.535542025358359,0.,0.844508578449661));
#12138=DIRECTION('',(-0.535542025358359,-7.51157299368578E-17,-0.844508578449661));
#12139=DIRECTION('',(0.,1.,-3.16123800171814E-17));
#12140=DIRECTION('',(-0.535542025358359,2.66969261097203E-17,-0.844508578449661));
#12141=DIRECTION('',(-0.0415387095296778,-3.15850952243736E-17,-0.999136895330469));
#12142=DIRECTION('',(0.999136895330469,0.,-0.0415387095296778));
#12143=DIRECTION('',(-0.999136895330469,0.,0.0415387095296778));
#12144=DIRECTION('',(-0.999136895330469,-1.31313747107549E-18,0.0415387095296778));
#12145=DIRECTION('',(-0.88604728797934,-1.46553372035741E-17,-0.463594869972108));
#12146=DIRECTION('',(0.463594869972108,0.,-0.88604728797934));
#12147=DIRECTION('',(0.,1.,-3.16123800171814E-17));
#12148=DIRECTION('',(-0.463594869972108,7.51157299368583E-17,0.88604728797934));
#12149=DIRECTION('',(0.,1.,-3.16123800171814E-17));
#12150=DIRECTION('',(-0.463594869972108,-2.80100635807959E-17,0.886047287979341));
#12151=DIRECTION('',(-0.844508578449661,1.69297580207994E-17,0.535542025358359));
#12152=DIRECTION('',(-0.535542025358359,0.,-0.844508578449661));
#12153=DIRECTION('',(0.535542025358359,0.,0.844508578449661));
#12154=DIRECTION('',(0.,1.,-3.16123800171814E-17));
#12155=DIRECTION('',(0.535542025358359,-2.66969261097203E-17,0.844508578449661));
#12156=DIRECTION('',(0.041538709529678,3.15850952243736E-17,0.999136895330469));
#12157=DIRECTION('',(-0.999136895330469,0.,0.041538709529678));
#12158=DIRECTION('',(0.999136895330469,0.,-0.041538709529678));
#12159=DIRECTION('',(0.,1.,-3.16123800171814E-17));
#12160=DIRECTION('',(0.999136895330469,1.3131374710755E-18,-0.041538709529678));
#12161=DIRECTION('',(0.886047287979339,1.46553372035742E-17,0.463594869972112));
#12162=DIRECTION('',(-0.463594869972112,0.,0.886047287979339));
#12163=DIRECTION('',(0.463594869972112,0.,-0.886047287979339));
#12164=DIRECTION('',(0.,1.,-3.16123800171814E-17));
#12165=DIRECTION('',(0.463594869972112,2.80100635807958E-17,-0.886047287979339));
#12166=DIRECTION('',(0.844508578449661,-1.69297580207994E-17,-0.535542025358359));
#12167=DIRECTION('',(0.535542025358359,0.,0.844508578449661));
#12168=DIRECTION('',(-0.535542025358359,-7.51157299368578E-17,-0.844508578449661));
#12169=DIRECTION('',(0.,1.,-3.16123800171814E-17));
#12170=DIRECTION('',(-0.535542025358359,2.66969261097203E-17,-0.844508578449661));
#12171=DIRECTION('',(-0.0415387095296778,-3.15850952243736E-17,-0.999136895330469));
#12172=DIRECTION('',(0.999136895330469,0.,-0.0415387095296778));
#12173=DIRECTION('',(-0.999136895330469,0.,0.0415387095296778));
#12174=DIRECTION('',(-0.999136895330469,-1.31313747107549E-18,0.0415387095296778));
#12175=DIRECTION('',(-0.88604728797934,-1.46553372035741E-17,-0.463594869972108));
#12176=DIRECTION('',(0.463594869972108,0.,-0.88604728797934));
#12177=DIRECTION('',(0.,1.,-3.16123800171814E-17));
#12178=DIRECTION('',(-0.463594869972108,7.51157299368583E-17,0.88604728797934));
#12179=DIRECTION('',(0.,1.,-3.16123800171814E-17));
#12180=DIRECTION('',(-0.463594869972108,-2.80100635807959E-17,0.886047287979341));
#12181=DIRECTION('',(-0.844508578449661,1.69297580207994E-17,0.535542025358359));
#12182=DIRECTION('',(-0.535542025358359,0.,-0.844508578449661));
#12183=DIRECTION('',(0.535542025358359,0.,0.844508578449661));
#12184=DIRECTION('',(0.,1.,-3.16123800171814E-17));
#12185=DIRECTION('',(0.535542025358359,-2.66969261097203E-17,0.844508578449661));
#12186=DIRECTION('',(0.041538709529678,3.15850952243736E-17,0.999136895330469));
#12187=DIRECTION('',(-0.999136895330469,0.,0.041538709529678));
#12188=DIRECTION('',(0.999136895330469,0.,-0.041538709529678));
#12189=DIRECTION('',(0.,1.,-3.16123800171814E-17));
#12190=DIRECTION('',(0.999136895330469,1.3131374710755E-18,-0.041538709529678));
#12191=DIRECTION('',(0.886047287979339,1.46553372035742E-17,0.463594869972112));
#12192=DIRECTION('',(-0.463594869972112,0.,0.886047287979339));
#12193=DIRECTION('',(0.463594869972112,0.,-0.886047287979339));
#12194=DIRECTION('',(0.,1.,-3.16123800171814E-17));
#12195=DIRECTION('',(0.463594869972112,2.80100635807958E-17,-0.886047287979339));
#12196=DIRECTION('',(0.844508578449661,-1.69297580207994E-17,-0.535542025358359));
#12197=DIRECTION('',(0.535542025358359,0.,0.844508578449661));
#12198=DIRECTION('',(-0.535542025358359,-7.51157299368578E-17,-0.844508578449661));
#12199=DIRECTION('',(0.,1.,-3.16123800171814E-17));
#12200=DIRECTION('',(-0.535542025358359,2.66969261097203E-17,-0.844508578449661));
#12201=DIRECTION('',(-0.0415387095296778,-3.15850952243736E-17,-0.999136895330469));
#12202=DIRECTION('',(0.999136895330469,0.,-0.0415387095296778));
#12203=DIRECTION('',(-0.999136895330469,0.,0.0415387095296778));
#12204=DIRECTION('',(-0.999136895330469,-1.31313747107549E-18,0.0415387095296778));
#12205=DIRECTION('',(-0.88604728797934,-1.46553372035741E-17,-0.463594869972108));
#12206=DIRECTION('',(0.463594869972108,0.,-0.88604728797934));
#12207=DIRECTION('',(0.,1.,-3.16123800171814E-17));
#12208=DIRECTION('',(-0.463594869972108,7.51157299368583E-17,0.88604728797934));
#12209=DIRECTION('',(0.,1.,-3.16123800171814E-17));
#12210=DIRECTION('',(-0.463594869972108,-2.80100635807959E-17,0.886047287979341));
#12211=DIRECTION('',(-0.844508578449661,1.69297580207994E-17,0.535542025358359));
#12212=DIRECTION('',(-0.535542025358359,0.,-0.844508578449661));
#12213=DIRECTION('',(0.535542025358359,0.,0.844508578449661));
#12214=DIRECTION('',(0.,1.,-3.16123800171814E-17));
#12215=DIRECTION('',(0.535542025358359,-2.66969261097203E-17,0.844508578449661));
#12216=DIRECTION('',(0.041538709529678,3.15850952243736E-17,0.999136895330469));
#12217=DIRECTION('',(-0.999136895330469,0.,0.041538709529678));
#12218=DIRECTION('',(0.999136895330469,0.,-0.041538709529678));
#12219=DIRECTION('',(0.,1.,-3.16123800171814E-17));
#12220=DIRECTION('',(0.999136895330469,1.3131374710755E-18,-0.041538709529678));
#12221=DIRECTION('',(0.886047287979339,1.46553372035742E-17,0.463594869972112));
#12222=DIRECTION('',(-0.463594869972112,0.,0.886047287979339));
#12223=DIRECTION('',(0.463594869972112,0.,-0.886047287979339));
#12224=DIRECTION('',(0.,1.,-3.16123800171814E-17));
#12225=DIRECTION('',(0.463594869972112,2.80100635807958E-17,-0.886047287979339));
#12226=DIRECTION('',(0.844508578449661,-1.69297580207994E-17,-0.535542025358359));
#12227=DIRECTION('',(0.535542025358359,0.,0.844508578449661));
#12228=DIRECTION('',(-0.535542025358359,-7.51157299368578E-17,-0.844508578449661));
#12229=DIRECTION('',(0.,1.,-3.16123800171814E-17));
#12230=DIRECTION('',(-0.535542025358359,2.66969261097203E-17,-0.844508578449661));
#12231=DIRECTION('',(-0.0415387095296778,-3.15850952243736E-17,-0.999136895330469));
#12232=DIRECTION('',(0.999136895330469,0.,-0.0415387095296778));
#12233=DIRECTION('',(-0.999136895330469,0.,0.0415387095296778));
#12234=DIRECTION('',(-0.999136895330469,-1.31313747107549E-18,0.0415387095296778));
#12235=DIRECTION('',(-0.88604728797934,-1.46553372035741E-17,-0.463594869972108));
#12236=DIRECTION('',(0.463594869972108,0.,-0.88604728797934));
#12237=DIRECTION('',(0.,1.,-3.16123800171814E-17));
#12238=DIRECTION('',(-0.463594869972108,7.51157299368583E-17,0.88604728797934));
#12239=DIRECTION('',(0.,1.,-3.16123800171814E-17));
#12240=DIRECTION('',(-0.463594869972108,-2.80100635807959E-17,0.886047287979341));
#12241=DIRECTION('',(-0.844508578449661,1.69297580207994E-17,0.535542025358359));
#12242=DIRECTION('',(-0.535542025358359,0.,-0.844508578449661));
#12243=DIRECTION('',(0.535542025358359,0.,0.844508578449661));
#12244=DIRECTION('',(0.,1.,-3.16123800171814E-17));
#12245=DIRECTION('',(0.535542025358359,-2.66969261097203E-17,0.844508578449661));
#12246=DIRECTION('',(0.041538709529678,3.15850952243736E-17,0.999136895330469));
#12247=DIRECTION('',(-0.999136895330469,0.,0.041538709529678));
#12248=DIRECTION('',(0.999136895330469,0.,-0.041538709529678));
#12249=DIRECTION('',(0.,1.,-3.16123800171814E-17));
#12250=DIRECTION('',(0.999136895330469,1.3131374710755E-18,-0.041538709529678));
#12251=DIRECTION('',(0.886047287979339,1.46553372035742E-17,0.463594869972112));
#12252=DIRECTION('',(-0.463594869972112,0.,0.886047287979339));
#12253=DIRECTION('',(0.463594869972112,0.,-0.886047287979339));
#12254=DIRECTION('',(0.,1.,-3.16123800171814E-17));
#12255=DIRECTION('',(0.463594869972112,2.80100635807958E-17,-0.886047287979339));
#12256=DIRECTION('',(0.844508578449661,-1.69297580207994E-17,-0.535542025358359));
#12257=DIRECTION('',(0.535542025358359,0.,0.844508578449661));
#12258=DIRECTION('',(-0.535542025358359,-7.51157299368578E-17,-0.844508578449661));
#12259=DIRECTION('',(0.,1.,-3.16123800171814E-17));
#12260=DIRECTION('',(-0.535542025358359,2.66969261097203E-17,-0.844508578449661));
#12261=DIRECTION('',(-0.0415387095296778,-3.15850952243736E-17,-0.999136895330469));
#12262=DIRECTION('',(0.999136895330469,0.,-0.0415387095296778));
#12263=DIRECTION('',(-0.999136895330469,0.,0.0415387095296778));
#12264=DIRECTION('',(-0.999136895330469,-1.31313747107549E-18,0.0415387095296778));
#12265=DIRECTION('',(-0.88604728797934,-1.46553372035741E-17,-0.463594869972108));
#12266=DIRECTION('',(0.463594869972108,0.,-0.88604728797934));
#12267=DIRECTION('',(0.,1.,-3.16123800171814E-17));
#12268=DIRECTION('',(-0.463594869972108,7.51157299368583E-17,0.88604728797934));
#12269=DIRECTION('',(0.,1.,-3.16123800171814E-17));
#12270=DIRECTION('',(-0.463594869972108,-2.80100635807959E-17,0.886047287979341));
#12271=DIRECTION('',(-0.844508578449661,1.69297580207994E-17,0.535542025358359));
#12272=DIRECTION('',(-0.535542025358359,0.,-0.844508578449661));
#12273=DIRECTION('',(0.535542025358359,0.,0.844508578449661));
#12274=DIRECTION('',(0.,1.,-3.16123800171814E-17));
#12275=DIRECTION('',(0.535542025358359,-2.66969261097203E-17,0.844508578449661));
#12276=DIRECTION('',(0.041538709529678,3.15850952243736E-17,0.999136895330469));
#12277=DIRECTION('',(-0.999136895330469,0.,0.041538709529678));
#12278=DIRECTION('',(0.999136895330469,0.,-0.041538709529678));
#12279=DIRECTION('',(0.,1.,-3.16123800171814E-17));
#12280=DIRECTION('',(0.999136895330469,1.3131374710755E-18,-0.041538709529678));
#12281=DIRECTION('',(0.886047287979339,1.46553372035742E-17,0.463594869972112));
#12282=DIRECTION('',(-0.463594869972112,0.,0.886047287979339));
#12283=DIRECTION('',(0.463594869972112,0.,-0.886047287979339));
#12284=DIRECTION('',(0.,1.,-3.16123800171814E-17));
#12285=DIRECTION('',(0.463594869972112,2.80100635807958E-17,-0.886047287979339));
#12286=DIRECTION('',(0.844508578449661,-1.69297580207994E-17,-0.535542025358359));
#12287=DIRECTION('',(0.535542025358359,0.,0.844508578449661));
#12288=DIRECTION('',(-0.535542025358359,-7.51157299368578E-17,-0.844508578449661));
#12289=DIRECTION('',(0.,1.,-3.16123800171814E-17));
#12290=DIRECTION('',(-0.535542025358359,2.66969261097203E-17,-0.844508578449661));
#12291=DIRECTION('',(-0.0415387095296778,-3.15850952243736E-17,-0.999136895330469));
#12292=DIRECTION('',(0.999136895330469,0.,-0.0415387095296778));
#12293=DIRECTION('',(-0.999136895330469,0.,0.0415387095296778));
#12294=DIRECTION('',(-0.999136895330469,-1.31313747107549E-18,0.0415387095296778));
#12295=DIRECTION('',(-0.88604728797934,-1.46553372035741E-17,-0.463594869972108));
#12296=DIRECTION('',(0.463594869972108,0.,-0.88604728797934));
#12297=DIRECTION('',(0.,1.,-3.16123800171814E-17));
#12298=DIRECTION('',(-0.463594869972108,7.51157299368583E-17,0.88604728797934));
#12299=DIRECTION('',(0.,1.,-3.16123800171814E-17));
#12300=DIRECTION('',(-0.463594869972108,-2.80100635807959E-17,0.886047287979341));
#12301=DIRECTION('',(-0.844508578449661,1.69297580207994E-17,0.535542025358359));
#12302=DIRECTION('',(-0.535542025358359,0.,-0.844508578449661));
#12303=DIRECTION('',(0.535542025358359,0.,0.844508578449661));
#12304=DIRECTION('',(0.,1.,-3.16123800171814E-17));
#12305=DIRECTION('',(0.535542025358359,-2.66969261097203E-17,0.844508578449661));
#12306=DIRECTION('',(0.041538709529678,3.15850952243736E-17,0.999136895330469));
#12307=DIRECTION('',(-0.999136895330469,0.,0.041538709529678));
#12308=DIRECTION('',(0.999136895330469,0.,-0.041538709529678));
#12309=DIRECTION('',(0.,1.,-3.16123800171814E-17));
#12310=DIRECTION('',(0.999136895330469,1.3131374710755E-18,-0.041538709529678));
#12311=DIRECTION('',(0.886047287979339,1.46553372035742E-17,0.463594869972112));
#12312=DIRECTION('',(-0.463594869972112,0.,0.886047287979339));
#12313=DIRECTION('',(0.463594869972112,0.,-0.886047287979339));
#12314=DIRECTION('',(0.,1.,-3.16123800171814E-17));
#12315=DIRECTION('',(0.463594869972112,2.80100635807958E-17,-0.886047287979339));
#12316=DIRECTION('',(0.844508578449661,-1.69297580207994E-17,-0.535542025358359));
#12317=DIRECTION('',(0.535542025358359,0.,0.844508578449661));
#12318=DIRECTION('',(-0.535542025358359,-7.51157299368578E-17,-0.844508578449661));
#12319=DIRECTION('',(0.,1.,-3.16123800171814E-17));
#12320=DIRECTION('',(-0.535542025358359,2.66969261097203E-17,-0.844508578449661));
#12321=DIRECTION('',(-0.0415387095296778,-3.15850952243736E-17,-0.999136895330469));
#12322=DIRECTION('',(0.999136895330469,0.,-0.0415387095296778));
#12323=DIRECTION('',(-0.999136895330469,0.,0.0415387095296778));
#12324=DIRECTION('',(-0.999136895330469,-1.31313747107549E-18,0.0415387095296778));
#12325=DIRECTION('',(-0.88604728797934,-1.46553372035741E-17,-0.463594869972108));
#12326=DIRECTION('',(0.463594869972108,0.,-0.88604728797934));
#12327=DIRECTION('',(0.,1.,-3.16123800171814E-17));
#12328=DIRECTION('',(-0.463594869972108,7.51157299368583E-17,0.88604728797934));
#12329=DIRECTION('',(0.,1.,-3.16123800171814E-17));
#12330=DIRECTION('',(-0.463594869972108,-2.80100635807959E-17,0.886047287979341));
#12331=DIRECTION('',(-0.844508578449661,1.69297580207994E-17,0.535542025358359));
#12332=DIRECTION('',(-0.535542025358359,0.,-0.844508578449661));
#12333=DIRECTION('',(0.535542025358359,0.,0.844508578449661));
#12334=DIRECTION('',(0.,1.,-3.16123800171814E-17));
#12335=DIRECTION('',(0.535542025358359,-2.66969261097203E-17,0.844508578449661));
#12336=DIRECTION('',(0.041538709529678,3.15850952243736E-17,0.999136895330469));
#12337=DIRECTION('',(-0.999136895330469,0.,0.041538709529678));
#12338=DIRECTION('',(0.999136895330469,0.,-0.041538709529678));
#12339=DIRECTION('',(0.,1.,-3.16123800171814E-17));
#12340=DIRECTION('',(0.999136895330469,1.3131374710755E-18,-0.041538709529678));
#12341=DIRECTION('',(0.886047287979339,1.46553372035742E-17,0.463594869972112));
#12342=DIRECTION('',(-0.463594869972112,0.,0.886047287979339));
#12343=DIRECTION('',(0.463594869972112,0.,-0.886047287979339));
#12344=DIRECTION('',(0.,1.,-3.16123800171814E-17));
#12345=DIRECTION('',(0.463594869972112,2.80100635807958E-17,-0.886047287979339));
#12346=DIRECTION('',(0.844508578449661,-1.69297580207994E-17,-0.535542025358359));
#12347=DIRECTION('',(0.535542025358359,0.,0.844508578449661));
#12348=DIRECTION('',(-0.535542025358359,-7.51157299368578E-17,-0.844508578449661));
#12349=DIRECTION('',(0.,1.,-3.16123800171814E-17));
#12350=DIRECTION('',(-0.535542025358359,2.66969261097203E-17,-0.844508578449661));
#12351=DIRECTION('',(-0.0415387095296778,-3.15850952243736E-17,-0.999136895330469));
#12352=DIRECTION('',(0.999136895330469,0.,-0.0415387095296778));
#12353=DIRECTION('',(-0.999136895330469,0.,0.0415387095296778));
#12354=DIRECTION('',(-0.999136895330469,-1.31313747107549E-18,0.0415387095296778));
#12355=DIRECTION('',(-0.88604728797934,-1.46553372035741E-17,-0.463594869972108));
#12356=DIRECTION('',(0.463594869972108,0.,-0.88604728797934));
#12357=DIRECTION('',(0.,1.,-3.16123800171814E-17));
#12358=DIRECTION('',(-0.463594869972108,7.51157299368583E-17,0.88604728797934));
#12359=DIRECTION('',(0.,1.,-3.16123800171814E-17));
#12360=DIRECTION('',(-0.463594869972108,-2.80100635807959E-17,0.886047287979341));
#12361=DIRECTION('',(-0.844508578449661,1.69297580207994E-17,0.535542025358359));
#12362=DIRECTION('',(-0.535542025358359,0.,-0.844508578449661));
#12363=DIRECTION('',(0.535542025358359,0.,0.844508578449661));
#12364=DIRECTION('',(0.,1.,-3.16123800171814E-17));
#12365=DIRECTION('',(0.535542025358359,-2.66969261097203E-17,0.844508578449661));
#12366=DIRECTION('',(0.041538709529678,3.15850952243736E-17,0.999136895330469));
#12367=DIRECTION('',(-0.999136895330469,0.,0.041538709529678));
#12368=DIRECTION('',(0.999136895330469,0.,-0.041538709529678));
#12369=DIRECTION('',(0.,1.,-3.16123800171814E-17));
#12370=DIRECTION('',(0.999136895330469,1.3131374710755E-18,-0.041538709529678));
#12371=DIRECTION('',(0.886047287979339,1.46553372035742E-17,0.463594869972112));
#12372=DIRECTION('',(-0.463594869972112,0.,0.886047287979339));
#12373=DIRECTION('',(0.463594869972112,0.,-0.886047287979339));
#12374=DIRECTION('',(0.,1.,-3.16123800171814E-17));
#12375=DIRECTION('',(0.463594869972112,2.80100635807958E-17,-0.886047287979339));
#12376=DIRECTION('',(0.844508578449661,-1.69297580207994E-17,-0.535542025358359));
#12377=DIRECTION('',(0.535542025358359,0.,0.844508578449661));
#12378=DIRECTION('',(-0.535542025358359,-7.51157299368578E-17,-0.844508578449661));
#12379=DIRECTION('',(0.,1.,-3.16123800171814E-17));
#12380=DIRECTION('',(-0.535542025358359,2.66969261097203E-17,-0.844508578449661));
#12381=DIRECTION('',(-0.0415387095296778,-3.15850952243736E-17,-0.999136895330469));
#12382=DIRECTION('',(0.999136895330469,0.,-0.0415387095296778));
#12383=DIRECTION('',(-0.999136895330469,0.,0.0415387095296778));
#12384=DIRECTION('',(-0.999136895330469,-1.31313747107549E-18,0.0415387095296778));
#12385=DIRECTION('',(-0.88604728797934,-1.46553372035741E-17,-0.463594869972108));
#12386=DIRECTION('',(0.463594869972108,0.,-0.88604728797934));
#12387=DIRECTION('',(0.,1.,-3.16123800171814E-17));
#12388=DIRECTION('',(-0.463594869972108,7.51157299368583E-17,0.88604728797934));
#12389=DIRECTION('',(0.,1.,-3.16123800171814E-17));
#12390=DIRECTION('',(-0.463594869972108,-2.80100635807959E-17,0.886047287979341));
#12391=DIRECTION('',(-0.844508578449661,1.69297580207994E-17,0.535542025358359));
#12392=DIRECTION('',(-0.535542025358359,0.,-0.844508578449661));
#12393=DIRECTION('',(0.535542025358359,0.,0.844508578449661));
#12394=DIRECTION('',(0.,1.,-3.16123800171814E-17));
#12395=DIRECTION('',(0.535542025358359,-2.66969261097203E-17,0.844508578449661));
#12396=DIRECTION('',(0.041538709529678,3.15850952243736E-17,0.999136895330469));
#12397=DIRECTION('',(-0.999136895330469,0.,0.041538709529678));
#12398=DIRECTION('',(0.999136895330469,0.,-0.041538709529678));
#12399=DIRECTION('',(0.,1.,-3.16123800171814E-17));
#12400=DIRECTION('',(0.999136895330469,1.3131374710755E-18,-0.041538709529678));
#12401=DIRECTION('',(0.886047287979339,1.46553372035742E-17,0.463594869972112));
#12402=DIRECTION('',(-0.463594869972112,0.,0.886047287979339));
#12403=DIRECTION('',(0.463594869972112,0.,-0.886047287979339));
#12404=DIRECTION('',(0.,1.,-3.16123800171814E-17));
#12405=DIRECTION('',(0.463594869972112,2.80100635807958E-17,-0.886047287979339));
#12406=DIRECTION('',(0.844508578449661,-1.69297580207994E-17,-0.535542025358359));
#12407=DIRECTION('',(0.535542025358359,0.,0.844508578449661));
#12408=DIRECTION('',(-0.535542025358359,-7.51157299368578E-17,-0.844508578449661));
#12409=DIRECTION('',(0.,1.,-3.16123800171814E-17));
#12410=DIRECTION('',(-0.535542025358359,2.66969261097203E-17,-0.844508578449661));
#12411=DIRECTION('',(-0.0415387095296778,-3.15850952243736E-17,-0.999136895330469));
#12412=DIRECTION('',(0.999136895330469,0.,-0.0415387095296778));
#12413=DIRECTION('',(-0.999136895330469,0.,0.0415387095296778));
#12414=DIRECTION('',(-0.999136895330469,-1.31313747107549E-18,0.0415387095296778));
#12415=DIRECTION('',(-0.88604728797934,-1.46553372035741E-17,-0.463594869972108));
#12416=DIRECTION('',(0.463594869972108,0.,-0.88604728797934));
#12417=DIRECTION('',(0.,1.,-3.16123800171814E-17));
#12418=DIRECTION('',(-0.463594869972108,7.51157299368583E-17,0.88604728797934));
#12419=DIRECTION('',(0.,1.,-3.16123800171814E-17));
#12420=DIRECTION('',(-0.463594869972108,-2.80100635807959E-17,0.886047287979341));
#12421=DIRECTION('',(-0.844508578449661,1.69297580207994E-17,0.535542025358359));
#12422=DIRECTION('',(-0.535542025358359,0.,-0.844508578449661));
#12423=DIRECTION('',(0.535542025358359,0.,0.844508578449661));
#12424=DIRECTION('',(0.,1.,-3.16123800171814E-17));
#12425=DIRECTION('',(0.535542025358359,-2.66969261097203E-17,0.844508578449661));
#12426=DIRECTION('',(0.041538709529678,3.15850952243736E-17,0.999136895330469));
#12427=DIRECTION('',(-0.999136895330469,0.,0.041538709529678));
#12428=DIRECTION('',(0.999136895330469,0.,-0.041538709529678));
#12429=DIRECTION('',(0.,1.,-3.16123800171814E-17));
#12430=DIRECTION('',(0.999136895330469,1.3131374710755E-18,-0.041538709529678));
#12431=DIRECTION('',(0.886047287979339,1.46553372035742E-17,0.463594869972112));
#12432=DIRECTION('',(-0.463594869972112,0.,0.886047287979339));
#12433=DIRECTION('',(0.463594869972112,0.,-0.886047287979339));
#12434=DIRECTION('',(0.,1.,-3.16123800171814E-17));
#12435=DIRECTION('',(0.463594869972112,2.80100635807958E-17,-0.886047287979339));
#12436=DIRECTION('',(0.844508578449661,-1.69297580207994E-17,-0.535542025358359));
#12437=DIRECTION('',(0.535542025358359,0.,0.844508578449661));
#12438=DIRECTION('',(-0.535542025358359,-7.51157299368578E-17,-0.844508578449661));
#12439=DIRECTION('',(0.,1.,-3.16123800171814E-17));
#12440=DIRECTION('',(-0.535542025358359,2.66969261097203E-17,-0.844508578449661));
#12441=DIRECTION('',(-0.0415387095296778,-3.15850952243736E-17,-0.999136895330469));
#12442=DIRECTION('',(0.999136895330469,0.,-0.0415387095296778));
#12443=DIRECTION('',(-0.999136895330469,0.,0.0415387095296778));
#12444=DIRECTION('',(-0.999136895330469,-1.31313747107549E-18,0.0415387095296778));
#12445=DIRECTION('',(-0.88604728797934,-1.46553372035741E-17,-0.463594869972108));
#12446=DIRECTION('',(0.463594869972108,0.,-0.88604728797934));
#12447=DIRECTION('',(0.,1.,-3.16123800171814E-17));
#12448=DIRECTION('',(-0.463594869972108,7.51157299368583E-17,0.88604728797934));
#12449=DIRECTION('',(0.,1.,-3.16123800171814E-17));
#12450=DIRECTION('',(-0.463594869972108,-2.80100635807959E-17,0.886047287979341));
#12451=DIRECTION('',(-0.844508578449661,1.69297580207994E-17,0.535542025358359));
#12452=DIRECTION('',(-0.535542025358359,0.,-0.844508578449661));
#12453=DIRECTION('',(0.535542025358359,0.,0.844508578449661));
#12454=DIRECTION('',(0.,1.,-3.16123800171814E-17));
#12455=DIRECTION('',(0.535542025358359,-2.66969261097203E-17,0.844508578449661));
#12456=DIRECTION('',(0.041538709529678,3.15850952243736E-17,0.999136895330469));
#12457=DIRECTION('',(-0.999136895330469,0.,0.041538709529678));
#12458=DIRECTION('',(0.999136895330469,0.,-0.041538709529678));
#12459=DIRECTION('',(0.,1.,-3.16123800171814E-17));
#12460=DIRECTION('',(0.999136895330469,1.3131374710755E-18,-0.041538709529678));
#12461=DIRECTION('',(0.886047287979339,1.46553372035742E-17,0.463594869972112));
#12462=DIRECTION('',(-0.463594869972112,0.,0.886047287979339));
#12463=DIRECTION('',(0.463594869972112,0.,-0.886047287979339));
#12464=DIRECTION('',(0.,1.,-3.16123800171814E-17));
#12465=DIRECTION('',(0.463594869972112,2.80100635807958E-17,-0.886047287979339));
#12466=DIRECTION('',(0.844508578449661,-1.69297580207994E-17,-0.535542025358359));
#12467=DIRECTION('',(0.535542025358359,0.,0.844508578449661));
#12468=DIRECTION('',(-0.535542025358359,-7.51157299368578E-17,-0.844508578449661));
#12469=DIRECTION('',(0.,1.,-3.16123800171814E-17));
#12470=DIRECTION('',(-0.535542025358359,2.66969261097203E-17,-0.844508578449661));
#12471=DIRECTION('',(-0.0415387095296778,-3.15850952243736E-17,-0.999136895330469));
#12472=DIRECTION('',(0.999136895330469,0.,-0.0415387095296778));
#12473=DIRECTION('',(-0.999136895330469,0.,0.0415387095296778));
#12474=DIRECTION('',(-0.999136895330469,-1.31313747107549E-18,0.0415387095296778));
#12475=DIRECTION('',(-0.88604728797934,-1.46553372035741E-17,-0.463594869972108));
#12476=DIRECTION('',(0.463594869972108,0.,-0.88604728797934));
#12477=DIRECTION('',(0.,1.,-3.16123800171814E-17));
#12478=DIRECTION('',(-0.463594869972108,7.51157299368583E-17,0.88604728797934));
#12479=DIRECTION('',(0.,1.,-3.16123800171814E-17));
#12480=DIRECTION('',(-0.463594869972108,-2.80100635807959E-17,0.886047287979341));
#12481=DIRECTION('',(-0.844508578449661,1.69297580207994E-17,0.535542025358359));
#12482=DIRECTION('',(-0.535542025358359,0.,-0.844508578449661));
#12483=DIRECTION('',(0.535542025358359,0.,0.844508578449661));
#12484=DIRECTION('',(0.,1.,-3.16123800171814E-17));
#12485=DIRECTION('',(0.535542025358359,-2.66969261097203E-17,0.844508578449661));
#12486=DIRECTION('',(0.041538709529678,3.15850952243736E-17,0.999136895330469));
#12487=DIRECTION('',(-0.999136895330469,0.,0.041538709529678));
#12488=DIRECTION('',(0.999136895330469,0.,-0.041538709529678));
#12489=DIRECTION('',(0.,1.,-3.16123800171814E-17));
#12490=DIRECTION('',(0.999136895330469,1.3131374710755E-18,-0.041538709529678));
#12491=DIRECTION('',(0.886047287979339,1.46553372035742E-17,0.463594869972112));
#12492=DIRECTION('',(-0.463594869972112,0.,0.886047287979339));
#12493=DIRECTION('',(0.463594869972112,0.,-0.886047287979339));
#12494=DIRECTION('',(0.,1.,-3.16123800171814E-17));
#12495=DIRECTION('',(0.463594869972112,2.80100635807958E-17,-0.886047287979339));
#12496=DIRECTION('',(0.844508578449661,-1.69297580207994E-17,-0.535542025358359));
#12497=DIRECTION('',(0.535542025358359,0.,0.844508578449661));
#12498=DIRECTION('',(-0.535542025358359,-7.51157299368578E-17,-0.844508578449661));
#12499=DIRECTION('',(0.,1.,-3.16123800171814E-17));
#12500=DIRECTION('',(-0.535542025358359,2.66969261097203E-17,-0.844508578449661));
#12501=DIRECTION('',(-0.0415387095296778,-3.15850952243736E-17,-0.999136895330469));
#12502=DIRECTION('',(0.999136895330469,0.,-0.0415387095296778));
#12503=DIRECTION('',(-0.999136895330469,0.,0.0415387095296778));
#12504=DIRECTION('',(-0.999136895330469,-1.31313747107549E-18,0.0415387095296778));
#12505=DIRECTION('',(-0.88604728797934,-1.46553372035741E-17,-0.463594869972108));
#12506=DIRECTION('',(0.463594869972108,0.,-0.88604728797934));
#12507=DIRECTION('',(0.,1.,-3.16123800171814E-17));
#12508=DIRECTION('',(-0.463594869972108,7.51157299368583E-17,0.88604728797934));
#12509=DIRECTION('',(0.,1.,-3.16123800171814E-17));
#12510=DIRECTION('',(-0.463594869972108,-2.80100635807959E-17,0.886047287979341));
#12511=DIRECTION('',(-0.844508578449661,1.69297580207994E-17,0.535542025358359));
#12512=DIRECTION('',(-0.535542025358359,0.,-0.844508578449661));
#12513=DIRECTION('',(0.535542025358359,0.,0.844508578449661));
#12514=DIRECTION('',(0.,1.,-3.16123800171814E-17));
#12515=DIRECTION('',(0.535542025358359,-2.66969261097203E-17,0.844508578449661));
#12516=DIRECTION('',(0.041538709529678,3.15850952243736E-17,0.999136895330469));
#12517=DIRECTION('',(-0.999136895330469,0.,0.041538709529678));
#12518=DIRECTION('',(0.999136895330469,0.,-0.041538709529678));
#12519=DIRECTION('',(0.,1.,-3.16123800171814E-17));
#12520=DIRECTION('',(0.999136895330469,1.3131374710755E-18,-0.041538709529678));
#12521=DIRECTION('',(0.886047287979339,1.46553372035742E-17,0.463594869972112));
#12522=DIRECTION('',(-0.463594869972112,0.,0.886047287979339));
#12523=DIRECTION('',(0.463594869972112,0.,-0.886047287979339));
#12524=DIRECTION('',(0.,1.,-3.16123800171814E-17));
#12525=DIRECTION('',(0.463594869972112,2.80100635807958E-17,-0.886047287979339));
#12526=DIRECTION('',(0.844508578449661,-1.69297580207994E-17,-0.535542025358359));
#12527=DIRECTION('',(0.535542025358359,0.,0.844508578449661));
#12528=DIRECTION('',(-0.535542025358359,-7.51157299368578E-17,-0.844508578449661));
#12529=DIRECTION('',(0.,1.,-3.16123800171814E-17));
#12530=DIRECTION('',(-0.535542025358359,2.66969261097203E-17,-0.844508578449661));
#12531=DIRECTION('',(-0.0415387095296778,-3.15850952243736E-17,-0.999136895330469));
#12532=DIRECTION('',(0.999136895330469,0.,-0.0415387095296778));
#12533=DIRECTION('',(-0.999136895330469,0.,0.0415387095296778));
#12534=DIRECTION('',(-0.999136895330469,-1.31313747107549E-18,0.0415387095296778));
#12535=DIRECTION('',(-0.88604728797934,-1.46553372035741E-17,-0.463594869972108));
#12536=DIRECTION('',(0.463594869972108,0.,-0.88604728797934));
#12537=DIRECTION('',(0.,1.,-3.16123800171814E-17));
#12538=DIRECTION('',(-0.463594869972108,7.51157299368583E-17,0.88604728797934));
#12539=DIRECTION('',(0.,1.,-3.16123800171814E-17));
#12540=DIRECTION('',(-0.463594869972108,-2.80100635807959E-17,0.886047287979341));
#12541=DIRECTION('',(-0.844508578449661,1.69297580207994E-17,0.535542025358359));
#12542=DIRECTION('',(-0.535542025358359,0.,-0.844508578449661));
#12543=DIRECTION('',(0.535542025358359,0.,0.844508578449661));
#12544=DIRECTION('',(0.,1.,-3.16123800171814E-17));
#12545=DIRECTION('',(0.535542025358359,-2.66969261097203E-17,0.844508578449661));
#12546=DIRECTION('',(0.041538709529678,3.15850952243736E-17,0.999136895330469));
#12547=DIRECTION('',(-0.999136895330469,0.,0.041538709529678));
#12548=DIRECTION('',(0.999136895330469,0.,-0.041538709529678));
#12549=DIRECTION('',(0.,1.,-3.16123800171814E-17));
#12550=DIRECTION('',(0.999136895330469,1.3131374710755E-18,-0.041538709529678));
#12551=DIRECTION('',(0.886047287979339,1.46553372035742E-17,0.463594869972112));
#12552=DIRECTION('',(-0.463594869972112,0.,0.886047287979339));
#12553=DIRECTION('',(0.463594869972112,0.,-0.886047287979339));
#12554=DIRECTION('',(0.,1.,-3.16123800171814E-17));
#12555=DIRECTION('',(0.463594869972112,2.80100635807958E-17,-0.886047287979339));
#12556=DIRECTION('',(0.844508578449661,-1.69297580207994E-17,-0.535542025358359));
#12557=DIRECTION('',(0.535542025358359,0.,0.844508578449661));
#12558=DIRECTION('',(-0.535542025358359,-7.51157299368578E-17,-0.844508578449661));
#12559=DIRECTION('',(0.,1.,-3.16123800171814E-17));
#12560=DIRECTION('',(-0.535542025358359,2.66969261097203E-17,-0.844508578449661));
#12561=DIRECTION('',(-0.0415387095296778,-3.15850952243736E-17,-0.999136895330469));
#12562=DIRECTION('',(0.999136895330469,0.,-0.0415387095296778));
#12563=DIRECTION('',(-0.999136895330469,0.,0.0415387095296778));
#12564=DIRECTION('',(-0.999136895330469,-1.31313747107549E-18,0.0415387095296778));
#12565=DIRECTION('',(-0.88604728797934,-1.46553372035741E-17,-0.463594869972108));
#12566=DIRECTION('',(0.463594869972108,0.,-0.88604728797934));
#12567=DIRECTION('',(0.,1.,-3.16123800171814E-17));
#12568=DIRECTION('',(-0.463594869972108,7.51157299368583E-17,0.88604728797934));
#12569=DIRECTION('',(0.,1.,-3.16123800171814E-17));
#12570=DIRECTION('',(-0.463594869972108,-2.80100635807959E-17,0.886047287979341));
#12571=DIRECTION('',(-0.844508578449661,1.69297580207994E-17,0.535542025358359));
#12572=DIRECTION('',(-0.535542025358359,0.,-0.844508578449661));
#12573=DIRECTION('',(0.535542025358359,0.,0.844508578449661));
#12574=DIRECTION('',(0.,1.,-3.16123800171814E-17));
#12575=DIRECTION('',(0.535542025358359,-2.66969261097203E-17,0.844508578449661));
#12576=DIRECTION('',(0.041538709529678,3.15850952243736E-17,0.999136895330469));
#12577=DIRECTION('',(-0.999136895330469,0.,0.041538709529678));
#12578=DIRECTION('',(0.999136895330469,0.,-0.041538709529678));
#12579=DIRECTION('',(0.,1.,-3.16123800171814E-17));
#12580=DIRECTION('',(0.999136895330469,1.3131374710755E-18,-0.041538709529678));
#12581=DIRECTION('',(0.886047287979339,1.46553372035742E-17,0.463594869972112));
#12582=DIRECTION('',(-0.463594869972112,0.,0.886047287979339));
#12583=DIRECTION('',(0.463594869972112,0.,-0.886047287979339));
#12584=DIRECTION('',(0.,1.,-3.16123800171814E-17));
#12585=DIRECTION('',(0.463594869972112,2.80100635807958E-17,-0.886047287979339));
#12586=DIRECTION('',(0.844508578449661,-1.69297580207994E-17,-0.535542025358359));
#12587=DIRECTION('',(0.535542025358359,0.,0.844508578449661));
#12588=DIRECTION('',(-0.535542025358359,-7.51157299368578E-17,-0.844508578449661));
#12589=DIRECTION('',(0.,1.,-3.16123800171814E-17));
#12590=DIRECTION('',(-0.535542025358359,2.66969261097203E-17,-0.844508578449661));
#12591=DIRECTION('',(-0.0415387095296778,-3.15850952243736E-17,-0.999136895330469));
#12592=DIRECTION('',(0.999136895330469,0.,-0.0415387095296778));
#12593=DIRECTION('',(-0.999136895330469,0.,0.0415387095296778));
#12594=DIRECTION('',(-0.999136895330469,-1.31313747107549E-18,0.0415387095296778));
#12595=DIRECTION('',(-0.88604728797934,-1.46553372035741E-17,-0.463594869972108));
#12596=DIRECTION('',(0.463594869972108,0.,-0.88604728797934));
#12597=DIRECTION('',(0.,1.,-3.16123800171814E-17));
#12598=DIRECTION('',(-0.463594869972108,7.51157299368583E-17,0.88604728797934));
#12599=DIRECTION('',(0.,1.,-3.16123800171814E-17));
#12600=DIRECTION('',(-0.463594869972108,-2.80100635807959E-17,0.886047287979341));
#12601=DIRECTION('',(-0.844508578449661,1.69297580207994E-17,0.535542025358359));
#12602=DIRECTION('',(-0.535542025358359,0.,-0.844508578449661));
#12603=DIRECTION('',(0.535542025358359,0.,0.844508578449661));
#12604=DIRECTION('',(0.,1.,-3.16123800171814E-17));
#12605=DIRECTION('',(0.535542025358359,-2.66969261097203E-17,0.844508578449661));
#12606=DIRECTION('',(0.041538709529678,3.15850952243736E-17,0.999136895330469));
#12607=DIRECTION('',(-0.999136895330469,0.,0.041538709529678));
#12608=DIRECTION('',(0.999136895330469,0.,-0.041538709529678));
#12609=DIRECTION('',(0.,1.,-3.16123800171814E-17));
#12610=DIRECTION('',(0.999136895330469,1.3131374710755E-18,-0.041538709529678));
#12611=DIRECTION('',(0.886047287979339,1.46553372035742E-17,0.463594869972112));
#12612=DIRECTION('',(-0.463594869972112,0.,0.886047287979339));
#12613=DIRECTION('',(0.463594869972112,0.,-0.886047287979339));
#12614=DIRECTION('',(0.,1.,-3.16123800171814E-17));
#12615=DIRECTION('',(0.463594869972112,2.80100635807958E-17,-0.886047287979339));
#12616=DIRECTION('',(0.844508578449661,-1.69297580207994E-17,-0.535542025358359));
#12617=DIRECTION('',(0.535542025358359,0.,0.844508578449661));
#12618=DIRECTION('',(-0.535542025358359,-7.51157299368578E-17,-0.844508578449661));
#12619=DIRECTION('',(0.,1.,-3.16123800171814E-17));
#12620=DIRECTION('',(-0.535542025358359,2.66969261097203E-17,-0.844508578449661));
#12621=DIRECTION('',(-0.0415387095296778,-3.15850952243736E-17,-0.999136895330469));
#12622=DIRECTION('',(0.999136895330469,0.,-0.0415387095296778));
#12623=DIRECTION('',(-0.999136895330469,0.,0.0415387095296778));
#12624=DIRECTION('',(-0.999136895330469,-1.31313747107549E-18,0.0415387095296778));
#12625=DIRECTION('',(-1.,0.,0.));
#12626=DIRECTION('',(0.,-1.,0.));
#12627=DIRECTION('',(0.,1.,-3.16123800171814E-17));
#12628=DIRECTION('',(0.,3.61400724161835E-17,1.));
#12629=DIRECTION('',(0.,1.,-3.16123800171814E-17));
#12630=DIRECTION('',(0.,-3.16123800171814E-17,1.));
#12631=DIRECTION('',(0.,1.,-3.16123800171814E-17));
#12632=DIRECTION('',(0.,3.16123800171814E-17,1.));
#12633=DIRECTION('',(0.,1.,-3.16123800171814E-17));
#12634=DIRECTION('',(0.,3.16123800171814E-17,1.));
#12635=DIRECTION('',(0.,1.,-3.16123800171814E-17));
#12636=DIRECTION('',(0.,1.,3.16123800171814E-17));
#12637=DIRECTION('',(0.,-3.16123800171814E-17,1.));
#12638=DIRECTION('',(1.,0.,0.));
#12639=DIRECTION('',(0.,1.,0.));
#12640=DIRECTION('',(0.,-3.61400724161835E-17,-1.));
#12641=DIRECTION('',(0.,1.,-3.16123800171814E-17));
#12642=DIRECTION('',(0.,3.16123800171814E-17,-1.));
#12643=DIRECTION('',(0.,1.,-3.16123800171814E-17));
#12644=DIRECTION('',(0.,3.16123800171814E-17,1.));
#12645=DIRECTION('',(0.,1.,-3.16123800171814E-17));
#12646=DIRECTION('',(0.,3.16123800171814E-17,1.));
#12647=DIRECTION('',(0.,1.,3.16123800171814E-17));
#12648=DIRECTION('',(0.,-3.16123800171814E-17,1.));
#12649=DIRECTION('',(-1.,0.,0.));
#12650=DIRECTION('',(0.,-1.,0.));
#12651=DIRECTION('',(0.,1.,-3.16123800171814E-17));
#12652=DIRECTION('',(0.,3.61400724161835E-17,1.));
#12653=DIRECTION('',(0.,1.,-3.16123800171814E-17));
#12654=DIRECTION('',(0.,-3.16123800171814E-17,1.));
#12655=DIRECTION('',(0.,1.,-3.16123800171814E-17));
#12656=DIRECTION('',(0.,3.16123800171814E-17,1.));
#12657=DIRECTION('',(0.,1.,-3.16123800171814E-17));
#12658=DIRECTION('',(0.,3.16123800171814E-17,1.));
#12659=DIRECTION('',(0.,1.,-3.16123800171814E-17));
#12660=DIRECTION('',(0.,1.,3.16123800171814E-17));
#12661=DIRECTION('',(0.,-3.16123800171814E-17,1.));
#12662=DIRECTION('',(1.,0.,0.));
#12663=DIRECTION('',(0.,1.,0.));
#12664=DIRECTION('',(0.,-3.61400724161835E-17,-1.));
#12665=DIRECTION('',(0.,1.,-3.16123800171814E-17));
#12666=DIRECTION('',(0.,3.16123800171814E-17,-1.));
#12667=DIRECTION('',(0.,1.,-3.16123800171814E-17));
#12668=DIRECTION('',(0.,3.16123800171814E-17,1.));
#12669=DIRECTION('',(0.,1.,-3.16123800171814E-17));
#12670=DIRECTION('',(0.,3.16123800171814E-17,1.));
#12671=DIRECTION('',(0.,1.,3.16123800171814E-17));
#12672=DIRECTION('',(0.,-3.16123800171814E-17,1.));
#12673=DIRECTION('',(-1.,0.,0.));
#12674=DIRECTION('',(0.,-1.,0.));
#12675=DIRECTION('',(0.,1.,-3.16123800171814E-17));
#12676=DIRECTION('',(0.,3.61400724161835E-17,1.));
#12677=DIRECTION('',(0.,1.,-3.16123800171814E-17));
#12678=DIRECTION('',(0.,-3.16123800171814E-17,1.));
#12679=DIRECTION('',(0.,1.,-3.16123800171814E-17));
#12680=DIRECTION('',(0.,3.16123800171814E-17,1.));
#12681=DIRECTION('',(0.,1.,-3.16123800171814E-17));
#12682=DIRECTION('',(0.,3.16123800171814E-17,1.));
#12683=DIRECTION('',(0.,1.,-3.16123800171814E-17));
#12684=DIRECTION('',(0.,1.,3.16123800171814E-17));
#12685=DIRECTION('',(0.,-3.16123800171814E-17,1.));
#12686=DIRECTION('',(1.,0.,0.));
#12687=DIRECTION('',(0.,1.,0.));
#12688=DIRECTION('',(0.,-3.61400724161835E-17,-1.));
#12689=DIRECTION('',(0.,1.,-3.16123800171814E-17));
#12690=DIRECTION('',(0.,3.16123800171814E-17,-1.));
#12691=DIRECTION('',(0.,1.,-3.16123800171814E-17));
#12692=DIRECTION('',(0.,3.16123800171814E-17,1.));
#12693=DIRECTION('',(0.,1.,-3.16123800171814E-17));
#12694=DIRECTION('',(0.,3.16123800171814E-17,1.));
#12695=DIRECTION('',(0.,1.,3.16123800171814E-17));
#12696=DIRECTION('',(0.,-3.16123800171814E-17,1.));
#12697=DIRECTION('',(-1.,0.,0.));
#12698=DIRECTION('',(0.,-1.,0.));
#12699=DIRECTION('',(0.,1.,-3.16123800171814E-17));
#12700=DIRECTION('',(0.,3.61400724161835E-17,1.));
#12701=DIRECTION('',(0.,1.,-3.16123800171814E-17));
#12702=DIRECTION('',(0.,-3.16123800171814E-17,1.));
#12703=DIRECTION('',(0.,1.,-3.16123800171814E-17));
#12704=DIRECTION('',(0.,3.16123800171814E-17,1.));
#12705=DIRECTION('',(0.,1.,-3.16123800171814E-17));
#12706=DIRECTION('',(0.,3.16123800171814E-17,1.));
#12707=DIRECTION('',(0.,1.,-3.16123800171814E-17));
#12708=DIRECTION('',(0.,1.,3.16123800171814E-17));
#12709=DIRECTION('',(0.,-3.16123800171814E-17,1.));
#12710=DIRECTION('',(1.,0.,0.));
#12711=DIRECTION('',(0.,1.,0.));
#12712=DIRECTION('',(0.,-3.61400724161835E-17,-1.));
#12713=DIRECTION('',(0.,1.,-3.16123800171814E-17));
#12714=DIRECTION('',(0.,3.16123800171814E-17,-1.));
#12715=DIRECTION('',(0.,1.,-3.16123800171814E-17));
#12716=DIRECTION('',(0.,3.16123800171814E-17,1.));
#12717=DIRECTION('',(0.,1.,-3.16123800171814E-17));
#12718=DIRECTION('',(0.,3.16123800171814E-17,1.));
#12719=DIRECTION('',(0.,1.,3.16123800171814E-17));
#12720=DIRECTION('',(0.,-3.16123800171814E-17,1.));
#12721=DIRECTION('',(-1.,0.,0.));
#12722=DIRECTION('',(0.,-1.,0.));
#12723=DIRECTION('',(0.,1.,-3.16123800171814E-17));
#12724=DIRECTION('',(0.,3.61400724161835E-17,1.));
#12725=DIRECTION('',(0.,1.,-3.16123800171814E-17));
#12726=DIRECTION('',(0.,-3.16123800171814E-17,1.));
#12727=DIRECTION('',(0.,1.,-3.16123800171814E-17));
#12728=DIRECTION('',(0.,3.16123800171814E-17,1.));
#12729=DIRECTION('',(0.,1.,-3.16123800171814E-17));
#12730=DIRECTION('',(0.,3.16123800171814E-17,1.));
#12731=DIRECTION('',(0.,1.,-3.16123800171814E-17));
#12732=DIRECTION('',(0.,1.,3.16123800171814E-17));
#12733=DIRECTION('',(0.,-3.16123800171814E-17,1.));
#12734=DIRECTION('',(1.,0.,0.));
#12735=DIRECTION('',(0.,1.,0.));
#12736=DIRECTION('',(0.,-3.61400724161835E-17,-1.));
#12737=DIRECTION('',(0.,1.,-3.16123800171814E-17));
#12738=DIRECTION('',(0.,3.16123800171814E-17,-1.));
#12739=DIRECTION('',(0.,1.,-3.16123800171814E-17));
#12740=DIRECTION('',(0.,3.16123800171814E-17,1.));
#12741=DIRECTION('',(0.,1.,-3.16123800171814E-17));
#12742=DIRECTION('',(0.,3.16123800171814E-17,1.));
#12743=DIRECTION('',(0.,1.,3.16123800171814E-17));
#12744=DIRECTION('',(0.,-3.16123800171814E-17,1.));
#12745=DIRECTION('',(-1.,0.,0.));
#12746=DIRECTION('',(0.,-1.,0.));
#12747=DIRECTION('',(0.,1.,-3.16123800171814E-17));
#12748=DIRECTION('',(0.,3.61400724161835E-17,1.));
#12749=DIRECTION('',(0.,1.,-3.16123800171814E-17));
#12750=DIRECTION('',(0.,-3.16123800171814E-17,1.));
#12751=DIRECTION('',(0.,1.,-3.16123800171814E-17));
#12752=DIRECTION('',(0.,3.16123800171814E-17,1.));
#12753=DIRECTION('',(0.,1.,-3.16123800171814E-17));
#12754=DIRECTION('',(0.,3.16123800171814E-17,1.));
#12755=DIRECTION('',(0.,1.,-3.16123800171814E-17));
#12756=DIRECTION('',(0.,1.,3.16123800171814E-17));
#12757=DIRECTION('',(0.,-3.16123800171814E-17,1.));
#12758=DIRECTION('',(1.,0.,0.));
#12759=DIRECTION('',(0.,1.,0.));
#12760=DIRECTION('',(0.,-3.61400724161835E-17,-1.));
#12761=DIRECTION('',(0.,1.,-3.16123800171814E-17));
#12762=DIRECTION('',(0.,3.16123800171814E-17,-1.));
#12763=DIRECTION('',(0.,1.,-3.16123800171814E-17));
#12764=DIRECTION('',(0.,3.16123800171814E-17,1.));
#12765=DIRECTION('',(0.,1.,-3.16123800171814E-17));
#12766=DIRECTION('',(0.,3.16123800171814E-17,1.));
#12767=DIRECTION('',(0.,1.,3.16123800171814E-17));
#12768=DIRECTION('',(0.,-3.16123800171814E-17,1.));
#12769=DIRECTION('',(-1.,0.,0.));
#12770=DIRECTION('',(0.,-1.,0.));
#12771=DIRECTION('',(0.,1.,-3.16123800171814E-17));
#12772=DIRECTION('',(0.,3.61400724161835E-17,1.));
#12773=DIRECTION('',(0.,1.,-3.16123800171814E-17));
#12774=DIRECTION('',(0.,-3.16123800171814E-17,1.));
#12775=DIRECTION('',(0.,1.,-3.16123800171814E-17));
#12776=DIRECTION('',(0.,3.16123800171814E-17,1.));
#12777=DIRECTION('',(0.,1.,-3.16123800171814E-17));
#12778=DIRECTION('',(0.,3.16123800171814E-17,1.));
#12779=DIRECTION('',(0.,1.,-3.16123800171814E-17));
#12780=DIRECTION('',(0.,1.,3.16123800171814E-17));
#12781=DIRECTION('',(0.,-3.16123800171814E-17,1.));
#12782=DIRECTION('',(1.,0.,0.));
#12783=DIRECTION('',(0.,1.,0.));
#12784=DIRECTION('',(0.,-3.61400724161835E-17,-1.));
#12785=DIRECTION('',(0.,1.,-3.16123800171814E-17));
#12786=DIRECTION('',(0.,3.16123800171814E-17,-1.));
#12787=DIRECTION('',(0.,1.,-3.16123800171814E-17));
#12788=DIRECTION('',(0.,3.16123800171814E-17,1.));
#12789=DIRECTION('',(0.,1.,-3.16123800171814E-17));
#12790=DIRECTION('',(0.,3.16123800171814E-17,1.));
#12791=DIRECTION('',(0.,1.,3.16123800171814E-17));
#12792=DIRECTION('',(0.,-3.16123800171814E-17,1.));
#12793=DIRECTION('',(-1.,0.,0.));
#12794=DIRECTION('',(0.,-1.,0.));
#12795=DIRECTION('',(0.,1.,-3.16123800171814E-17));
#12796=DIRECTION('',(0.,3.61400724161835E-17,1.));
#12797=DIRECTION('',(0.,1.,-3.16123800171814E-17));
#12798=DIRECTION('',(0.,-3.16123800171814E-17,1.));
#12799=DIRECTION('',(0.,1.,-3.16123800171814E-17));
#12800=DIRECTION('',(0.,3.16123800171814E-17,1.));
#12801=DIRECTION('',(0.,1.,-3.16123800171814E-17));
#12802=DIRECTION('',(0.,3.16123800171814E-17,1.));
#12803=DIRECTION('',(0.,1.,-3.16123800171814E-17));
#12804=DIRECTION('',(0.,1.,3.16123800171814E-17));
#12805=DIRECTION('',(0.,-3.16123800171814E-17,1.));
#12806=DIRECTION('',(1.,0.,0.));
#12807=DIRECTION('',(0.,1.,0.));
#12808=DIRECTION('',(0.,-3.61400724161835E-17,-1.));
#12809=DIRECTION('',(0.,1.,-3.16123800171814E-17));
#12810=DIRECTION('',(0.,3.16123800171814E-17,-1.));
#12811=DIRECTION('',(0.,1.,-3.16123800171814E-17));
#12812=DIRECTION('',(0.,3.16123800171814E-17,1.));
#12813=DIRECTION('',(0.,1.,-3.16123800171814E-17));
#12814=DIRECTION('',(0.,3.16123800171814E-17,1.));
#12815=DIRECTION('',(0.,1.,3.16123800171814E-17));
#12816=DIRECTION('',(0.,-3.16123800171814E-17,1.));
#12817=DIRECTION('',(-1.,0.,0.));
#12818=DIRECTION('',(0.,-1.,0.));
#12819=DIRECTION('',(0.,1.,-3.16123800171814E-17));
#12820=DIRECTION('',(0.,3.61400724161835E-17,1.));
#12821=DIRECTION('',(0.,1.,-3.16123800171814E-17));
#12822=DIRECTION('',(0.,-3.16123800171814E-17,1.));
#12823=DIRECTION('',(0.,1.,-3.16123800171814E-17));
#12824=DIRECTION('',(0.,3.16123800171814E-17,1.));
#12825=DIRECTION('',(0.,1.,-3.16123800171814E-17));
#12826=DIRECTION('',(0.,3.16123800171814E-17,1.));
#12827=DIRECTION('',(0.,1.,-3.16123800171814E-17));
#12828=DIRECTION('',(0.,1.,3.16123800171814E-17));
#12829=DIRECTION('',(0.,-3.16123800171814E-17,1.));
#12830=DIRECTION('',(1.,0.,0.));
#12831=DIRECTION('',(0.,1.,0.));
#12832=DIRECTION('',(0.,-3.61400724161835E-17,-1.));
#12833=DIRECTION('',(0.,1.,-3.16123800171814E-17));
#12834=DIRECTION('',(0.,3.16123800171814E-17,-1.));
#12835=DIRECTION('',(0.,1.,-3.16123800171814E-17));
#12836=DIRECTION('',(0.,3.16123800171814E-17,1.));
#12837=DIRECTION('',(0.,1.,-3.16123800171814E-17));
#12838=DIRECTION('',(0.,3.16123800171814E-17,1.));
#12839=DIRECTION('',(0.,1.,3.16123800171814E-17));
#12840=DIRECTION('',(0.,-3.16123800171814E-17,1.));
#12841=DIRECTION('',(-1.,0.,0.));
#12842=DIRECTION('',(0.,-1.,0.));
#12843=DIRECTION('',(0.,1.,-3.16123800171814E-17));
#12844=DIRECTION('',(0.,3.61400724161835E-17,1.));
#12845=DIRECTION('',(0.,1.,-3.16123800171814E-17));
#12846=DIRECTION('',(0.,-3.16123800171814E-17,1.));
#12847=DIRECTION('',(0.,1.,-3.16123800171814E-17));
#12848=DIRECTION('',(0.,3.16123800171814E-17,1.));
#12849=DIRECTION('',(0.,1.,-3.16123800171814E-17));
#12850=DIRECTION('',(0.,3.16123800171814E-17,1.));
#12851=DIRECTION('',(0.,1.,-3.16123800171814E-17));
#12852=DIRECTION('',(0.,1.,3.16123800171814E-17));
#12853=DIRECTION('',(0.,-3.16123800171814E-17,1.));
#12854=DIRECTION('',(1.,0.,0.));
#12855=DIRECTION('',(0.,1.,0.));
#12856=DIRECTION('',(0.,-3.61400724161835E-17,-1.));
#12857=DIRECTION('',(0.,1.,-3.16123800171814E-17));
#12858=DIRECTION('',(0.,3.16123800171814E-17,-1.));
#12859=DIRECTION('',(0.,1.,-3.16123800171814E-17));
#12860=DIRECTION('',(0.,3.16123800171814E-17,1.));
#12861=DIRECTION('',(0.,1.,-3.16123800171814E-17));
#12862=DIRECTION('',(0.,3.16123800171814E-17,1.));
#12863=DIRECTION('',(0.,1.,3.16123800171814E-17));
#12864=DIRECTION('',(0.,-3.16123800171814E-17,1.));
#12865=DIRECTION('',(-1.,0.,0.));
#12866=DIRECTION('',(0.,-1.,0.));
#12867=DIRECTION('',(0.,1.,-3.16123800171814E-17));
#12868=DIRECTION('',(0.,3.61400724161835E-17,1.));
#12869=DIRECTION('',(0.,1.,-3.16123800171814E-17));
#12870=DIRECTION('',(0.,-3.16123800171814E-17,1.));
#12871=DIRECTION('',(0.,1.,-3.16123800171814E-17));
#12872=DIRECTION('',(0.,3.16123800171814E-17,1.));
#12873=DIRECTION('',(0.,1.,-3.16123800171814E-17));
#12874=DIRECTION('',(0.,3.16123800171814E-17,1.));
#12875=DIRECTION('',(0.,1.,-3.16123800171814E-17));
#12876=DIRECTION('',(0.,1.,3.16123800171814E-17));
#12877=DIRECTION('',(0.,-3.16123800171814E-17,1.));
#12878=DIRECTION('',(1.,0.,0.));
#12879=DIRECTION('',(0.,1.,0.));
#12880=DIRECTION('',(0.,-3.61400724161835E-17,-1.));
#12881=DIRECTION('',(0.,1.,-3.16123800171814E-17));
#12882=DIRECTION('',(0.,3.16123800171814E-17,-1.));
#12883=DIRECTION('',(0.,1.,-3.16123800171814E-17));
#12884=DIRECTION('',(0.,3.16123800171814E-17,1.));
#12885=DIRECTION('',(0.,1.,-3.16123800171814E-17));
#12886=DIRECTION('',(0.,3.16123800171814E-17,1.));
#12887=DIRECTION('',(0.,1.,3.16123800171814E-17));
#12888=DIRECTION('',(0.,-3.16123800171814E-17,1.));
#12889=DIRECTION('',(-1.,0.,0.));
#12890=DIRECTION('',(0.,-1.,0.));
#12891=DIRECTION('',(0.,1.,-3.16123800171814E-17));
#12892=DIRECTION('',(0.,3.61400724161835E-17,1.));
#12893=DIRECTION('',(0.,1.,-3.16123800171814E-17));
#12894=DIRECTION('',(0.,-3.16123800171814E-17,1.));
#12895=DIRECTION('',(0.,1.,-3.16123800171814E-17));
#12896=DIRECTION('',(0.,3.16123800171814E-17,1.));
#12897=DIRECTION('',(0.,1.,-3.16123800171814E-17));
#12898=DIRECTION('',(0.,3.16123800171814E-17,1.));
#12899=DIRECTION('',(0.,1.,-3.16123800171814E-17));
#12900=DIRECTION('',(0.,1.,3.16123800171814E-17));
#12901=DIRECTION('',(0.,-3.16123800171814E-17,1.));
#12902=DIRECTION('',(1.,0.,0.));
#12903=DIRECTION('',(0.,1.,0.));
#12904=DIRECTION('',(0.,-3.61400724161835E-17,-1.));
#12905=DIRECTION('',(0.,1.,-3.16123800171814E-17));
#12906=DIRECTION('',(0.,3.16123800171814E-17,-1.));
#12907=DIRECTION('',(0.,1.,-3.16123800171814E-17));
#12908=DIRECTION('',(0.,3.16123800171814E-17,1.));
#12909=DIRECTION('',(0.,1.,-3.16123800171814E-17));
#12910=DIRECTION('',(0.,3.16123800171814E-17,1.));
#12911=DIRECTION('',(0.,1.,3.16123800171814E-17));
#12912=DIRECTION('',(0.,-3.16123800171814E-17,1.));
#12913=DIRECTION('',(-1.,0.,0.));
#12914=DIRECTION('',(0.,-1.,0.));
#12915=DIRECTION('',(0.,1.,-3.16123800171814E-17));
#12916=DIRECTION('',(0.,3.61400724161835E-17,1.));
#12917=DIRECTION('',(0.,1.,-3.16123800171814E-17));
#12918=DIRECTION('',(0.,-3.16123800171814E-17,1.));
#12919=DIRECTION('',(0.,1.,-3.16123800171814E-17));
#12920=DIRECTION('',(0.,3.16123800171814E-17,1.));
#12921=DIRECTION('',(0.,1.,-3.16123800171814E-17));
#12922=DIRECTION('',(0.,3.16123800171814E-17,1.));
#12923=DIRECTION('',(0.,1.,-3.16123800171814E-17));
#12924=DIRECTION('',(0.,1.,3.16123800171814E-17));
#12925=DIRECTION('',(0.,-3.16123800171814E-17,1.));
#12926=DIRECTION('',(1.,0.,0.));
#12927=DIRECTION('',(0.,1.,0.));
#12928=DIRECTION('',(0.,-3.61400724161835E-17,-1.));
#12929=DIRECTION('',(0.,1.,-3.16123800171814E-17));
#12930=DIRECTION('',(0.,3.16123800171814E-17,-1.));
#12931=DIRECTION('',(0.,1.,-3.16123800171814E-17));
#12932=DIRECTION('',(0.,3.16123800171814E-17,1.));
#12933=DIRECTION('',(0.,1.,-3.16123800171814E-17));
#12934=DIRECTION('',(0.,3.16123800171814E-17,1.));
#12935=DIRECTION('',(0.,1.,3.16123800171814E-17));
#12936=DIRECTION('',(0.,-3.16123800171814E-17,1.));
#12937=DIRECTION('',(-1.,0.,0.));
#12938=DIRECTION('',(0.,-1.,0.));
#12939=DIRECTION('',(0.,1.,-3.16123800171814E-17));
#12940=DIRECTION('',(0.,3.61400724161835E-17,1.));
#12941=DIRECTION('',(0.,1.,-3.16123800171814E-17));
#12942=DIRECTION('',(0.,-3.16123800171814E-17,1.));
#12943=DIRECTION('',(0.,1.,-3.16123800171814E-17));
#12944=DIRECTION('',(0.,3.16123800171814E-17,1.));
#12945=DIRECTION('',(0.,1.,-3.16123800171814E-17));
#12946=DIRECTION('',(0.,3.16123800171814E-17,1.));
#12947=DIRECTION('',(0.,1.,-3.16123800171814E-17));
#12948=DIRECTION('',(0.,1.,3.16123800171814E-17));
#12949=DIRECTION('',(0.,-3.16123800171814E-17,1.));
#12950=DIRECTION('',(1.,0.,0.));
#12951=DIRECTION('',(0.,1.,0.));
#12952=DIRECTION('',(0.,-3.61400724161835E-17,-1.));
#12953=DIRECTION('',(0.,1.,-3.16123800171814E-17));
#12954=DIRECTION('',(0.,3.16123800171814E-17,-1.));
#12955=DIRECTION('',(0.,1.,-3.16123800171814E-17));
#12956=DIRECTION('',(0.,3.16123800171814E-17,1.));
#12957=DIRECTION('',(0.,1.,-3.16123800171814E-17));
#12958=DIRECTION('',(0.,3.16123800171814E-17,1.));
#12959=DIRECTION('',(0.,1.,3.16123800171814E-17));
#12960=DIRECTION('',(0.,-3.16123800171814E-17,1.));
#12961=DIRECTION('',(-1.,0.,0.));
#12962=DIRECTION('',(0.,-1.,0.));
#12963=DIRECTION('',(0.,1.,-3.16123800171814E-17));
#12964=DIRECTION('',(0.,3.61400724161835E-17,1.));
#12965=DIRECTION('',(0.,1.,-3.16123800171814E-17));
#12966=DIRECTION('',(0.,-3.16123800171814E-17,1.));
#12967=DIRECTION('',(0.,1.,-3.16123800171814E-17));
#12968=DIRECTION('',(0.,3.16123800171814E-17,1.));
#12969=DIRECTION('',(0.,1.,-3.16123800171814E-17));
#12970=DIRECTION('',(0.,3.16123800171814E-17,1.));
#12971=DIRECTION('',(0.,1.,-3.16123800171814E-17));
#12972=DIRECTION('',(0.,1.,3.16123800171814E-17));
#12973=DIRECTION('',(0.,-3.16123800171814E-17,1.));
#12974=DIRECTION('',(1.,0.,0.));
#12975=DIRECTION('',(0.,1.,0.));
#12976=DIRECTION('',(0.,-3.61400724161835E-17,-1.));
#12977=DIRECTION('',(0.,1.,-3.16123800171814E-17));
#12978=DIRECTION('',(0.,3.16123800171814E-17,-1.));
#12979=DIRECTION('',(0.,1.,-3.16123800171814E-17));
#12980=DIRECTION('',(0.,3.16123800171814E-17,1.));
#12981=DIRECTION('',(0.,1.,-3.16123800171814E-17));
#12982=DIRECTION('',(0.,3.16123800171814E-17,1.));
#12983=DIRECTION('',(0.,1.,3.16123800171814E-17));
#12984=DIRECTION('',(0.,-3.16123800171814E-17,1.));
#12985=DIRECTION('',(-1.,0.,0.));
#12986=DIRECTION('',(0.,-1.,0.));
#12987=DIRECTION('',(0.,1.,-3.16123800171814E-17));
#12988=DIRECTION('',(0.,3.61400724161835E-17,1.));
#12989=DIRECTION('',(0.,1.,-3.16123800171814E-17));
#12990=DIRECTION('',(0.,-3.16123800171814E-17,1.));
#12991=DIRECTION('',(0.,1.,-3.16123800171814E-17));
#12992=DIRECTION('',(0.,3.16123800171814E-17,1.));
#12993=DIRECTION('',(0.,1.,-3.16123800171814E-17));
#12994=DIRECTION('',(0.,3.16123800171814E-17,1.));
#12995=DIRECTION('',(0.,1.,-3.16123800171814E-17));
#12996=DIRECTION('',(0.,1.,3.16123800171814E-17));
#12997=DIRECTION('',(0.,-3.16123800171814E-17,1.));
#12998=DIRECTION('',(1.,0.,0.));
#12999=DIRECTION('',(0.,1.,0.));
#13000=DIRECTION('',(0.,-3.61400724161835E-17,-1.));
#13001=DIRECTION('',(0.,1.,-3.16123800171814E-17));
#13002=DIRECTION('',(0.,3.16123800171814E-17,-1.));
#13003=DIRECTION('',(0.,1.,-3.16123800171814E-17));
#13004=DIRECTION('',(0.,3.16123800171814E-17,1.));
#13005=DIRECTION('',(0.,1.,-3.16123800171814E-17));
#13006=DIRECTION('',(0.,3.16123800171814E-17,1.));
#13007=DIRECTION('',(0.,1.,3.16123800171814E-17));
#13008=DIRECTION('',(0.,-3.16123800171814E-17,1.));
#13009=DIRECTION('',(-1.,0.,0.));
#13010=DIRECTION('',(0.,-1.,0.));
#13011=DIRECTION('',(0.,1.,-3.16123800171814E-17));
#13012=DIRECTION('',(0.,3.61400724161835E-17,1.));
#13013=DIRECTION('',(0.,1.,-3.16123800171814E-17));
#13014=DIRECTION('',(0.,-3.16123800171814E-17,1.));
#13015=DIRECTION('',(0.,1.,-3.16123800171814E-17));
#13016=DIRECTION('',(0.,3.16123800171814E-17,1.));
#13017=DIRECTION('',(0.,1.,-3.16123800171814E-17));
#13018=DIRECTION('',(0.,3.16123800171814E-17,1.));
#13019=DIRECTION('',(0.,1.,-3.16123800171814E-17));
#13020=DIRECTION('',(0.,1.,3.16123800171814E-17));
#13021=DIRECTION('',(0.,-3.16123800171814E-17,1.));
#13022=DIRECTION('',(1.,0.,0.));
#13023=DIRECTION('',(0.,1.,0.));
#13024=DIRECTION('',(0.,-3.61400724161835E-17,-1.));
#13025=DIRECTION('',(0.,1.,-3.16123800171814E-17));
#13026=DIRECTION('',(0.,3.16123800171814E-17,-1.));
#13027=DIRECTION('',(0.,1.,-3.16123800171814E-17));
#13028=DIRECTION('',(0.,3.16123800171814E-17,1.));
#13029=DIRECTION('',(0.,1.,-3.16123800171814E-17));
#13030=DIRECTION('',(0.,3.16123800171814E-17,1.));
#13031=DIRECTION('',(0.,1.,3.16123800171814E-17));
#13032=DIRECTION('',(0.,-3.16123800171814E-17,1.));
#13033=DIRECTION('',(-1.,0.,0.));
#13034=DIRECTION('',(0.,-1.,0.));
#13035=DIRECTION('',(0.,1.,-3.16123800171814E-17));
#13036=DIRECTION('',(0.,3.61400724161835E-17,1.));
#13037=DIRECTION('',(0.,1.,-3.16123800171814E-17));
#13038=DIRECTION('',(0.,-3.16123800171814E-17,1.));
#13039=DIRECTION('',(0.,1.,-3.16123800171814E-17));
#13040=DIRECTION('',(0.,3.16123800171814E-17,1.));
#13041=DIRECTION('',(0.,1.,-3.16123800171814E-17));
#13042=DIRECTION('',(0.,3.16123800171814E-17,1.));
#13043=DIRECTION('',(0.,1.,-3.16123800171814E-17));
#13044=DIRECTION('',(0.,1.,3.16123800171814E-17));
#13045=DIRECTION('',(0.,-3.16123800171814E-17,1.));
#13046=DIRECTION('',(1.,0.,0.));
#13047=DIRECTION('',(0.,1.,0.));
#13048=DIRECTION('',(0.,-3.61400724161835E-17,-1.));
#13049=DIRECTION('',(0.,1.,-3.16123800171814E-17));
#13050=DIRECTION('',(0.,3.16123800171814E-17,-1.));
#13051=DIRECTION('',(0.,1.,-3.16123800171814E-17));
#13052=DIRECTION('',(0.,3.16123800171814E-17,1.));
#13053=DIRECTION('',(0.,1.,-3.16123800171814E-17));
#13054=DIRECTION('',(0.,3.16123800171814E-17,1.));
#13055=DIRECTION('',(0.,1.,3.16123800171814E-17));
#13056=DIRECTION('',(0.,-3.16123800171814E-17,1.));
#13057=DIRECTION('',(-1.,0.,0.));
#13058=DIRECTION('',(0.,-1.,0.));
#13059=DIRECTION('',(0.,1.,-3.16123800171814E-17));
#13060=DIRECTION('',(0.,3.61400724161835E-17,1.));
#13061=DIRECTION('',(0.,1.,-3.16123800171814E-17));
#13062=DIRECTION('',(0.,-3.16123800171814E-17,1.));
#13063=DIRECTION('',(0.,1.,-3.16123800171814E-17));
#13064=DIRECTION('',(0.,3.16123800171814E-17,1.));
#13065=DIRECTION('',(0.,1.,-3.16123800171814E-17));
#13066=DIRECTION('',(0.,3.16123800171814E-17,1.));
#13067=DIRECTION('',(0.,1.,-3.16123800171814E-17));
#13068=DIRECTION('',(0.,1.,3.16123800171814E-17));
#13069=DIRECTION('',(0.,-3.16123800171814E-17,1.));
#13070=DIRECTION('',(1.,0.,0.));
#13071=DIRECTION('',(0.,1.,0.));
#13072=DIRECTION('',(0.,-3.61400724161835E-17,-1.));
#13073=DIRECTION('',(0.,1.,-3.16123800171814E-17));
#13074=DIRECTION('',(0.,3.16123800171814E-17,-1.));
#13075=DIRECTION('',(0.,1.,-3.16123800171814E-17));
#13076=DIRECTION('',(0.,3.16123800171814E-17,1.));
#13077=DIRECTION('',(0.,1.,-3.16123800171814E-17));
#13078=DIRECTION('',(0.,3.16123800171814E-17,1.));
#13079=DIRECTION('',(0.,1.,3.16123800171814E-17));
#13080=DIRECTION('',(0.,-3.16123800171814E-17,1.));
#13081=DIRECTION('',(-1.,0.,0.));
#13082=DIRECTION('',(0.,-1.,0.));
#13083=DIRECTION('',(0.,1.,-3.16123800171814E-17));
#13084=DIRECTION('',(0.,3.61400724161835E-17,1.));
#13085=DIRECTION('',(0.,1.,-3.16123800171814E-17));
#13086=DIRECTION('',(0.,-3.16123800171814E-17,1.));
#13087=DIRECTION('',(0.,1.,-3.16123800171814E-17));
#13088=DIRECTION('',(0.,3.16123800171814E-17,1.));
#13089=DIRECTION('',(0.,1.,-3.16123800171814E-17));
#13090=DIRECTION('',(0.,3.16123800171814E-17,1.));
#13091=DIRECTION('',(0.,1.,-3.16123800171814E-17));
#13092=DIRECTION('',(0.,1.,3.16123800171814E-17));
#13093=DIRECTION('',(0.,-3.16123800171814E-17,1.));
#13094=DIRECTION('',(1.,0.,0.));
#13095=DIRECTION('',(0.,1.,0.));
#13096=DIRECTION('',(0.,-3.61400724161835E-17,-1.));
#13097=DIRECTION('',(0.,1.,-3.16123800171814E-17));
#13098=DIRECTION('',(0.,3.16123800171814E-17,-1.));
#13099=DIRECTION('',(0.,1.,-3.16123800171814E-17));
#13100=DIRECTION('',(0.,3.16123800171814E-17,1.));
#13101=DIRECTION('',(0.,1.,-3.16123800171814E-17));
#13102=DIRECTION('',(0.,3.16123800171814E-17,1.));
#13103=DIRECTION('',(0.,1.,3.16123800171814E-17));
#13104=DIRECTION('',(0.,-3.16123800171814E-17,1.));
#13105=DIRECTION('',(-1.,0.,0.));
#13106=DIRECTION('',(0.,-1.,0.));
#13107=DIRECTION('',(0.,1.,-3.16123800171814E-17));
#13108=DIRECTION('',(0.,3.61400724161835E-17,1.));
#13109=DIRECTION('',(0.,1.,-3.16123800171814E-17));
#13110=DIRECTION('',(0.,-3.16123800171814E-17,1.));
#13111=DIRECTION('',(0.,1.,-3.16123800171814E-17));
#13112=DIRECTION('',(0.,3.16123800171814E-17,1.));
#13113=DIRECTION('',(0.,1.,-3.16123800171814E-17));
#13114=DIRECTION('',(0.,3.16123800171814E-17,1.));
#13115=DIRECTION('',(0.,1.,-3.16123800171814E-17));
#13116=DIRECTION('',(0.,1.,3.16123800171814E-17));
#13117=DIRECTION('',(0.,-3.16123800171814E-17,1.));
#13118=DIRECTION('',(1.,0.,0.));
#13119=DIRECTION('',(0.,1.,0.));
#13120=DIRECTION('',(0.,-3.61400724161835E-17,-1.));
#13121=DIRECTION('',(0.,1.,-3.16123800171814E-17));
#13122=DIRECTION('',(0.,3.16123800171814E-17,-1.));
#13123=DIRECTION('',(0.,1.,-3.16123800171814E-17));
#13124=DIRECTION('',(0.,3.16123800171814E-17,1.));
#13125=DIRECTION('',(0.,1.,-3.16123800171814E-17));
#13126=DIRECTION('',(0.,3.16123800171814E-17,1.));
#13127=DIRECTION('',(0.,1.,3.16123800171814E-17));
#13128=DIRECTION('',(0.,-3.16123800171814E-17,1.));
#13129=DIRECTION('',(-1.,0.,0.));
#13130=DIRECTION('',(0.,-1.,0.));
#13131=DIRECTION('',(0.,1.,-3.16123800171814E-17));
#13132=DIRECTION('',(0.,3.61400724161835E-17,1.));
#13133=DIRECTION('',(0.,1.,-3.16123800171814E-17));
#13134=DIRECTION('',(0.,-3.16123800171814E-17,1.));
#13135=DIRECTION('',(0.,1.,-3.16123800171814E-17));
#13136=DIRECTION('',(0.,3.16123800171814E-17,1.));
#13137=DIRECTION('',(0.,1.,-3.16123800171814E-17));
#13138=DIRECTION('',(0.,3.16123800171814E-17,1.));
#13139=DIRECTION('',(0.,1.,-3.16123800171814E-17));
#13140=DIRECTION('',(0.,1.,3.16123800171814E-17));
#13141=DIRECTION('',(0.,-3.16123800171814E-17,1.));
#13142=DIRECTION('',(1.,0.,0.));
#13143=DIRECTION('',(0.,1.,0.));
#13144=DIRECTION('',(0.,-3.61400724161835E-17,-1.));
#13145=DIRECTION('',(0.,1.,-3.16123800171814E-17));
#13146=DIRECTION('',(0.,3.16123800171814E-17,-1.));
#13147=DIRECTION('',(0.,1.,-3.16123800171814E-17));
#13148=DIRECTION('',(0.,3.16123800171814E-17,1.));
#13149=DIRECTION('',(0.,1.,-3.16123800171814E-17));
#13150=DIRECTION('',(0.,3.16123800171814E-17,1.));
#13151=DIRECTION('',(0.,1.,3.16123800171814E-17));
#13152=DIRECTION('',(0.,-3.16123800171814E-17,1.));
#13153=DIRECTION('',(-1.,0.,0.));
#13154=DIRECTION('',(0.,-1.,0.));
#13155=DIRECTION('',(0.,1.,-3.16123800171814E-17));
#13156=DIRECTION('',(0.,3.61400724161835E-17,1.));
#13157=DIRECTION('',(0.,1.,-3.16123800171814E-17));
#13158=DIRECTION('',(0.,-3.16123800171814E-17,1.));
#13159=DIRECTION('',(0.,1.,-3.16123800171814E-17));
#13160=DIRECTION('',(0.,3.16123800171814E-17,1.));
#13161=DIRECTION('',(0.,1.,-3.16123800171814E-17));
#13162=DIRECTION('',(0.,3.16123800171814E-17,1.));
#13163=DIRECTION('',(0.,1.,-3.16123800171814E-17));
#13164=DIRECTION('',(0.,1.,3.16123800171814E-17));
#13165=DIRECTION('',(0.,-3.16123800171814E-17,1.));
#13166=DIRECTION('',(1.,0.,0.));
#13167=DIRECTION('',(0.,1.,0.));
#13168=DIRECTION('',(0.,-3.61400724161835E-17,-1.));
#13169=DIRECTION('',(0.,1.,-3.16123800171814E-17));
#13170=DIRECTION('',(0.,3.16123800171814E-17,-1.));
#13171=DIRECTION('',(0.,1.,-3.16123800171814E-17));
#13172=DIRECTION('',(0.,3.16123800171814E-17,1.));
#13173=DIRECTION('',(0.,1.,-3.16123800171814E-17));
#13174=DIRECTION('',(0.,3.16123800171814E-17,1.));
#13175=DIRECTION('',(0.,1.,3.16123800171814E-17));
#13176=DIRECTION('',(0.,-3.16123800171814E-17,1.));
#13177=DIRECTION('',(-1.,0.,0.));
#13178=DIRECTION('',(0.,-1.,0.));
#13179=DIRECTION('',(0.,1.,-3.16123800171814E-17));
#13180=DIRECTION('',(0.,3.61400724161835E-17,1.));
#13181=DIRECTION('',(0.,1.,-3.16123800171814E-17));
#13182=DIRECTION('',(0.,-3.16123800171814E-17,1.));
#13183=DIRECTION('',(0.,1.,-3.16123800171814E-17));
#13184=DIRECTION('',(0.,3.16123800171814E-17,1.));
#13185=DIRECTION('',(0.,1.,-3.16123800171814E-17));
#13186=DIRECTION('',(0.,3.16123800171814E-17,1.));
#13187=DIRECTION('',(0.,1.,-3.16123800171814E-17));
#13188=DIRECTION('',(0.,1.,3.16123800171814E-17));
#13189=DIRECTION('',(0.,-3.16123800171814E-17,1.));
#13190=DIRECTION('',(1.,0.,0.));
#13191=DIRECTION('',(0.,1.,0.));
#13192=DIRECTION('',(0.,-3.61400724161835E-17,-1.));
#13193=DIRECTION('',(0.,1.,-3.16123800171814E-17));
#13194=DIRECTION('',(0.,3.16123800171814E-17,-1.));
#13195=DIRECTION('',(0.,1.,-3.16123800171814E-17));
#13196=DIRECTION('',(0.,3.16123800171814E-17,1.));
#13197=DIRECTION('',(0.,1.,-3.16123800171814E-17));
#13198=DIRECTION('',(0.,3.16123800171814E-17,1.));
#13199=DIRECTION('',(0.,1.,3.16123800171814E-17));
#13200=DIRECTION('',(0.,-3.16123800171814E-17,1.));
#13201=DIRECTION('',(-1.,0.,0.));
#13202=DIRECTION('',(0.,-1.,0.));
#13203=DIRECTION('',(0.,1.,-3.16123800171814E-17));
#13204=DIRECTION('',(0.,3.61400724161835E-17,1.));
#13205=DIRECTION('',(0.,1.,-3.16123800171814E-17));
#13206=DIRECTION('',(0.,-3.16123800171814E-17,1.));
#13207=DIRECTION('',(0.,1.,-3.16123800171814E-17));
#13208=DIRECTION('',(0.,3.16123800171814E-17,1.));
#13209=DIRECTION('',(0.,1.,-3.16123800171814E-17));
#13210=DIRECTION('',(0.,3.16123800171814E-17,1.));
#13211=DIRECTION('',(0.,1.,-3.16123800171814E-17));
#13212=DIRECTION('',(0.,1.,3.16123800171814E-17));
#13213=DIRECTION('',(0.,-3.16123800171814E-17,1.));
#13214=DIRECTION('',(1.,0.,0.));
#13215=DIRECTION('',(0.,1.,0.));
#13216=DIRECTION('',(0.,-3.61400724161835E-17,-1.));
#13217=DIRECTION('',(0.,1.,-3.16123800171814E-17));
#13218=DIRECTION('',(0.,3.16123800171814E-17,-1.));
#13219=DIRECTION('',(0.,1.,-3.16123800171814E-17));
#13220=DIRECTION('',(0.,3.16123800171814E-17,1.));
#13221=DIRECTION('',(0.,1.,-3.16123800171814E-17));
#13222=DIRECTION('',(0.,3.16123800171814E-17,1.));
#13223=DIRECTION('',(0.,1.,3.16123800171814E-17));
#13224=DIRECTION('',(0.,-3.16123800171814E-17,1.));
#13225=DIRECTION('',(-1.,0.,0.));
#13226=DIRECTION('',(0.,-1.,0.));
#13227=DIRECTION('',(0.,1.,-3.16123800171814E-17));
#13228=DIRECTION('',(0.,3.61400724161835E-17,1.));
#13229=DIRECTION('',(0.,1.,-3.16123800171814E-17));
#13230=DIRECTION('',(0.,-3.16123800171814E-17,1.));
#13231=DIRECTION('',(0.,1.,-3.16123800171814E-17));
#13232=DIRECTION('',(0.,3.16123800171814E-17,1.));
#13233=DIRECTION('',(0.,1.,-3.16123800171814E-17));
#13234=DIRECTION('',(0.,3.16123800171814E-17,1.));
#13235=DIRECTION('',(0.,1.,-3.16123800171814E-17));
#13236=DIRECTION('',(0.,1.,3.16123800171814E-17));
#13237=DIRECTION('',(0.,-3.16123800171814E-17,1.));
#13238=DIRECTION('',(1.,0.,0.));
#13239=DIRECTION('',(0.,1.,0.));
#13240=DIRECTION('',(0.,-3.61400724161835E-17,-1.));
#13241=DIRECTION('',(0.,1.,-3.16123800171814E-17));
#13242=DIRECTION('',(0.,3.16123800171814E-17,-1.));
#13243=DIRECTION('',(0.,1.,-3.16123800171814E-17));
#13244=DIRECTION('',(0.,3.16123800171814E-17,1.));
#13245=DIRECTION('',(0.,1.,-3.16123800171814E-17));
#13246=DIRECTION('',(0.,3.16123800171814E-17,1.));
#13247=DIRECTION('',(0.,1.,3.16123800171814E-17));
#13248=DIRECTION('',(0.,-3.16123800171814E-17,1.));
#13249=DIRECTION('',(-1.,0.,0.));
#13250=DIRECTION('',(0.,-1.,0.));
#13251=DIRECTION('',(0.,1.,-3.16123800171814E-17));
#13252=DIRECTION('',(0.,3.61400724161835E-17,1.));
#13253=DIRECTION('',(0.,1.,-3.16123800171814E-17));
#13254=DIRECTION('',(0.,-3.16123800171814E-17,1.));
#13255=DIRECTION('',(0.,1.,-3.16123800171814E-17));
#13256=DIRECTION('',(0.,3.16123800171814E-17,1.));
#13257=DIRECTION('',(0.,1.,-3.16123800171814E-17));
#13258=DIRECTION('',(0.,3.16123800171814E-17,1.));
#13259=DIRECTION('',(0.,1.,-3.16123800171814E-17));
#13260=DIRECTION('',(0.,1.,3.16123800171814E-17));
#13261=DIRECTION('',(0.,-3.16123800171814E-17,1.));
#13262=DIRECTION('',(1.,0.,0.));
#13263=DIRECTION('',(0.,1.,0.));
#13264=DIRECTION('',(0.,-3.61400724161835E-17,-1.));
#13265=DIRECTION('',(0.,1.,-3.16123800171814E-17));
#13266=DIRECTION('',(0.,3.16123800171814E-17,-1.));
#13267=DIRECTION('',(0.,1.,-3.16123800171814E-17));
#13268=DIRECTION('',(0.,3.16123800171814E-17,1.));
#13269=DIRECTION('',(0.,1.,-3.16123800171814E-17));
#13270=DIRECTION('',(0.,3.16123800171814E-17,1.));
#13271=DIRECTION('',(0.,1.,3.16123800171814E-17));
#13272=DIRECTION('',(0.,-3.16123800171814E-17,1.));
#13273=DIRECTION('',(-1.,0.,0.));
#13274=DIRECTION('',(0.,-1.,0.));
#13275=DIRECTION('',(0.,1.,-3.16123800171814E-17));
#13276=DIRECTION('',(0.,3.61400724161835E-17,1.));
#13277=DIRECTION('',(0.,1.,-3.16123800171814E-17));
#13278=DIRECTION('',(0.,-3.16123800171814E-17,1.));
#13279=DIRECTION('',(0.,1.,-3.16123800171814E-17));
#13280=DIRECTION('',(0.,3.16123800171814E-17,1.));
#13281=DIRECTION('',(0.,1.,-3.16123800171814E-17));
#13282=DIRECTION('',(0.,3.16123800171814E-17,1.));
#13283=DIRECTION('',(0.,1.,-3.16123800171814E-17));
#13284=DIRECTION('',(0.,1.,3.16123800171814E-17));
#13285=DIRECTION('',(0.,-3.16123800171814E-17,1.));
#13286=DIRECTION('',(1.,0.,0.));
#13287=DIRECTION('',(0.,1.,0.));
#13288=DIRECTION('',(0.,-3.61400724161835E-17,-1.));
#13289=DIRECTION('',(0.,1.,-3.16123800171814E-17));
#13290=DIRECTION('',(0.,3.16123800171814E-17,-1.));
#13291=DIRECTION('',(0.,1.,-3.16123800171814E-17));
#13292=DIRECTION('',(0.,3.16123800171814E-17,1.));
#13293=DIRECTION('',(0.,1.,-3.16123800171814E-17));
#13294=DIRECTION('',(0.,3.16123800171814E-17,1.));
#13295=DIRECTION('',(0.,1.,3.16123800171814E-17));
#13296=DIRECTION('',(0.,-3.16123800171814E-17,1.));
#13297=DIRECTION('',(-1.,0.,0.));
#13298=DIRECTION('',(0.,-1.,0.));
#13299=DIRECTION('',(0.,1.,-3.16123800171814E-17));
#13300=DIRECTION('',(0.,3.61400724161835E-17,1.));
#13301=DIRECTION('',(0.,1.,-3.16123800171814E-17));
#13302=DIRECTION('',(0.,-3.16123800171814E-17,1.));
#13303=DIRECTION('',(0.,1.,-3.16123800171814E-17));
#13304=DIRECTION('',(0.,3.16123800171814E-17,1.));
#13305=DIRECTION('',(0.,1.,-3.16123800171814E-17));
#13306=DIRECTION('',(0.,3.16123800171814E-17,1.));
#13307=DIRECTION('',(0.,1.,-3.16123800171814E-17));
#13308=DIRECTION('',(0.,1.,3.16123800171814E-17));
#13309=DIRECTION('',(0.,-3.16123800171814E-17,1.));
#13310=DIRECTION('',(1.,0.,0.));
#13311=DIRECTION('',(0.,1.,0.));
#13312=DIRECTION('',(0.,-3.61400724161835E-17,-1.));
#13313=DIRECTION('',(0.,1.,-3.16123800171814E-17));
#13314=DIRECTION('',(0.,3.16123800171814E-17,-1.));
#13315=DIRECTION('',(0.,1.,-3.16123800171814E-17));
#13316=DIRECTION('',(0.,3.16123800171814E-17,1.));
#13317=DIRECTION('',(0.,1.,-3.16123800171814E-17));
#13318=DIRECTION('',(0.,3.16123800171814E-17,1.));
#13319=DIRECTION('',(0.,1.,3.16123800171814E-17));
#13320=DIRECTION('',(0.,-3.16123800171814E-17,1.));
#13321=DIRECTION('',(-1.,0.,0.));
#13322=DIRECTION('',(0.,-1.,0.));
#13323=DIRECTION('',(0.,1.,-3.16123800171814E-17));
#13324=DIRECTION('',(0.,3.61400724161835E-17,1.));
#13325=DIRECTION('',(0.,1.,-3.16123800171814E-17));
#13326=DIRECTION('',(0.,-3.16123800171814E-17,1.));
#13327=DIRECTION('',(0.,1.,-3.16123800171814E-17));
#13328=DIRECTION('',(0.,3.16123800171814E-17,1.));
#13329=DIRECTION('',(0.,1.,-3.16123800171814E-17));
#13330=DIRECTION('',(0.,3.16123800171814E-17,1.));
#13331=DIRECTION('',(0.,1.,-3.16123800171814E-17));
#13332=DIRECTION('',(0.,1.,3.16123800171814E-17));
#13333=DIRECTION('',(0.,-3.16123800171814E-17,1.));
#13334=DIRECTION('',(1.,0.,0.));
#13335=DIRECTION('',(0.,1.,0.));
#13336=DIRECTION('',(0.,-3.61400724161835E-17,-1.));
#13337=DIRECTION('',(0.,1.,-3.16123800171814E-17));
#13338=DIRECTION('',(0.,3.16123800171814E-17,-1.));
#13339=DIRECTION('',(0.,1.,-3.16123800171814E-17));
#13340=DIRECTION('',(0.,3.16123800171814E-17,1.));
#13341=DIRECTION('',(0.,1.,-3.16123800171814E-17));
#13342=DIRECTION('',(0.,3.16123800171814E-17,1.));
#13343=DIRECTION('',(0.,1.,3.16123800171814E-17));
#13344=DIRECTION('',(0.,-3.16123800171814E-17,1.));
#13345=DIRECTION('',(-1.,0.,0.));
#13346=DIRECTION('',(0.,-1.,0.));
#13347=DIRECTION('',(0.,1.,-3.16123800171814E-17));
#13348=DIRECTION('',(0.,3.61400724161835E-17,1.));
#13349=DIRECTION('',(0.,1.,-3.16123800171814E-17));
#13350=DIRECTION('',(0.,-3.16123800171814E-17,1.));
#13351=DIRECTION('',(0.,1.,-3.16123800171814E-17));
#13352=DIRECTION('',(0.,3.16123800171814E-17,1.));
#13353=DIRECTION('',(0.,1.,-3.16123800171814E-17));
#13354=DIRECTION('',(0.,3.16123800171814E-17,1.));
#13355=DIRECTION('',(0.,1.,-3.16123800171814E-17));
#13356=DIRECTION('',(0.,1.,3.16123800171814E-17));
#13357=DIRECTION('',(0.,-3.16123800171814E-17,1.));
#13358=DIRECTION('',(1.,0.,0.));
#13359=DIRECTION('',(0.,1.,0.));
#13360=DIRECTION('',(0.,-3.61400724161835E-17,-1.));
#13361=DIRECTION('',(0.,1.,-3.16123800171814E-17));
#13362=DIRECTION('',(0.,3.16123800171814E-17,-1.));
#13363=DIRECTION('',(0.,1.,-3.16123800171814E-17));
#13364=DIRECTION('',(0.,3.16123800171814E-17,1.));
#13365=DIRECTION('',(0.,1.,-3.16123800171814E-17));
#13366=DIRECTION('',(0.,3.16123800171814E-17,1.));
#13367=DIRECTION('',(0.,1.,3.16123800171814E-17));
#13368=DIRECTION('',(0.,-3.16123800171814E-17,1.));
#13369=DIRECTION('',(-1.,0.,0.));
#13370=DIRECTION('',(0.,-1.,0.));
#13371=DIRECTION('',(0.,1.,-3.16123800171814E-17));
#13372=DIRECTION('',(0.,3.61400724161835E-17,1.));
#13373=DIRECTION('',(0.,1.,-3.16123800171814E-17));
#13374=DIRECTION('',(0.,-3.16123800171814E-17,1.));
#13375=DIRECTION('',(0.,1.,-3.16123800171814E-17));
#13376=DIRECTION('',(0.,3.16123800171814E-17,1.));
#13377=DIRECTION('',(0.,1.,-3.16123800171814E-17));
#13378=DIRECTION('',(0.,3.16123800171814E-17,1.));
#13379=DIRECTION('',(0.,1.,-3.16123800171814E-17));
#13380=DIRECTION('',(0.,1.,3.16123800171814E-17));
#13381=DIRECTION('',(0.,-3.16123800171814E-17,1.));
#13382=DIRECTION('',(1.,0.,0.));
#13383=DIRECTION('',(0.,1.,0.));
#13384=DIRECTION('',(0.,-3.61400724161835E-17,-1.));
#13385=DIRECTION('',(0.,1.,-3.16123800171814E-17));
#13386=DIRECTION('',(0.,3.16123800171814E-17,-1.));
#13387=DIRECTION('',(0.,1.,-3.16123800171814E-17));
#13388=DIRECTION('',(0.,3.16123800171814E-17,1.));
#13389=DIRECTION('',(0.,1.,-3.16123800171814E-17));
#13390=DIRECTION('',(0.,3.16123800171814E-17,1.));
#13391=DIRECTION('',(0.,1.,3.16123800171814E-17));
#13392=DIRECTION('',(0.,-3.16123800171814E-17,1.));
#13393=DIRECTION('',(-1.,0.,0.));
#13394=DIRECTION('',(0.,-1.,0.));
#13395=DIRECTION('',(0.,1.,-3.16123800171814E-17));
#13396=DIRECTION('',(0.,3.61400724161835E-17,1.));
#13397=DIRECTION('',(0.,1.,-3.16123800171814E-17));
#13398=DIRECTION('',(0.,-3.16123800171814E-17,1.));
#13399=DIRECTION('',(0.,1.,-3.16123800171814E-17));
#13400=DIRECTION('',(0.,3.16123800171814E-17,1.));
#13401=DIRECTION('',(0.,1.,-3.16123800171814E-17));
#13402=DIRECTION('',(0.,3.16123800171814E-17,1.));
#13403=DIRECTION('',(0.,1.,-3.16123800171814E-17));
#13404=DIRECTION('',(0.,1.,3.16123800171814E-17));
#13405=DIRECTION('',(0.,-3.16123800171814E-17,1.));
#13406=DIRECTION('',(1.,0.,0.));
#13407=DIRECTION('',(0.,1.,0.));
#13408=DIRECTION('',(0.,-3.61400724161835E-17,-1.));
#13409=DIRECTION('',(0.,1.,-3.16123800171814E-17));
#13410=DIRECTION('',(0.,3.16123800171814E-17,-1.));
#13411=DIRECTION('',(0.,1.,-3.16123800171814E-17));
#13412=DIRECTION('',(0.,3.16123800171814E-17,1.));
#13413=DIRECTION('',(0.,1.,-3.16123800171814E-17));
#13414=DIRECTION('',(0.,3.16123800171814E-17,1.));
#13415=DIRECTION('',(0.,1.,3.16123800171814E-17));
#13416=DIRECTION('',(0.,-3.16123800171814E-17,1.));
#13417=DIRECTION('',(-1.,0.,0.));
#13418=DIRECTION('',(0.,-1.,0.));
#13419=DIRECTION('',(0.,1.,-3.16123800171814E-17));
#13420=DIRECTION('',(0.,3.61400724161835E-17,1.));
#13421=DIRECTION('',(0.,1.,-3.16123800171814E-17));
#13422=DIRECTION('',(0.,-3.16123800171814E-17,1.));
#13423=DIRECTION('',(0.,1.,-3.16123800171814E-17));
#13424=DIRECTION('',(0.,3.16123800171814E-17,1.));
#13425=DIRECTION('',(0.,1.,-3.16123800171814E-17));
#13426=DIRECTION('',(0.,3.16123800171814E-17,1.));
#13427=DIRECTION('',(0.,1.,-3.16123800171814E-17));
#13428=DIRECTION('',(0.,1.,3.16123800171814E-17));
#13429=DIRECTION('',(0.,-3.16123800171814E-17,1.));
#13430=DIRECTION('',(1.,0.,0.));
#13431=DIRECTION('',(0.,1.,0.));
#13432=DIRECTION('',(0.,-3.61400724161835E-17,-1.));
#13433=DIRECTION('',(0.,1.,-3.16123800171814E-17));
#13434=DIRECTION('',(0.,3.16123800171814E-17,-1.));
#13435=DIRECTION('',(0.,1.,-3.16123800171814E-17));
#13436=DIRECTION('',(0.,3.16123800171814E-17,1.));
#13437=DIRECTION('',(0.,1.,-3.16123800171814E-17));
#13438=DIRECTION('',(0.,3.16123800171814E-17,1.));
#13439=DIRECTION('',(0.,1.,3.16123800171814E-17));
#13440=DIRECTION('',(0.,-3.16123800171814E-17,1.));
#13441=DIRECTION('',(-1.,0.,0.));
#13442=DIRECTION('',(0.,-1.,0.));
#13443=DIRECTION('',(0.,1.,-3.16123800171814E-17));
#13444=DIRECTION('',(0.,3.61400724161835E-17,1.));
#13445=DIRECTION('',(0.,1.,-3.16123800171814E-17));
#13446=DIRECTION('',(0.,-3.16123800171814E-17,1.));
#13447=DIRECTION('',(0.,1.,-3.16123800171814E-17));
#13448=DIRECTION('',(0.,3.16123800171814E-17,1.));
#13449=DIRECTION('',(0.,1.,-3.16123800171814E-17));
#13450=DIRECTION('',(0.,3.16123800171814E-17,1.));
#13451=DIRECTION('',(0.,1.,-3.16123800171814E-17));
#13452=DIRECTION('',(0.,1.,3.16123800171814E-17));
#13453=DIRECTION('',(0.,-3.16123800171814E-17,1.));
#13454=DIRECTION('',(1.,0.,0.));
#13455=DIRECTION('',(0.,1.,0.));
#13456=DIRECTION('',(0.,-3.61400724161835E-17,-1.));
#13457=DIRECTION('',(0.,1.,-3.16123800171814E-17));
#13458=DIRECTION('',(0.,3.16123800171814E-17,-1.));
#13459=DIRECTION('',(0.,1.,-3.16123800171814E-17));
#13460=DIRECTION('',(0.,3.16123800171814E-17,1.));
#13461=DIRECTION('',(0.,1.,-3.16123800171814E-17));
#13462=DIRECTION('',(0.,3.16123800171814E-17,1.));
#13463=DIRECTION('',(0.,1.,3.16123800171814E-17));
#13464=DIRECTION('',(0.,-3.16123800171814E-17,1.));
#13465=DIRECTION('',(-1.,0.,0.));
#13466=DIRECTION('',(0.,-1.,0.));
#13467=DIRECTION('',(0.,1.,-3.16123800171814E-17));
#13468=DIRECTION('',(0.,3.61400724161835E-17,1.));
#13469=DIRECTION('',(0.,1.,-3.16123800171814E-17));
#13470=DIRECTION('',(0.,-3.16123800171814E-17,1.));
#13471=DIRECTION('',(0.,1.,-3.16123800171814E-17));
#13472=DIRECTION('',(0.,3.16123800171814E-17,1.));
#13473=DIRECTION('',(0.,1.,-3.16123800171814E-17));
#13474=DIRECTION('',(0.,3.16123800171814E-17,1.));
#13475=DIRECTION('',(0.,1.,-3.16123800171814E-17));
#13476=DIRECTION('',(0.,1.,3.16123800171814E-17));
#13477=DIRECTION('',(0.,-3.16123800171814E-17,1.));
#13478=DIRECTION('',(1.,0.,0.));
#13479=DIRECTION('',(0.,1.,0.));
#13480=DIRECTION('',(0.,-3.61400724161835E-17,-1.));
#13481=DIRECTION('',(0.,1.,-3.16123800171814E-17));
#13482=DIRECTION('',(0.,3.16123800171814E-17,-1.));
#13483=DIRECTION('',(0.,1.,-3.16123800171814E-17));
#13484=DIRECTION('',(0.,3.16123800171814E-17,1.));
#13485=DIRECTION('',(0.,1.,-3.16123800171814E-17));
#13486=DIRECTION('',(0.,3.16123800171814E-17,1.));
#13487=DIRECTION('',(0.,1.,3.16123800171814E-17));
#13488=DIRECTION('',(0.,-3.16123800171814E-17,1.));
#13489=DIRECTION('',(-1.,0.,0.));
#13490=DIRECTION('',(0.,-1.,0.));
#13491=DIRECTION('',(0.,1.,-3.16123800171814E-17));
#13492=DIRECTION('',(0.,3.61400724161835E-17,1.));
#13493=DIRECTION('',(0.,1.,-3.16123800171814E-17));
#13494=DIRECTION('',(0.,-3.16123800171814E-17,1.));
#13495=DIRECTION('',(0.,1.,-3.16123800171814E-17));
#13496=DIRECTION('',(0.,3.16123800171814E-17,1.));
#13497=DIRECTION('',(0.,1.,-3.16123800171814E-17));
#13498=DIRECTION('',(0.,3.16123800171814E-17,1.));
#13499=DIRECTION('',(0.,1.,-3.16123800171814E-17));
#13500=DIRECTION('',(0.,1.,3.16123800171814E-17));
#13501=DIRECTION('',(0.,-3.16123800171814E-17,1.));
#13502=DIRECTION('',(1.,0.,0.));
#13503=DIRECTION('',(0.,1.,0.));
#13504=DIRECTION('',(0.,-3.61400724161835E-17,-1.));
#13505=DIRECTION('',(0.,1.,-3.16123800171814E-17));
#13506=DIRECTION('',(0.,3.16123800171814E-17,-1.));
#13507=DIRECTION('',(0.,1.,-3.16123800171814E-17));
#13508=DIRECTION('',(0.,3.16123800171814E-17,1.));
#13509=DIRECTION('',(0.,1.,-3.16123800171814E-17));
#13510=DIRECTION('',(0.,3.16123800171814E-17,1.));
#13511=DIRECTION('',(0.,1.,3.16123800171814E-17));
#13512=DIRECTION('',(0.,-3.16123800171814E-17,1.));
#13513=DIRECTION('',(-1.,0.,0.));
#13514=DIRECTION('',(0.,-1.,0.));
#13515=DIRECTION('',(0.,1.,-3.16123800171814E-17));
#13516=DIRECTION('',(0.,3.61400724161835E-17,1.));
#13517=DIRECTION('',(0.,1.,-3.16123800171814E-17));
#13518=DIRECTION('',(0.,-3.16123800171814E-17,1.));
#13519=DIRECTION('',(0.,1.,-3.16123800171814E-17));
#13520=DIRECTION('',(0.,3.16123800171814E-17,1.));
#13521=DIRECTION('',(0.,1.,-3.16123800171814E-17));
#13522=DIRECTION('',(0.,3.16123800171814E-17,1.));
#13523=DIRECTION('',(0.,1.,-3.16123800171814E-17));
#13524=DIRECTION('',(0.,1.,3.16123800171814E-17));
#13525=DIRECTION('',(0.,-3.16123800171814E-17,1.));
#13526=DIRECTION('',(1.,0.,0.));
#13527=DIRECTION('',(0.,1.,0.));
#13528=DIRECTION('',(0.,-3.61400724161835E-17,-1.));
#13529=DIRECTION('',(0.,1.,-3.16123800171814E-17));
#13530=DIRECTION('',(0.,3.16123800171814E-17,-1.));
#13531=DIRECTION('',(0.,1.,-3.16123800171814E-17));
#13532=DIRECTION('',(0.,3.16123800171814E-17,1.));
#13533=DIRECTION('',(0.,1.,-3.16123800171814E-17));
#13534=DIRECTION('',(0.,3.16123800171814E-17,1.));
#13535=DIRECTION('',(0.,1.,3.16123800171814E-17));
#13536=DIRECTION('',(0.,-3.16123800171814E-17,1.));
#13537=DIRECTION('',(-1.,0.,0.));
#13538=DIRECTION('',(0.,-1.,0.));
#13539=DIRECTION('',(0.,1.,-3.16123800171814E-17));
#13540=DIRECTION('',(0.,3.61400724161835E-17,1.));
#13541=DIRECTION('',(0.,1.,-3.16123800171814E-17));
#13542=DIRECTION('',(0.,-3.16123800171814E-17,1.));
#13543=DIRECTION('',(0.,1.,-3.16123800171814E-17));
#13544=DIRECTION('',(0.,3.16123800171814E-17,1.));
#13545=DIRECTION('',(0.,1.,-3.16123800171814E-17));
#13546=DIRECTION('',(0.,3.16123800171814E-17,1.));
#13547=DIRECTION('',(0.,1.,-3.16123800171814E-17));
#13548=DIRECTION('',(0.,1.,3.16123800171814E-17));
#13549=DIRECTION('',(0.,-3.16123800171814E-17,1.));
#13550=DIRECTION('',(1.,0.,0.));
#13551=DIRECTION('',(0.,1.,0.));
#13552=DIRECTION('',(0.,-3.61400724161835E-17,-1.));
#13553=DIRECTION('',(0.,1.,-3.16123800171814E-17));
#13554=DIRECTION('',(0.,3.16123800171814E-17,-1.));
#13555=DIRECTION('',(0.,1.,-3.16123800171814E-17));
#13556=DIRECTION('',(0.,3.16123800171814E-17,1.));
#13557=DIRECTION('',(0.,1.,-3.16123800171814E-17));
#13558=DIRECTION('',(0.,3.16123800171814E-17,1.));
#13559=DIRECTION('',(0.,1.,3.16123800171814E-17));
#13560=DIRECTION('',(0.,-3.16123800171814E-17,1.));
#13561=DIRECTION('',(-1.,0.,0.));
#13562=DIRECTION('',(0.,-1.,0.));
#13563=DIRECTION('',(0.,1.,-3.16123800171814E-17));
#13564=DIRECTION('',(0.,3.61400724161835E-17,1.));
#13565=DIRECTION('',(0.,1.,-3.16123800171814E-17));
#13566=DIRECTION('',(0.,-3.16123800171814E-17,1.));
#13567=DIRECTION('',(0.,1.,-3.16123800171814E-17));
#13568=DIRECTION('',(0.,3.16123800171814E-17,1.));
#13569=DIRECTION('',(0.,1.,-3.16123800171814E-17));
#13570=DIRECTION('',(0.,3.16123800171814E-17,1.));
#13571=DIRECTION('',(0.,1.,-3.16123800171814E-17));
#13572=DIRECTION('',(0.,1.,3.16123800171814E-17));
#13573=DIRECTION('',(0.,-3.16123800171814E-17,1.));
#13574=DIRECTION('',(1.,0.,0.));
#13575=DIRECTION('',(0.,1.,0.));
#13576=DIRECTION('',(0.,-3.61400724161835E-17,-1.));
#13577=DIRECTION('',(0.,1.,-3.16123800171814E-17));
#13578=DIRECTION('',(0.,3.16123800171814E-17,-1.));
#13579=DIRECTION('',(0.,1.,-3.16123800171814E-17));
#13580=DIRECTION('',(0.,3.16123800171814E-17,1.));
#13581=DIRECTION('',(0.,1.,-3.16123800171814E-17));
#13582=DIRECTION('',(0.,3.16123800171814E-17,1.));
#13583=DIRECTION('',(0.,1.,3.16123800171814E-17));
#13584=DIRECTION('',(0.,-3.16123800171814E-17,1.));
#13585=DIRECTION('',(-1.,0.,0.));
#13586=DIRECTION('',(0.,-1.,0.));
#13587=DIRECTION('',(0.,1.,-3.16123800171814E-17));
#13588=DIRECTION('',(0.,3.61400724161835E-17,1.));
#13589=DIRECTION('',(0.,1.,-3.16123800171814E-17));
#13590=DIRECTION('',(0.,-3.16123800171814E-17,1.));
#13591=DIRECTION('',(0.,1.,-3.16123800171814E-17));
#13592=DIRECTION('',(0.,3.16123800171814E-17,1.));
#13593=DIRECTION('',(0.,1.,-3.16123800171814E-17));
#13594=DIRECTION('',(0.,3.16123800171814E-17,1.));
#13595=DIRECTION('',(0.,1.,-3.16123800171814E-17));
#13596=DIRECTION('',(0.,1.,3.16123800171814E-17));
#13597=DIRECTION('',(0.,-3.16123800171814E-17,1.));
#13598=DIRECTION('',(1.,0.,0.));
#13599=DIRECTION('',(0.,1.,0.));
#13600=DIRECTION('',(0.,-3.61400724161835E-17,-1.));
#13601=DIRECTION('',(0.,1.,-3.16123800171814E-17));
#13602=DIRECTION('',(0.,3.16123800171814E-17,-1.));
#13603=DIRECTION('',(0.,1.,-3.16123800171814E-17));
#13604=DIRECTION('',(0.,3.16123800171814E-17,1.));
#13605=DIRECTION('',(0.,1.,-3.16123800171814E-17));
#13606=DIRECTION('',(0.,3.16123800171814E-17,1.));
#13607=DIRECTION('',(0.,1.,3.16123800171814E-17));
#13608=DIRECTION('',(0.,-3.16123800171814E-17,1.));
#13609=DIRECTION('',(-1.,0.,0.));
#13610=DIRECTION('',(0.,-1.,0.));
#13611=DIRECTION('',(0.,1.,-3.16123800171814E-17));
#13612=DIRECTION('',(0.,3.61400724161835E-17,1.));
#13613=DIRECTION('',(0.,1.,-3.16123800171814E-17));
#13614=DIRECTION('',(0.,-3.16123800171814E-17,1.));
#13615=DIRECTION('',(0.,1.,-3.16123800171814E-17));
#13616=DIRECTION('',(0.,3.16123800171814E-17,1.));
#13617=DIRECTION('',(0.,1.,-3.16123800171814E-17));
#13618=DIRECTION('',(0.,3.16123800171814E-17,1.));
#13619=DIRECTION('',(0.,1.,-3.16123800171814E-17));
#13620=DIRECTION('',(0.,1.,3.16123800171814E-17));
#13621=DIRECTION('',(0.,-3.16123800171814E-17,1.));
#13622=DIRECTION('',(1.,0.,0.));
#13623=DIRECTION('',(0.,1.,0.));
#13624=DIRECTION('',(0.,-3.61400724161835E-17,-1.));
#13625=DIRECTION('',(0.,1.,-3.16123800171814E-17));
#13626=DIRECTION('',(0.,3.16123800171814E-17,-1.));
#13627=DIRECTION('',(0.,1.,-3.16123800171814E-17));
#13628=DIRECTION('',(0.,3.16123800171814E-17,1.));
#13629=DIRECTION('',(0.,1.,-3.16123800171814E-17));
#13630=DIRECTION('',(0.,3.16123800171814E-17,1.));
#13631=DIRECTION('',(0.,1.,3.16123800171814E-17));
#13632=DIRECTION('',(0.,-3.16123800171814E-17,1.));
#13633=DIRECTION('',(-1.,0.,0.));
#13634=DIRECTION('',(0.,-1.,0.));
#13635=DIRECTION('',(0.,1.,-3.16123800171814E-17));
#13636=DIRECTION('',(0.,3.61400724161835E-17,1.));
#13637=DIRECTION('',(0.,1.,-3.16123800171814E-17));
#13638=DIRECTION('',(0.,-3.16123800171814E-17,1.));
#13639=DIRECTION('',(0.,1.,-3.16123800171814E-17));
#13640=DIRECTION('',(0.,3.16123800171814E-17,1.));
#13641=DIRECTION('',(0.,1.,-3.16123800171814E-17));
#13642=DIRECTION('',(0.,3.16123800171814E-17,1.));
#13643=DIRECTION('',(0.,1.,-3.16123800171814E-17));
#13644=DIRECTION('',(0.,1.,3.16123800171814E-17));
#13645=DIRECTION('',(0.,-3.16123800171814E-17,1.));
#13646=DIRECTION('',(1.,0.,0.));
#13647=DIRECTION('',(0.,1.,0.));
#13648=DIRECTION('',(0.,-3.61400724161835E-17,-1.));
#13649=DIRECTION('',(0.,1.,-3.16123800171814E-17));
#13650=DIRECTION('',(0.,3.16123800171814E-17,-1.));
#13651=DIRECTION('',(0.,1.,-3.16123800171814E-17));
#13652=DIRECTION('',(0.,3.16123800171814E-17,1.));
#13653=DIRECTION('',(0.,1.,-3.16123800171814E-17));
#13654=DIRECTION('',(0.,3.16123800171814E-17,1.));
#13655=DIRECTION('',(0.,1.,3.16123800171814E-17));
#13656=DIRECTION('',(0.,-3.16123800171814E-17,1.));
#13657=DIRECTION('',(-1.,0.,0.));
#13658=DIRECTION('',(0.,-1.,0.));
#13659=DIRECTION('',(0.,1.,-3.16123800171814E-17));
#13660=DIRECTION('',(0.,3.61400724161835E-17,1.));
#13661=DIRECTION('',(0.,1.,-3.16123800171814E-17));
#13662=DIRECTION('',(0.,-3.16123800171814E-17,1.));
#13663=DIRECTION('',(0.,1.,-3.16123800171814E-17));
#13664=DIRECTION('',(0.,3.16123800171814E-17,1.));
#13665=DIRECTION('',(0.,1.,-3.16123800171814E-17));
#13666=DIRECTION('',(0.,3.16123800171814E-17,1.));
#13667=DIRECTION('',(0.,1.,-3.16123800171814E-17));
#13668=DIRECTION('',(0.,1.,3.16123800171814E-17));
#13669=DIRECTION('',(0.,-3.16123800171814E-17,1.));
#13670=DIRECTION('',(1.,0.,0.));
#13671=DIRECTION('',(0.,1.,0.));
#13672=DIRECTION('',(0.,-3.61400724161835E-17,-1.));
#13673=DIRECTION('',(0.,1.,-3.16123800171814E-17));
#13674=DIRECTION('',(0.,3.16123800171814E-17,-1.));
#13675=DIRECTION('',(0.,1.,-3.16123800171814E-17));
#13676=DIRECTION('',(0.,3.16123800171814E-17,1.));
#13677=DIRECTION('',(0.,1.,-3.16123800171814E-17));
#13678=DIRECTION('',(0.,3.16123800171814E-17,1.));
#13679=DIRECTION('',(0.,1.,3.16123800171814E-17));
#13680=DIRECTION('',(0.,-3.16123800171814E-17,1.));
#13681=DIRECTION('',(-1.,0.,0.));
#13682=DIRECTION('',(0.,-1.,0.));
#13683=DIRECTION('',(0.,1.,-3.16123800171814E-17));
#13684=DIRECTION('',(0.,3.61400724161835E-17,1.));
#13685=DIRECTION('',(0.,1.,-3.16123800171814E-17));
#13686=DIRECTION('',(0.,-3.16123800171814E-17,1.));
#13687=DIRECTION('',(0.,1.,-3.16123800171814E-17));
#13688=DIRECTION('',(0.,3.16123800171814E-17,1.));
#13689=DIRECTION('',(0.,1.,-3.16123800171814E-17));
#13690=DIRECTION('',(0.,3.16123800171814E-17,1.));
#13691=DIRECTION('',(0.,1.,-3.16123800171814E-17));
#13692=DIRECTION('',(0.,1.,3.16123800171814E-17));
#13693=DIRECTION('',(0.,-3.16123800171814E-17,1.));
#13694=DIRECTION('',(1.,0.,0.));
#13695=DIRECTION('',(0.,1.,0.));
#13696=DIRECTION('',(0.,-3.61400724161835E-17,-1.));
#13697=DIRECTION('',(0.,1.,-3.16123800171814E-17));
#13698=DIRECTION('',(0.,3.16123800171814E-17,-1.));
#13699=DIRECTION('',(0.,1.,-3.16123800171814E-17));
#13700=DIRECTION('',(0.,3.16123800171814E-17,1.));
#13701=DIRECTION('',(0.,1.,-3.16123800171814E-17));
#13702=DIRECTION('',(0.,3.16123800171814E-17,1.));
#13703=DIRECTION('',(0.,1.,3.16123800171814E-17));
#13704=DIRECTION('',(0.,-3.16123800171814E-17,1.));
#13705=DIRECTION('',(-1.,0.,0.));
#13706=DIRECTION('',(0.,-1.,0.));
#13707=DIRECTION('',(0.,1.,-3.16123800171814E-17));
#13708=DIRECTION('',(0.,3.61400724161835E-17,1.));
#13709=DIRECTION('',(0.,1.,-3.16123800171814E-17));
#13710=DIRECTION('',(0.,-3.16123800171814E-17,1.));
#13711=DIRECTION('',(0.,1.,-3.16123800171814E-17));
#13712=DIRECTION('',(0.,3.16123800171814E-17,1.));
#13713=DIRECTION('',(0.,1.,-3.16123800171814E-17));
#13714=DIRECTION('',(0.,3.16123800171814E-17,1.));
#13715=DIRECTION('',(0.,1.,-3.16123800171814E-17));
#13716=DIRECTION('',(0.,1.,3.16123800171814E-17));
#13717=DIRECTION('',(0.,-3.16123800171814E-17,1.));
#13718=DIRECTION('',(1.,0.,0.));
#13719=DIRECTION('',(0.,1.,0.));
#13720=DIRECTION('',(0.,-3.61400724161835E-17,-1.));
#13721=DIRECTION('',(0.,1.,-3.16123800171814E-17));
#13722=DIRECTION('',(0.,3.16123800171814E-17,-1.));
#13723=DIRECTION('',(0.,1.,-3.16123800171814E-17));
#13724=DIRECTION('',(0.,3.16123800171814E-17,1.));
#13725=DIRECTION('',(0.,1.,-3.16123800171814E-17));
#13726=DIRECTION('',(0.,3.16123800171814E-17,1.));
#13727=DIRECTION('',(0.,1.,3.16123800171814E-17));
#13728=DIRECTION('',(0.,-3.16123800171814E-17,1.));
#13729=DIRECTION('',(0.,0.,1.));
#13730=DIRECTION('',(0.,-1.,0.));
#13731=DIRECTION('',(0.,0.,1.));
#13732=DIRECTION('',(2.31296463463575E-15,-3.16123800171814E-17,-1.));
#13733=DIRECTION('',(1.,0.,2.31296463463575E-15));
#13734=DIRECTION('',(0.,0.,1.));
#13735=DIRECTION('',(0.,3.16123800171814E-17,1.));
#13736=DIRECTION('',(0.,-1.,3.16123800171814E-17));
#13737=DIRECTION('',(0.,0.,1.));
#13738=DIRECTION('',(0.,-1.,0.));
#13739=DIRECTION('',(0.,0.,1.));
#13740=DIRECTION('',(-1.15648231731787E-15,-3.16123800171814E-17,-1.));
#13741=DIRECTION('',(1.,0.,-1.15648231731787E-15));
#13742=DIRECTION('',(0.,0.,1.));
#13743=DIRECTION('',(9.91270557701033E-17,2.19079131891489E-17,1.));
#13744=DIRECTION('',(-1.,0.,9.91270557701033E-17));
#13745=DIRECTION('',(0.,0.,1.));
#13746=DIRECTION('',(0.,-1.,0.));
#13747=DIRECTION('',(0.,0.,1.));
#13748=DIRECTION('',(0.,3.16123800171814E-17,1.));
#13749=DIRECTION('',(0.,-1.,3.16123800171814E-17));
#13750=DIRECTION('',(0.,0.,1.));
#13751=DIRECTION('',(-2.31296463463575E-15,-3.16123800171814E-17,-1.));
#13752=DIRECTION('',(1.,0.,-2.31296463463575E-15));
#13753=DIRECTION('',(0.,0.,1.));
#13754=DIRECTION('',(0.,-1.,0.));
#13755=DIRECTION('',(0.,0.,1.));
#13756=DIRECTION('',(0.,3.16123800171814E-17,1.));
#13757=DIRECTION('',(0.,-1.,3.16123800171814E-17));
#13758=DIRECTION('',(0.,0.,1.));
#13759=DIRECTION('',(0.,0.,1.));
#13760=DIRECTION('',(0.,-1.,0.));
#13761=DIRECTION('',(0.,-1.,3.16123800171814E-17));
#13762=DIRECTION('',(0.,-3.16123800171814E-17,-1.));
#13763=DIRECTION('',(-0.463594869972108,7.51157299368583E-17,0.88604728797934));
#13764=DIRECTION('',(-0.999136895330469,0.,0.0415387095296778));
#13765=DIRECTION('',(-0.535542025358359,-7.51157299368578E-17,-0.844508578449661));
#13766=DIRECTION('',(0.463594869972112,0.,-0.886047287979339));
#13767=DIRECTION('',(0.999136895330469,0.,-0.041538709529678));
#13768=DIRECTION('',(0.535542025358359,0.,0.844508578449661));
#13769=DIRECTION('',(-0.463594869972108,7.51157299368583E-17,0.88604728797934));
#13770=DIRECTION('',(-0.999136895330469,0.,0.0415387095296778));
#13771=DIRECTION('',(-0.535542025358359,-7.51157299368578E-17,-0.844508578449661));
#13772=DIRECTION('',(0.463594869972112,0.,-0.886047287979339));
#13773=DIRECTION('',(0.999136895330469,0.,-0.041538709529678));
#13774=DIRECTION('',(0.535542025358359,0.,0.844508578449661));
#13775=DIRECTION('',(0.,3.61400724161835E-17,1.));
#13776=DIRECTION('',(0.,1.,-3.16123800171814E-17));
#13777=DIRECTION('',(0.,3.16123800171814E-17,1.));
#13778=DIRECTION('',(0.,-3.61400724161835E-17,-1.));
#13779=DIRECTION('',(0.,1.,-3.16123800171814E-17));
#13780=DIRECTION('',(0.,3.16123800171814E-17,1.));
#13781=DIRECTION('',(0.,3.61400724161835E-17,1.));
#13782=DIRECTION('',(0.,1.,-3.16123800171814E-17));
#13783=DIRECTION('',(0.,3.16123800171814E-17,1.));
#13784=DIRECTION('',(0.,-3.61400724161835E-17,-1.));
#13785=DIRECTION('',(0.,1.,-3.16123800171814E-17));
#13786=DIRECTION('',(0.,3.16123800171814E-17,1.));
#13787=DIRECTION('',(1.,7.31183169964064E-32,2.31296463463575E-15));
#13788=DIRECTION('',(0.,3.16123800171814E-17,1.));
#13789=DIRECTION('',(-1.,0.,0.));
#13790=DIRECTION('',(0.,0.,1.));
#13791=DIRECTION('',(-1.,0.,0.));
#13792=DIRECTION('',(-1.,0.,0.));
#13793=DIRECTION('',(0.,-3.16123800171814E-17,-1.));
#13794=DIRECTION('',(1.,-7.31183169964064E-32,-2.31296463463575E-15));
#13795=DIRECTION('',(-1.,0.,0.));
#13796=DIRECTION('',(0.,-3.16123800171814E-17,-1.));
#13797=DIRECTION('',(1.,3.65591584982031E-32,1.15648231731787E-15));
#13798=DIRECTION('',(0.,0.,1.));
#13799=DIRECTION('',(-1.,0.,0.));
#13800=DIRECTION('',(0.,-3.16123800171814E-17,-1.));
#13801=DIRECTION('',(-1.,0.,0.));
#13802=DIRECTION('',(0.,3.16123800171814E-17,1.));
#13803=DIRECTION('',(-1.,0.,0.));
#13804=DIRECTION('',(1.06752213906265E-15,-3.16123800171814E-17,-1.));
#13805=DIRECTION('',(-1.,0.,0.));
#13806=DIRECTION('',(0.,3.16123800171814E-17,1.));
#13807=DIRECTION('',(-1.,3.13364215698884E-33,9.91270557701033E-17));
#13808=DIRECTION('',(1.,-3.65591584982031E-32,-1.15648231731787E-15));
#13809=DIRECTION('',(0.,3.16123800171814E-17,1.));
#13810=DIRECTION('',(-1.,0.,0.));
#13811=DIRECTION('',(0.,1.,3.16123800171814E-17));
#13812=DIRECTION('',(0.,-3.16123800171814E-17,1.));
#13813=DIRECTION('',(-0.535542025358359,2.66969261097203E-17,-0.844508578449661));
#13814=DIRECTION('',(-0.999136895330469,-1.31313747107549E-18,0.0415387095296778));
#13815=DIRECTION('',(-0.463594869972108,-2.80100635807959E-17,0.886047287979341));
#13816=DIRECTION('',(0.535542025358359,-2.66969261097203E-17,0.844508578449661));
#13817=DIRECTION('',(0.999136895330469,1.3131374710755E-18,-0.041538709529678));
#13818=DIRECTION('',(0.463594869972112,2.80100635807958E-17,-0.886047287979339));
#13819=DIRECTION('',(-0.535542025358359,2.66969261097203E-17,-0.844508578449661));
#13820=DIRECTION('',(-0.999136895330469,-1.31313747107549E-18,0.0415387095296778));
#13821=DIRECTION('',(-0.463594869972108,-2.80100635807959E-17,0.886047287979341));
#13822=DIRECTION('',(0.535542025358359,-2.66969261097203E-17,0.844508578449661));
#13823=DIRECTION('',(0.999136895330469,1.3131374710755E-18,-0.041538709529678));
#13824=DIRECTION('',(0.463594869972112,2.80100635807958E-17,-0.886047287979339));
#13825=DIRECTION('',(0.,3.16123800171814E-17,-1.));
#13826=DIRECTION('',(0.,1.,3.16123800171814E-17));
#13827=DIRECTION('',(0.,-3.16123800171814E-17,1.));
#13828=DIRECTION('',(0.,-3.16123800171814E-17,1.));
#13829=DIRECTION('',(0.,1.,3.16123800171814E-17));
#13830=DIRECTION('',(0.,-3.16123800171814E-17,1.));
#13831=DIRECTION('',(0.,3.16123800171814E-17,-1.));
#13832=DIRECTION('',(0.,1.,3.16123800171814E-17));
#13833=DIRECTION('',(0.,-3.16123800171814E-17,1.));
#13834=DIRECTION('',(0.,-3.16123800171814E-17,1.));
#13835=DIRECTION('',(0.,1.,3.16123800171814E-17));
#13836=DIRECTION('',(0.,-3.16123800171814E-17,1.));
#13837=DIRECTION('',(0.,3.16123800171814E-17,-1.));
#13838=DIRECTION('',(-1.,7.31183169964064E-32,-2.31296463463575E-15));
#13839=DIRECTION('',(1.,0.,0.));
#13840=DIRECTION('',(0.,3.16123800171814E-17,-1.));
#13841=DIRECTION('',(-1.,-3.65591584982031E-32,1.15648231731787E-15));
#13842=DIRECTION('',(1.,3.13364215698884E-33,-9.91270557701033E-17));
#13843=DIRECTION('',(0.,3.16123800171814E-17,-1.));
#13844=DIRECTION('',(-1.,0.,0.));
#13845=DIRECTION('',(-1.06752213906265E-15,-3.16123800171814E-17,1.));
#13846=DIRECTION('',(1.,0.,0.));
#13847=DIRECTION('',(0.,3.16123800171814E-17,-1.));
#13848=DIRECTION('',(-1.,0.,0.));
#13849=DIRECTION('',(0.,-3.16123800171814E-17,1.));
#13850=DIRECTION('',(1.,0.,0.));
#13851=DIRECTION('',(0.,0.,1.));
#13852=DIRECTION('',(-1.,3.65591584982031E-32,-1.15648231731787E-15));
#13853=DIRECTION('',(0.,-3.16123800171814E-17,1.));
#13854=DIRECTION('',(1.,0.,0.));
#13855=DIRECTION('',(-1.,-7.31183169964064E-32,2.31296463463575E-15));
#13856=DIRECTION('',(0.,-3.16123800171814E-17,1.));
#13857=DIRECTION('',(1.,0.,0.));
#13858=DIRECTION('',(-1.,0.,0.));
#13859=DIRECTION('',(0.,0.,1.));
#13860=DIRECTION('',(1.,0.,0.));
#13861=DIRECTION('',(-1.,0.,0.));
#13862=DIRECTION('',(0.,-1.,0.));
#13863=DIRECTION('',(-1.,0.,0.));
#13864=DIRECTION('',(-1.,0.,0.));
#13865=DIRECTION('',(0.,-1.,0.));
#13866=DIRECTION('',(-1.,0.,0.));
#13867=DIRECTION('',(1.,0.,0.));
#13868=DIRECTION('',(0.,1.,0.));
#13869=DIRECTION('',(0.,0.,1.));
#13870=DIRECTION('',(0.,-1.,0.));
#13871=DIRECTION('',(-1.,0.,0.));
#13872=DIRECTION('',(0.,-1.,0.));
#13873=DIRECTION('',(0.,1.,0.));
#13874=DIRECTION('',(-1.,0.,0.));
#13875=DIRECTION('',(0.,-1.,0.));
#13876=DIRECTION('',(-1.,0.,0.));
#13877=DIRECTION('',(0.,-1.,0.));
#13878=DIRECTION('',(1.,0.,0.));
#13879=DIRECTION('',(0.,1.,0.));
#13880=DIRECTION('',(-1.,0.,0.));
#13881=DIRECTION('',(0.,-1.,0.));
#13882=DIRECTION('',(-1.,0.,0.));
#13883=DIRECTION('',(0.,-1.,0.));
#13884=DIRECTION('',(1.,0.,0.));
#13885=DIRECTION('',(0.,1.,0.));
#13886=DIRECTION('',(-1.,0.,0.));
#13887=DIRECTION('',(0.,0.,-1.));
#13888=DIRECTION('',(0.,1.,0.));
#13889=DIRECTION('',(0.,1.,0.));
#13890=DIRECTION('',(0.,-1.,0.));
#13891=DIRECTION('',(-1.,0.,0.));
#13892=DIRECTION('',(0.,-1.,0.));
#13893=DIRECTION('',(-1.,0.,0.));
#13894=DIRECTION('',(-1.,-2.33871823500792E-32,-1.06752213906265E-15));
#13895=DIRECTION('',(1.06752213906265E-15,0.,-1.));
#13896=DIRECTION('',(-1.,0.,0.));
#13897=DIRECTION('',(1.,0.,0.));
#13898=DIRECTION('',(0.,1.,0.));
#13899=DIRECTION('',(0.,0.,1.));
#13900=DIRECTION('',(0.,-1.,0.));
#13901=DIRECTION('',(-1.,0.,0.));
#13902=DIRECTION('',(2.33871823500792E-32,-1.,0.));
#13903=DIRECTION('',(0.,1.,0.));
#13904=DIRECTION('',(-1.,0.,0.));
#13905=DIRECTION('',(0.,-1.,0.));
#13906=DIRECTION('',(-1.,-2.33871823500792E-32,-1.06752213906265E-15));
#13907=DIRECTION('',(1.06752213906265E-15,0.,-1.));
#13908=DIRECTION('',(1.,0.,0.));
#13909=DIRECTION('',(0.,1.,0.));
#13910=DIRECTION('',(0.,0.,-1.));
#13911=DIRECTION('',(0.,1.,0.));
#13912=DIRECTION('',(0.,0.,1.));
#13913=DIRECTION('',(0.,-1.,0.));
#13914=DIRECTION('',(0.,0.,1.));
#13915=DIRECTION('',(0.,-1.,0.));
#13916=DIRECTION('',(0.,0.,-1.));
#13917=DIRECTION('',(0.,1.,0.));
#13918=DIRECTION('',(-1.,0.,0.));
#13919=DIRECTION('',(0.,-1.,0.));
#13920=DIRECTION('',(-1.,-2.33871823500792E-32,-1.06752213906265E-15));
#13921=DIRECTION('',(1.06752213906265E-15,0.,-1.));
#13922=DIRECTION('',(1.,0.,0.));
#13923=DIRECTION('',(0.,1.,0.));
#13924=DIRECTION('',(-1.,0.,0.));
#13925=DIRECTION('',(0.,0.,-1.));
#13926=DIRECTION('',(0.,1.,0.));
#13927=DIRECTION('',(-2.33871823500792E-32,1.,0.));
#13928=DIRECTION('',(0.,-1.,0.));
#13929=DIRECTION('',(1.,0.,0.));
#13930=DIRECTION('',(0.,1.,0.));
#13931=DIRECTION('',(0.,1.,-2.19079131891489E-17));
#13932=DIRECTION('',(9.91270557701033E-17,2.19079131891489E-17,1.));
#13933=DIRECTION('',(-1.,0.,9.91270557701033E-17));
#13934=DIRECTION('',(-1.,0.,0.));
#13935=DIRECTION('',(0.,-1.,0.));
#13936=DIRECTION('',(0.,1.,-2.19079131891489E-17));
#13937=DIRECTION('',(0.,2.19079131891489E-17,1.));
#13938=DIRECTION('',(0.,-1.,2.19079131891489E-17));
#13939=DIRECTION('',(9.91270557701033E-17,2.19079131891489E-17,1.));
#13940=DIRECTION('',(-1.,0.,9.91270557701033E-17));
#13941=DIRECTION('',(0.,2.19079131891489E-17,1.));
#13942=DIRECTION('',(0.,-1.,2.19079131891489E-17));
#13943=DIRECTION('',(0.,1.,-2.19079131891489E-17));
#13944=DIRECTION('',(0.,1.,-2.19079131891489E-17));
#13945=DIRECTION('',(1.,0.,0.));
#13946=DIRECTION('',(0.,1.,0.));
#13947=DIRECTION('',(-1.,-2.33871823500792E-32,-1.06752213906265E-15));
#13948=DIRECTION('',(1.06752213906265E-15,0.,-1.));
#13949=DIRECTION('',(0.,0.,1.));
#13950=DIRECTION('',(0.,-1.,0.));
#13951=DIRECTION('',(0.,3.16123800171814E-17,1.));
#13952=DIRECTION('',(0.,-1.,3.16123800171814E-17));
#13953=DIRECTION('',(0.,0.,1.));
#13954=DIRECTION('',(0.,-1.,0.));
#13955=DIRECTION('',(1.15648231731787E-15,-3.16123800171814E-17,-1.));
#13956=DIRECTION('',(1.,0.,1.15648231731787E-15));
#13957=DIRECTION('',(-1.,0.,0.));
#13958=DIRECTION('',(0.,-1.,0.));
#13959=DIRECTION('',(0.,1.,-3.16123800171814E-17));
#13960=DIRECTION('',(0.,1.,-3.16123800171814E-17));
#13961=DIRECTION('',(0.,3.16123800171814E-17,1.));
#13962=DIRECTION('',(0.,-1.,3.16123800171814E-17));
#13963=DIRECTION('',(0.,3.16123800171814E-17,1.));
#13964=DIRECTION('',(0.,-1.,3.16123800171814E-17));
#13965=DIRECTION('',(-2.31296463463575E-15,-3.16123800171814E-17,-1.));
#13966=DIRECTION('',(1.,0.,-2.31296463463575E-15));
#13967=DIRECTION('',(-2.31296463463575E-15,-3.16123800171814E-17,-1.));
#13968=DIRECTION('',(1.,0.,-2.31296463463575E-15));
#13969=DIRECTION('',(-1.,0.,0.));
#13970=DIRECTION('',(0.,-1.,0.));
#13971=DIRECTION('',(0.,1.,-3.16123800171814E-17));
#13972=DIRECTION('',(0.,1.,-3.16123800171814E-17));
#13973=DIRECTION('',(0.,3.16123800171814E-17,1.));
#13974=DIRECTION('',(0.,-1.,3.16123800171814E-17));
#13975=DIRECTION('',(0.,3.16123800171814E-17,1.));
#13976=DIRECTION('',(0.,-1.,3.16123800171814E-17));
#13977=DIRECTION('',(1.15648231731787E-15,-3.16123800171814E-17,-1.));
#13978=DIRECTION('',(1.,0.,1.15648231731787E-15));
#13979=DIRECTION('',(1.15648231731787E-15,-3.16123800171814E-17,-1.));
#13980=DIRECTION('',(1.,0.,1.15648231731787E-15));
#13981=DIRECTION('',(1.,0.,0.));
#13982=DIRECTION('',(0.,1.,0.));
#13983=DIRECTION('',(0.,1.,-3.16123800171814E-17));
#13984=DIRECTION('',(0.,1.,-3.16123800171814E-17));
#13985=DIRECTION('',(-1.15648231731787E-15,-3.16123800171814E-17,-1.));
#13986=DIRECTION('',(1.,0.,-1.15648231731787E-15));
#13987=DIRECTION('',(-1.15648231731787E-15,-3.16123800171814E-17,-1.));
#13988=DIRECTION('',(1.,0.,-1.15648231731787E-15));
#13989=DIRECTION('',(0.,3.16123800171814E-17,1.));
#13990=DIRECTION('',(0.,-1.,3.16123800171814E-17));
#13991=DIRECTION('',(0.,3.16123800171814E-17,1.));
#13992=DIRECTION('',(0.,-1.,3.16123800171814E-17));
#13993=DIRECTION('',(1.,0.,0.));
#13994=DIRECTION('',(0.,1.,0.));
#13995=DIRECTION('',(0.,1.,-3.16123800171814E-17));
#13996=DIRECTION('',(0.,1.,-3.16123800171814E-17));
#13997=DIRECTION('',(2.31296463463575E-15,-3.16123800171814E-17,-1.));
#13998=DIRECTION('',(1.,0.,2.31296463463575E-15));
#13999=DIRECTION('',(2.31296463463575E-15,-3.16123800171814E-17,-1.));
#14000=DIRECTION('',(1.,0.,2.31296463463575E-15));
#14001=DIRECTION('',(0.,3.16123800171814E-17,1.));
#14002=DIRECTION('',(0.,-1.,3.16123800171814E-17));
#14003=DIRECTION('',(0.,3.16123800171814E-17,1.));
#14004=DIRECTION('',(0.,-1.,3.16123800171814E-17));
#14005=DIRECTION('',(0.,0.,1.));
#14006=DIRECTION('',(0.,-1.,0.));
#14007=DIRECTION('',(0.,0.,1.));
#14008=DIRECTION('',(0.,-1.,0.));
#14009=DIRECTION('',(0.,0.,1.));
#14010=DIRECTION('',(0.,-1.,0.));
#14011=DIRECTION('',(0.,0.,1.));
#14012=DIRECTION('',(0.,-1.,0.));
#14013=DIRECTION('',(0.,1.,-3.16123800171814E-17));
#14014=DIRECTION('',(0.,3.16123800171814E-17,1.));
#14015=DIRECTION('',(0.,1.,-3.16123800171814E-17));
#14016=DIRECTION('',(0.,1.,-3.16123800171814E-17));
#14017=DIRECTION('',(1.,0.,0.));
#14018=DIRECTION('',(0.,1.,0.));
#14019=DIRECTION('',(0.,1.,-3.16123800171814E-17));
#14020=DIRECTION('',(0.,1.,-3.16123800171814E-17));
#14021=DIRECTION('',(0.,3.16123800171814E-17,1.));
#14022=DIRECTION('',(0.,1.,-3.16123800171814E-17));
#14023=DIRECTION('',(-1.,0.,0.));
#14024=DIRECTION('',(0.,-1.,0.));
#14025=DIRECTION('',(0.,1.,-3.16123800171814E-17));
#14026=DIRECTION('',(0.,3.16123800171814E-17,1.));
#14027=DIRECTION('',(0.,1.,-3.16123800171814E-17));
#14028=DIRECTION('',(0.,1.,-3.16123800171814E-17));
#14029=DIRECTION('',(1.,0.,0.));
#14030=DIRECTION('',(0.,1.,0.));
#14031=DIRECTION('',(0.,1.,-3.16123800171814E-17));
#14032=DIRECTION('',(0.,1.,-3.16123800171814E-17));
#14033=DIRECTION('',(0.,3.16123800171814E-17,1.));
#14034=DIRECTION('',(0.,1.,-3.16123800171814E-17));
#14035=DIRECTION('',(-1.,0.,0.));
#14036=DIRECTION('',(0.,-1.,0.));
#14037=DIRECTION('',(-0.0415387095296778,-3.15850952243736E-17,-0.999136895330469));
#14038=DIRECTION('',(0.999136895330469,0.,-0.0415387095296778));
#14039=DIRECTION('',(0.,1.,-3.16123800171814E-17));
#14040=DIRECTION('',(0.,1.,-3.16123800171814E-17));
#14041=DIRECTION('',(0.844508578449661,-1.69297580207994E-17,-0.535542025358359));
#14042=DIRECTION('',(0.535542025358359,0.,0.844508578449661));
#14043=DIRECTION('',(0.,1.,-3.16123800171814E-17));
#14044=DIRECTION('',(0.886047287979339,1.46553372035742E-17,0.463594869972112));
#14045=DIRECTION('',(-0.463594869972112,0.,0.886047287979339));
#14046=DIRECTION('',(0.,1.,-3.16123800171814E-17));
#14047=DIRECTION('',(0.041538709529678,3.15850952243736E-17,0.999136895330469));
#14048=DIRECTION('',(-0.999136895330469,0.,0.041538709529678));
#14049=DIRECTION('',(0.,1.,-3.16123800171814E-17));
#14050=DIRECTION('',(-0.844508578449661,1.69297580207994E-17,0.535542025358359));
#14051=DIRECTION('',(-0.535542025358359,0.,-0.844508578449661));
#14052=DIRECTION('',(0.,1.,-3.16123800171814E-17));
#14053=DIRECTION('',(-0.88604728797934,-1.46553372035741E-17,-0.463594869972108));
#14054=DIRECTION('',(0.463594869972108,0.,-0.88604728797934));
#14055=DIRECTION('',(-0.0415387095296778,-3.15850952243736E-17,-0.999136895330469));
#14056=DIRECTION('',(0.999136895330469,0.,-0.0415387095296778));
#14057=DIRECTION('',(0.,1.,-3.16123800171814E-17));
#14058=DIRECTION('',(0.,1.,-3.16123800171814E-17));
#14059=DIRECTION('',(0.844508578449661,-1.69297580207994E-17,-0.535542025358359));
#14060=DIRECTION('',(0.535542025358359,0.,0.844508578449661));
#14061=DIRECTION('',(0.,1.,-3.16123800171814E-17));
#14062=DIRECTION('',(0.886047287979339,1.46553372035742E-17,0.463594869972112));
#14063=DIRECTION('',(-0.463594869972112,0.,0.886047287979339));
#14064=DIRECTION('',(0.,1.,-3.16123800171814E-17));
#14065=DIRECTION('',(0.041538709529678,3.15850952243736E-17,0.999136895330469));
#14066=DIRECTION('',(-0.999136895330469,0.,0.041538709529678));
#14067=DIRECTION('',(0.,1.,-3.16123800171814E-17));
#14068=DIRECTION('',(-0.844508578449661,1.69297580207994E-17,0.535542025358359));
#14069=DIRECTION('',(-0.535542025358359,0.,-0.844508578449661));
#14070=DIRECTION('',(0.,1.,-3.16123800171814E-17));
#14071=DIRECTION('',(-0.88604728797934,-1.46553372035741E-17,-0.463594869972108));
#14072=DIRECTION('',(0.463594869972108,0.,-0.88604728797934));
#14073=DIRECTION('',(0.,0.,1.));
#14074=DIRECTION('',(0.,-1.,0.));
#14075=DIRECTION('',(0.,0.,1.));
#14076=DIRECTION('',(0.,-1.,0.));
#14077=DIRECTION('',(0.,0.,1.));
#14078=DIRECTION('',(0.,-1.,0.));
#14079=DIRECTION('',(0.,0.,1.));
#14080=DIRECTION('',(0.,-1.,0.));
#14081=DIRECTION('',(0.,0.,1.));
#14082=DIRECTION('',(0.,-1.,0.));
#14083=DIRECTION('',(0.,0.,1.));
#14084=DIRECTION('',(0.,-1.,0.));
#14085=CARTESIAN_POINT('',(0.,0.,0.));
#14086=CARTESIAN_POINT('',(-0.0762944037872612,-0.009,0.0820621137244957));
#14087=CARTESIAN_POINT('',(-0.0762944037872612,-0.009,0.0820621137244957));
#14088=CARTESIAN_POINT('',(-0.0762944037872612,-0.001,0.0820621137244957));
#14089=CARTESIAN_POINT('',(-0.0762944037872612,0.001,0.0820621137244957));
#14090=CARTESIAN_POINT('',(-0.0762944037872612,0.001,0.0820621137244957));
#14091=CARTESIAN_POINT('',(-0.0776326869021279,0.001,0.0846199119256437));
#14092=CARTESIAN_POINT('',(-0.0776326869021279,-0.009,0.0846199119256437));
#14093=CARTESIAN_POINT('',(-0.0776326869021279,-0.001,0.0846199119256437));
#14094=CARTESIAN_POINT('',(-0.100875820740915,-0.001,0.129043431330069));
#14095=CARTESIAN_POINT('',(-0.0776326869021279,-0.009,0.0846199119256437));
#14096=CARTESIAN_POINT('',(-0.0776326869021279,0.001,0.0846199119256437));
#14097=CARTESIAN_POINT('',(-0.0760867102396128,0.001,0.087057798201148));
#14098=CARTESIAN_POINT('',(-0.0760867102396128,-0.009,0.087057798201148));
#14099=CARTESIAN_POINT('',(-0.0760867102396128,-0.001,0.087057798201148));
#14100=CARTESIAN_POINT('',(-0.0412411424672081,-0.001,0.142006578149936));
#14101=CARTESIAN_POINT('',(-0.0760867102396128,-0.009,0.087057798201148));
#14102=CARTESIAN_POINT('',(-0.0760867102396128,0.001,0.087057798201148));
#14103=CARTESIAN_POINT('',(-0.0732024504622312,0.001,0.0869378862755043));
#14104=CARTESIAN_POINT('',(-0.0732024504622312,-0.009,0.0869378862755043));
#14105=CARTESIAN_POINT('',(-0.0732024504622312,-0.001,0.0869378862755043));
#14106=CARTESIAN_POINT('',(-0.0597282203712446,-0.001,0.0863777006467868));
#14107=CARTESIAN_POINT('',(-0.0732024504622312,-0.009,0.0869378862755043));
#14108=CARTESIAN_POINT('',(-0.0732024504622312,0.001,0.0869378862755043));
#14109=CARTESIAN_POINT('',(-0.0718641673473645,0.001,0.0843800880743563));
#14110=CARTESIAN_POINT('',(-0.0718641673473645,-0.009,0.0843800880743563));
#14111=CARTESIAN_POINT('',(-0.0718641673473645,-0.001,0.0843800880743563));
#14112=CARTESIAN_POINT('',(-0.0964455843010181,-0.001,0.131361405679929));
#14113=CARTESIAN_POINT('',(-0.0718641673473645,-0.009,0.0843800880743563));
#14114=CARTESIAN_POINT('',(-0.0718641673473645,0.001,0.0843800880743563));
#14115=CARTESIAN_POINT('',(-0.0734101440098796,0.001,0.0819422017988519));
#14116=CARTESIAN_POINT('',(-0.0734101440098796,-0.009,0.0819422017988519));
#14117=CARTESIAN_POINT('',(-0.0734101440098796,-0.001,0.0819422017988519));
#14118=CARTESIAN_POINT('',(-0.0370185995749598,-0.001,0.139328868023144));
#14119=CARTESIAN_POINT('',(-0.0734101440098796,-0.009,0.0819422017988519));
#14120=CARTESIAN_POINT('',(-0.0734101440098796,0.001,0.0819422017988519));
#14121=CARTESIAN_POINT('',(-0.059935913918893,-0.001,0.0813820161701345));
#14122=CARTESIAN_POINT('',(-0.0612944037872613,-0.009,0.0820621137244957));
#14123=CARTESIAN_POINT('',(-0.0612944037872613,-0.009,0.0820621137244957));
#14124=CARTESIAN_POINT('',(-0.0612944037872613,-0.001,0.0820621137244957));
#14125=CARTESIAN_POINT('',(-0.0612944037872613,0.001,0.0820621137244957));
#14126=CARTESIAN_POINT('',(-0.0612944037872613,0.001,0.0820621137244957));
#14127=CARTESIAN_POINT('',(-0.0626326869021279,0.001,0.0846199119256437));
#14128=CARTESIAN_POINT('',(-0.0626326869021279,-0.009,0.0846199119256437));
#14129=CARTESIAN_POINT('',(-0.0626326869021279,-0.001,0.0846199119256437));
#14130=CARTESIAN_POINT('',(-0.0858758207409148,-0.001,0.129043431330069));
#14131=CARTESIAN_POINT('',(-0.0626326869021279,-0.009,0.0846199119256437));
#14132=CARTESIAN_POINT('',(-0.0626326869021279,0.001,0.0846199119256437));
#14133=CARTESIAN_POINT('',(-0.0610867102396129,0.001,0.087057798201148));
#14134=CARTESIAN_POINT('',(-0.0610867102396129,-0.009,0.087057798201148));
#14135=CARTESIAN_POINT('',(-0.0610867102396129,-0.001,0.087057798201148));
#14136=CARTESIAN_POINT('',(-0.0262411424672082,-0.001,0.142006578149936));
#14137=CARTESIAN_POINT('',(-0.0610867102396129,-0.009,0.087057798201148));
#14138=CARTESIAN_POINT('',(-0.0610867102396129,0.001,0.087057798201148));
#14139=CARTESIAN_POINT('',(-0.0582024504622312,0.001,0.0869378862755043));
#14140=CARTESIAN_POINT('',(-0.0582024504622312,-0.009,0.0869378862755043));
#14141=CARTESIAN_POINT('',(-0.0582024504622312,-0.001,0.0869378862755043));
#14142=CARTESIAN_POINT('',(-0.0447282203712447,-0.001,0.0863777006467868));
#14143=CARTESIAN_POINT('',(-0.0582024504622312,-0.009,0.0869378862755043));
#14144=CARTESIAN_POINT('',(-0.0582024504622312,0.001,0.0869378862755043));
#14145=CARTESIAN_POINT('',(-0.0568641673473646,0.001,0.0843800880743563));
#14146=CARTESIAN_POINT('',(-0.0568641673473646,-0.009,0.0843800880743563));
#14147=CARTESIAN_POINT('',(-0.0568641673473646,-0.001,0.0843800880743563));
#14148=CARTESIAN_POINT('',(-0.0814455843010182,-0.001,0.131361405679929));
#14149=CARTESIAN_POINT('',(-0.0568641673473646,-0.009,0.0843800880743563));
#14150=CARTESIAN_POINT('',(-0.0568641673473646,0.001,0.0843800880743563));
#14151=CARTESIAN_POINT('',(-0.0584101440098796,0.001,0.0819422017988519));
#14152=CARTESIAN_POINT('',(-0.0584101440098796,-0.009,0.0819422017988519));
#14153=CARTESIAN_POINT('',(-0.0584101440098796,-0.001,0.0819422017988519));
#14154=CARTESIAN_POINT('',(-0.0220185995749599,-0.001,0.139328868023144));
#14155=CARTESIAN_POINT('',(-0.0584101440098796,-0.009,0.0819422017988519));
#14156=CARTESIAN_POINT('',(-0.0584101440098796,0.001,0.0819422017988519));
#14157=CARTESIAN_POINT('',(-0.044935913918893,-0.001,0.0813820161701345));
#14158=CARTESIAN_POINT('',(-0.0462944037872612,-0.009,0.0820621137244957));
#14159=CARTESIAN_POINT('',(-0.0462944037872612,-0.009,0.0820621137244957));
#14160=CARTESIAN_POINT('',(-0.0462944037872612,-0.001,0.0820621137244957));
#14161=CARTESIAN_POINT('',(-0.0462944037872612,0.001,0.0820621137244957));
#14162=CARTESIAN_POINT('',(-0.0462944037872612,0.001,0.0820621137244957));
#14163=CARTESIAN_POINT('',(-0.0476326869021279,0.001,0.0846199119256437));
#14164=CARTESIAN_POINT('',(-0.0476326869021279,-0.009,0.0846199119256437));
#14165=CARTESIAN_POINT('',(-0.0476326869021279,-0.001,0.0846199119256437));
#14166=CARTESIAN_POINT('',(-0.0708758207409147,-0.001,0.129043431330069));
#14167=CARTESIAN_POINT('',(-0.0476326869021279,-0.009,0.0846199119256437));
#14168=CARTESIAN_POINT('',(-0.0476326869021279,0.001,0.0846199119256437));
#14169=CARTESIAN_POINT('',(-0.0460867102396128,0.001,0.087057798201148));
#14170=CARTESIAN_POINT('',(-0.0460867102396128,-0.009,0.087057798201148));
#14171=CARTESIAN_POINT('',(-0.0460867102396128,-0.001,0.087057798201148));
#14172=CARTESIAN_POINT('',(-0.0112411424672082,-0.001,0.142006578149936));
#14173=CARTESIAN_POINT('',(-0.0460867102396128,-0.009,0.087057798201148));
#14174=CARTESIAN_POINT('',(-0.0460867102396128,0.001,0.087057798201148));
#14175=CARTESIAN_POINT('',(-0.0432024504622312,0.001,0.0869378862755043));
#14176=CARTESIAN_POINT('',(-0.0432024504622312,-0.009,0.0869378862755043));
#14177=CARTESIAN_POINT('',(-0.0432024504622312,-0.001,0.0869378862755043));
#14178=CARTESIAN_POINT('',(-0.0297282203712446,-0.001,0.0863777006467868));
#14179=CARTESIAN_POINT('',(-0.0432024504622312,-0.009,0.0869378862755043));
#14180=CARTESIAN_POINT('',(-0.0432024504622312,0.001,0.0869378862755043));
#14181=CARTESIAN_POINT('',(-0.0418641673473645,0.001,0.0843800880743563));
#14182=CARTESIAN_POINT('',(-0.0418641673473645,-0.009,0.0843800880743563));
#14183=CARTESIAN_POINT('',(-0.0418641673473645,-0.001,0.0843800880743563));
#14184=CARTESIAN_POINT('',(-0.0664455843010181,-0.001,0.131361405679929));
#14185=CARTESIAN_POINT('',(-0.0418641673473645,-0.009,0.0843800880743563));
#14186=CARTESIAN_POINT('',(-0.0418641673473645,0.001,0.0843800880743563));
#14187=CARTESIAN_POINT('',(-0.0434101440098795,0.001,0.0819422017988519));
#14188=CARTESIAN_POINT('',(-0.0434101440098795,-0.009,0.0819422017988519));
#14189=CARTESIAN_POINT('',(-0.0434101440098795,-0.001,0.0819422017988519));
#14190=CARTESIAN_POINT('',(-0.00701859957495986,-0.001,0.139328868023144));
#14191=CARTESIAN_POINT('',(-0.0434101440098795,-0.009,0.0819422017988519));
#14192=CARTESIAN_POINT('',(-0.0434101440098795,0.001,0.0819422017988519));
#14193=CARTESIAN_POINT('',(-0.029935913918893,-0.001,0.0813820161701345));
#14194=CARTESIAN_POINT('',(-0.0312944037872612,-0.009,0.0820621137244957));
#14195=CARTESIAN_POINT('',(-0.0312944037872612,-0.009,0.0820621137244957));
#14196=CARTESIAN_POINT('',(-0.0312944037872612,-0.001,0.0820621137244957));
#14197=CARTESIAN_POINT('',(-0.0312944037872612,0.001,0.0820621137244957));
#14198=CARTESIAN_POINT('',(-0.0312944037872612,0.001,0.0820621137244957));
#14199=CARTESIAN_POINT('',(-0.0326326869021279,0.001,0.0846199119256437));
#14200=CARTESIAN_POINT('',(-0.0326326869021279,-0.009,0.0846199119256437));
#14201=CARTESIAN_POINT('',(-0.0326326869021279,-0.001,0.0846199119256437));
#14202=CARTESIAN_POINT('',(-0.0558758207409147,-0.001,0.129043431330069));
#14203=CARTESIAN_POINT('',(-0.0326326869021279,-0.009,0.0846199119256437));
#14204=CARTESIAN_POINT('',(-0.0326326869021279,0.001,0.0846199119256437));
#14205=CARTESIAN_POINT('',(-0.0310867102396129,0.001,0.087057798201148));
#14206=CARTESIAN_POINT('',(-0.0310867102396129,-0.009,0.087057798201148));
#14207=CARTESIAN_POINT('',(-0.0310867102396129,-0.001,0.087057798201148));
#14208=CARTESIAN_POINT('',(0.00375885753279183,-0.001,0.142006578149936));
#14209=CARTESIAN_POINT('',(-0.0310867102396129,-0.009,0.087057798201148));
#14210=CARTESIAN_POINT('',(-0.0310867102396129,0.001,0.087057798201148));
#14211=CARTESIAN_POINT('',(-0.0282024504622311,0.001,0.0869378862755043));
#14212=CARTESIAN_POINT('',(-0.0282024504622311,-0.009,0.0869378862755043));
#14213=CARTESIAN_POINT('',(-0.0282024504622311,-0.001,0.0869378862755043));
#14214=CARTESIAN_POINT('',(-0.0147282203712446,-0.001,0.0863777006467868));
#14215=CARTESIAN_POINT('',(-0.0282024504622311,-0.009,0.0869378862755043));
#14216=CARTESIAN_POINT('',(-0.0282024504622311,0.001,0.0869378862755043));
#14217=CARTESIAN_POINT('',(-0.0268641673473645,0.001,0.0843800880743563));
#14218=CARTESIAN_POINT('',(-0.0268641673473645,-0.009,0.0843800880743563));
#14219=CARTESIAN_POINT('',(-0.0268641673473645,-0.001,0.0843800880743563));
#14220=CARTESIAN_POINT('',(-0.0514455843010181,-0.001,0.131361405679929));
#14221=CARTESIAN_POINT('',(-0.0268641673473645,-0.009,0.0843800880743563));
#14222=CARTESIAN_POINT('',(-0.0268641673473645,0.001,0.0843800880743563));
#14223=CARTESIAN_POINT('',(-0.0284101440098795,0.001,0.0819422017988519));
#14224=CARTESIAN_POINT('',(-0.0284101440098795,-0.009,0.0819422017988519));
#14225=CARTESIAN_POINT('',(-0.0284101440098795,-0.001,0.0819422017988519));
#14226=CARTESIAN_POINT('',(0.00798140042504014,-0.001,0.139328868023144));
#14227=CARTESIAN_POINT('',(-0.0284101440098795,-0.009,0.0819422017988519));
#14228=CARTESIAN_POINT('',(-0.0284101440098795,0.001,0.0819422017988519));
#14229=CARTESIAN_POINT('',(-0.014935913918893,-0.001,0.0813820161701345));
#14230=CARTESIAN_POINT('',(-0.0162944037872613,-0.009,0.0820621137244957));
#14231=CARTESIAN_POINT('',(-0.0162944037872613,-0.009,0.0820621137244957));
#14232=CARTESIAN_POINT('',(-0.0162944037872613,-0.001,0.0820621137244957));
#14233=CARTESIAN_POINT('',(-0.0162944037872613,0.001,0.0820621137244957));
#14234=CARTESIAN_POINT('',(-0.0162944037872613,0.001,0.0820621137244957));
#14235=CARTESIAN_POINT('',(-0.0176326869021278,0.001,0.0846199119256437));
#14236=CARTESIAN_POINT('',(-0.0176326869021278,-0.009,0.0846199119256437));
#14237=CARTESIAN_POINT('',(-0.0176326869021278,-0.001,0.0846199119256437));
#14238=CARTESIAN_POINT('',(-0.0408758207409148,-0.001,0.129043431330069));
#14239=CARTESIAN_POINT('',(-0.0176326869021278,-0.009,0.0846199119256437));
#14240=CARTESIAN_POINT('',(-0.0176326869021278,0.001,0.0846199119256437));
#14241=CARTESIAN_POINT('',(-0.0160867102396128,0.001,0.087057798201148));
#14242=CARTESIAN_POINT('',(-0.0160867102396128,-0.009,0.087057798201148));
#14243=CARTESIAN_POINT('',(-0.0160867102396128,-0.001,0.087057798201148));
#14244=CARTESIAN_POINT('',(0.0187588575327918,-0.001,0.142006578149936));
#14245=CARTESIAN_POINT('',(-0.0160867102396128,-0.009,0.087057798201148));
#14246=CARTESIAN_POINT('',(-0.0160867102396128,0.001,0.087057798201148));
#14247=CARTESIAN_POINT('',(-0.0132024504622312,0.001,0.0869378862755043));
#14248=CARTESIAN_POINT('',(-0.0132024504622312,-0.009,0.0869378862755043));
#14249=CARTESIAN_POINT('',(-0.0132024504622312,-0.001,0.0869378862755043));
#14250=CARTESIAN_POINT('',(0.000271779628755367,-0.001,0.0863777006467868));
#14251=CARTESIAN_POINT('',(-0.0132024504622312,-0.009,0.0869378862755043));
#14252=CARTESIAN_POINT('',(-0.0132024504622312,0.001,0.0869378862755043));
#14253=CARTESIAN_POINT('',(-0.0118641673473645,0.001,0.0843800880743563));
#14254=CARTESIAN_POINT('',(-0.0118641673473645,-0.009,0.0843800880743563));
#14255=CARTESIAN_POINT('',(-0.0118641673473645,-0.001,0.0843800880743563));
#14256=CARTESIAN_POINT('',(-0.0364455843010182,-0.001,0.131361405679929));
#14257=CARTESIAN_POINT('',(-0.0118641673473645,-0.009,0.0843800880743563));
#14258=CARTESIAN_POINT('',(-0.0118641673473645,0.001,0.0843800880743563));
#14259=CARTESIAN_POINT('',(-0.0134101440098796,0.001,0.0819422017988519));
#14260=CARTESIAN_POINT('',(-0.0134101440098796,-0.009,0.0819422017988519));
#14261=CARTESIAN_POINT('',(-0.0134101440098796,-0.001,0.0819422017988519));
#14262=CARTESIAN_POINT('',(0.0229814004250402,-0.001,0.139328868023144));
#14263=CARTESIAN_POINT('',(-0.0134101440098796,-0.009,0.0819422017988519));
#14264=CARTESIAN_POINT('',(-0.0134101440098796,0.001,0.0819422017988519));
#14265=CARTESIAN_POINT('',(6.40860811069871E-5,-0.001,0.0813820161701345));
#14266=CARTESIAN_POINT('',(-0.00129440378726124,-0.009,0.0820621137244957));
#14267=CARTESIAN_POINT('',(-0.00129440378726124,-0.009,0.0820621137244957));
#14268=CARTESIAN_POINT('',(-0.00129440378726124,-0.001,0.0820621137244957));
#14269=CARTESIAN_POINT('',(-0.00129440378726124,0.001,0.0820621137244957));
#14270=CARTESIAN_POINT('',(-0.00129440378726124,0.001,0.0820621137244957));
#14271=CARTESIAN_POINT('',(-0.00263268690212787,0.001,0.0846199119256437));
#14272=CARTESIAN_POINT('',(-0.00263268690212787,-0.009,0.0846199119256437));
#14273=CARTESIAN_POINT('',(-0.00263268690212787,-0.001,0.0846199119256437));
#14274=CARTESIAN_POINT('',(-0.0258758207409148,-0.001,0.129043431330069));
#14275=CARTESIAN_POINT('',(-0.00263268690212787,-0.009,0.0846199119256437));
#14276=CARTESIAN_POINT('',(-0.00263268690212787,0.001,0.0846199119256437));
#14277=CARTESIAN_POINT('',(-0.00108671023961283,0.001,0.087057798201148));
#14278=CARTESIAN_POINT('',(-0.00108671023961283,-0.009,0.087057798201148));
#14279=CARTESIAN_POINT('',(-0.00108671023961283,-0.001,0.087057798201148));
#14280=CARTESIAN_POINT('',(0.0337588575327919,-0.001,0.142006578149936));
#14281=CARTESIAN_POINT('',(-0.00108671023961283,-0.009,0.087057798201148));
#14282=CARTESIAN_POINT('',(-0.00108671023961283,0.001,0.087057798201148));
#14283=CARTESIAN_POINT('',(0.00179754953776883,0.001,0.0869378862755043));
#14284=CARTESIAN_POINT('',(0.00179754953776883,-0.009,0.0869378862755043));
#14285=CARTESIAN_POINT('',(0.00179754953776883,-0.001,0.0869378862755043));
#14286=CARTESIAN_POINT('',(0.0152717796287554,-0.001,0.0863777006467868));
#14287=CARTESIAN_POINT('',(0.00179754953776883,-0.009,0.0869378862755043));
#14288=CARTESIAN_POINT('',(0.00179754953776883,0.001,0.0869378862755043));
#14289=CARTESIAN_POINT('',(0.00313583265263547,0.001,0.0843800880743563));
#14290=CARTESIAN_POINT('',(0.00313583265263547,-0.009,0.0843800880743563));
#14291=CARTESIAN_POINT('',(0.00313583265263547,-0.001,0.0843800880743563));
#14292=CARTESIAN_POINT('',(-0.0214455843010182,-0.001,0.131361405679929));
#14293=CARTESIAN_POINT('',(0.00313583265263547,-0.009,0.0843800880743563));
#14294=CARTESIAN_POINT('',(0.00313583265263547,0.001,0.0843800880743563));
#14295=CARTESIAN_POINT('',(0.00158985599012043,0.001,0.0819422017988519));
#14296=CARTESIAN_POINT('',(0.00158985599012043,-0.009,0.0819422017988519));
#14297=CARTESIAN_POINT('',(0.00158985599012043,-0.001,0.0819422017988519));
#14298=CARTESIAN_POINT('',(0.0379814004250401,-0.001,0.139328868023144));
#14299=CARTESIAN_POINT('',(0.00158985599012043,-0.009,0.0819422017988519));
#14300=CARTESIAN_POINT('',(0.00158985599012043,0.001,0.0819422017988519));
#14301=CARTESIAN_POINT('',(0.015064086081107,-0.001,0.0813820161701345));
#14302=CARTESIAN_POINT('',(0.0137055962127387,-0.009,0.0820621137244957));
#14303=CARTESIAN_POINT('',(0.0137055962127387,-0.009,0.0820621137244957));
#14304=CARTESIAN_POINT('',(0.0137055962127387,-0.001,0.0820621137244957));
#14305=CARTESIAN_POINT('',(0.0137055962127387,0.001,0.0820621137244957));
#14306=CARTESIAN_POINT('',(0.0137055962127387,0.001,0.0820621137244957));
#14307=CARTESIAN_POINT('',(0.0123673130978721,0.001,0.0846199119256437));
#14308=CARTESIAN_POINT('',(0.0123673130978721,-0.009,0.0846199119256437));
#14309=CARTESIAN_POINT('',(0.0123673130978721,-0.001,0.0846199119256437));
#14310=CARTESIAN_POINT('',(-0.0108758207409147,-0.001,0.129043431330069));
#14311=CARTESIAN_POINT('',(0.0123673130978721,-0.009,0.0846199119256437));
#14312=CARTESIAN_POINT('',(0.0123673130978721,0.001,0.0846199119256437));
#14313=CARTESIAN_POINT('',(0.0139132897603872,0.001,0.087057798201148));
#14314=CARTESIAN_POINT('',(0.0139132897603872,-0.009,0.087057798201148));
#14315=CARTESIAN_POINT('',(0.0139132897603872,-0.001,0.087057798201148));
#14316=CARTESIAN_POINT('',(0.0487588575327918,-0.001,0.142006578149936));
#14317=CARTESIAN_POINT('',(0.0139132897603872,-0.009,0.087057798201148));
#14318=CARTESIAN_POINT('',(0.0139132897603872,0.001,0.087057798201148));
#14319=CARTESIAN_POINT('',(0.0167975495377688,0.001,0.0869378862755043));
#14320=CARTESIAN_POINT('',(0.0167975495377688,-0.009,0.0869378862755043));
#14321=CARTESIAN_POINT('',(0.0167975495377688,-0.001,0.0869378862755043));
#14322=CARTESIAN_POINT('',(0.0302717796287553,-0.001,0.0863777006467868));
#14323=CARTESIAN_POINT('',(0.0167975495377688,-0.009,0.0869378862755043));
#14324=CARTESIAN_POINT('',(0.0167975495377688,0.001,0.0869378862755043));
#14325=CARTESIAN_POINT('',(0.0181358326526355,0.001,0.0843800880743563));
#14326=CARTESIAN_POINT('',(0.0181358326526355,-0.009,0.0843800880743563));
#14327=CARTESIAN_POINT('',(0.0181358326526355,-0.001,0.0843800880743563));
#14328=CARTESIAN_POINT('',(-0.00644558430101815,-0.001,0.131361405679929));
#14329=CARTESIAN_POINT('',(0.0181358326526355,-0.009,0.0843800880743563));
#14330=CARTESIAN_POINT('',(0.0181358326526355,0.001,0.0843800880743563));
#14331=CARTESIAN_POINT('',(0.0165898559901204,0.001,0.0819422017988519));
#14332=CARTESIAN_POINT('',(0.0165898559901204,-0.009,0.0819422017988519));
#14333=CARTESIAN_POINT('',(0.0165898559901204,-0.001,0.0819422017988519));
#14334=CARTESIAN_POINT('',(0.0529814004250401,-0.001,0.139328868023144));
#14335=CARTESIAN_POINT('',(0.0165898559901204,-0.009,0.0819422017988519));
#14336=CARTESIAN_POINT('',(0.0165898559901204,0.001,0.0819422017988519));
#14337=CARTESIAN_POINT('',(0.030064086081107,-0.001,0.0813820161701345));
#14338=CARTESIAN_POINT('',(0.0287055962127388,-0.009,0.0820621137244957));
#14339=CARTESIAN_POINT('',(0.0287055962127388,-0.009,0.0820621137244957));
#14340=CARTESIAN_POINT('',(0.0287055962127388,-0.001,0.0820621137244957));
#14341=CARTESIAN_POINT('',(0.0287055962127388,0.001,0.0820621137244957));
#14342=CARTESIAN_POINT('',(0.0287055962127388,0.001,0.0820621137244957));
#14343=CARTESIAN_POINT('',(0.0273673130978721,0.001,0.0846199119256437));
#14344=CARTESIAN_POINT('',(0.0273673130978721,-0.009,0.0846199119256437));
#14345=CARTESIAN_POINT('',(0.0273673130978721,-0.001,0.0846199119256437));
#14346=CARTESIAN_POINT('',(0.00412417925908525,-0.001,0.129043431330069));
#14347=CARTESIAN_POINT('',(0.0273673130978721,-0.009,0.0846199119256437));
#14348=CARTESIAN_POINT('',(0.0273673130978721,0.001,0.0846199119256437));
#14349=CARTESIAN_POINT('',(0.0289132897603872,0.001,0.087057798201148));
#14350=CARTESIAN_POINT('',(0.0289132897603872,-0.009,0.087057798201148));
#14351=CARTESIAN_POINT('',(0.0289132897603872,-0.001,0.087057798201148));
#14352=CARTESIAN_POINT('',(0.0637588575327918,-0.001,0.142006578149936));
#14353=CARTESIAN_POINT('',(0.0289132897603872,-0.009,0.087057798201148));
#14354=CARTESIAN_POINT('',(0.0289132897603872,0.001,0.087057798201148));
#14355=CARTESIAN_POINT('',(0.0317975495377689,0.001,0.0869378862755043));
#14356=CARTESIAN_POINT('',(0.0317975495377689,-0.009,0.0869378862755043));
#14357=CARTESIAN_POINT('',(0.0317975495377689,-0.001,0.0869378862755043));
#14358=CARTESIAN_POINT('',(0.0452717796287554,-0.001,0.0863777006467868));
#14359=CARTESIAN_POINT('',(0.0317975495377689,-0.009,0.0869378862755043));
#14360=CARTESIAN_POINT('',(0.0317975495377689,0.001,0.0869378862755043));
#14361=CARTESIAN_POINT('',(0.0331358326526354,0.001,0.0843800880743563));
#14362=CARTESIAN_POINT('',(0.0331358326526354,-0.009,0.0843800880743563));
#14363=CARTESIAN_POINT('',(0.0331358326526354,-0.001,0.0843800880743563));
#14364=CARTESIAN_POINT('',(0.00855441569898185,-0.001,0.131361405679929));
#14365=CARTESIAN_POINT('',(0.0331358326526354,-0.009,0.0843800880743563));
#14366=CARTESIAN_POINT('',(0.0331358326526354,0.001,0.0843800880743563));
#14367=CARTESIAN_POINT('',(0.0315898559901204,0.001,0.0819422017988519));
#14368=CARTESIAN_POINT('',(0.0315898559901204,-0.009,0.0819422017988519));
#14369=CARTESIAN_POINT('',(0.0315898559901204,-0.001,0.0819422017988519));
#14370=CARTESIAN_POINT('',(0.0679814004250401,-0.001,0.139328868023144));
#14371=CARTESIAN_POINT('',(0.0315898559901204,-0.009,0.0819422017988519));
#14372=CARTESIAN_POINT('',(0.0315898559901204,0.001,0.0819422017988519));
#14373=CARTESIAN_POINT('',(0.045064086081107,-0.001,0.0813820161701345));
#14374=CARTESIAN_POINT('',(0.0437055962127387,-0.009,0.0820621137244957));
#14375=CARTESIAN_POINT('',(0.0437055962127387,-0.009,0.0820621137244957));
#14376=CARTESIAN_POINT('',(0.0437055962127387,-0.001,0.0820621137244957));
#14377=CARTESIAN_POINT('',(0.0437055962127387,0.001,0.0820621137244957));
#14378=CARTESIAN_POINT('',(0.0437055962127387,0.001,0.0820621137244957));
#14379=CARTESIAN_POINT('',(0.0423673130978721,0.001,0.0846199119256437));
#14380=CARTESIAN_POINT('',(0.0423673130978721,-0.009,0.0846199119256437));
#14381=CARTESIAN_POINT('',(0.0423673130978721,-0.001,0.0846199119256437));
#14382=CARTESIAN_POINT('',(0.0191241792590853,-0.001,0.129043431330069));
#14383=CARTESIAN_POINT('',(0.0423673130978721,-0.009,0.0846199119256437));
#14384=CARTESIAN_POINT('',(0.0423673130978721,0.001,0.0846199119256437));
#14385=CARTESIAN_POINT('',(0.0439132897603871,0.001,0.087057798201148));
#14386=CARTESIAN_POINT('',(0.0439132897603871,-0.009,0.087057798201148));
#14387=CARTESIAN_POINT('',(0.0439132897603871,-0.001,0.087057798201148));
#14388=CARTESIAN_POINT('',(0.0787588575327918,-0.001,0.142006578149936));
#14389=CARTESIAN_POINT('',(0.0439132897603871,-0.009,0.087057798201148));
#14390=CARTESIAN_POINT('',(0.0439132897603871,0.001,0.087057798201148));
#14391=CARTESIAN_POINT('',(0.0467975495377688,0.001,0.0869378862755043));
#14392=CARTESIAN_POINT('',(0.0467975495377688,-0.009,0.0869378862755043));
#14393=CARTESIAN_POINT('',(0.0467975495377688,-0.001,0.0869378862755043));
#14394=CARTESIAN_POINT('',(0.0602717796287554,-0.001,0.0863777006467868));
#14395=CARTESIAN_POINT('',(0.0467975495377688,-0.009,0.0869378862755043));
#14396=CARTESIAN_POINT('',(0.0467975495377688,0.001,0.0869378862755043));
#14397=CARTESIAN_POINT('',(0.0481358326526355,0.001,0.0843800880743563));
#14398=CARTESIAN_POINT('',(0.0481358326526355,-0.009,0.0843800880743563));
#14399=CARTESIAN_POINT('',(0.0481358326526355,-0.001,0.0843800880743563));
#14400=CARTESIAN_POINT('',(0.0235544156989819,-0.001,0.131361405679929));
#14401=CARTESIAN_POINT('',(0.0481358326526355,-0.009,0.0843800880743563));
#14402=CARTESIAN_POINT('',(0.0481358326526355,0.001,0.0843800880743563));
#14403=CARTESIAN_POINT('',(0.0465898559901204,0.001,0.0819422017988519));
#14404=CARTESIAN_POINT('',(0.0465898559901204,-0.009,0.0819422017988519));
#14405=CARTESIAN_POINT('',(0.0465898559901204,-0.001,0.0819422017988519));
#14406=CARTESIAN_POINT('',(0.0829814004250401,-0.001,0.139328868023144));
#14407=CARTESIAN_POINT('',(0.0465898559901204,-0.009,0.0819422017988519));
#14408=CARTESIAN_POINT('',(0.0465898559901204,0.001,0.0819422017988519));
#14409=CARTESIAN_POINT('',(0.060064086081107,-0.001,0.0813820161701345));
#14410=CARTESIAN_POINT('',(0.0587055962127388,-0.009,0.0820621137244957));
#14411=CARTESIAN_POINT('',(0.0587055962127388,-0.009,0.0820621137244957));
#14412=CARTESIAN_POINT('',(0.0587055962127388,-0.001,0.0820621137244957));
#14413=CARTESIAN_POINT('',(0.0587055962127388,0.001,0.0820621137244957));
#14414=CARTESIAN_POINT('',(0.0587055962127388,0.001,0.0820621137244957));
#14415=CARTESIAN_POINT('',(0.0573673130978721,0.001,0.0846199119256437));
#14416=CARTESIAN_POINT('',(0.0573673130978721,-0.009,0.0846199119256437));
#14417=CARTESIAN_POINT('',(0.0573673130978721,-0.001,0.0846199119256437));
#14418=CARTESIAN_POINT('',(0.0341241792590853,-0.001,0.129043431330069));
#14419=CARTESIAN_POINT('',(0.0573673130978721,-0.009,0.0846199119256437));
#14420=CARTESIAN_POINT('',(0.0573673130978721,0.001,0.0846199119256437));
#14421=CARTESIAN_POINT('',(0.0589132897603872,0.001,0.087057798201148));
#14422=CARTESIAN_POINT('',(0.0589132897603872,-0.009,0.087057798201148));
#14423=CARTESIAN_POINT('',(0.0589132897603872,-0.001,0.087057798201148));
#14424=CARTESIAN_POINT('',(0.0937588575327918,-0.001,0.142006578149936));
#14425=CARTESIAN_POINT('',(0.0589132897603872,-0.009,0.087057798201148));
#14426=CARTESIAN_POINT('',(0.0589132897603872,0.001,0.087057798201148));
#14427=CARTESIAN_POINT('',(0.0617975495377688,0.001,0.0869378862755043));
#14428=CARTESIAN_POINT('',(0.0617975495377688,-0.009,0.0869378862755043));
#14429=CARTESIAN_POINT('',(0.0617975495377688,-0.001,0.0869378862755043));
#14430=CARTESIAN_POINT('',(0.0752717796287554,-0.001,0.0863777006467868));
#14431=CARTESIAN_POINT('',(0.0617975495377688,-0.009,0.0869378862755043));
#14432=CARTESIAN_POINT('',(0.0617975495377688,0.001,0.0869378862755043));
#14433=CARTESIAN_POINT('',(0.0631358326526355,0.001,0.0843800880743563));
#14434=CARTESIAN_POINT('',(0.0631358326526355,-0.009,0.0843800880743563));
#14435=CARTESIAN_POINT('',(0.0631358326526355,-0.001,0.0843800880743563));
#14436=CARTESIAN_POINT('',(0.0385544156989819,-0.001,0.131361405679929));
#14437=CARTESIAN_POINT('',(0.0631358326526355,-0.009,0.0843800880743563));
#14438=CARTESIAN_POINT('',(0.0631358326526355,0.001,0.0843800880743563));
#14439=CARTESIAN_POINT('',(0.0615898559901204,0.001,0.0819422017988519));
#14440=CARTESIAN_POINT('',(0.0615898559901204,-0.009,0.0819422017988519));
#14441=CARTESIAN_POINT('',(0.0615898559901204,-0.001,0.0819422017988519));
#14442=CARTESIAN_POINT('',(0.0979814004250401,-0.001,0.139328868023144));
#14443=CARTESIAN_POINT('',(0.0615898559901204,-0.009,0.0819422017988519));
#14444=CARTESIAN_POINT('',(0.0615898559901204,0.001,0.0819422017988519));
#14445=CARTESIAN_POINT('',(0.075064086081107,-0.001,0.0813820161701345));
#14446=CARTESIAN_POINT('',(0.0737055962127388,-0.009,0.0820621137244957));
#14447=CARTESIAN_POINT('',(0.0737055962127388,-0.009,0.0820621137244957));
#14448=CARTESIAN_POINT('',(0.0737055962127388,-0.001,0.0820621137244957));
#14449=CARTESIAN_POINT('',(0.0737055962127388,0.001,0.0820621137244957));
#14450=CARTESIAN_POINT('',(0.0737055962127388,0.001,0.0820621137244957));
#14451=CARTESIAN_POINT('',(0.0723673130978721,0.001,0.0846199119256437));
#14452=CARTESIAN_POINT('',(0.0723673130978721,-0.009,0.0846199119256437));
#14453=CARTESIAN_POINT('',(0.0723673130978721,-0.001,0.0846199119256437));
#14454=CARTESIAN_POINT('',(0.0491241792590853,-0.001,0.129043431330069));
#14455=CARTESIAN_POINT('',(0.0723673130978721,-0.009,0.0846199119256437));
#14456=CARTESIAN_POINT('',(0.0723673130978721,0.001,0.0846199119256437));
#14457=CARTESIAN_POINT('',(0.0739132897603872,0.001,0.087057798201148));
#14458=CARTESIAN_POINT('',(0.0739132897603872,-0.009,0.087057798201148));
#14459=CARTESIAN_POINT('',(0.0739132897603872,-0.001,0.087057798201148));
#14460=CARTESIAN_POINT('',(0.108758857532792,-0.001,0.142006578149936));
#14461=CARTESIAN_POINT('',(0.0739132897603872,-0.009,0.087057798201148));
#14462=CARTESIAN_POINT('',(0.0739132897603872,0.001,0.087057798201148));
#14463=CARTESIAN_POINT('',(0.0767975495377688,0.001,0.0869378862755043));
#14464=CARTESIAN_POINT('',(0.0767975495377688,-0.009,0.0869378862755043));
#14465=CARTESIAN_POINT('',(0.0767975495377688,-0.001,0.0869378862755043));
#14466=CARTESIAN_POINT('',(0.0902717796287554,-0.001,0.0863777006467868));
#14467=CARTESIAN_POINT('',(0.0767975495377688,-0.009,0.0869378862755043));
#14468=CARTESIAN_POINT('',(0.0767975495377688,0.001,0.0869378862755043));
#14469=CARTESIAN_POINT('',(0.0781358326526355,0.001,0.0843800880743563));
#14470=CARTESIAN_POINT('',(0.0781358326526355,-0.009,0.0843800880743563));
#14471=CARTESIAN_POINT('',(0.0781358326526355,-0.001,0.0843800880743563));
#14472=CARTESIAN_POINT('',(0.0535544156989819,-0.001,0.131361405679929));
#14473=CARTESIAN_POINT('',(0.0781358326526355,-0.009,0.0843800880743563));
#14474=CARTESIAN_POINT('',(0.0781358326526355,0.001,0.0843800880743563));
#14475=CARTESIAN_POINT('',(0.0765898559901204,0.001,0.0819422017988519));
#14476=CARTESIAN_POINT('',(0.0765898559901204,-0.009,0.0819422017988519));
#14477=CARTESIAN_POINT('',(0.0765898559901204,-0.001,0.0819422017988519));
#14478=CARTESIAN_POINT('',(0.11298140042504,-0.001,0.139328868023144));
#14479=CARTESIAN_POINT('',(0.0765898559901204,-0.009,0.0819422017988519));
#14480=CARTESIAN_POINT('',(0.0765898559901204,0.001,0.0819422017988519));
#14481=CARTESIAN_POINT('',(0.090064086081107,-0.001,0.0813820161701345));
#14482=CARTESIAN_POINT('',(-0.0762944037872612,-0.009,0.0620621137244957));
#14483=CARTESIAN_POINT('',(-0.0762944037872612,-0.009,0.0620621137244957));
#14484=CARTESIAN_POINT('',(-0.0762944037872612,-0.001,0.0620621137244957));
#14485=CARTESIAN_POINT('',(-0.0762944037872612,0.001,0.0620621137244957));
#14486=CARTESIAN_POINT('',(-0.0762944037872612,0.001,0.0620621137244957));
#14487=CARTESIAN_POINT('',(-0.0776326869021279,0.001,0.0646199119256437));
#14488=CARTESIAN_POINT('',(-0.0776326869021279,-0.009,0.0646199119256437));
#14489=CARTESIAN_POINT('',(-0.0776326869021279,-0.001,0.0646199119256437));
#14490=CARTESIAN_POINT('',(-0.100875820740915,-0.001,0.109043431330069));
#14491=CARTESIAN_POINT('',(-0.0776326869021279,-0.009,0.0646199119256437));
#14492=CARTESIAN_POINT('',(-0.0776326869021279,0.001,0.0646199119256437));
#14493=CARTESIAN_POINT('',(-0.0760867102396128,0.001,0.067057798201148));
#14494=CARTESIAN_POINT('',(-0.0760867102396128,-0.009,0.067057798201148));
#14495=CARTESIAN_POINT('',(-0.0760867102396128,-0.001,0.067057798201148));
#14496=CARTESIAN_POINT('',(-0.0412411424672081,-0.001,0.122006578149936));
#14497=CARTESIAN_POINT('',(-0.0760867102396128,-0.009,0.067057798201148));
#14498=CARTESIAN_POINT('',(-0.0760867102396128,0.001,0.067057798201148));
#14499=CARTESIAN_POINT('',(-0.0732024504622312,0.001,0.0669378862755043));
#14500=CARTESIAN_POINT('',(-0.0732024504622312,-0.009,0.0669378862755043));
#14501=CARTESIAN_POINT('',(-0.0732024504622312,-0.001,0.0669378862755043));
#14502=CARTESIAN_POINT('',(-0.0597282203712446,-0.001,0.0663777006467868));
#14503=CARTESIAN_POINT('',(-0.0732024504622312,-0.009,0.0669378862755043));
#14504=CARTESIAN_POINT('',(-0.0732024504622312,0.001,0.0669378862755043));
#14505=CARTESIAN_POINT('',(-0.0718641673473645,0.001,0.0643800880743563));
#14506=CARTESIAN_POINT('',(-0.0718641673473645,-0.009,0.0643800880743563));
#14507=CARTESIAN_POINT('',(-0.0718641673473645,-0.001,0.0643800880743563));
#14508=CARTESIAN_POINT('',(-0.0964455843010181,-0.001,0.111361405679929));
#14509=CARTESIAN_POINT('',(-0.0718641673473645,-0.009,0.0643800880743563));
#14510=CARTESIAN_POINT('',(-0.0718641673473645,0.001,0.0643800880743563));
#14511=CARTESIAN_POINT('',(-0.0734101440098796,0.001,0.061942201798852));
#14512=CARTESIAN_POINT('',(-0.0734101440098796,-0.009,0.061942201798852));
#14513=CARTESIAN_POINT('',(-0.0734101440098796,-0.001,0.061942201798852));
#14514=CARTESIAN_POINT('',(-0.0370185995749598,-0.001,0.119328868023144));
#14515=CARTESIAN_POINT('',(-0.0734101440098796,-0.009,0.061942201798852));
#14516=CARTESIAN_POINT('',(-0.0734101440098796,0.001,0.061942201798852));
#14517=CARTESIAN_POINT('',(-0.059935913918893,-0.001,0.0613820161701345));
#14518=CARTESIAN_POINT('',(-0.0612944037872612,-0.009,0.0620621137244957));
#14519=CARTESIAN_POINT('',(-0.0612944037872612,-0.009,0.0620621137244957));
#14520=CARTESIAN_POINT('',(-0.0612944037872612,-0.001,0.0620621137244957));
#14521=CARTESIAN_POINT('',(-0.0612944037872612,0.001,0.0620621137244957));
#14522=CARTESIAN_POINT('',(-0.0612944037872612,0.001,0.0620621137244957));
#14523=CARTESIAN_POINT('',(-0.0626326869021279,0.001,0.0646199119256437));
#14524=CARTESIAN_POINT('',(-0.0626326869021279,-0.009,0.0646199119256437));
#14525=CARTESIAN_POINT('',(-0.0626326869021279,-0.001,0.0646199119256437));
#14526=CARTESIAN_POINT('',(-0.0858758207409147,-0.001,0.109043431330069));
#14527=CARTESIAN_POINT('',(-0.0626326869021279,-0.009,0.0646199119256437));
#14528=CARTESIAN_POINT('',(-0.0626326869021279,0.001,0.0646199119256437));
#14529=CARTESIAN_POINT('',(-0.0610867102396128,0.001,0.067057798201148));
#14530=CARTESIAN_POINT('',(-0.0610867102396128,-0.009,0.067057798201148));
#14531=CARTESIAN_POINT('',(-0.0610867102396128,-0.001,0.067057798201148));
#14532=CARTESIAN_POINT('',(-0.0262411424672081,-0.001,0.122006578149936));
#14533=CARTESIAN_POINT('',(-0.0610867102396128,-0.009,0.067057798201148));
#14534=CARTESIAN_POINT('',(-0.0610867102396128,0.001,0.067057798201148));
#14535=CARTESIAN_POINT('',(-0.0582024504622312,0.001,0.0669378862755043));
#14536=CARTESIAN_POINT('',(-0.0582024504622312,-0.009,0.0669378862755043));
#14537=CARTESIAN_POINT('',(-0.0582024504622312,-0.001,0.0669378862755043));
#14538=CARTESIAN_POINT('',(-0.0447282203712447,-0.001,0.0663777006467868));
#14539=CARTESIAN_POINT('',(-0.0582024504622312,-0.009,0.0669378862755043));
#14540=CARTESIAN_POINT('',(-0.0582024504622312,0.001,0.0669378862755043));
#14541=CARTESIAN_POINT('',(-0.0568641673473645,0.001,0.0643800880743563));
#14542=CARTESIAN_POINT('',(-0.0568641673473645,-0.009,0.0643800880743563));
#14543=CARTESIAN_POINT('',(-0.0568641673473645,-0.001,0.0643800880743563));
#14544=CARTESIAN_POINT('',(-0.0814455843010181,-0.001,0.111361405679929));
#14545=CARTESIAN_POINT('',(-0.0568641673473645,-0.009,0.0643800880743563));
#14546=CARTESIAN_POINT('',(-0.0568641673473645,0.001,0.0643800880743563));
#14547=CARTESIAN_POINT('',(-0.0584101440098796,0.001,0.061942201798852));
#14548=CARTESIAN_POINT('',(-0.0584101440098796,-0.009,0.061942201798852));
#14549=CARTESIAN_POINT('',(-0.0584101440098796,-0.001,0.061942201798852));
#14550=CARTESIAN_POINT('',(-0.0220185995749599,-0.001,0.119328868023144));
#14551=CARTESIAN_POINT('',(-0.0584101440098796,-0.009,0.061942201798852));
#14552=CARTESIAN_POINT('',(-0.0584101440098796,0.001,0.061942201798852));
#14553=CARTESIAN_POINT('',(-0.044935913918893,-0.001,0.0613820161701345));
#14554=CARTESIAN_POINT('',(-0.0462944037872612,-0.009,0.0620621137244957));
#14555=CARTESIAN_POINT('',(-0.0462944037872612,-0.009,0.0620621137244957));
#14556=CARTESIAN_POINT('',(-0.0462944037872612,-0.001,0.0620621137244957));
#14557=CARTESIAN_POINT('',(-0.0462944037872612,0.001,0.0620621137244957));
#14558=CARTESIAN_POINT('',(-0.0462944037872612,0.001,0.0620621137244957));
#14559=CARTESIAN_POINT('',(-0.0476326869021279,0.001,0.0646199119256437));
#14560=CARTESIAN_POINT('',(-0.0476326869021279,-0.009,0.0646199119256437));
#14561=CARTESIAN_POINT('',(-0.0476326869021279,-0.001,0.0646199119256437));
#14562=CARTESIAN_POINT('',(-0.0708758207409147,-0.001,0.109043431330069));
#14563=CARTESIAN_POINT('',(-0.0476326869021279,-0.009,0.0646199119256437));
#14564=CARTESIAN_POINT('',(-0.0476326869021279,0.001,0.0646199119256437));
#14565=CARTESIAN_POINT('',(-0.0460867102396128,0.001,0.067057798201148));
#14566=CARTESIAN_POINT('',(-0.0460867102396128,-0.009,0.067057798201148));
#14567=CARTESIAN_POINT('',(-0.0460867102396128,-0.001,0.067057798201148));
#14568=CARTESIAN_POINT('',(-0.0112411424672082,-0.001,0.122006578149936));
#14569=CARTESIAN_POINT('',(-0.0460867102396128,-0.009,0.067057798201148));
#14570=CARTESIAN_POINT('',(-0.0460867102396128,0.001,0.067057798201148));
#14571=CARTESIAN_POINT('',(-0.0432024504622312,0.001,0.0669378862755043));
#14572=CARTESIAN_POINT('',(-0.0432024504622312,-0.009,0.0669378862755043));
#14573=CARTESIAN_POINT('',(-0.0432024504622312,-0.001,0.0669378862755043));
#14574=CARTESIAN_POINT('',(-0.0297282203712446,-0.001,0.0663777006467868));
#14575=CARTESIAN_POINT('',(-0.0432024504622312,-0.009,0.0669378862755043));
#14576=CARTESIAN_POINT('',(-0.0432024504622312,0.001,0.0669378862755043));
#14577=CARTESIAN_POINT('',(-0.0418641673473645,0.001,0.0643800880743563));
#14578=CARTESIAN_POINT('',(-0.0418641673473645,-0.009,0.0643800880743563));
#14579=CARTESIAN_POINT('',(-0.0418641673473645,-0.001,0.0643800880743563));
#14580=CARTESIAN_POINT('',(-0.0664455843010181,-0.001,0.111361405679929));
#14581=CARTESIAN_POINT('',(-0.0418641673473645,-0.009,0.0643800880743563));
#14582=CARTESIAN_POINT('',(-0.0418641673473645,0.001,0.0643800880743563));
#14583=CARTESIAN_POINT('',(-0.0434101440098795,0.001,0.061942201798852));
#14584=CARTESIAN_POINT('',(-0.0434101440098795,-0.009,0.061942201798852));
#14585=CARTESIAN_POINT('',(-0.0434101440098795,-0.001,0.061942201798852));
#14586=CARTESIAN_POINT('',(-0.00701859957495986,-0.001,0.119328868023144));
#14587=CARTESIAN_POINT('',(-0.0434101440098795,-0.009,0.061942201798852));
#14588=CARTESIAN_POINT('',(-0.0434101440098795,0.001,0.061942201798852));
#14589=CARTESIAN_POINT('',(-0.029935913918893,-0.001,0.0613820161701345));
#14590=CARTESIAN_POINT('',(-0.0312944037872612,-0.009,0.0620621137244957));
#14591=CARTESIAN_POINT('',(-0.0312944037872612,-0.009,0.0620621137244957));
#14592=CARTESIAN_POINT('',(-0.0312944037872612,-0.001,0.0620621137244957));
#14593=CARTESIAN_POINT('',(-0.0312944037872612,0.001,0.0620621137244957));
#14594=CARTESIAN_POINT('',(-0.0312944037872612,0.001,0.0620621137244957));
#14595=CARTESIAN_POINT('',(-0.0326326869021279,0.001,0.0646199119256437));
#14596=CARTESIAN_POINT('',(-0.0326326869021279,-0.009,0.0646199119256437));
#14597=CARTESIAN_POINT('',(-0.0326326869021279,-0.001,0.0646199119256437));
#14598=CARTESIAN_POINT('',(-0.0558758207409147,-0.001,0.109043431330069));
#14599=CARTESIAN_POINT('',(-0.0326326869021279,-0.009,0.0646199119256437));
#14600=CARTESIAN_POINT('',(-0.0326326869021279,0.001,0.0646199119256437));
#14601=CARTESIAN_POINT('',(-0.0310867102396129,0.001,0.067057798201148));
#14602=CARTESIAN_POINT('',(-0.0310867102396129,-0.009,0.067057798201148));
#14603=CARTESIAN_POINT('',(-0.0310867102396129,-0.001,0.067057798201148));
#14604=CARTESIAN_POINT('',(0.00375885753279183,-0.001,0.122006578149936));
#14605=CARTESIAN_POINT('',(-0.0310867102396129,-0.009,0.067057798201148));
#14606=CARTESIAN_POINT('',(-0.0310867102396129,0.001,0.067057798201148));
#14607=CARTESIAN_POINT('',(-0.0282024504622311,0.001,0.0669378862755043));
#14608=CARTESIAN_POINT('',(-0.0282024504622311,-0.009,0.0669378862755043));
#14609=CARTESIAN_POINT('',(-0.0282024504622311,-0.001,0.0669378862755043));
#14610=CARTESIAN_POINT('',(-0.0147282203712446,-0.001,0.0663777006467868));
#14611=CARTESIAN_POINT('',(-0.0282024504622311,-0.009,0.0669378862755043));
#14612=CARTESIAN_POINT('',(-0.0282024504622311,0.001,0.0669378862755043));
#14613=CARTESIAN_POINT('',(-0.0268641673473645,0.001,0.0643800880743563));
#14614=CARTESIAN_POINT('',(-0.0268641673473645,-0.009,0.0643800880743563));
#14615=CARTESIAN_POINT('',(-0.0268641673473645,-0.001,0.0643800880743563));
#14616=CARTESIAN_POINT('',(-0.0514455843010181,-0.001,0.111361405679929));
#14617=CARTESIAN_POINT('',(-0.0268641673473645,-0.009,0.0643800880743563));
#14618=CARTESIAN_POINT('',(-0.0268641673473645,0.001,0.0643800880743563));
#14619=CARTESIAN_POINT('',(-0.0284101440098795,0.001,0.061942201798852));
#14620=CARTESIAN_POINT('',(-0.0284101440098795,-0.009,0.061942201798852));
#14621=CARTESIAN_POINT('',(-0.0284101440098795,-0.001,0.061942201798852));
#14622=CARTESIAN_POINT('',(0.00798140042504014,-0.001,0.119328868023144));
#14623=CARTESIAN_POINT('',(-0.0284101440098795,-0.009,0.061942201798852));
#14624=CARTESIAN_POINT('',(-0.0284101440098795,0.001,0.061942201798852));
#14625=CARTESIAN_POINT('',(-0.014935913918893,-0.001,0.0613820161701345));
#14626=CARTESIAN_POINT('',(-0.0162944037872613,-0.009,0.0620621137244957));
#14627=CARTESIAN_POINT('',(-0.0162944037872613,-0.009,0.0620621137244957));
#14628=CARTESIAN_POINT('',(-0.0162944037872613,-0.001,0.0620621137244957));
#14629=CARTESIAN_POINT('',(-0.0162944037872613,0.001,0.0620621137244957));
#14630=CARTESIAN_POINT('',(-0.0162944037872613,0.001,0.0620621137244957));
#14631=CARTESIAN_POINT('',(-0.0176326869021278,0.001,0.0646199119256437));
#14632=CARTESIAN_POINT('',(-0.0176326869021278,-0.009,0.0646199119256437));
#14633=CARTESIAN_POINT('',(-0.0176326869021278,-0.001,0.0646199119256437));
#14634=CARTESIAN_POINT('',(-0.0408758207409148,-0.001,0.109043431330069));
#14635=CARTESIAN_POINT('',(-0.0176326869021278,-0.009,0.0646199119256437));
#14636=CARTESIAN_POINT('',(-0.0176326869021278,0.001,0.0646199119256437));
#14637=CARTESIAN_POINT('',(-0.0160867102396128,0.001,0.067057798201148));
#14638=CARTESIAN_POINT('',(-0.0160867102396128,-0.009,0.067057798201148));
#14639=CARTESIAN_POINT('',(-0.0160867102396128,-0.001,0.067057798201148));
#14640=CARTESIAN_POINT('',(0.0187588575327918,-0.001,0.122006578149936));
#14641=CARTESIAN_POINT('',(-0.0160867102396128,-0.009,0.067057798201148));
#14642=CARTESIAN_POINT('',(-0.0160867102396128,0.001,0.067057798201148));
#14643=CARTESIAN_POINT('',(-0.0132024504622312,0.001,0.0669378862755043));
#14644=CARTESIAN_POINT('',(-0.0132024504622312,-0.009,0.0669378862755043));
#14645=CARTESIAN_POINT('',(-0.0132024504622312,-0.001,0.0669378862755043));
#14646=CARTESIAN_POINT('',(0.000271779628755367,-0.001,0.0663777006467868));
#14647=CARTESIAN_POINT('',(-0.0132024504622312,-0.009,0.0669378862755043));
#14648=CARTESIAN_POINT('',(-0.0132024504622312,0.001,0.0669378862755043));
#14649=CARTESIAN_POINT('',(-0.0118641673473645,0.001,0.0643800880743563));
#14650=CARTESIAN_POINT('',(-0.0118641673473645,-0.009,0.0643800880743563));
#14651=CARTESIAN_POINT('',(-0.0118641673473645,-0.001,0.0643800880743563));
#14652=CARTESIAN_POINT('',(-0.0364455843010182,-0.001,0.111361405679929));
#14653=CARTESIAN_POINT('',(-0.0118641673473645,-0.009,0.0643800880743563));
#14654=CARTESIAN_POINT('',(-0.0118641673473645,0.001,0.0643800880743563));
#14655=CARTESIAN_POINT('',(-0.0134101440098796,0.001,0.061942201798852));
#14656=CARTESIAN_POINT('',(-0.0134101440098796,-0.009,0.061942201798852));
#14657=CARTESIAN_POINT('',(-0.0134101440098796,-0.001,0.061942201798852));
#14658=CARTESIAN_POINT('',(0.0229814004250402,-0.001,0.119328868023144));
#14659=CARTESIAN_POINT('',(-0.0134101440098796,-0.009,0.061942201798852));
#14660=CARTESIAN_POINT('',(-0.0134101440098796,0.001,0.061942201798852));
#14661=CARTESIAN_POINT('',(6.40860811069871E-5,-0.001,0.0613820161701345));
#14662=CARTESIAN_POINT('',(-0.00129440378726124,-0.009,0.0620621137244957));
#14663=CARTESIAN_POINT('',(-0.00129440378726124,-0.009,0.0620621137244957));
#14664=CARTESIAN_POINT('',(-0.00129440378726124,-0.001,0.0620621137244957));
#14665=CARTESIAN_POINT('',(-0.00129440378726124,0.001,0.0620621137244957));
#14666=CARTESIAN_POINT('',(-0.00129440378726124,0.001,0.0620621137244957));
#14667=CARTESIAN_POINT('',(-0.00263268690212787,0.001,0.0646199119256437));
#14668=CARTESIAN_POINT('',(-0.00263268690212787,-0.009,0.0646199119256437));
#14669=CARTESIAN_POINT('',(-0.00263268690212787,-0.001,0.0646199119256437));
#14670=CARTESIAN_POINT('',(-0.0258758207409148,-0.001,0.109043431330069));
#14671=CARTESIAN_POINT('',(-0.00263268690212787,-0.009,0.0646199119256437));
#14672=CARTESIAN_POINT('',(-0.00263268690212787,0.001,0.0646199119256437));
#14673=CARTESIAN_POINT('',(-0.00108671023961283,0.001,0.067057798201148));
#14674=CARTESIAN_POINT('',(-0.00108671023961283,-0.009,0.067057798201148));
#14675=CARTESIAN_POINT('',(-0.00108671023961283,-0.001,0.067057798201148));
#14676=CARTESIAN_POINT('',(0.0337588575327919,-0.001,0.122006578149936));
#14677=CARTESIAN_POINT('',(-0.00108671023961283,-0.009,0.067057798201148));
#14678=CARTESIAN_POINT('',(-0.00108671023961283,0.001,0.067057798201148));
#14679=CARTESIAN_POINT('',(0.00179754953776883,0.001,0.0669378862755043));
#14680=CARTESIAN_POINT('',(0.00179754953776883,-0.009,0.0669378862755043));
#14681=CARTESIAN_POINT('',(0.00179754953776883,-0.001,0.0669378862755043));
#14682=CARTESIAN_POINT('',(0.0152717796287554,-0.001,0.0663777006467868));
#14683=CARTESIAN_POINT('',(0.00179754953776883,-0.009,0.0669378862755043));
#14684=CARTESIAN_POINT('',(0.00179754953776883,0.001,0.0669378862755043));
#14685=CARTESIAN_POINT('',(0.00313583265263547,0.001,0.0643800880743563));
#14686=CARTESIAN_POINT('',(0.00313583265263547,-0.009,0.0643800880743563));
#14687=CARTESIAN_POINT('',(0.00313583265263547,-0.001,0.0643800880743563));
#14688=CARTESIAN_POINT('',(-0.0214455843010182,-0.001,0.111361405679929));
#14689=CARTESIAN_POINT('',(0.00313583265263547,-0.009,0.0643800880743563));
#14690=CARTESIAN_POINT('',(0.00313583265263547,0.001,0.0643800880743563));
#14691=CARTESIAN_POINT('',(0.00158985599012043,0.001,0.061942201798852));
#14692=CARTESIAN_POINT('',(0.00158985599012043,-0.009,0.061942201798852));
#14693=CARTESIAN_POINT('',(0.00158985599012043,-0.001,0.061942201798852));
#14694=CARTESIAN_POINT('',(0.0379814004250401,-0.001,0.119328868023144));
#14695=CARTESIAN_POINT('',(0.00158985599012043,-0.009,0.061942201798852));
#14696=CARTESIAN_POINT('',(0.00158985599012043,0.001,0.061942201798852));
#14697=CARTESIAN_POINT('',(0.015064086081107,-0.001,0.0613820161701345));
#14698=CARTESIAN_POINT('',(0.0137055962127388,-0.009,0.0620621137244957));
#14699=CARTESIAN_POINT('',(0.0137055962127388,-0.009,0.0620621137244957));
#14700=CARTESIAN_POINT('',(0.0137055962127388,-0.001,0.0620621137244957));
#14701=CARTESIAN_POINT('',(0.0137055962127388,0.001,0.0620621137244957));
#14702=CARTESIAN_POINT('',(0.0137055962127388,0.001,0.0620621137244957));
#14703=CARTESIAN_POINT('',(0.0123673130978721,0.001,0.0646199119256437));
#14704=CARTESIAN_POINT('',(0.0123673130978721,-0.009,0.0646199119256437));
#14705=CARTESIAN_POINT('',(0.0123673130978721,-0.001,0.0646199119256437));
#14706=CARTESIAN_POINT('',(-0.0108758207409147,-0.001,0.109043431330069));
#14707=CARTESIAN_POINT('',(0.0123673130978721,-0.009,0.0646199119256437));
#14708=CARTESIAN_POINT('',(0.0123673130978721,0.001,0.0646199119256437));
#14709=CARTESIAN_POINT('',(0.0139132897603872,0.001,0.067057798201148));
#14710=CARTESIAN_POINT('',(0.0139132897603872,-0.009,0.067057798201148));
#14711=CARTESIAN_POINT('',(0.0139132897603872,-0.001,0.067057798201148));
#14712=CARTESIAN_POINT('',(0.0487588575327918,-0.001,0.122006578149936));
#14713=CARTESIAN_POINT('',(0.0139132897603872,-0.009,0.067057798201148));
#14714=CARTESIAN_POINT('',(0.0139132897603872,0.001,0.067057798201148));
#14715=CARTESIAN_POINT('',(0.0167975495377688,0.001,0.0669378862755043));
#14716=CARTESIAN_POINT('',(0.0167975495377688,-0.009,0.0669378862755043));
#14717=CARTESIAN_POINT('',(0.0167975495377688,-0.001,0.0669378862755043));
#14718=CARTESIAN_POINT('',(0.0302717796287553,-0.001,0.0663777006467868));
#14719=CARTESIAN_POINT('',(0.0167975495377688,-0.009,0.0669378862755043));
#14720=CARTESIAN_POINT('',(0.0167975495377688,0.001,0.0669378862755043));
#14721=CARTESIAN_POINT('',(0.0181358326526355,0.001,0.0643800880743563));
#14722=CARTESIAN_POINT('',(0.0181358326526355,-0.009,0.0643800880743563));
#14723=CARTESIAN_POINT('',(0.0181358326526355,-0.001,0.0643800880743563));
#14724=CARTESIAN_POINT('',(-0.00644558430101814,-0.001,0.111361405679929));
#14725=CARTESIAN_POINT('',(0.0181358326526355,-0.009,0.0643800880743563));
#14726=CARTESIAN_POINT('',(0.0181358326526355,0.001,0.0643800880743563));
#14727=CARTESIAN_POINT('',(0.0165898559901204,0.001,0.061942201798852));
#14728=CARTESIAN_POINT('',(0.0165898559901204,-0.009,0.061942201798852));
#14729=CARTESIAN_POINT('',(0.0165898559901204,-0.001,0.061942201798852));
#14730=CARTESIAN_POINT('',(0.0529814004250401,-0.001,0.119328868023144));
#14731=CARTESIAN_POINT('',(0.0165898559901204,-0.009,0.061942201798852));
#14732=CARTESIAN_POINT('',(0.0165898559901204,0.001,0.061942201798852));
#14733=CARTESIAN_POINT('',(0.030064086081107,-0.001,0.0613820161701345));
#14734=CARTESIAN_POINT('',(0.0287055962127388,-0.009,0.0620621137244957));
#14735=CARTESIAN_POINT('',(0.0287055962127388,-0.009,0.0620621137244957));
#14736=CARTESIAN_POINT('',(0.0287055962127388,-0.001,0.0620621137244957));
#14737=CARTESIAN_POINT('',(0.0287055962127388,0.001,0.0620621137244957));
#14738=CARTESIAN_POINT('',(0.0287055962127388,0.001,0.0620621137244957));
#14739=CARTESIAN_POINT('',(0.0273673130978722,0.001,0.0646199119256437));
#14740=CARTESIAN_POINT('',(0.0273673130978722,-0.009,0.0646199119256437));
#14741=CARTESIAN_POINT('',(0.0273673130978722,-0.001,0.0646199119256437));
#14742=CARTESIAN_POINT('',(0.00412417925908526,-0.001,0.109043431330069));
#14743=CARTESIAN_POINT('',(0.0273673130978722,-0.009,0.0646199119256437));
#14744=CARTESIAN_POINT('',(0.0273673130978722,0.001,0.0646199119256437));
#14745=CARTESIAN_POINT('',(0.0289132897603872,0.001,0.067057798201148));
#14746=CARTESIAN_POINT('',(0.0289132897603872,-0.009,0.067057798201148));
#14747=CARTESIAN_POINT('',(0.0289132897603872,-0.001,0.067057798201148));
#14748=CARTESIAN_POINT('',(0.0637588575327918,-0.001,0.122006578149936));
#14749=CARTESIAN_POINT('',(0.0289132897603872,-0.009,0.067057798201148));
#14750=CARTESIAN_POINT('',(0.0289132897603872,0.001,0.067057798201148));
#14751=CARTESIAN_POINT('',(0.0317975495377689,0.001,0.0669378862755043));
#14752=CARTESIAN_POINT('',(0.0317975495377689,-0.009,0.0669378862755043));
#14753=CARTESIAN_POINT('',(0.0317975495377689,-0.001,0.0669378862755043));
#14754=CARTESIAN_POINT('',(0.0452717796287554,-0.001,0.0663777006467868));
#14755=CARTESIAN_POINT('',(0.0317975495377689,-0.009,0.0669378862755043));
#14756=CARTESIAN_POINT('',(0.0317975495377689,0.001,0.0669378862755043));
#14757=CARTESIAN_POINT('',(0.0331358326526354,0.001,0.0643800880743563));
#14758=CARTESIAN_POINT('',(0.0331358326526354,-0.009,0.0643800880743563));
#14759=CARTESIAN_POINT('',(0.0331358326526354,-0.001,0.0643800880743563));
#14760=CARTESIAN_POINT('',(0.00855441569898186,-0.001,0.111361405679929));
#14761=CARTESIAN_POINT('',(0.0331358326526354,-0.009,0.0643800880743563));
#14762=CARTESIAN_POINT('',(0.0331358326526354,0.001,0.0643800880743563));
#14763=CARTESIAN_POINT('',(0.0315898559901205,0.001,0.061942201798852));
#14764=CARTESIAN_POINT('',(0.0315898559901205,-0.009,0.061942201798852));
#14765=CARTESIAN_POINT('',(0.0315898559901205,-0.001,0.061942201798852));
#14766=CARTESIAN_POINT('',(0.0679814004250401,-0.001,0.119328868023144));
#14767=CARTESIAN_POINT('',(0.0315898559901205,-0.009,0.061942201798852));
#14768=CARTESIAN_POINT('',(0.0315898559901205,0.001,0.061942201798852));
#14769=CARTESIAN_POINT('',(0.045064086081107,-0.001,0.0613820161701345));
#14770=CARTESIAN_POINT('',(0.0437055962127387,-0.009,0.0620621137244957));
#14771=CARTESIAN_POINT('',(0.0437055962127387,-0.009,0.0620621137244957));
#14772=CARTESIAN_POINT('',(0.0437055962127387,-0.001,0.0620621137244957));
#14773=CARTESIAN_POINT('',(0.0437055962127387,0.001,0.0620621137244957));
#14774=CARTESIAN_POINT('',(0.0437055962127387,0.001,0.0620621137244957));
#14775=CARTESIAN_POINT('',(0.0423673130978721,0.001,0.0646199119256437));
#14776=CARTESIAN_POINT('',(0.0423673130978721,-0.009,0.0646199119256437));
#14777=CARTESIAN_POINT('',(0.0423673130978721,-0.001,0.0646199119256437));
#14778=CARTESIAN_POINT('',(0.0191241792590853,-0.001,0.109043431330069));
#14779=CARTESIAN_POINT('',(0.0423673130978721,-0.009,0.0646199119256437));
#14780=CARTESIAN_POINT('',(0.0423673130978721,0.001,0.0646199119256437));
#14781=CARTESIAN_POINT('',(0.0439132897603871,0.001,0.067057798201148));
#14782=CARTESIAN_POINT('',(0.0439132897603871,-0.009,0.067057798201148));
#14783=CARTESIAN_POINT('',(0.0439132897603871,-0.001,0.067057798201148));
#14784=CARTESIAN_POINT('',(0.0787588575327918,-0.001,0.122006578149936));
#14785=CARTESIAN_POINT('',(0.0439132897603871,-0.009,0.067057798201148));
#14786=CARTESIAN_POINT('',(0.0439132897603871,0.001,0.067057798201148));
#14787=CARTESIAN_POINT('',(0.0467975495377688,0.001,0.0669378862755043));
#14788=CARTESIAN_POINT('',(0.0467975495377688,-0.009,0.0669378862755043));
#14789=CARTESIAN_POINT('',(0.0467975495377688,-0.001,0.0669378862755043));
#14790=CARTESIAN_POINT('',(0.0602717796287554,-0.001,0.0663777006467868));
#14791=CARTESIAN_POINT('',(0.0467975495377688,-0.009,0.0669378862755043));
#14792=CARTESIAN_POINT('',(0.0467975495377688,0.001,0.0669378862755043));
#14793=CARTESIAN_POINT('',(0.0481358326526355,0.001,0.0643800880743563));
#14794=CARTESIAN_POINT('',(0.0481358326526355,-0.009,0.0643800880743563));
#14795=CARTESIAN_POINT('',(0.0481358326526355,-0.001,0.0643800880743563));
#14796=CARTESIAN_POINT('',(0.0235544156989819,-0.001,0.111361405679929));
#14797=CARTESIAN_POINT('',(0.0481358326526355,-0.009,0.0643800880743563));
#14798=CARTESIAN_POINT('',(0.0481358326526355,0.001,0.0643800880743563));
#14799=CARTESIAN_POINT('',(0.0465898559901204,0.001,0.061942201798852));
#14800=CARTESIAN_POINT('',(0.0465898559901204,-0.009,0.061942201798852));
#14801=CARTESIAN_POINT('',(0.0465898559901204,-0.001,0.061942201798852));
#14802=CARTESIAN_POINT('',(0.0829814004250401,-0.001,0.119328868023144));
#14803=CARTESIAN_POINT('',(0.0465898559901204,-0.009,0.061942201798852));
#14804=CARTESIAN_POINT('',(0.0465898559901204,0.001,0.061942201798852));
#14805=CARTESIAN_POINT('',(0.060064086081107,-0.001,0.0613820161701345));
#14806=CARTESIAN_POINT('',(0.0587055962127388,-0.009,0.0620621137244957));
#14807=CARTESIAN_POINT('',(0.0587055962127388,-0.009,0.0620621137244957));
#14808=CARTESIAN_POINT('',(0.0587055962127388,-0.001,0.0620621137244957));
#14809=CARTESIAN_POINT('',(0.0587055962127388,0.001,0.0620621137244957));
#14810=CARTESIAN_POINT('',(0.0587055962127388,0.001,0.0620621137244957));
#14811=CARTESIAN_POINT('',(0.0573673130978721,0.001,0.0646199119256437));
#14812=CARTESIAN_POINT('',(0.0573673130978721,-0.009,0.0646199119256437));
#14813=CARTESIAN_POINT('',(0.0573673130978721,-0.001,0.0646199119256437));
#14814=CARTESIAN_POINT('',(0.0341241792590853,-0.001,0.109043431330069));
#14815=CARTESIAN_POINT('',(0.0573673130978721,-0.009,0.0646199119256437));
#14816=CARTESIAN_POINT('',(0.0573673130978721,0.001,0.0646199119256437));
#14817=CARTESIAN_POINT('',(0.0589132897603872,0.001,0.067057798201148));
#14818=CARTESIAN_POINT('',(0.0589132897603872,-0.009,0.067057798201148));
#14819=CARTESIAN_POINT('',(0.0589132897603872,-0.001,0.067057798201148));
#14820=CARTESIAN_POINT('',(0.0937588575327918,-0.001,0.122006578149936));
#14821=CARTESIAN_POINT('',(0.0589132897603872,-0.009,0.067057798201148));
#14822=CARTESIAN_POINT('',(0.0589132897603872,0.001,0.067057798201148));
#14823=CARTESIAN_POINT('',(0.0617975495377688,0.001,0.0669378862755043));
#14824=CARTESIAN_POINT('',(0.0617975495377688,-0.009,0.0669378862755043));
#14825=CARTESIAN_POINT('',(0.0617975495377688,-0.001,0.0669378862755043));
#14826=CARTESIAN_POINT('',(0.0752717796287554,-0.001,0.0663777006467868));
#14827=CARTESIAN_POINT('',(0.0617975495377688,-0.009,0.0669378862755043));
#14828=CARTESIAN_POINT('',(0.0617975495377688,0.001,0.0669378862755043));
#14829=CARTESIAN_POINT('',(0.0631358326526355,0.001,0.0643800880743563));
#14830=CARTESIAN_POINT('',(0.0631358326526355,-0.009,0.0643800880743563));
#14831=CARTESIAN_POINT('',(0.0631358326526355,-0.001,0.0643800880743563));
#14832=CARTESIAN_POINT('',(0.0385544156989819,-0.001,0.111361405679929));
#14833=CARTESIAN_POINT('',(0.0631358326526355,-0.009,0.0643800880743563));
#14834=CARTESIAN_POINT('',(0.0631358326526355,0.001,0.0643800880743563));
#14835=CARTESIAN_POINT('',(0.0615898559901204,0.001,0.061942201798852));
#14836=CARTESIAN_POINT('',(0.0615898559901204,-0.009,0.061942201798852));
#14837=CARTESIAN_POINT('',(0.0615898559901204,-0.001,0.061942201798852));
#14838=CARTESIAN_POINT('',(0.0979814004250401,-0.001,0.119328868023144));
#14839=CARTESIAN_POINT('',(0.0615898559901204,-0.009,0.061942201798852));
#14840=CARTESIAN_POINT('',(0.0615898559901204,0.001,0.061942201798852));
#14841=CARTESIAN_POINT('',(0.075064086081107,-0.001,0.0613820161701345));
#14842=CARTESIAN_POINT('',(0.0737055962127388,-0.009,0.0620621137244957));
#14843=CARTESIAN_POINT('',(0.0737055962127388,-0.009,0.0620621137244957));
#14844=CARTESIAN_POINT('',(0.0737055962127388,-0.001,0.0620621137244957));
#14845=CARTESIAN_POINT('',(0.0737055962127388,0.001,0.0620621137244957));
#14846=CARTESIAN_POINT('',(0.0737055962127388,0.001,0.0620621137244957));
#14847=CARTESIAN_POINT('',(0.0723673130978721,0.001,0.0646199119256437));
#14848=CARTESIAN_POINT('',(0.0723673130978721,-0.009,0.0646199119256437));
#14849=CARTESIAN_POINT('',(0.0723673130978721,-0.001,0.0646199119256437));
#14850=CARTESIAN_POINT('',(0.0491241792590853,-0.001,0.109043431330069));
#14851=CARTESIAN_POINT('',(0.0723673130978721,-0.009,0.0646199119256437));
#14852=CARTESIAN_POINT('',(0.0723673130978721,0.001,0.0646199119256437));
#14853=CARTESIAN_POINT('',(0.0739132897603872,0.001,0.067057798201148));
#14854=CARTESIAN_POINT('',(0.0739132897603872,-0.009,0.067057798201148));
#14855=CARTESIAN_POINT('',(0.0739132897603872,-0.001,0.067057798201148));
#14856=CARTESIAN_POINT('',(0.108758857532792,-0.001,0.122006578149936));
#14857=CARTESIAN_POINT('',(0.0739132897603872,-0.009,0.067057798201148));
#14858=CARTESIAN_POINT('',(0.0739132897603872,0.001,0.067057798201148));
#14859=CARTESIAN_POINT('',(0.0767975495377688,0.001,0.0669378862755043));
#14860=CARTESIAN_POINT('',(0.0767975495377688,-0.009,0.0669378862755043));
#14861=CARTESIAN_POINT('',(0.0767975495377688,-0.001,0.0669378862755043));
#14862=CARTESIAN_POINT('',(0.0902717796287554,-0.001,0.0663777006467868));
#14863=CARTESIAN_POINT('',(0.0767975495377688,-0.009,0.0669378862755043));
#14864=CARTESIAN_POINT('',(0.0767975495377688,0.001,0.0669378862755043));
#14865=CARTESIAN_POINT('',(0.0781358326526355,0.001,0.0643800880743563));
#14866=CARTESIAN_POINT('',(0.0781358326526355,-0.009,0.0643800880743563));
#14867=CARTESIAN_POINT('',(0.0781358326526355,-0.001,0.0643800880743563));
#14868=CARTESIAN_POINT('',(0.0535544156989819,-0.001,0.111361405679929));
#14869=CARTESIAN_POINT('',(0.0781358326526355,-0.009,0.0643800880743563));
#14870=CARTESIAN_POINT('',(0.0781358326526355,0.001,0.0643800880743563));
#14871=CARTESIAN_POINT('',(0.0765898559901204,0.001,0.061942201798852));
#14872=CARTESIAN_POINT('',(0.0765898559901204,-0.009,0.061942201798852));
#14873=CARTESIAN_POINT('',(0.0765898559901204,-0.001,0.061942201798852));
#14874=CARTESIAN_POINT('',(0.11298140042504,-0.001,0.119328868023144));
#14875=CARTESIAN_POINT('',(0.0765898559901204,-0.009,0.061942201798852));
#14876=CARTESIAN_POINT('',(0.0765898559901204,0.001,0.061942201798852));
#14877=CARTESIAN_POINT('',(0.090064086081107,-0.001,0.0613820161701345));
#14878=CARTESIAN_POINT('',(-0.0762944037872612,-0.009,0.0420621137244957));
#14879=CARTESIAN_POINT('',(-0.0762944037872612,-0.009,0.0420621137244957));
#14880=CARTESIAN_POINT('',(-0.0762944037872612,-0.001,0.0420621137244957));
#14881=CARTESIAN_POINT('',(-0.0762944037872612,0.001,0.0420621137244957));
#14882=CARTESIAN_POINT('',(-0.0762944037872612,0.001,0.0420621137244957));
#14883=CARTESIAN_POINT('',(-0.0776326869021279,0.001,0.0446199119256438));
#14884=CARTESIAN_POINT('',(-0.0776326869021279,-0.009,0.0446199119256438));
#14885=CARTESIAN_POINT('',(-0.0776326869021279,-0.001,0.0446199119256438));
#14886=CARTESIAN_POINT('',(-0.100875820740915,-0.001,0.089043431330069));
#14887=CARTESIAN_POINT('',(-0.0776326869021279,-0.009,0.0446199119256438));
#14888=CARTESIAN_POINT('',(-0.0776326869021279,0.001,0.0446199119256438));
#14889=CARTESIAN_POINT('',(-0.0760867102396128,0.001,0.047057798201148));
#14890=CARTESIAN_POINT('',(-0.0760867102396128,-0.009,0.047057798201148));
#14891=CARTESIAN_POINT('',(-0.0760867102396128,-0.001,0.047057798201148));
#14892=CARTESIAN_POINT('',(-0.0412411424672081,-0.001,0.102006578149936));
#14893=CARTESIAN_POINT('',(-0.0760867102396128,-0.009,0.047057798201148));
#14894=CARTESIAN_POINT('',(-0.0760867102396128,0.001,0.047057798201148));
#14895=CARTESIAN_POINT('',(-0.0732024504622312,0.001,0.0469378862755043));
#14896=CARTESIAN_POINT('',(-0.0732024504622312,-0.009,0.0469378862755043));
#14897=CARTESIAN_POINT('',(-0.0732024504622312,-0.001,0.0469378862755043));
#14898=CARTESIAN_POINT('',(-0.0597282203712446,-0.001,0.0463777006467868));
#14899=CARTESIAN_POINT('',(-0.0732024504622312,-0.009,0.0469378862755043));
#14900=CARTESIAN_POINT('',(-0.0732024504622312,0.001,0.0469378862755043));
#14901=CARTESIAN_POINT('',(-0.0718641673473645,0.001,0.0443800880743562));
#14902=CARTESIAN_POINT('',(-0.0718641673473645,-0.009,0.0443800880743562));
#14903=CARTESIAN_POINT('',(-0.0718641673473645,-0.001,0.0443800880743562));
#14904=CARTESIAN_POINT('',(-0.0964455843010181,-0.001,0.0913614056799293));
#14905=CARTESIAN_POINT('',(-0.0718641673473645,-0.009,0.0443800880743562));
#14906=CARTESIAN_POINT('',(-0.0718641673473645,0.001,0.0443800880743562));
#14907=CARTESIAN_POINT('',(-0.0734101440098796,0.001,0.0419422017988519));
#14908=CARTESIAN_POINT('',(-0.0734101440098796,-0.009,0.0419422017988519));
#14909=CARTESIAN_POINT('',(-0.0734101440098796,-0.001,0.0419422017988519));
#14910=CARTESIAN_POINT('',(-0.0370185995749598,-0.001,0.0993288680231444));
#14911=CARTESIAN_POINT('',(-0.0734101440098796,-0.009,0.0419422017988519));
#14912=CARTESIAN_POINT('',(-0.0734101440098796,0.001,0.0419422017988519));
#14913=CARTESIAN_POINT('',(-0.059935913918893,-0.001,0.0413820161701344));
#14914=CARTESIAN_POINT('',(-0.0612944037872612,-0.009,0.0420621137244957));
#14915=CARTESIAN_POINT('',(-0.0612944037872612,-0.009,0.0420621137244957));
#14916=CARTESIAN_POINT('',(-0.0612944037872612,-0.001,0.0420621137244957));
#14917=CARTESIAN_POINT('',(-0.0612944037872612,0.001,0.0420621137244957));
#14918=CARTESIAN_POINT('',(-0.0612944037872612,0.001,0.0420621137244957));
#14919=CARTESIAN_POINT('',(-0.0626326869021279,0.001,0.0446199119256438));
#14920=CARTESIAN_POINT('',(-0.0626326869021279,-0.009,0.0446199119256438));
#14921=CARTESIAN_POINT('',(-0.0626326869021279,-0.001,0.0446199119256438));
#14922=CARTESIAN_POINT('',(-0.0858758207409147,-0.001,0.089043431330069));
#14923=CARTESIAN_POINT('',(-0.0626326869021279,-0.009,0.0446199119256438));
#14924=CARTESIAN_POINT('',(-0.0626326869021279,0.001,0.0446199119256438));
#14925=CARTESIAN_POINT('',(-0.0610867102396128,0.001,0.047057798201148));
#14926=CARTESIAN_POINT('',(-0.0610867102396128,-0.009,0.047057798201148));
#14927=CARTESIAN_POINT('',(-0.0610867102396128,-0.001,0.047057798201148));
#14928=CARTESIAN_POINT('',(-0.0262411424672081,-0.001,0.102006578149936));
#14929=CARTESIAN_POINT('',(-0.0610867102396128,-0.009,0.047057798201148));
#14930=CARTESIAN_POINT('',(-0.0610867102396128,0.001,0.047057798201148));
#14931=CARTESIAN_POINT('',(-0.0582024504622312,0.001,0.0469378862755043));
#14932=CARTESIAN_POINT('',(-0.0582024504622312,-0.009,0.0469378862755043));
#14933=CARTESIAN_POINT('',(-0.0582024504622312,-0.001,0.0469378862755043));
#14934=CARTESIAN_POINT('',(-0.0447282203712447,-0.001,0.0463777006467868));
#14935=CARTESIAN_POINT('',(-0.0582024504622312,-0.009,0.0469378862755043));
#14936=CARTESIAN_POINT('',(-0.0582024504622312,0.001,0.0469378862755043));
#14937=CARTESIAN_POINT('',(-0.0568641673473645,0.001,0.0443800880743562));
#14938=CARTESIAN_POINT('',(-0.0568641673473645,-0.009,0.0443800880743562));
#14939=CARTESIAN_POINT('',(-0.0568641673473645,-0.001,0.0443800880743562));
#14940=CARTESIAN_POINT('',(-0.0814455843010181,-0.001,0.0913614056799293));
#14941=CARTESIAN_POINT('',(-0.0568641673473645,-0.009,0.0443800880743562));
#14942=CARTESIAN_POINT('',(-0.0568641673473645,0.001,0.0443800880743562));
#14943=CARTESIAN_POINT('',(-0.0584101440098796,0.001,0.0419422017988519));
#14944=CARTESIAN_POINT('',(-0.0584101440098796,-0.009,0.0419422017988519));
#14945=CARTESIAN_POINT('',(-0.0584101440098796,-0.001,0.0419422017988519));
#14946=CARTESIAN_POINT('',(-0.0220185995749599,-0.001,0.0993288680231444));
#14947=CARTESIAN_POINT('',(-0.0584101440098796,-0.009,0.0419422017988519));
#14948=CARTESIAN_POINT('',(-0.0584101440098796,0.001,0.0419422017988519));
#14949=CARTESIAN_POINT('',(-0.044935913918893,-0.001,0.0413820161701344));
#14950=CARTESIAN_POINT('',(-0.0462944037872612,-0.009,0.0420621137244957));
#14951=CARTESIAN_POINT('',(-0.0462944037872612,-0.009,0.0420621137244957));
#14952=CARTESIAN_POINT('',(-0.0462944037872612,-0.001,0.0420621137244957));
#14953=CARTESIAN_POINT('',(-0.0462944037872612,0.001,0.0420621137244957));
#14954=CARTESIAN_POINT('',(-0.0462944037872612,0.001,0.0420621137244957));
#14955=CARTESIAN_POINT('',(-0.0476326869021279,0.001,0.0446199119256438));
#14956=CARTESIAN_POINT('',(-0.0476326869021279,-0.009,0.0446199119256438));
#14957=CARTESIAN_POINT('',(-0.0476326869021279,-0.001,0.0446199119256438));
#14958=CARTESIAN_POINT('',(-0.0708758207409147,-0.001,0.089043431330069));
#14959=CARTESIAN_POINT('',(-0.0476326869021279,-0.009,0.0446199119256438));
#14960=CARTESIAN_POINT('',(-0.0476326869021279,0.001,0.0446199119256438));
#14961=CARTESIAN_POINT('',(-0.0460867102396128,0.001,0.047057798201148));
#14962=CARTESIAN_POINT('',(-0.0460867102396128,-0.009,0.047057798201148));
#14963=CARTESIAN_POINT('',(-0.0460867102396128,-0.001,0.047057798201148));
#14964=CARTESIAN_POINT('',(-0.0112411424672082,-0.001,0.102006578149936));
#14965=CARTESIAN_POINT('',(-0.0460867102396128,-0.009,0.047057798201148));
#14966=CARTESIAN_POINT('',(-0.0460867102396128,0.001,0.047057798201148));
#14967=CARTESIAN_POINT('',(-0.0432024504622312,0.001,0.0469378862755043));
#14968=CARTESIAN_POINT('',(-0.0432024504622312,-0.009,0.0469378862755043));
#14969=CARTESIAN_POINT('',(-0.0432024504622312,-0.001,0.0469378862755043));
#14970=CARTESIAN_POINT('',(-0.0297282203712446,-0.001,0.0463777006467868));
#14971=CARTESIAN_POINT('',(-0.0432024504622312,-0.009,0.0469378862755043));
#14972=CARTESIAN_POINT('',(-0.0432024504622312,0.001,0.0469378862755043));
#14973=CARTESIAN_POINT('',(-0.0418641673473645,0.001,0.0443800880743562));
#14974=CARTESIAN_POINT('',(-0.0418641673473645,-0.009,0.0443800880743562));
#14975=CARTESIAN_POINT('',(-0.0418641673473645,-0.001,0.0443800880743562));
#14976=CARTESIAN_POINT('',(-0.0664455843010181,-0.001,0.0913614056799293));
#14977=CARTESIAN_POINT('',(-0.0418641673473645,-0.009,0.0443800880743562));
#14978=CARTESIAN_POINT('',(-0.0418641673473645,0.001,0.0443800880743562));
#14979=CARTESIAN_POINT('',(-0.0434101440098795,0.001,0.0419422017988519));
#14980=CARTESIAN_POINT('',(-0.0434101440098795,-0.009,0.0419422017988519));
#14981=CARTESIAN_POINT('',(-0.0434101440098795,-0.001,0.0419422017988519));
#14982=CARTESIAN_POINT('',(-0.00701859957495984,-0.001,0.0993288680231444));
#14983=CARTESIAN_POINT('',(-0.0434101440098795,-0.009,0.0419422017988519));
#14984=CARTESIAN_POINT('',(-0.0434101440098795,0.001,0.0419422017988519));
#14985=CARTESIAN_POINT('',(-0.029935913918893,-0.001,0.0413820161701344));
#14986=CARTESIAN_POINT('',(-0.0312944037872612,-0.009,0.0420621137244957));
#14987=CARTESIAN_POINT('',(-0.0312944037872612,-0.009,0.0420621137244957));
#14988=CARTESIAN_POINT('',(-0.0312944037872612,-0.001,0.0420621137244957));
#14989=CARTESIAN_POINT('',(-0.0312944037872612,0.001,0.0420621137244957));
#14990=CARTESIAN_POINT('',(-0.0312944037872612,0.001,0.0420621137244957));
#14991=CARTESIAN_POINT('',(-0.0326326869021279,0.001,0.0446199119256438));
#14992=CARTESIAN_POINT('',(-0.0326326869021279,-0.009,0.0446199119256438));
#14993=CARTESIAN_POINT('',(-0.0326326869021279,-0.001,0.0446199119256438));
#14994=CARTESIAN_POINT('',(-0.0558758207409147,-0.001,0.089043431330069));
#14995=CARTESIAN_POINT('',(-0.0326326869021279,-0.009,0.0446199119256438));
#14996=CARTESIAN_POINT('',(-0.0326326869021279,0.001,0.0446199119256438));
#14997=CARTESIAN_POINT('',(-0.0310867102396128,0.001,0.047057798201148));
#14998=CARTESIAN_POINT('',(-0.0310867102396128,-0.009,0.047057798201148));
#14999=CARTESIAN_POINT('',(-0.0310867102396128,-0.001,0.047057798201148));
#15000=CARTESIAN_POINT('',(0.00375885753279184,-0.001,0.102006578149936));
#15001=CARTESIAN_POINT('',(-0.0310867102396128,-0.009,0.047057798201148));
#15002=CARTESIAN_POINT('',(-0.0310867102396128,0.001,0.047057798201148));
#15003=CARTESIAN_POINT('',(-0.0282024504622311,0.001,0.0469378862755043));
#15004=CARTESIAN_POINT('',(-0.0282024504622311,-0.009,0.0469378862755043));
#15005=CARTESIAN_POINT('',(-0.0282024504622311,-0.001,0.0469378862755043));
#15006=CARTESIAN_POINT('',(-0.0147282203712446,-0.001,0.0463777006467868));
#15007=CARTESIAN_POINT('',(-0.0282024504622311,-0.009,0.0469378862755043));
#15008=CARTESIAN_POINT('',(-0.0282024504622311,0.001,0.0469378862755043));
#15009=CARTESIAN_POINT('',(-0.0268641673473645,0.001,0.0443800880743562));
#15010=CARTESIAN_POINT('',(-0.0268641673473645,-0.009,0.0443800880743562));
#15011=CARTESIAN_POINT('',(-0.0268641673473645,-0.001,0.0443800880743562));
#15012=CARTESIAN_POINT('',(-0.0514455843010181,-0.001,0.0913614056799293));
#15013=CARTESIAN_POINT('',(-0.0268641673473645,-0.009,0.0443800880743562));
#15014=CARTESIAN_POINT('',(-0.0268641673473645,0.001,0.0443800880743562));
#15015=CARTESIAN_POINT('',(-0.0284101440098795,0.001,0.0419422017988519));
#15016=CARTESIAN_POINT('',(-0.0284101440098795,-0.009,0.0419422017988519));
#15017=CARTESIAN_POINT('',(-0.0284101440098795,-0.001,0.0419422017988519));
#15018=CARTESIAN_POINT('',(0.00798140042504016,-0.001,0.0993288680231444));
#15019=CARTESIAN_POINT('',(-0.0284101440098795,-0.009,0.0419422017988519));
#15020=CARTESIAN_POINT('',(-0.0284101440098795,0.001,0.0419422017988519));
#15021=CARTESIAN_POINT('',(-0.014935913918893,-0.001,0.0413820161701344));
#15022=CARTESIAN_POINT('',(-0.0162944037872613,-0.009,0.0420621137244957));
#15023=CARTESIAN_POINT('',(-0.0162944037872613,-0.009,0.0420621137244957));
#15024=CARTESIAN_POINT('',(-0.0162944037872613,-0.001,0.0420621137244957));
#15025=CARTESIAN_POINT('',(-0.0162944037872613,0.001,0.0420621137244957));
#15026=CARTESIAN_POINT('',(-0.0162944037872613,0.001,0.0420621137244957));
#15027=CARTESIAN_POINT('',(-0.0176326869021278,0.001,0.0446199119256438));
#15028=CARTESIAN_POINT('',(-0.0176326869021278,-0.009,0.0446199119256438));
#15029=CARTESIAN_POINT('',(-0.0176326869021278,-0.001,0.0446199119256438));
#15030=CARTESIAN_POINT('',(-0.0408758207409148,-0.001,0.089043431330069));
#15031=CARTESIAN_POINT('',(-0.0176326869021278,-0.009,0.0446199119256438));
#15032=CARTESIAN_POINT('',(-0.0176326869021278,0.001,0.0446199119256438));
#15033=CARTESIAN_POINT('',(-0.0160867102396128,0.001,0.047057798201148));
#15034=CARTESIAN_POINT('',(-0.0160867102396128,-0.009,0.047057798201148));
#15035=CARTESIAN_POINT('',(-0.0160867102396128,-0.001,0.047057798201148));
#15036=CARTESIAN_POINT('',(0.0187588575327918,-0.001,0.102006578149936));
#15037=CARTESIAN_POINT('',(-0.0160867102396128,-0.009,0.047057798201148));
#15038=CARTESIAN_POINT('',(-0.0160867102396128,0.001,0.047057798201148));
#15039=CARTESIAN_POINT('',(-0.0132024504622312,0.001,0.0469378862755043));
#15040=CARTESIAN_POINT('',(-0.0132024504622312,-0.009,0.0469378862755043));
#15041=CARTESIAN_POINT('',(-0.0132024504622312,-0.001,0.0469378862755043));
#15042=CARTESIAN_POINT('',(0.000271779628755381,-0.001,0.0463777006467868));
#15043=CARTESIAN_POINT('',(-0.0132024504622312,-0.009,0.0469378862755043));
#15044=CARTESIAN_POINT('',(-0.0132024504622312,0.001,0.0469378862755043));
#15045=CARTESIAN_POINT('',(-0.0118641673473645,0.001,0.0443800880743562));
#15046=CARTESIAN_POINT('',(-0.0118641673473645,-0.009,0.0443800880743562));
#15047=CARTESIAN_POINT('',(-0.0118641673473645,-0.001,0.0443800880743562));
#15048=CARTESIAN_POINT('',(-0.0364455843010182,-0.001,0.0913614056799293));
#15049=CARTESIAN_POINT('',(-0.0118641673473645,-0.009,0.0443800880743562));
#15050=CARTESIAN_POINT('',(-0.0118641673473645,0.001,0.0443800880743562));
#15051=CARTESIAN_POINT('',(-0.0134101440098795,0.001,0.0419422017988519));
#15052=CARTESIAN_POINT('',(-0.0134101440098795,-0.009,0.0419422017988519));
#15053=CARTESIAN_POINT('',(-0.0134101440098795,-0.001,0.0419422017988519));
#15054=CARTESIAN_POINT('',(0.0229814004250402,-0.001,0.0993288680231444));
#15055=CARTESIAN_POINT('',(-0.0134101440098795,-0.009,0.0419422017988519));
#15056=CARTESIAN_POINT('',(-0.0134101440098795,0.001,0.0419422017988519));
#15057=CARTESIAN_POINT('',(6.4086081107001E-5,-0.001,0.0413820161701344));
#15058=CARTESIAN_POINT('',(-0.00129440378726123,-0.009,0.0420621137244957));
#15059=CARTESIAN_POINT('',(-0.00129440378726123,-0.009,0.0420621137244957));
#15060=CARTESIAN_POINT('',(-0.00129440378726123,-0.001,0.0420621137244957));
#15061=CARTESIAN_POINT('',(-0.00129440378726123,0.001,0.0420621137244957));
#15062=CARTESIAN_POINT('',(-0.00129440378726123,0.001,0.0420621137244957));
#15063=CARTESIAN_POINT('',(-0.00263268690212786,0.001,0.0446199119256438));
#15064=CARTESIAN_POINT('',(-0.00263268690212786,-0.009,0.0446199119256438));
#15065=CARTESIAN_POINT('',(-0.00263268690212786,-0.001,0.0446199119256438));
#15066=CARTESIAN_POINT('',(-0.0258758207409148,-0.001,0.089043431330069));
#15067=CARTESIAN_POINT('',(-0.00263268690212786,-0.009,0.0446199119256438));
#15068=CARTESIAN_POINT('',(-0.00263268690212786,0.001,0.0446199119256438));
#15069=CARTESIAN_POINT('',(-0.00108671023961282,0.001,0.047057798201148));
#15070=CARTESIAN_POINT('',(-0.00108671023961282,-0.009,0.047057798201148));
#15071=CARTESIAN_POINT('',(-0.00108671023961282,-0.001,0.047057798201148));
#15072=CARTESIAN_POINT('',(0.0337588575327919,-0.001,0.102006578149936));
#15073=CARTESIAN_POINT('',(-0.00108671023961282,-0.009,0.047057798201148));
#15074=CARTESIAN_POINT('',(-0.00108671023961282,0.001,0.047057798201148));
#15075=CARTESIAN_POINT('',(0.00179754953776884,0.001,0.0469378862755043));
#15076=CARTESIAN_POINT('',(0.00179754953776884,-0.009,0.0469378862755043));
#15077=CARTESIAN_POINT('',(0.00179754953776884,-0.001,0.0469378862755043));
#15078=CARTESIAN_POINT('',(0.0152717796287554,-0.001,0.0463777006467868));
#15079=CARTESIAN_POINT('',(0.00179754953776884,-0.009,0.0469378862755043));
#15080=CARTESIAN_POINT('',(0.00179754953776884,0.001,0.0469378862755043));
#15081=CARTESIAN_POINT('',(0.00313583265263548,0.001,0.0443800880743562));
#15082=CARTESIAN_POINT('',(0.00313583265263548,-0.009,0.0443800880743562));
#15083=CARTESIAN_POINT('',(0.00313583265263548,-0.001,0.0443800880743562));
#15084=CARTESIAN_POINT('',(-0.0214455843010181,-0.001,0.0913614056799293));
#15085=CARTESIAN_POINT('',(0.00313583265263548,-0.009,0.0443800880743562));
#15086=CARTESIAN_POINT('',(0.00313583265263548,0.001,0.0443800880743562));
#15087=CARTESIAN_POINT('',(0.00158985599012045,0.001,0.0419422017988519));
#15088=CARTESIAN_POINT('',(0.00158985599012045,-0.009,0.0419422017988519));
#15089=CARTESIAN_POINT('',(0.00158985599012045,-0.001,0.0419422017988519));
#15090=CARTESIAN_POINT('',(0.0379814004250401,-0.001,0.0993288680231444));
#15091=CARTESIAN_POINT('',(0.00158985599012045,-0.009,0.0419422017988519));
#15092=CARTESIAN_POINT('',(0.00158985599012045,0.001,0.0419422017988519));
#15093=CARTESIAN_POINT('',(0.015064086081107,-0.001,0.0413820161701344));
#15094=CARTESIAN_POINT('',(0.0137055962127388,-0.009,0.0420621137244957));
#15095=CARTESIAN_POINT('',(0.0137055962127388,-0.009,0.0420621137244957));
#15096=CARTESIAN_POINT('',(0.0137055962127388,-0.001,0.0420621137244957));
#15097=CARTESIAN_POINT('',(0.0137055962127388,0.001,0.0420621137244957));
#15098=CARTESIAN_POINT('',(0.0137055962127388,0.001,0.0420621137244957));
#15099=CARTESIAN_POINT('',(0.0123673130978721,0.001,0.0446199119256438));
#15100=CARTESIAN_POINT('',(0.0123673130978721,-0.009,0.0446199119256438));
#15101=CARTESIAN_POINT('',(0.0123673130978721,-0.001,0.0446199119256438));
#15102=CARTESIAN_POINT('',(-0.0108758207409147,-0.001,0.089043431330069));
#15103=CARTESIAN_POINT('',(0.0123673130978721,-0.009,0.0446199119256438));
#15104=CARTESIAN_POINT('',(0.0123673130978721,0.001,0.0446199119256438));
#15105=CARTESIAN_POINT('',(0.0139132897603872,0.001,0.047057798201148));
#15106=CARTESIAN_POINT('',(0.0139132897603872,-0.009,0.047057798201148));
#15107=CARTESIAN_POINT('',(0.0139132897603872,-0.001,0.047057798201148));
#15108=CARTESIAN_POINT('',(0.0487588575327918,-0.001,0.102006578149936));
#15109=CARTESIAN_POINT('',(0.0139132897603872,-0.009,0.047057798201148));
#15110=CARTESIAN_POINT('',(0.0139132897603872,0.001,0.047057798201148));
#15111=CARTESIAN_POINT('',(0.0167975495377689,0.001,0.0469378862755043));
#15112=CARTESIAN_POINT('',(0.0167975495377689,-0.009,0.0469378862755043));
#15113=CARTESIAN_POINT('',(0.0167975495377689,-0.001,0.0469378862755043));
#15114=CARTESIAN_POINT('',(0.0302717796287553,-0.001,0.0463777006467868));
#15115=CARTESIAN_POINT('',(0.0167975495377689,-0.009,0.0469378862755043));
#15116=CARTESIAN_POINT('',(0.0167975495377689,0.001,0.0469378862755043));
#15117=CARTESIAN_POINT('',(0.0181358326526355,0.001,0.0443800880743562));
#15118=CARTESIAN_POINT('',(0.0181358326526355,-0.009,0.0443800880743562));
#15119=CARTESIAN_POINT('',(0.0181358326526355,-0.001,0.0443800880743562));
#15120=CARTESIAN_POINT('',(-0.00644558430101813,-0.001,0.0913614056799293));
#15121=CARTESIAN_POINT('',(0.0181358326526355,-0.009,0.0443800880743562));
#15122=CARTESIAN_POINT('',(0.0181358326526355,0.001,0.0443800880743562));
#15123=CARTESIAN_POINT('',(0.0165898559901204,0.001,0.0419422017988519));
#15124=CARTESIAN_POINT('',(0.0165898559901204,-0.009,0.0419422017988519));
#15125=CARTESIAN_POINT('',(0.0165898559901204,-0.001,0.0419422017988519));
#15126=CARTESIAN_POINT('',(0.0529814004250402,-0.001,0.0993288680231444));
#15127=CARTESIAN_POINT('',(0.0165898559901204,-0.009,0.0419422017988519));
#15128=CARTESIAN_POINT('',(0.0165898559901204,0.001,0.0419422017988519));
#15129=CARTESIAN_POINT('',(0.030064086081107,-0.001,0.0413820161701344));
#15130=CARTESIAN_POINT('',(0.0287055962127388,-0.009,0.0420621137244957));
#15131=CARTESIAN_POINT('',(0.0287055962127388,-0.009,0.0420621137244957));
#15132=CARTESIAN_POINT('',(0.0287055962127388,-0.001,0.0420621137244957));
#15133=CARTESIAN_POINT('',(0.0287055962127388,0.001,0.0420621137244957));
#15134=CARTESIAN_POINT('',(0.0287055962127388,0.001,0.0420621137244957));
#15135=CARTESIAN_POINT('',(0.0273673130978722,0.001,0.0446199119256438));
#15136=CARTESIAN_POINT('',(0.0273673130978722,-0.009,0.0446199119256438));
#15137=CARTESIAN_POINT('',(0.0273673130978722,-0.001,0.0446199119256438));
#15138=CARTESIAN_POINT('',(0.00412417925908526,-0.001,0.089043431330069));
#15139=CARTESIAN_POINT('',(0.0273673130978722,-0.009,0.0446199119256438));
#15140=CARTESIAN_POINT('',(0.0273673130978722,0.001,0.0446199119256438));
#15141=CARTESIAN_POINT('',(0.0289132897603872,0.001,0.047057798201148));
#15142=CARTESIAN_POINT('',(0.0289132897603872,-0.009,0.047057798201148));
#15143=CARTESIAN_POINT('',(0.0289132897603872,-0.001,0.047057798201148));
#15144=CARTESIAN_POINT('',(0.0637588575327918,-0.001,0.102006578149936));
#15145=CARTESIAN_POINT('',(0.0289132897603872,-0.009,0.047057798201148));
#15146=CARTESIAN_POINT('',(0.0289132897603872,0.001,0.047057798201148));
#15147=CARTESIAN_POINT('',(0.0317975495377689,0.001,0.0469378862755043));
#15148=CARTESIAN_POINT('',(0.0317975495377689,-0.009,0.0469378862755043));
#15149=CARTESIAN_POINT('',(0.0317975495377689,-0.001,0.0469378862755043));
#15150=CARTESIAN_POINT('',(0.0452717796287554,-0.001,0.0463777006467868));
#15151=CARTESIAN_POINT('',(0.0317975495377689,-0.009,0.0469378862755043));
#15152=CARTESIAN_POINT('',(0.0317975495377689,0.001,0.0469378862755043));
#15153=CARTESIAN_POINT('',(0.0331358326526354,0.001,0.0443800880743562));
#15154=CARTESIAN_POINT('',(0.0331358326526354,-0.009,0.0443800880743562));
#15155=CARTESIAN_POINT('',(0.0331358326526354,-0.001,0.0443800880743562));
#15156=CARTESIAN_POINT('',(0.00855441569898187,-0.001,0.0913614056799293));
#15157=CARTESIAN_POINT('',(0.0331358326526354,-0.009,0.0443800880743562));
#15158=CARTESIAN_POINT('',(0.0331358326526354,0.001,0.0443800880743562));
#15159=CARTESIAN_POINT('',(0.0315898559901205,0.001,0.0419422017988519));
#15160=CARTESIAN_POINT('',(0.0315898559901205,-0.009,0.0419422017988519));
#15161=CARTESIAN_POINT('',(0.0315898559901205,-0.001,0.0419422017988519));
#15162=CARTESIAN_POINT('',(0.0679814004250401,-0.001,0.0993288680231444));
#15163=CARTESIAN_POINT('',(0.0315898559901205,-0.009,0.0419422017988519));
#15164=CARTESIAN_POINT('',(0.0315898559901205,0.001,0.0419422017988519));
#15165=CARTESIAN_POINT('',(0.045064086081107,-0.001,0.0413820161701344));
#15166=CARTESIAN_POINT('',(0.0437055962127387,-0.009,0.0420621137244957));
#15167=CARTESIAN_POINT('',(0.0437055962127387,-0.009,0.0420621137244957));
#15168=CARTESIAN_POINT('',(0.0437055962127387,-0.001,0.0420621137244957));
#15169=CARTESIAN_POINT('',(0.0437055962127387,0.001,0.0420621137244957));
#15170=CARTESIAN_POINT('',(0.0437055962127387,0.001,0.0420621137244957));
#15171=CARTESIAN_POINT('',(0.0423673130978721,0.001,0.0446199119256438));
#15172=CARTESIAN_POINT('',(0.0423673130978721,-0.009,0.0446199119256438));
#15173=CARTESIAN_POINT('',(0.0423673130978721,-0.001,0.0446199119256438));
#15174=CARTESIAN_POINT('',(0.0191241792590853,-0.001,0.089043431330069));
#15175=CARTESIAN_POINT('',(0.0423673130978721,-0.009,0.0446199119256438));
#15176=CARTESIAN_POINT('',(0.0423673130978721,0.001,0.0446199119256438));
#15177=CARTESIAN_POINT('',(0.0439132897603871,0.001,0.047057798201148));
#15178=CARTESIAN_POINT('',(0.0439132897603871,-0.009,0.047057798201148));
#15179=CARTESIAN_POINT('',(0.0439132897603871,-0.001,0.047057798201148));
#15180=CARTESIAN_POINT('',(0.0787588575327918,-0.001,0.102006578149936));
#15181=CARTESIAN_POINT('',(0.0439132897603871,-0.009,0.047057798201148));
#15182=CARTESIAN_POINT('',(0.0439132897603871,0.001,0.047057798201148));
#15183=CARTESIAN_POINT('',(0.0467975495377688,0.001,0.0469378862755043));
#15184=CARTESIAN_POINT('',(0.0467975495377688,-0.009,0.0469378862755043));
#15185=CARTESIAN_POINT('',(0.0467975495377688,-0.001,0.0469378862755043));
#15186=CARTESIAN_POINT('',(0.0602717796287554,-0.001,0.0463777006467868));
#15187=CARTESIAN_POINT('',(0.0467975495377688,-0.009,0.0469378862755043));
#15188=CARTESIAN_POINT('',(0.0467975495377688,0.001,0.0469378862755043));
#15189=CARTESIAN_POINT('',(0.0481358326526355,0.001,0.0443800880743562));
#15190=CARTESIAN_POINT('',(0.0481358326526355,-0.009,0.0443800880743562));
#15191=CARTESIAN_POINT('',(0.0481358326526355,-0.001,0.0443800880743562));
#15192=CARTESIAN_POINT('',(0.0235544156989819,-0.001,0.0913614056799293));
#15193=CARTESIAN_POINT('',(0.0481358326526355,-0.009,0.0443800880743562));
#15194=CARTESIAN_POINT('',(0.0481358326526355,0.001,0.0443800880743562));
#15195=CARTESIAN_POINT('',(0.0465898559901204,0.001,0.0419422017988519));
#15196=CARTESIAN_POINT('',(0.0465898559901204,-0.009,0.0419422017988519));
#15197=CARTESIAN_POINT('',(0.0465898559901204,-0.001,0.0419422017988519));
#15198=CARTESIAN_POINT('',(0.0829814004250402,-0.001,0.0993288680231444));
#15199=CARTESIAN_POINT('',(0.0465898559901204,-0.009,0.0419422017988519));
#15200=CARTESIAN_POINT('',(0.0465898559901204,0.001,0.0419422017988519));
#15201=CARTESIAN_POINT('',(0.060064086081107,-0.001,0.0413820161701344));
#15202=CARTESIAN_POINT('',(0.0587055962127388,-0.009,0.0420621137244957));
#15203=CARTESIAN_POINT('',(0.0587055962127388,-0.009,0.0420621137244957));
#15204=CARTESIAN_POINT('',(0.0587055962127388,-0.001,0.0420621137244957));
#15205=CARTESIAN_POINT('',(0.0587055962127388,0.001,0.0420621137244957));
#15206=CARTESIAN_POINT('',(0.0587055962127388,0.001,0.0420621137244957));
#15207=CARTESIAN_POINT('',(0.0573673130978721,0.001,0.0446199119256438));
#15208=CARTESIAN_POINT('',(0.0573673130978721,-0.009,0.0446199119256438));
#15209=CARTESIAN_POINT('',(0.0573673130978721,-0.001,0.0446199119256438));
#15210=CARTESIAN_POINT('',(0.0341241792590853,-0.001,0.089043431330069));
#15211=CARTESIAN_POINT('',(0.0573673130978721,-0.009,0.0446199119256438));
#15212=CARTESIAN_POINT('',(0.0573673130978721,0.001,0.0446199119256438));
#15213=CARTESIAN_POINT('',(0.0589132897603872,0.001,0.047057798201148));
#15214=CARTESIAN_POINT('',(0.0589132897603872,-0.009,0.047057798201148));
#15215=CARTESIAN_POINT('',(0.0589132897603872,-0.001,0.047057798201148));
#15216=CARTESIAN_POINT('',(0.0937588575327918,-0.001,0.102006578149936));
#15217=CARTESIAN_POINT('',(0.0589132897603872,-0.009,0.047057798201148));
#15218=CARTESIAN_POINT('',(0.0589132897603872,0.001,0.047057798201148));
#15219=CARTESIAN_POINT('',(0.0617975495377688,0.001,0.0469378862755043));
#15220=CARTESIAN_POINT('',(0.0617975495377688,-0.009,0.0469378862755043));
#15221=CARTESIAN_POINT('',(0.0617975495377688,-0.001,0.0469378862755043));
#15222=CARTESIAN_POINT('',(0.0752717796287554,-0.001,0.0463777006467868));
#15223=CARTESIAN_POINT('',(0.0617975495377688,-0.009,0.0469378862755043));
#15224=CARTESIAN_POINT('',(0.0617975495377688,0.001,0.0469378862755043));
#15225=CARTESIAN_POINT('',(0.0631358326526355,0.001,0.0443800880743562));
#15226=CARTESIAN_POINT('',(0.0631358326526355,-0.009,0.0443800880743562));
#15227=CARTESIAN_POINT('',(0.0631358326526355,-0.001,0.0443800880743562));
#15228=CARTESIAN_POINT('',(0.0385544156989819,-0.001,0.0913614056799293));
#15229=CARTESIAN_POINT('',(0.0631358326526355,-0.009,0.0443800880743562));
#15230=CARTESIAN_POINT('',(0.0631358326526355,0.001,0.0443800880743562));
#15231=CARTESIAN_POINT('',(0.0615898559901204,0.001,0.0419422017988519));
#15232=CARTESIAN_POINT('',(0.0615898559901204,-0.009,0.0419422017988519));
#15233=CARTESIAN_POINT('',(0.0615898559901204,-0.001,0.0419422017988519));
#15234=CARTESIAN_POINT('',(0.0979814004250402,-0.001,0.0993288680231444));
#15235=CARTESIAN_POINT('',(0.0615898559901204,-0.009,0.0419422017988519));
#15236=CARTESIAN_POINT('',(0.0615898559901204,0.001,0.0419422017988519));
#15237=CARTESIAN_POINT('',(0.075064086081107,-0.001,0.0413820161701344));
#15238=CARTESIAN_POINT('',(0.0737055962127388,-0.009,0.0420621137244957));
#15239=CARTESIAN_POINT('',(0.0737055962127388,-0.009,0.0420621137244957));
#15240=CARTESIAN_POINT('',(0.0737055962127388,-0.001,0.0420621137244957));
#15241=CARTESIAN_POINT('',(0.0737055962127388,0.001,0.0420621137244957));
#15242=CARTESIAN_POINT('',(0.0737055962127388,0.001,0.0420621137244957));
#15243=CARTESIAN_POINT('',(0.0723673130978721,0.001,0.0446199119256438));
#15244=CARTESIAN_POINT('',(0.0723673130978721,-0.009,0.0446199119256438));
#15245=CARTESIAN_POINT('',(0.0723673130978721,-0.001,0.0446199119256438));
#15246=CARTESIAN_POINT('',(0.0491241792590853,-0.001,0.089043431330069));
#15247=CARTESIAN_POINT('',(0.0723673130978721,-0.009,0.0446199119256438));
#15248=CARTESIAN_POINT('',(0.0723673130978721,0.001,0.0446199119256438));
#15249=CARTESIAN_POINT('',(0.0739132897603872,0.001,0.047057798201148));
#15250=CARTESIAN_POINT('',(0.0739132897603872,-0.009,0.047057798201148));
#15251=CARTESIAN_POINT('',(0.0739132897603872,-0.001,0.047057798201148));
#15252=CARTESIAN_POINT('',(0.108758857532792,-0.001,0.102006578149936));
#15253=CARTESIAN_POINT('',(0.0739132897603872,-0.009,0.047057798201148));
#15254=CARTESIAN_POINT('',(0.0739132897603872,0.001,0.047057798201148));
#15255=CARTESIAN_POINT('',(0.0767975495377689,0.001,0.0469378862755043));
#15256=CARTESIAN_POINT('',(0.0767975495377689,-0.009,0.0469378862755043));
#15257=CARTESIAN_POINT('',(0.0767975495377689,-0.001,0.0469378862755043));
#15258=CARTESIAN_POINT('',(0.0902717796287554,-0.001,0.0463777006467868));
#15259=CARTESIAN_POINT('',(0.0767975495377689,-0.009,0.0469378862755043));
#15260=CARTESIAN_POINT('',(0.0767975495377689,0.001,0.0469378862755043));
#15261=CARTESIAN_POINT('',(0.0781358326526355,0.001,0.0443800880743562));
#15262=CARTESIAN_POINT('',(0.0781358326526355,-0.009,0.0443800880743562));
#15263=CARTESIAN_POINT('',(0.0781358326526355,-0.001,0.0443800880743562));
#15264=CARTESIAN_POINT('',(0.0535544156989819,-0.001,0.0913614056799293));
#15265=CARTESIAN_POINT('',(0.0781358326526355,-0.009,0.0443800880743562));
#15266=CARTESIAN_POINT('',(0.0781358326526355,0.001,0.0443800880743562));
#15267=CARTESIAN_POINT('',(0.0765898559901204,0.001,0.0419422017988519));
#15268=CARTESIAN_POINT('',(0.0765898559901204,-0.009,0.0419422017988519));
#15269=CARTESIAN_POINT('',(0.0765898559901204,-0.001,0.0419422017988519));
#15270=CARTESIAN_POINT('',(0.11298140042504,-0.001,0.0993288680231444));
#15271=CARTESIAN_POINT('',(0.0765898559901204,-0.009,0.0419422017988519));
#15272=CARTESIAN_POINT('',(0.0765898559901204,0.001,0.0419422017988519));
#15273=CARTESIAN_POINT('',(0.090064086081107,-0.001,0.0413820161701344));
#15274=CARTESIAN_POINT('',(-0.0762944037872612,-0.009,0.0220621137244957));
#15275=CARTESIAN_POINT('',(-0.0762944037872612,-0.009,0.0220621137244957));
#15276=CARTESIAN_POINT('',(-0.0762944037872612,-0.001,0.0220621137244957));
#15277=CARTESIAN_POINT('',(-0.0762944037872612,0.001,0.0220621137244957));
#15278=CARTESIAN_POINT('',(-0.0762944037872612,0.001,0.0220621137244957));
#15279=CARTESIAN_POINT('',(-0.0776326869021279,0.001,0.0246199119256438));
#15280=CARTESIAN_POINT('',(-0.0776326869021279,-0.009,0.0246199119256438));
#15281=CARTESIAN_POINT('',(-0.0776326869021279,-0.001,0.0246199119256437));
#15282=CARTESIAN_POINT('',(-0.100875820740915,-0.001,0.069043431330069));
#15283=CARTESIAN_POINT('',(-0.0776326869021279,-0.009,0.0246199119256438));
#15284=CARTESIAN_POINT('',(-0.0776326869021279,0.001,0.0246199119256438));
#15285=CARTESIAN_POINT('',(-0.0760867102396128,0.001,0.0270577982011481));
#15286=CARTESIAN_POINT('',(-0.0760867102396128,-0.009,0.0270577982011481));
#15287=CARTESIAN_POINT('',(-0.0760867102396128,-0.001,0.0270577982011481));
#15288=CARTESIAN_POINT('',(-0.0412411424672081,-0.001,0.0820065781499362));
#15289=CARTESIAN_POINT('',(-0.0760867102396128,-0.009,0.0270577982011481));
#15290=CARTESIAN_POINT('',(-0.0760867102396128,0.001,0.0270577982011481));
#15291=CARTESIAN_POINT('',(-0.0732024504622312,0.001,0.0269378862755043));
#15292=CARTESIAN_POINT('',(-0.0732024504622312,-0.009,0.0269378862755043));
#15293=CARTESIAN_POINT('',(-0.0732024504622312,-0.001,0.0269378862755043));
#15294=CARTESIAN_POINT('',(-0.0597282203712446,-0.001,0.0263777006467868));
#15295=CARTESIAN_POINT('',(-0.0732024504622312,-0.009,0.0269378862755043));
#15296=CARTESIAN_POINT('',(-0.0732024504622312,0.001,0.0269378862755043));
#15297=CARTESIAN_POINT('',(-0.0718641673473645,0.001,0.0243800880743563));
#15298=CARTESIAN_POINT('',(-0.0718641673473645,-0.009,0.0243800880743563));
#15299=CARTESIAN_POINT('',(-0.0718641673473645,-0.001,0.0243800880743563));
#15300=CARTESIAN_POINT('',(-0.0964455843010181,-0.001,0.0713614056799292));
#15301=CARTESIAN_POINT('',(-0.0718641673473645,-0.009,0.0243800880743563));
#15302=CARTESIAN_POINT('',(-0.0718641673473645,0.001,0.0243800880743563));
#15303=CARTESIAN_POINT('',(-0.0734101440098796,0.001,0.021942201798852));
#15304=CARTESIAN_POINT('',(-0.0734101440098796,-0.009,0.021942201798852));
#15305=CARTESIAN_POINT('',(-0.0734101440098796,-0.001,0.021942201798852));
#15306=CARTESIAN_POINT('',(-0.0370185995749598,-0.001,0.0793288680231444));
#15307=CARTESIAN_POINT('',(-0.0734101440098796,-0.009,0.021942201798852));
#15308=CARTESIAN_POINT('',(-0.0734101440098796,0.001,0.021942201798852));
#15309=CARTESIAN_POINT('',(-0.059935913918893,-0.001,0.0213820161701345));
#15310=CARTESIAN_POINT('',(-0.0612944037872612,-0.009,0.0220621137244957));
#15311=CARTESIAN_POINT('',(-0.0612944037872612,-0.009,0.0220621137244957));
#15312=CARTESIAN_POINT('',(-0.0612944037872612,-0.001,0.0220621137244957));
#15313=CARTESIAN_POINT('',(-0.0612944037872612,0.001,0.0220621137244957));
#15314=CARTESIAN_POINT('',(-0.0612944037872612,0.001,0.0220621137244957));
#15315=CARTESIAN_POINT('',(-0.0626326869021279,0.001,0.0246199119256438));
#15316=CARTESIAN_POINT('',(-0.0626326869021279,-0.009,0.0246199119256438));
#15317=CARTESIAN_POINT('',(-0.0626326869021279,-0.001,0.0246199119256437));
#15318=CARTESIAN_POINT('',(-0.0858758207409147,-0.001,0.069043431330069));
#15319=CARTESIAN_POINT('',(-0.0626326869021279,-0.009,0.0246199119256438));
#15320=CARTESIAN_POINT('',(-0.0626326869021279,0.001,0.0246199119256438));
#15321=CARTESIAN_POINT('',(-0.0610867102396128,0.001,0.0270577982011481));
#15322=CARTESIAN_POINT('',(-0.0610867102396128,-0.009,0.0270577982011481));
#15323=CARTESIAN_POINT('',(-0.0610867102396128,-0.001,0.0270577982011481));
#15324=CARTESIAN_POINT('',(-0.0262411424672081,-0.001,0.0820065781499362));
#15325=CARTESIAN_POINT('',(-0.0610867102396128,-0.009,0.0270577982011481));
#15326=CARTESIAN_POINT('',(-0.0610867102396128,0.001,0.0270577982011481));
#15327=CARTESIAN_POINT('',(-0.0582024504622312,0.001,0.0269378862755043));
#15328=CARTESIAN_POINT('',(-0.0582024504622312,-0.009,0.0269378862755043));
#15329=CARTESIAN_POINT('',(-0.0582024504622312,-0.001,0.0269378862755043));
#15330=CARTESIAN_POINT('',(-0.0447282203712447,-0.001,0.0263777006467868));
#15331=CARTESIAN_POINT('',(-0.0582024504622312,-0.009,0.0269378862755043));
#15332=CARTESIAN_POINT('',(-0.0582024504622312,0.001,0.0269378862755043));
#15333=CARTESIAN_POINT('',(-0.0568641673473645,0.001,0.0243800880743563));
#15334=CARTESIAN_POINT('',(-0.0568641673473645,-0.009,0.0243800880743563));
#15335=CARTESIAN_POINT('',(-0.0568641673473645,-0.001,0.0243800880743563));
#15336=CARTESIAN_POINT('',(-0.0814455843010181,-0.001,0.0713614056799292));
#15337=CARTESIAN_POINT('',(-0.0568641673473645,-0.009,0.0243800880743563));
#15338=CARTESIAN_POINT('',(-0.0568641673473645,0.001,0.0243800880743563));
#15339=CARTESIAN_POINT('',(-0.0584101440098796,0.001,0.021942201798852));
#15340=CARTESIAN_POINT('',(-0.0584101440098796,-0.009,0.021942201798852));
#15341=CARTESIAN_POINT('',(-0.0584101440098796,-0.001,0.021942201798852));
#15342=CARTESIAN_POINT('',(-0.0220185995749599,-0.001,0.0793288680231444));
#15343=CARTESIAN_POINT('',(-0.0584101440098796,-0.009,0.021942201798852));
#15344=CARTESIAN_POINT('',(-0.0584101440098796,0.001,0.021942201798852));
#15345=CARTESIAN_POINT('',(-0.044935913918893,-0.001,0.0213820161701345));
#15346=CARTESIAN_POINT('',(-0.0462944037872612,-0.009,0.0220621137244957));
#15347=CARTESIAN_POINT('',(-0.0462944037872612,-0.009,0.0220621137244957));
#15348=CARTESIAN_POINT('',(-0.0462944037872612,-0.001,0.0220621137244957));
#15349=CARTESIAN_POINT('',(-0.0462944037872612,0.001,0.0220621137244957));
#15350=CARTESIAN_POINT('',(-0.0462944037872612,0.001,0.0220621137244957));
#15351=CARTESIAN_POINT('',(-0.0476326869021279,0.001,0.0246199119256438));
#15352=CARTESIAN_POINT('',(-0.0476326869021279,-0.009,0.0246199119256438));
#15353=CARTESIAN_POINT('',(-0.0476326869021279,-0.001,0.0246199119256437));
#15354=CARTESIAN_POINT('',(-0.0708758207409147,-0.001,0.069043431330069));
#15355=CARTESIAN_POINT('',(-0.0476326869021279,-0.009,0.0246199119256438));
#15356=CARTESIAN_POINT('',(-0.0476326869021279,0.001,0.0246199119256438));
#15357=CARTESIAN_POINT('',(-0.0460867102396128,0.001,0.0270577982011481));
#15358=CARTESIAN_POINT('',(-0.0460867102396128,-0.009,0.0270577982011481));
#15359=CARTESIAN_POINT('',(-0.0460867102396128,-0.001,0.0270577982011481));
#15360=CARTESIAN_POINT('',(-0.0112411424672082,-0.001,0.0820065781499362));
#15361=CARTESIAN_POINT('',(-0.0460867102396128,-0.009,0.0270577982011481));
#15362=CARTESIAN_POINT('',(-0.0460867102396128,0.001,0.0270577982011481));
#15363=CARTESIAN_POINT('',(-0.0432024504622312,0.001,0.0269378862755043));
#15364=CARTESIAN_POINT('',(-0.0432024504622312,-0.009,0.0269378862755043));
#15365=CARTESIAN_POINT('',(-0.0432024504622312,-0.001,0.0269378862755043));
#15366=CARTESIAN_POINT('',(-0.0297282203712446,-0.001,0.0263777006467868));
#15367=CARTESIAN_POINT('',(-0.0432024504622312,-0.009,0.0269378862755043));
#15368=CARTESIAN_POINT('',(-0.0432024504622312,0.001,0.0269378862755043));
#15369=CARTESIAN_POINT('',(-0.0418641673473645,0.001,0.0243800880743563));
#15370=CARTESIAN_POINT('',(-0.0418641673473645,-0.009,0.0243800880743563));
#15371=CARTESIAN_POINT('',(-0.0418641673473645,-0.001,0.0243800880743563));
#15372=CARTESIAN_POINT('',(-0.0664455843010181,-0.001,0.0713614056799292));
#15373=CARTESIAN_POINT('',(-0.0418641673473645,-0.009,0.0243800880743563));
#15374=CARTESIAN_POINT('',(-0.0418641673473645,0.001,0.0243800880743563));
#15375=CARTESIAN_POINT('',(-0.0434101440098795,0.001,0.021942201798852));
#15376=CARTESIAN_POINT('',(-0.0434101440098795,-0.009,0.021942201798852));
#15377=CARTESIAN_POINT('',(-0.0434101440098795,-0.001,0.021942201798852));
#15378=CARTESIAN_POINT('',(-0.00701859957495984,-0.001,0.0793288680231444));
#15379=CARTESIAN_POINT('',(-0.0434101440098795,-0.009,0.021942201798852));
#15380=CARTESIAN_POINT('',(-0.0434101440098795,0.001,0.021942201798852));
#15381=CARTESIAN_POINT('',(-0.029935913918893,-0.001,0.0213820161701345));
#15382=CARTESIAN_POINT('',(-0.0312944037872612,-0.009,0.0220621137244957));
#15383=CARTESIAN_POINT('',(-0.0312944037872612,-0.009,0.0220621137244957));
#15384=CARTESIAN_POINT('',(-0.0312944037872612,-0.001,0.0220621137244957));
#15385=CARTESIAN_POINT('',(-0.0312944037872612,0.001,0.0220621137244957));
#15386=CARTESIAN_POINT('',(-0.0312944037872612,0.001,0.0220621137244957));
#15387=CARTESIAN_POINT('',(-0.0326326869021279,0.001,0.0246199119256438));
#15388=CARTESIAN_POINT('',(-0.0326326869021279,-0.009,0.0246199119256438));
#15389=CARTESIAN_POINT('',(-0.0326326869021279,-0.001,0.0246199119256437));
#15390=CARTESIAN_POINT('',(-0.0558758207409147,-0.001,0.069043431330069));
#15391=CARTESIAN_POINT('',(-0.0326326869021279,-0.009,0.0246199119256438));
#15392=CARTESIAN_POINT('',(-0.0326326869021279,0.001,0.0246199119256438));
#15393=CARTESIAN_POINT('',(-0.0310867102396128,0.001,0.0270577982011481));
#15394=CARTESIAN_POINT('',(-0.0310867102396128,-0.009,0.0270577982011481));
#15395=CARTESIAN_POINT('',(-0.0310867102396128,-0.001,0.0270577982011481));
#15396=CARTESIAN_POINT('',(0.00375885753279184,-0.001,0.0820065781499362));
#15397=CARTESIAN_POINT('',(-0.0310867102396128,-0.009,0.0270577982011481));
#15398=CARTESIAN_POINT('',(-0.0310867102396128,0.001,0.0270577982011481));
#15399=CARTESIAN_POINT('',(-0.0282024504622311,0.001,0.0269378862755043));
#15400=CARTESIAN_POINT('',(-0.0282024504622311,-0.009,0.0269378862755043));
#15401=CARTESIAN_POINT('',(-0.0282024504622311,-0.001,0.0269378862755043));
#15402=CARTESIAN_POINT('',(-0.0147282203712446,-0.001,0.0263777006467868));
#15403=CARTESIAN_POINT('',(-0.0282024504622311,-0.009,0.0269378862755043));
#15404=CARTESIAN_POINT('',(-0.0282024504622311,0.001,0.0269378862755043));
#15405=CARTESIAN_POINT('',(-0.0268641673473645,0.001,0.0243800880743563));
#15406=CARTESIAN_POINT('',(-0.0268641673473645,-0.009,0.0243800880743563));
#15407=CARTESIAN_POINT('',(-0.0268641673473645,-0.001,0.0243800880743563));
#15408=CARTESIAN_POINT('',(-0.0514455843010181,-0.001,0.0713614056799292));
#15409=CARTESIAN_POINT('',(-0.0268641673473645,-0.009,0.0243800880743563));
#15410=CARTESIAN_POINT('',(-0.0268641673473645,0.001,0.0243800880743563));
#15411=CARTESIAN_POINT('',(-0.0284101440098795,0.001,0.021942201798852));
#15412=CARTESIAN_POINT('',(-0.0284101440098795,-0.009,0.021942201798852));
#15413=CARTESIAN_POINT('',(-0.0284101440098795,-0.001,0.021942201798852));
#15414=CARTESIAN_POINT('',(0.00798140042504016,-0.001,0.0793288680231444));
#15415=CARTESIAN_POINT('',(-0.0284101440098795,-0.009,0.021942201798852));
#15416=CARTESIAN_POINT('',(-0.0284101440098795,0.001,0.021942201798852));
#15417=CARTESIAN_POINT('',(-0.014935913918893,-0.001,0.0213820161701345));
#15418=CARTESIAN_POINT('',(-0.0162944037872613,-0.009,0.0220621137244957));
#15419=CARTESIAN_POINT('',(-0.0162944037872613,-0.009,0.0220621137244957));
#15420=CARTESIAN_POINT('',(-0.0162944037872613,-0.001,0.0220621137244957));
#15421=CARTESIAN_POINT('',(-0.0162944037872613,0.001,0.0220621137244957));
#15422=CARTESIAN_POINT('',(-0.0162944037872613,0.001,0.0220621137244957));
#15423=CARTESIAN_POINT('',(-0.0176326869021278,0.001,0.0246199119256438));
#15424=CARTESIAN_POINT('',(-0.0176326869021278,-0.009,0.0246199119256438));
#15425=CARTESIAN_POINT('',(-0.0176326869021278,-0.001,0.0246199119256437));
#15426=CARTESIAN_POINT('',(-0.0408758207409148,-0.001,0.069043431330069));
#15427=CARTESIAN_POINT('',(-0.0176326869021278,-0.009,0.0246199119256438));
#15428=CARTESIAN_POINT('',(-0.0176326869021278,0.001,0.0246199119256438));
#15429=CARTESIAN_POINT('',(-0.0160867102396128,0.001,0.0270577982011481));
#15430=CARTESIAN_POINT('',(-0.0160867102396128,-0.009,0.0270577982011481));
#15431=CARTESIAN_POINT('',(-0.0160867102396128,-0.001,0.0270577982011481));
#15432=CARTESIAN_POINT('',(0.0187588575327918,-0.001,0.0820065781499362));
#15433=CARTESIAN_POINT('',(-0.0160867102396128,-0.009,0.0270577982011481));
#15434=CARTESIAN_POINT('',(-0.0160867102396128,0.001,0.0270577982011481));
#15435=CARTESIAN_POINT('',(-0.0132024504622312,0.001,0.0269378862755043));
#15436=CARTESIAN_POINT('',(-0.0132024504622312,-0.009,0.0269378862755043));
#15437=CARTESIAN_POINT('',(-0.0132024504622312,-0.001,0.0269378862755043));
#15438=CARTESIAN_POINT('',(0.000271779628755381,-0.001,0.0263777006467868));
#15439=CARTESIAN_POINT('',(-0.0132024504622312,-0.009,0.0269378862755043));
#15440=CARTESIAN_POINT('',(-0.0132024504622312,0.001,0.0269378862755043));
#15441=CARTESIAN_POINT('',(-0.0118641673473645,0.001,0.0243800880743563));
#15442=CARTESIAN_POINT('',(-0.0118641673473645,-0.009,0.0243800880743563));
#15443=CARTESIAN_POINT('',(-0.0118641673473645,-0.001,0.0243800880743563));
#15444=CARTESIAN_POINT('',(-0.0364455843010182,-0.001,0.0713614056799292));
#15445=CARTESIAN_POINT('',(-0.0118641673473645,-0.009,0.0243800880743563));
#15446=CARTESIAN_POINT('',(-0.0118641673473645,0.001,0.0243800880743563));
#15447=CARTESIAN_POINT('',(-0.0134101440098795,0.001,0.021942201798852));
#15448=CARTESIAN_POINT('',(-0.0134101440098795,-0.009,0.021942201798852));
#15449=CARTESIAN_POINT('',(-0.0134101440098795,-0.001,0.021942201798852));
#15450=CARTESIAN_POINT('',(0.0229814004250402,-0.001,0.0793288680231444));
#15451=CARTESIAN_POINT('',(-0.0134101440098795,-0.009,0.021942201798852));
#15452=CARTESIAN_POINT('',(-0.0134101440098795,0.001,0.021942201798852));
#15453=CARTESIAN_POINT('',(6.4086081107001E-5,-0.001,0.0213820161701345));
#15454=CARTESIAN_POINT('',(-0.00129440378726123,-0.009,0.0220621137244957));
#15455=CARTESIAN_POINT('',(-0.00129440378726123,-0.009,0.0220621137244957));
#15456=CARTESIAN_POINT('',(-0.00129440378726123,-0.001,0.0220621137244957));
#15457=CARTESIAN_POINT('',(-0.00129440378726123,0.001,0.0220621137244957));
#15458=CARTESIAN_POINT('',(-0.00129440378726123,0.001,0.0220621137244957));
#15459=CARTESIAN_POINT('',(-0.00263268690212786,0.001,0.0246199119256438));
#15460=CARTESIAN_POINT('',(-0.00263268690212786,-0.009,0.0246199119256438));
#15461=CARTESIAN_POINT('',(-0.00263268690212786,-0.001,0.0246199119256437));
#15462=CARTESIAN_POINT('',(-0.0258758207409148,-0.001,0.069043431330069));
#15463=CARTESIAN_POINT('',(-0.00263268690212786,-0.009,0.0246199119256438));
#15464=CARTESIAN_POINT('',(-0.00263268690212786,0.001,0.0246199119256438));
#15465=CARTESIAN_POINT('',(-0.00108671023961282,0.001,0.0270577982011481));
#15466=CARTESIAN_POINT('',(-0.00108671023961282,-0.009,0.0270577982011481));
#15467=CARTESIAN_POINT('',(-0.00108671023961282,-0.001,0.0270577982011481));
#15468=CARTESIAN_POINT('',(0.0337588575327919,-0.001,0.0820065781499362));
#15469=CARTESIAN_POINT('',(-0.00108671023961282,-0.009,0.0270577982011481));
#15470=CARTESIAN_POINT('',(-0.00108671023961282,0.001,0.0270577982011481));
#15471=CARTESIAN_POINT('',(0.00179754953776884,0.001,0.0269378862755043));
#15472=CARTESIAN_POINT('',(0.00179754953776884,-0.009,0.0269378862755043));
#15473=CARTESIAN_POINT('',(0.00179754953776884,-0.001,0.0269378862755043));
#15474=CARTESIAN_POINT('',(0.0152717796287554,-0.001,0.0263777006467868));
#15475=CARTESIAN_POINT('',(0.00179754953776884,-0.009,0.0269378862755043));
#15476=CARTESIAN_POINT('',(0.00179754953776884,0.001,0.0269378862755043));
#15477=CARTESIAN_POINT('',(0.00313583265263548,0.001,0.0243800880743563));
#15478=CARTESIAN_POINT('',(0.00313583265263548,-0.009,0.0243800880743563));
#15479=CARTESIAN_POINT('',(0.00313583265263548,-0.001,0.0243800880743563));
#15480=CARTESIAN_POINT('',(-0.0214455843010181,-0.001,0.0713614056799292));
#15481=CARTESIAN_POINT('',(0.00313583265263548,-0.009,0.0243800880743563));
#15482=CARTESIAN_POINT('',(0.00313583265263548,0.001,0.0243800880743563));
#15483=CARTESIAN_POINT('',(0.00158985599012045,0.001,0.021942201798852));
#15484=CARTESIAN_POINT('',(0.00158985599012045,-0.009,0.021942201798852));
#15485=CARTESIAN_POINT('',(0.00158985599012045,-0.001,0.021942201798852));
#15486=CARTESIAN_POINT('',(0.0379814004250401,-0.001,0.0793288680231444));
#15487=CARTESIAN_POINT('',(0.00158985599012045,-0.009,0.021942201798852));
#15488=CARTESIAN_POINT('',(0.00158985599012045,0.001,0.021942201798852));
#15489=CARTESIAN_POINT('',(0.015064086081107,-0.001,0.0213820161701345));
#15490=CARTESIAN_POINT('',(0.0137055962127388,-0.009,0.0220621137244957));
#15491=CARTESIAN_POINT('',(0.0137055962127388,-0.009,0.0220621137244957));
#15492=CARTESIAN_POINT('',(0.0137055962127388,-0.001,0.0220621137244957));
#15493=CARTESIAN_POINT('',(0.0137055962127388,0.001,0.0220621137244957));
#15494=CARTESIAN_POINT('',(0.0137055962127388,0.001,0.0220621137244957));
#15495=CARTESIAN_POINT('',(0.0123673130978721,0.001,0.0246199119256438));
#15496=CARTESIAN_POINT('',(0.0123673130978721,-0.009,0.0246199119256438));
#15497=CARTESIAN_POINT('',(0.0123673130978721,-0.001,0.0246199119256437));
#15498=CARTESIAN_POINT('',(-0.0108758207409147,-0.001,0.069043431330069));
#15499=CARTESIAN_POINT('',(0.0123673130978721,-0.009,0.0246199119256438));
#15500=CARTESIAN_POINT('',(0.0123673130978721,0.001,0.0246199119256438));
#15501=CARTESIAN_POINT('',(0.0139132897603872,0.001,0.0270577982011481));
#15502=CARTESIAN_POINT('',(0.0139132897603872,-0.009,0.0270577982011481));
#15503=CARTESIAN_POINT('',(0.0139132897603872,-0.001,0.0270577982011481));
#15504=CARTESIAN_POINT('',(0.0487588575327918,-0.001,0.0820065781499362));
#15505=CARTESIAN_POINT('',(0.0139132897603872,-0.009,0.0270577982011481));
#15506=CARTESIAN_POINT('',(0.0139132897603872,0.001,0.0270577982011481));
#15507=CARTESIAN_POINT('',(0.0167975495377689,0.001,0.0269378862755043));
#15508=CARTESIAN_POINT('',(0.0167975495377689,-0.009,0.0269378862755043));
#15509=CARTESIAN_POINT('',(0.0167975495377689,-0.001,0.0269378862755043));
#15510=CARTESIAN_POINT('',(0.0302717796287554,-0.001,0.0263777006467868));
#15511=CARTESIAN_POINT('',(0.0167975495377689,-0.009,0.0269378862755043));
#15512=CARTESIAN_POINT('',(0.0167975495377689,0.001,0.0269378862755043));
#15513=CARTESIAN_POINT('',(0.0181358326526355,0.001,0.0243800880743563));
#15514=CARTESIAN_POINT('',(0.0181358326526355,-0.009,0.0243800880743563));
#15515=CARTESIAN_POINT('',(0.0181358326526355,-0.001,0.0243800880743563));
#15516=CARTESIAN_POINT('',(-0.00644558430101812,-0.001,0.0713614056799292));
#15517=CARTESIAN_POINT('',(0.0181358326526355,-0.009,0.0243800880743563));
#15518=CARTESIAN_POINT('',(0.0181358326526355,0.001,0.0243800880743563));
#15519=CARTESIAN_POINT('',(0.0165898559901204,0.001,0.021942201798852));
#15520=CARTESIAN_POINT('',(0.0165898559901204,-0.009,0.021942201798852));
#15521=CARTESIAN_POINT('',(0.0165898559901204,-0.001,0.021942201798852));
#15522=CARTESIAN_POINT('',(0.0529814004250402,-0.001,0.0793288680231444));
#15523=CARTESIAN_POINT('',(0.0165898559901204,-0.009,0.021942201798852));
#15524=CARTESIAN_POINT('',(0.0165898559901204,0.001,0.021942201798852));
#15525=CARTESIAN_POINT('',(0.030064086081107,-0.001,0.0213820161701345));
#15526=CARTESIAN_POINT('',(0.0287055962127388,-0.009,0.0220621137244957));
#15527=CARTESIAN_POINT('',(0.0287055962127388,-0.009,0.0220621137244957));
#15528=CARTESIAN_POINT('',(0.0287055962127388,-0.001,0.0220621137244957));
#15529=CARTESIAN_POINT('',(0.0287055962127388,0.001,0.0220621137244957));
#15530=CARTESIAN_POINT('',(0.0287055962127388,0.001,0.0220621137244957));
#15531=CARTESIAN_POINT('',(0.0273673130978722,0.001,0.0246199119256438));
#15532=CARTESIAN_POINT('',(0.0273673130978722,-0.009,0.0246199119256438));
#15533=CARTESIAN_POINT('',(0.0273673130978722,-0.001,0.0246199119256437));
#15534=CARTESIAN_POINT('',(0.00412417925908528,-0.001,0.069043431330069));
#15535=CARTESIAN_POINT('',(0.0273673130978722,-0.009,0.0246199119256438));
#15536=CARTESIAN_POINT('',(0.0273673130978722,0.001,0.0246199119256438));
#15537=CARTESIAN_POINT('',(0.0289132897603872,0.001,0.0270577982011481));
#15538=CARTESIAN_POINT('',(0.0289132897603872,-0.009,0.0270577982011481));
#15539=CARTESIAN_POINT('',(0.0289132897603872,-0.001,0.0270577982011481));
#15540=CARTESIAN_POINT('',(0.0637588575327918,-0.001,0.0820065781499362));
#15541=CARTESIAN_POINT('',(0.0289132897603872,-0.009,0.0270577982011481));
#15542=CARTESIAN_POINT('',(0.0289132897603872,0.001,0.0270577982011481));
#15543=CARTESIAN_POINT('',(0.0317975495377689,0.001,0.0269378862755043));
#15544=CARTESIAN_POINT('',(0.0317975495377689,-0.009,0.0269378862755043));
#15545=CARTESIAN_POINT('',(0.0317975495377689,-0.001,0.0269378862755043));
#15546=CARTESIAN_POINT('',(0.0452717796287554,-0.001,0.0263777006467868));
#15547=CARTESIAN_POINT('',(0.0317975495377689,-0.009,0.0269378862755043));
#15548=CARTESIAN_POINT('',(0.0317975495377689,0.001,0.0269378862755043));
#15549=CARTESIAN_POINT('',(0.0331358326526355,0.001,0.0243800880743563));
#15550=CARTESIAN_POINT('',(0.0331358326526355,-0.009,0.0243800880743563));
#15551=CARTESIAN_POINT('',(0.0331358326526355,-0.001,0.0243800880743563));
#15552=CARTESIAN_POINT('',(0.00855441569898188,-0.001,0.0713614056799292));
#15553=CARTESIAN_POINT('',(0.0331358326526355,-0.009,0.0243800880743563));
#15554=CARTESIAN_POINT('',(0.0331358326526355,0.001,0.0243800880743563));
#15555=CARTESIAN_POINT('',(0.0315898559901205,0.001,0.021942201798852));
#15556=CARTESIAN_POINT('',(0.0315898559901205,-0.009,0.021942201798852));
#15557=CARTESIAN_POINT('',(0.0315898559901205,-0.001,0.021942201798852));
#15558=CARTESIAN_POINT('',(0.0679814004250402,-0.001,0.0793288680231444));
#15559=CARTESIAN_POINT('',(0.0315898559901205,-0.009,0.021942201798852));
#15560=CARTESIAN_POINT('',(0.0315898559901205,0.001,0.021942201798852));
#15561=CARTESIAN_POINT('',(0.045064086081107,-0.001,0.0213820161701345));
#15562=CARTESIAN_POINT('',(0.0437055962127387,-0.009,0.0220621137244957));
#15563=CARTESIAN_POINT('',(0.0437055962127387,-0.009,0.0220621137244957));
#15564=CARTESIAN_POINT('',(0.0437055962127387,-0.001,0.0220621137244957));
#15565=CARTESIAN_POINT('',(0.0437055962127387,0.001,0.0220621137244957));
#15566=CARTESIAN_POINT('',(0.0437055962127387,0.001,0.0220621137244957));
#15567=CARTESIAN_POINT('',(0.0423673130978721,0.001,0.0246199119256438));
#15568=CARTESIAN_POINT('',(0.0423673130978721,-0.009,0.0246199119256438));
#15569=CARTESIAN_POINT('',(0.0423673130978721,-0.001,0.0246199119256437));
#15570=CARTESIAN_POINT('',(0.0191241792590853,-0.001,0.069043431330069));
#15571=CARTESIAN_POINT('',(0.0423673130978721,-0.009,0.0246199119256438));
#15572=CARTESIAN_POINT('',(0.0423673130978721,0.001,0.0246199119256438));
#15573=CARTESIAN_POINT('',(0.0439132897603872,0.001,0.0270577982011481));
#15574=CARTESIAN_POINT('',(0.0439132897603872,-0.009,0.0270577982011481));
#15575=CARTESIAN_POINT('',(0.0439132897603872,-0.001,0.0270577982011481));
#15576=CARTESIAN_POINT('',(0.0787588575327918,-0.001,0.0820065781499362));
#15577=CARTESIAN_POINT('',(0.0439132897603872,-0.009,0.0270577982011481));
#15578=CARTESIAN_POINT('',(0.0439132897603872,0.001,0.0270577982011481));
#15579=CARTESIAN_POINT('',(0.0467975495377688,0.001,0.0269378862755043));
#15580=CARTESIAN_POINT('',(0.0467975495377688,-0.009,0.0269378862755043));
#15581=CARTESIAN_POINT('',(0.0467975495377688,-0.001,0.0269378862755043));
#15582=CARTESIAN_POINT('',(0.0602717796287554,-0.001,0.0263777006467868));
#15583=CARTESIAN_POINT('',(0.0467975495377688,-0.009,0.0269378862755043));
#15584=CARTESIAN_POINT('',(0.0467975495377688,0.001,0.0269378862755043));
#15585=CARTESIAN_POINT('',(0.0481358326526355,0.001,0.0243800880743563));
#15586=CARTESIAN_POINT('',(0.0481358326526355,-0.009,0.0243800880743563));
#15587=CARTESIAN_POINT('',(0.0481358326526355,-0.001,0.0243800880743563));
#15588=CARTESIAN_POINT('',(0.0235544156989819,-0.001,0.0713614056799292));
#15589=CARTESIAN_POINT('',(0.0481358326526355,-0.009,0.0243800880743563));
#15590=CARTESIAN_POINT('',(0.0481358326526355,0.001,0.0243800880743563));
#15591=CARTESIAN_POINT('',(0.0465898559901204,0.001,0.021942201798852));
#15592=CARTESIAN_POINT('',(0.0465898559901204,-0.009,0.021942201798852));
#15593=CARTESIAN_POINT('',(0.0465898559901204,-0.001,0.021942201798852));
#15594=CARTESIAN_POINT('',(0.0829814004250402,-0.001,0.0793288680231444));
#15595=CARTESIAN_POINT('',(0.0465898559901204,-0.009,0.021942201798852));
#15596=CARTESIAN_POINT('',(0.0465898559901204,0.001,0.021942201798852));
#15597=CARTESIAN_POINT('',(0.060064086081107,-0.001,0.0213820161701345));
#15598=CARTESIAN_POINT('',(-0.0842484271247462,-0.009,0.0715));
#15599=CARTESIAN_POINT('',(-0.0842484271247462,-0.009,0.0715));
#15600=CARTESIAN_POINT('',(-0.0842484271247462,-0.001,0.0715));
#15601=CARTESIAN_POINT('',(-0.0842484271247462,0.001,0.0715));
#15602=CARTESIAN_POINT('',(-0.0842484271247462,0.001,0.0715));
#15603=CARTESIAN_POINT('',(-0.0842484271247462,0.001,0.0775));
#15604=CARTESIAN_POINT('',(-0.0842484271247462,-0.009,0.0775));
#15605=CARTESIAN_POINT('',(-0.0842484271247462,-0.001,0.0775));
#15606=CARTESIAN_POINT('',(-0.0842484271247462,-0.001,0.152));
#15607=CARTESIAN_POINT('',(-0.0822484271247462,-0.009,0.0775));
#15608=CARTESIAN_POINT('',(-0.0822484271247462,0.001,0.0775));
#15609=CARTESIAN_POINT('',(-0.0802484271247462,0.001,0.0775));
#15610=CARTESIAN_POINT('',(-0.0802484271247462,-0.009,0.0775));
#15611=CARTESIAN_POINT('',(-0.0802484271247462,-0.001,0.0775));
#15612=CARTESIAN_POINT('',(-0.0822484271247462,-0.001,0.0775));
#15613=CARTESIAN_POINT('',(-0.0802484271247462,-0.009,0.0715));
#15614=CARTESIAN_POINT('',(-0.0802484271247462,0.001,0.0715));
#15615=CARTESIAN_POINT('',(-0.0802484271247462,0.001,0.0715));
#15616=CARTESIAN_POINT('',(-0.0802484271247462,-0.009,0.0715));
#15617=CARTESIAN_POINT('',(-0.0802484271247462,-0.001,0.0715));
#15618=CARTESIAN_POINT('',(-0.0802484271247462,-0.001,0.152));
#15619=CARTESIAN_POINT('',(-0.0822484271247462,-0.009,0.0715));
#15620=CARTESIAN_POINT('',(-0.0822484271247462,0.001,0.0715));
#15621=CARTESIAN_POINT('',(-0.0822484271247462,-0.001,0.0715));
#15622=CARTESIAN_POINT('',(-0.0692484271247462,-0.009,0.0715));
#15623=CARTESIAN_POINT('',(-0.0692484271247462,-0.009,0.0715));
#15624=CARTESIAN_POINT('',(-0.0692484271247462,-0.001,0.0715));
#15625=CARTESIAN_POINT('',(-0.0692484271247462,0.001,0.0715));
#15626=CARTESIAN_POINT('',(-0.0692484271247462,0.001,0.0715));
#15627=CARTESIAN_POINT('',(-0.0692484271247462,0.001,0.0775));
#15628=CARTESIAN_POINT('',(-0.0692484271247462,-0.009,0.0775));
#15629=CARTESIAN_POINT('',(-0.0692484271247462,-0.001,0.0775));
#15630=CARTESIAN_POINT('',(-0.0692484271247462,-0.001,0.152));
#15631=CARTESIAN_POINT('',(-0.0672484271247462,-0.009,0.0775));
#15632=CARTESIAN_POINT('',(-0.0672484271247462,0.001,0.0775));
#15633=CARTESIAN_POINT('',(-0.0652484271247462,0.001,0.0775));
#15634=CARTESIAN_POINT('',(-0.0652484271247462,-0.009,0.0775));
#15635=CARTESIAN_POINT('',(-0.0652484271247462,-0.001,0.0775));
#15636=CARTESIAN_POINT('',(-0.0672484271247462,-0.001,0.0775));
#15637=CARTESIAN_POINT('',(-0.0652484271247462,-0.009,0.0715));
#15638=CARTESIAN_POINT('',(-0.0652484271247462,0.001,0.0715));
#15639=CARTESIAN_POINT('',(-0.0652484271247462,0.001,0.0715));
#15640=CARTESIAN_POINT('',(-0.0652484271247462,-0.009,0.0715));
#15641=CARTESIAN_POINT('',(-0.0652484271247462,-0.001,0.0715));
#15642=CARTESIAN_POINT('',(-0.0652484271247462,-0.001,0.152));
#15643=CARTESIAN_POINT('',(-0.0672484271247462,-0.009,0.0715));
#15644=CARTESIAN_POINT('',(-0.0672484271247462,0.001,0.0715));
#15645=CARTESIAN_POINT('',(-0.0672484271247462,-0.001,0.0715));
#15646=CARTESIAN_POINT('',(-0.0542484271247462,-0.009,0.0715));
#15647=CARTESIAN_POINT('',(-0.0542484271247462,-0.009,0.0715));
#15648=CARTESIAN_POINT('',(-0.0542484271247462,-0.001,0.0715));
#15649=CARTESIAN_POINT('',(-0.0542484271247462,0.001,0.0715));
#15650=CARTESIAN_POINT('',(-0.0542484271247462,0.001,0.0715));
#15651=CARTESIAN_POINT('',(-0.0542484271247462,0.001,0.0775));
#15652=CARTESIAN_POINT('',(-0.0542484271247462,-0.009,0.0775));
#15653=CARTESIAN_POINT('',(-0.0542484271247462,-0.001,0.0775));
#15654=CARTESIAN_POINT('',(-0.0542484271247462,-0.001,0.152));
#15655=CARTESIAN_POINT('',(-0.0522484271247462,-0.009,0.0775));
#15656=CARTESIAN_POINT('',(-0.0522484271247462,0.001,0.0775));
#15657=CARTESIAN_POINT('',(-0.0502484271247462,0.001,0.0775));
#15658=CARTESIAN_POINT('',(-0.0502484271247462,-0.009,0.0775));
#15659=CARTESIAN_POINT('',(-0.0502484271247462,-0.001,0.0775));
#15660=CARTESIAN_POINT('',(-0.0522484271247462,-0.001,0.0775));
#15661=CARTESIAN_POINT('',(-0.0502484271247462,-0.009,0.0715));
#15662=CARTESIAN_POINT('',(-0.0502484271247462,0.001,0.0715));
#15663=CARTESIAN_POINT('',(-0.0502484271247462,0.001,0.0715));
#15664=CARTESIAN_POINT('',(-0.0502484271247462,-0.009,0.0715));
#15665=CARTESIAN_POINT('',(-0.0502484271247462,-0.001,0.0715));
#15666=CARTESIAN_POINT('',(-0.0502484271247462,-0.001,0.152));
#15667=CARTESIAN_POINT('',(-0.0522484271247462,-0.009,0.0715));
#15668=CARTESIAN_POINT('',(-0.0522484271247462,0.001,0.0715));
#15669=CARTESIAN_POINT('',(-0.0522484271247462,-0.001,0.0715));
#15670=CARTESIAN_POINT('',(-0.0392484271247462,-0.009,0.0715));
#15671=CARTESIAN_POINT('',(-0.0392484271247462,-0.009,0.0715));
#15672=CARTESIAN_POINT('',(-0.0392484271247462,-0.001,0.0715));
#15673=CARTESIAN_POINT('',(-0.0392484271247462,0.001,0.0715));
#15674=CARTESIAN_POINT('',(-0.0392484271247462,0.001,0.0715));
#15675=CARTESIAN_POINT('',(-0.0392484271247462,0.001,0.0775));
#15676=CARTESIAN_POINT('',(-0.0392484271247462,-0.009,0.0775));
#15677=CARTESIAN_POINT('',(-0.0392484271247462,-0.001,0.0775));
#15678=CARTESIAN_POINT('',(-0.0392484271247462,-0.001,0.152));
#15679=CARTESIAN_POINT('',(-0.0372484271247462,-0.009,0.0775));
#15680=CARTESIAN_POINT('',(-0.0372484271247462,0.001,0.0775));
#15681=CARTESIAN_POINT('',(-0.0352484271247462,0.001,0.0775));
#15682=CARTESIAN_POINT('',(-0.0352484271247462,-0.009,0.0775));
#15683=CARTESIAN_POINT('',(-0.0352484271247462,-0.001,0.0775));
#15684=CARTESIAN_POINT('',(-0.0372484271247462,-0.001,0.0775));
#15685=CARTESIAN_POINT('',(-0.0352484271247462,-0.009,0.0715));
#15686=CARTESIAN_POINT('',(-0.0352484271247462,0.001,0.0715));
#15687=CARTESIAN_POINT('',(-0.0352484271247462,0.001,0.0715));
#15688=CARTESIAN_POINT('',(-0.0352484271247462,-0.009,0.0715));
#15689=CARTESIAN_POINT('',(-0.0352484271247462,-0.001,0.0715));
#15690=CARTESIAN_POINT('',(-0.0352484271247462,-0.001,0.152));
#15691=CARTESIAN_POINT('',(-0.0372484271247462,-0.009,0.0715));
#15692=CARTESIAN_POINT('',(-0.0372484271247462,0.001,0.0715));
#15693=CARTESIAN_POINT('',(-0.0372484271247462,-0.001,0.0715));
#15694=CARTESIAN_POINT('',(-0.0242484271247462,-0.009,0.0715));
#15695=CARTESIAN_POINT('',(-0.0242484271247462,-0.009,0.0715));
#15696=CARTESIAN_POINT('',(-0.0242484271247462,-0.001,0.0715));
#15697=CARTESIAN_POINT('',(-0.0242484271247462,0.001,0.0715));
#15698=CARTESIAN_POINT('',(-0.0242484271247462,0.001,0.0715));
#15699=CARTESIAN_POINT('',(-0.0242484271247462,0.001,0.0775));
#15700=CARTESIAN_POINT('',(-0.0242484271247462,-0.009,0.0775));
#15701=CARTESIAN_POINT('',(-0.0242484271247462,-0.001,0.0775));
#15702=CARTESIAN_POINT('',(-0.0242484271247462,-0.001,0.152));
#15703=CARTESIAN_POINT('',(-0.0222484271247462,-0.009,0.0775));
#15704=CARTESIAN_POINT('',(-0.0222484271247462,0.001,0.0775));
#15705=CARTESIAN_POINT('',(-0.0202484271247462,0.001,0.0775));
#15706=CARTESIAN_POINT('',(-0.0202484271247462,-0.009,0.0775));
#15707=CARTESIAN_POINT('',(-0.0202484271247462,-0.001,0.0775));
#15708=CARTESIAN_POINT('',(-0.0222484271247462,-0.001,0.0775));
#15709=CARTESIAN_POINT('',(-0.0202484271247462,-0.009,0.0715));
#15710=CARTESIAN_POINT('',(-0.0202484271247462,0.001,0.0715));
#15711=CARTESIAN_POINT('',(-0.0202484271247462,0.001,0.0715));
#15712=CARTESIAN_POINT('',(-0.0202484271247462,-0.009,0.0715));
#15713=CARTESIAN_POINT('',(-0.0202484271247462,-0.001,0.0715));
#15714=CARTESIAN_POINT('',(-0.0202484271247462,-0.001,0.152));
#15715=CARTESIAN_POINT('',(-0.0222484271247462,-0.009,0.0715));
#15716=CARTESIAN_POINT('',(-0.0222484271247462,0.001,0.0715));
#15717=CARTESIAN_POINT('',(-0.0222484271247462,-0.001,0.0715));
#15718=CARTESIAN_POINT('',(-0.0092484271247462,-0.009,0.0715));
#15719=CARTESIAN_POINT('',(-0.0092484271247462,-0.009,0.0715));
#15720=CARTESIAN_POINT('',(-0.0092484271247462,-0.001,0.0715));
#15721=CARTESIAN_POINT('',(-0.0092484271247462,0.001,0.0715));
#15722=CARTESIAN_POINT('',(-0.0092484271247462,0.001,0.0715));
#15723=CARTESIAN_POINT('',(-0.0092484271247462,0.001,0.0775));
#15724=CARTESIAN_POINT('',(-0.0092484271247462,-0.009,0.0775));
#15725=CARTESIAN_POINT('',(-0.0092484271247462,-0.001,0.0775));
#15726=CARTESIAN_POINT('',(-0.0092484271247462,-0.001,0.152));
#15727=CARTESIAN_POINT('',(-0.0072484271247462,-0.009,0.0775));
#15728=CARTESIAN_POINT('',(-0.0072484271247462,0.001,0.0775));
#15729=CARTESIAN_POINT('',(-0.0052484271247462,0.001,0.0775));
#15730=CARTESIAN_POINT('',(-0.0052484271247462,-0.009,0.0775));
#15731=CARTESIAN_POINT('',(-0.0052484271247462,-0.001,0.0775));
#15732=CARTESIAN_POINT('',(-0.0072484271247462,-0.001,0.0775));
#15733=CARTESIAN_POINT('',(-0.0052484271247462,-0.009,0.0715));
#15734=CARTESIAN_POINT('',(-0.0052484271247462,0.001,0.0715));
#15735=CARTESIAN_POINT('',(-0.0052484271247462,0.001,0.0715));
#15736=CARTESIAN_POINT('',(-0.0052484271247462,-0.009,0.0715));
#15737=CARTESIAN_POINT('',(-0.0052484271247462,-0.001,0.0715));
#15738=CARTESIAN_POINT('',(-0.0052484271247462,-0.001,0.152));
#15739=CARTESIAN_POINT('',(-0.0072484271247462,-0.009,0.0715));
#15740=CARTESIAN_POINT('',(-0.0072484271247462,0.001,0.0715));
#15741=CARTESIAN_POINT('',(-0.0072484271247462,-0.001,0.0715));
#15742=CARTESIAN_POINT('',(0.0057515728752538,-0.009,0.0715));
#15743=CARTESIAN_POINT('',(0.0057515728752538,-0.009,0.0715));
#15744=CARTESIAN_POINT('',(0.0057515728752538,-0.001,0.0715));
#15745=CARTESIAN_POINT('',(0.0057515728752538,0.001,0.0715));
#15746=CARTESIAN_POINT('',(0.0057515728752538,0.001,0.0715));
#15747=CARTESIAN_POINT('',(0.0057515728752538,0.001,0.0775));
#15748=CARTESIAN_POINT('',(0.0057515728752538,-0.009,0.0775));
#15749=CARTESIAN_POINT('',(0.0057515728752538,-0.001,0.0775));
#15750=CARTESIAN_POINT('',(0.0057515728752538,-0.001,0.152));
#15751=CARTESIAN_POINT('',(0.0077515728752538,-0.009,0.0775));
#15752=CARTESIAN_POINT('',(0.0077515728752538,0.001,0.0775));
#15753=CARTESIAN_POINT('',(0.0097515728752538,0.001,0.0775));
#15754=CARTESIAN_POINT('',(0.0097515728752538,-0.009,0.0775));
#15755=CARTESIAN_POINT('',(0.0097515728752538,-0.001,0.0775));
#15756=CARTESIAN_POINT('',(0.0077515728752538,-0.001,0.0775));
#15757=CARTESIAN_POINT('',(0.0097515728752538,-0.009,0.0715));
#15758=CARTESIAN_POINT('',(0.0097515728752538,0.001,0.0715));
#15759=CARTESIAN_POINT('',(0.0097515728752538,0.001,0.0715));
#15760=CARTESIAN_POINT('',(0.0097515728752538,-0.009,0.0715));
#15761=CARTESIAN_POINT('',(0.0097515728752538,-0.001,0.0715));
#15762=CARTESIAN_POINT('',(0.0097515728752538,-0.001,0.152));
#15763=CARTESIAN_POINT('',(0.0077515728752538,-0.009,0.0715));
#15764=CARTESIAN_POINT('',(0.0077515728752538,0.001,0.0715));
#15765=CARTESIAN_POINT('',(0.0077515728752538,-0.001,0.0715));
#15766=CARTESIAN_POINT('',(0.0207515728752538,-0.009,0.0715));
#15767=CARTESIAN_POINT('',(0.0207515728752538,-0.009,0.0715));
#15768=CARTESIAN_POINT('',(0.0207515728752538,-0.001,0.0715));
#15769=CARTESIAN_POINT('',(0.0207515728752538,0.001,0.0715));
#15770=CARTESIAN_POINT('',(0.0207515728752538,0.001,0.0715));
#15771=CARTESIAN_POINT('',(0.0207515728752538,0.001,0.0775));
#15772=CARTESIAN_POINT('',(0.0207515728752538,-0.009,0.0775));
#15773=CARTESIAN_POINT('',(0.0207515728752538,-0.001,0.0775));
#15774=CARTESIAN_POINT('',(0.0207515728752538,-0.001,0.152));
#15775=CARTESIAN_POINT('',(0.0227515728752538,-0.009,0.0775));
#15776=CARTESIAN_POINT('',(0.0227515728752538,0.001,0.0775));
#15777=CARTESIAN_POINT('',(0.0247515728752538,0.001,0.0775));
#15778=CARTESIAN_POINT('',(0.0247515728752538,-0.009,0.0775));
#15779=CARTESIAN_POINT('',(0.0247515728752538,-0.001,0.0775));
#15780=CARTESIAN_POINT('',(0.0227515728752538,-0.001,0.0775));
#15781=CARTESIAN_POINT('',(0.0247515728752538,-0.009,0.0715));
#15782=CARTESIAN_POINT('',(0.0247515728752538,0.001,0.0715));
#15783=CARTESIAN_POINT('',(0.0247515728752538,0.001,0.0715));
#15784=CARTESIAN_POINT('',(0.0247515728752538,-0.009,0.0715));
#15785=CARTESIAN_POINT('',(0.0247515728752538,-0.001,0.0715));
#15786=CARTESIAN_POINT('',(0.0247515728752538,-0.001,0.152));
#15787=CARTESIAN_POINT('',(0.0227515728752538,-0.009,0.0715));
#15788=CARTESIAN_POINT('',(0.0227515728752538,0.001,0.0715));
#15789=CARTESIAN_POINT('',(0.0227515728752538,-0.001,0.0715));
#15790=CARTESIAN_POINT('',(0.0357515728752538,-0.009,0.0715));
#15791=CARTESIAN_POINT('',(0.0357515728752538,-0.009,0.0715));
#15792=CARTESIAN_POINT('',(0.0357515728752538,-0.001,0.0715));
#15793=CARTESIAN_POINT('',(0.0357515728752538,0.001,0.0715));
#15794=CARTESIAN_POINT('',(0.0357515728752538,0.001,0.0715));
#15795=CARTESIAN_POINT('',(0.0357515728752538,0.001,0.0775));
#15796=CARTESIAN_POINT('',(0.0357515728752538,-0.009,0.0775));
#15797=CARTESIAN_POINT('',(0.0357515728752538,-0.001,0.0775));
#15798=CARTESIAN_POINT('',(0.0357515728752538,-0.001,0.152));
#15799=CARTESIAN_POINT('',(0.0377515728752538,-0.009,0.0775));
#15800=CARTESIAN_POINT('',(0.0377515728752538,0.001,0.0775));
#15801=CARTESIAN_POINT('',(0.0397515728752538,0.001,0.0775));
#15802=CARTESIAN_POINT('',(0.0397515728752538,-0.009,0.0775));
#15803=CARTESIAN_POINT('',(0.0397515728752538,-0.001,0.0775));
#15804=CARTESIAN_POINT('',(0.0377515728752538,-0.001,0.0775));
#15805=CARTESIAN_POINT('',(0.0397515728752538,-0.009,0.0715));
#15806=CARTESIAN_POINT('',(0.0397515728752538,0.001,0.0715));
#15807=CARTESIAN_POINT('',(0.0397515728752538,0.001,0.0715));
#15808=CARTESIAN_POINT('',(0.0397515728752538,-0.009,0.0715));
#15809=CARTESIAN_POINT('',(0.0397515728752538,-0.001,0.0715));
#15810=CARTESIAN_POINT('',(0.0397515728752538,-0.001,0.152));
#15811=CARTESIAN_POINT('',(0.0377515728752538,-0.009,0.0715));
#15812=CARTESIAN_POINT('',(0.0377515728752538,0.001,0.0715));
#15813=CARTESIAN_POINT('',(0.0377515728752538,-0.001,0.0715));
#15814=CARTESIAN_POINT('',(0.0507515728752538,-0.009,0.0715));
#15815=CARTESIAN_POINT('',(0.0507515728752538,-0.009,0.0715));
#15816=CARTESIAN_POINT('',(0.0507515728752538,-0.001,0.0715));
#15817=CARTESIAN_POINT('',(0.0507515728752538,0.001,0.0715));
#15818=CARTESIAN_POINT('',(0.0507515728752538,0.001,0.0715));
#15819=CARTESIAN_POINT('',(0.0507515728752538,0.001,0.0775));
#15820=CARTESIAN_POINT('',(0.0507515728752538,-0.009,0.0775));
#15821=CARTESIAN_POINT('',(0.0507515728752538,-0.001,0.0775));
#15822=CARTESIAN_POINT('',(0.0507515728752538,-0.001,0.152));
#15823=CARTESIAN_POINT('',(0.0527515728752538,-0.009,0.0775));
#15824=CARTESIAN_POINT('',(0.0527515728752538,0.001,0.0775));
#15825=CARTESIAN_POINT('',(0.0547515728752538,0.001,0.0775));
#15826=CARTESIAN_POINT('',(0.0547515728752538,-0.009,0.0775));
#15827=CARTESIAN_POINT('',(0.0547515728752538,-0.001,0.0775));
#15828=CARTESIAN_POINT('',(0.0527515728752538,-0.001,0.0775));
#15829=CARTESIAN_POINT('',(0.0547515728752538,-0.009,0.0715));
#15830=CARTESIAN_POINT('',(0.0547515728752538,0.001,0.0715));
#15831=CARTESIAN_POINT('',(0.0547515728752538,0.001,0.0715));
#15832=CARTESIAN_POINT('',(0.0547515728752538,-0.009,0.0715));
#15833=CARTESIAN_POINT('',(0.0547515728752538,-0.001,0.0715));
#15834=CARTESIAN_POINT('',(0.0547515728752538,-0.001,0.152));
#15835=CARTESIAN_POINT('',(0.0527515728752538,-0.009,0.0715));
#15836=CARTESIAN_POINT('',(0.0527515728752538,0.001,0.0715));
#15837=CARTESIAN_POINT('',(0.0527515728752538,-0.001,0.0715));
#15838=CARTESIAN_POINT('',(0.0657515728752538,-0.009,0.0715));
#15839=CARTESIAN_POINT('',(0.0657515728752538,-0.009,0.0715));
#15840=CARTESIAN_POINT('',(0.0657515728752538,-0.001,0.0715));
#15841=CARTESIAN_POINT('',(0.0657515728752538,0.001,0.0715));
#15842=CARTESIAN_POINT('',(0.0657515728752538,0.001,0.0715));
#15843=CARTESIAN_POINT('',(0.0657515728752538,0.001,0.0775));
#15844=CARTESIAN_POINT('',(0.0657515728752538,-0.009,0.0775));
#15845=CARTESIAN_POINT('',(0.0657515728752538,-0.001,0.0775));
#15846=CARTESIAN_POINT('',(0.0657515728752538,-0.001,0.152));
#15847=CARTESIAN_POINT('',(0.0677515728752538,-0.009,0.0775));
#15848=CARTESIAN_POINT('',(0.0677515728752538,0.001,0.0775));
#15849=CARTESIAN_POINT('',(0.0697515728752538,0.001,0.0775));
#15850=CARTESIAN_POINT('',(0.0697515728752538,-0.009,0.0775));
#15851=CARTESIAN_POINT('',(0.0697515728752538,-0.001,0.0775));
#15852=CARTESIAN_POINT('',(0.0677515728752538,-0.001,0.0775));
#15853=CARTESIAN_POINT('',(0.0697515728752538,-0.009,0.0715));
#15854=CARTESIAN_POINT('',(0.0697515728752538,0.001,0.0715));
#15855=CARTESIAN_POINT('',(0.0697515728752538,0.001,0.0715));
#15856=CARTESIAN_POINT('',(0.0697515728752538,-0.009,0.0715));
#15857=CARTESIAN_POINT('',(0.0697515728752538,-0.001,0.0715));
#15858=CARTESIAN_POINT('',(0.0697515728752538,-0.001,0.152));
#15859=CARTESIAN_POINT('',(0.0677515728752538,-0.009,0.0715));
#15860=CARTESIAN_POINT('',(0.0677515728752538,0.001,0.0715));
#15861=CARTESIAN_POINT('',(0.0677515728752538,-0.001,0.0715));
#15862=CARTESIAN_POINT('',(0.0807515728752538,-0.009,0.0715));
#15863=CARTESIAN_POINT('',(0.0807515728752538,-0.009,0.0715));
#15864=CARTESIAN_POINT('',(0.0807515728752538,-0.001,0.0715));
#15865=CARTESIAN_POINT('',(0.0807515728752538,0.001,0.0715));
#15866=CARTESIAN_POINT('',(0.0807515728752538,0.001,0.0715));
#15867=CARTESIAN_POINT('',(0.0807515728752538,0.001,0.0775));
#15868=CARTESIAN_POINT('',(0.0807515728752538,-0.009,0.0775));
#15869=CARTESIAN_POINT('',(0.0807515728752538,-0.001,0.0775));
#15870=CARTESIAN_POINT('',(0.0807515728752538,-0.001,0.152));
#15871=CARTESIAN_POINT('',(0.0827515728752538,-0.009,0.0775));
#15872=CARTESIAN_POINT('',(0.0827515728752538,0.001,0.0775));
#15873=CARTESIAN_POINT('',(0.0847515728752538,0.001,0.0775));
#15874=CARTESIAN_POINT('',(0.0847515728752538,-0.009,0.0775));
#15875=CARTESIAN_POINT('',(0.0847515728752538,-0.001,0.0775));
#15876=CARTESIAN_POINT('',(0.0827515728752538,-0.001,0.0775));
#15877=CARTESIAN_POINT('',(0.0847515728752538,-0.009,0.0715));
#15878=CARTESIAN_POINT('',(0.0847515728752538,0.001,0.0715));
#15879=CARTESIAN_POINT('',(0.0847515728752538,0.001,0.0715));
#15880=CARTESIAN_POINT('',(0.0847515728752538,-0.009,0.0715));
#15881=CARTESIAN_POINT('',(0.0847515728752538,-0.001,0.0715));
#15882=CARTESIAN_POINT('',(0.0847515728752538,-0.001,0.152));
#15883=CARTESIAN_POINT('',(0.0827515728752538,-0.009,0.0715));
#15884=CARTESIAN_POINT('',(0.0827515728752538,0.001,0.0715));
#15885=CARTESIAN_POINT('',(0.0827515728752538,-0.001,0.0715));
#15886=CARTESIAN_POINT('',(-0.0842484271247462,-0.009,0.0515));
#15887=CARTESIAN_POINT('',(-0.0842484271247462,-0.009,0.0515));
#15888=CARTESIAN_POINT('',(-0.0842484271247462,-0.001,0.0515));
#15889=CARTESIAN_POINT('',(-0.0842484271247462,0.001,0.0515));
#15890=CARTESIAN_POINT('',(-0.0842484271247462,0.001,0.0515));
#15891=CARTESIAN_POINT('',(-0.0842484271247462,0.001,0.0575));
#15892=CARTESIAN_POINT('',(-0.0842484271247462,-0.009,0.0575));
#15893=CARTESIAN_POINT('',(-0.0842484271247462,-0.001,0.0575));
#15894=CARTESIAN_POINT('',(-0.0842484271247462,-0.001,0.132));
#15895=CARTESIAN_POINT('',(-0.0822484271247462,-0.009,0.0575));
#15896=CARTESIAN_POINT('',(-0.0822484271247462,0.001,0.0575));
#15897=CARTESIAN_POINT('',(-0.0802484271247462,0.001,0.0575));
#15898=CARTESIAN_POINT('',(-0.0802484271247462,-0.009,0.0575));
#15899=CARTESIAN_POINT('',(-0.0802484271247462,-0.001,0.0575));
#15900=CARTESIAN_POINT('',(-0.0822484271247462,-0.001,0.0575));
#15901=CARTESIAN_POINT('',(-0.0802484271247462,-0.009,0.0515));
#15902=CARTESIAN_POINT('',(-0.0802484271247462,0.001,0.0515));
#15903=CARTESIAN_POINT('',(-0.0802484271247462,0.001,0.0515));
#15904=CARTESIAN_POINT('',(-0.0802484271247462,-0.009,0.0515));
#15905=CARTESIAN_POINT('',(-0.0802484271247462,-0.001,0.0515));
#15906=CARTESIAN_POINT('',(-0.0802484271247462,-0.001,0.132));
#15907=CARTESIAN_POINT('',(-0.0822484271247462,-0.009,0.0515));
#15908=CARTESIAN_POINT('',(-0.0822484271247462,0.001,0.0515));
#15909=CARTESIAN_POINT('',(-0.0822484271247462,-0.001,0.0515));
#15910=CARTESIAN_POINT('',(-0.0692484271247462,-0.009,0.0515));
#15911=CARTESIAN_POINT('',(-0.0692484271247462,-0.009,0.0515));
#15912=CARTESIAN_POINT('',(-0.0692484271247462,-0.001,0.0515));
#15913=CARTESIAN_POINT('',(-0.0692484271247462,0.001,0.0515));
#15914=CARTESIAN_POINT('',(-0.0692484271247462,0.001,0.0515));
#15915=CARTESIAN_POINT('',(-0.0692484271247462,0.001,0.0575));
#15916=CARTESIAN_POINT('',(-0.0692484271247462,-0.009,0.0575));
#15917=CARTESIAN_POINT('',(-0.0692484271247462,-0.001,0.0575));
#15918=CARTESIAN_POINT('',(-0.0692484271247462,-0.001,0.132));
#15919=CARTESIAN_POINT('',(-0.0672484271247462,-0.009,0.0575));
#15920=CARTESIAN_POINT('',(-0.0672484271247462,0.001,0.0575));
#15921=CARTESIAN_POINT('',(-0.0652484271247462,0.001,0.0575));
#15922=CARTESIAN_POINT('',(-0.0652484271247462,-0.009,0.0575));
#15923=CARTESIAN_POINT('',(-0.0652484271247462,-0.001,0.0575));
#15924=CARTESIAN_POINT('',(-0.0672484271247462,-0.001,0.0575));
#15925=CARTESIAN_POINT('',(-0.0652484271247462,-0.009,0.0515));
#15926=CARTESIAN_POINT('',(-0.0652484271247462,0.001,0.0515));
#15927=CARTESIAN_POINT('',(-0.0652484271247462,0.001,0.0515));
#15928=CARTESIAN_POINT('',(-0.0652484271247462,-0.009,0.0515));
#15929=CARTESIAN_POINT('',(-0.0652484271247462,-0.001,0.0515));
#15930=CARTESIAN_POINT('',(-0.0652484271247462,-0.001,0.132));
#15931=CARTESIAN_POINT('',(-0.0672484271247462,-0.009,0.0515));
#15932=CARTESIAN_POINT('',(-0.0672484271247462,0.001,0.0515));
#15933=CARTESIAN_POINT('',(-0.0672484271247462,-0.001,0.0515));
#15934=CARTESIAN_POINT('',(-0.0542484271247462,-0.009,0.0515));
#15935=CARTESIAN_POINT('',(-0.0542484271247462,-0.009,0.0515));
#15936=CARTESIAN_POINT('',(-0.0542484271247462,-0.001,0.0515));
#15937=CARTESIAN_POINT('',(-0.0542484271247462,0.001,0.0515));
#15938=CARTESIAN_POINT('',(-0.0542484271247462,0.001,0.0515));
#15939=CARTESIAN_POINT('',(-0.0542484271247462,0.001,0.0575));
#15940=CARTESIAN_POINT('',(-0.0542484271247462,-0.009,0.0575));
#15941=CARTESIAN_POINT('',(-0.0542484271247462,-0.001,0.0575));
#15942=CARTESIAN_POINT('',(-0.0542484271247462,-0.001,0.132));
#15943=CARTESIAN_POINT('',(-0.0522484271247462,-0.009,0.0575));
#15944=CARTESIAN_POINT('',(-0.0522484271247462,0.001,0.0575));
#15945=CARTESIAN_POINT('',(-0.0502484271247462,0.001,0.0575));
#15946=CARTESIAN_POINT('',(-0.0502484271247462,-0.009,0.0575));
#15947=CARTESIAN_POINT('',(-0.0502484271247462,-0.001,0.0575));
#15948=CARTESIAN_POINT('',(-0.0522484271247462,-0.001,0.0575));
#15949=CARTESIAN_POINT('',(-0.0502484271247462,-0.009,0.0515));
#15950=CARTESIAN_POINT('',(-0.0502484271247462,0.001,0.0515));
#15951=CARTESIAN_POINT('',(-0.0502484271247462,0.001,0.0515));
#15952=CARTESIAN_POINT('',(-0.0502484271247462,-0.009,0.0515));
#15953=CARTESIAN_POINT('',(-0.0502484271247462,-0.001,0.0515));
#15954=CARTESIAN_POINT('',(-0.0502484271247462,-0.001,0.132));
#15955=CARTESIAN_POINT('',(-0.0522484271247462,-0.009,0.0515));
#15956=CARTESIAN_POINT('',(-0.0522484271247462,0.001,0.0515));
#15957=CARTESIAN_POINT('',(-0.0522484271247462,-0.001,0.0515));
#15958=CARTESIAN_POINT('',(-0.0392484271247462,-0.009,0.0515));
#15959=CARTESIAN_POINT('',(-0.0392484271247462,-0.009,0.0515));
#15960=CARTESIAN_POINT('',(-0.0392484271247462,-0.001,0.0515));
#15961=CARTESIAN_POINT('',(-0.0392484271247462,0.001,0.0515));
#15962=CARTESIAN_POINT('',(-0.0392484271247462,0.001,0.0515));
#15963=CARTESIAN_POINT('',(-0.0392484271247462,0.001,0.0575));
#15964=CARTESIAN_POINT('',(-0.0392484271247462,-0.009,0.0575));
#15965=CARTESIAN_POINT('',(-0.0392484271247462,-0.001,0.0575));
#15966=CARTESIAN_POINT('',(-0.0392484271247462,-0.001,0.132));
#15967=CARTESIAN_POINT('',(-0.0372484271247462,-0.009,0.0575));
#15968=CARTESIAN_POINT('',(-0.0372484271247462,0.001,0.0575));
#15969=CARTESIAN_POINT('',(-0.0352484271247462,0.001,0.0575));
#15970=CARTESIAN_POINT('',(-0.0352484271247462,-0.009,0.0575));
#15971=CARTESIAN_POINT('',(-0.0352484271247462,-0.001,0.0575));
#15972=CARTESIAN_POINT('',(-0.0372484271247462,-0.001,0.0575));
#15973=CARTESIAN_POINT('',(-0.0352484271247462,-0.009,0.0515));
#15974=CARTESIAN_POINT('',(-0.0352484271247462,0.001,0.0515));
#15975=CARTESIAN_POINT('',(-0.0352484271247462,0.001,0.0515));
#15976=CARTESIAN_POINT('',(-0.0352484271247462,-0.009,0.0515));
#15977=CARTESIAN_POINT('',(-0.0352484271247462,-0.001,0.0515));
#15978=CARTESIAN_POINT('',(-0.0352484271247462,-0.001,0.132));
#15979=CARTESIAN_POINT('',(-0.0372484271247462,-0.009,0.0515));
#15980=CARTESIAN_POINT('',(-0.0372484271247462,0.001,0.0515));
#15981=CARTESIAN_POINT('',(-0.0372484271247462,-0.001,0.0515));
#15982=CARTESIAN_POINT('',(-0.0242484271247462,-0.009,0.0515));
#15983=CARTESIAN_POINT('',(-0.0242484271247462,-0.009,0.0515));
#15984=CARTESIAN_POINT('',(-0.0242484271247462,-0.001,0.0515));
#15985=CARTESIAN_POINT('',(-0.0242484271247462,0.001,0.0515));
#15986=CARTESIAN_POINT('',(-0.0242484271247462,0.001,0.0515));
#15987=CARTESIAN_POINT('',(-0.0242484271247462,0.001,0.0575));
#15988=CARTESIAN_POINT('',(-0.0242484271247462,-0.009,0.0575));
#15989=CARTESIAN_POINT('',(-0.0242484271247462,-0.001,0.0575));
#15990=CARTESIAN_POINT('',(-0.0242484271247462,-0.001,0.132));
#15991=CARTESIAN_POINT('',(-0.0222484271247462,-0.009,0.0575));
#15992=CARTESIAN_POINT('',(-0.0222484271247462,0.001,0.0575));
#15993=CARTESIAN_POINT('',(-0.0202484271247462,0.001,0.0575));
#15994=CARTESIAN_POINT('',(-0.0202484271247462,-0.009,0.0575));
#15995=CARTESIAN_POINT('',(-0.0202484271247462,-0.001,0.0575));
#15996=CARTESIAN_POINT('',(-0.0222484271247462,-0.001,0.0575));
#15997=CARTESIAN_POINT('',(-0.0202484271247462,-0.009,0.0515));
#15998=CARTESIAN_POINT('',(-0.0202484271247462,0.001,0.0515));
#15999=CARTESIAN_POINT('',(-0.0202484271247462,0.001,0.0515));
#16000=CARTESIAN_POINT('',(-0.0202484271247462,-0.009,0.0515));
#16001=CARTESIAN_POINT('',(-0.0202484271247462,-0.001,0.0515));
#16002=CARTESIAN_POINT('',(-0.0202484271247462,-0.001,0.132));
#16003=CARTESIAN_POINT('',(-0.0222484271247462,-0.009,0.0515));
#16004=CARTESIAN_POINT('',(-0.0222484271247462,0.001,0.0515));
#16005=CARTESIAN_POINT('',(-0.0222484271247462,-0.001,0.0515));
#16006=CARTESIAN_POINT('',(-0.0092484271247462,-0.009,0.0515));
#16007=CARTESIAN_POINT('',(-0.0092484271247462,-0.009,0.0515));
#16008=CARTESIAN_POINT('',(-0.0092484271247462,-0.001,0.0515));
#16009=CARTESIAN_POINT('',(-0.0092484271247462,0.001,0.0515));
#16010=CARTESIAN_POINT('',(-0.0092484271247462,0.001,0.0515));
#16011=CARTESIAN_POINT('',(-0.0092484271247462,0.001,0.0575));
#16012=CARTESIAN_POINT('',(-0.0092484271247462,-0.009,0.0575));
#16013=CARTESIAN_POINT('',(-0.0092484271247462,-0.001,0.0575));
#16014=CARTESIAN_POINT('',(-0.0092484271247462,-0.001,0.132));
#16015=CARTESIAN_POINT('',(-0.0072484271247462,-0.009,0.0575));
#16016=CARTESIAN_POINT('',(-0.0072484271247462,0.001,0.0575));
#16017=CARTESIAN_POINT('',(-0.0052484271247462,0.001,0.0575));
#16018=CARTESIAN_POINT('',(-0.0052484271247462,-0.009,0.0575));
#16019=CARTESIAN_POINT('',(-0.0052484271247462,-0.001,0.0575));
#16020=CARTESIAN_POINT('',(-0.0072484271247462,-0.001,0.0575));
#16021=CARTESIAN_POINT('',(-0.0052484271247462,-0.009,0.0515));
#16022=CARTESIAN_POINT('',(-0.0052484271247462,0.001,0.0515));
#16023=CARTESIAN_POINT('',(-0.0052484271247462,0.001,0.0515));
#16024=CARTESIAN_POINT('',(-0.0052484271247462,-0.009,0.0515));
#16025=CARTESIAN_POINT('',(-0.0052484271247462,-0.001,0.0515));
#16026=CARTESIAN_POINT('',(-0.0052484271247462,-0.001,0.132));
#16027=CARTESIAN_POINT('',(-0.0072484271247462,-0.009,0.0515));
#16028=CARTESIAN_POINT('',(-0.0072484271247462,0.001,0.0515));
#16029=CARTESIAN_POINT('',(-0.0072484271247462,-0.001,0.0515));
#16030=CARTESIAN_POINT('',(0.0057515728752538,-0.009,0.0515));
#16031=CARTESIAN_POINT('',(0.0057515728752538,-0.009,0.0515));
#16032=CARTESIAN_POINT('',(0.0057515728752538,-0.001,0.0515));
#16033=CARTESIAN_POINT('',(0.0057515728752538,0.001,0.0515));
#16034=CARTESIAN_POINT('',(0.0057515728752538,0.001,0.0515));
#16035=CARTESIAN_POINT('',(0.0057515728752538,0.001,0.0575));
#16036=CARTESIAN_POINT('',(0.0057515728752538,-0.009,0.0575));
#16037=CARTESIAN_POINT('',(0.0057515728752538,-0.001,0.0575));
#16038=CARTESIAN_POINT('',(0.0057515728752538,-0.001,0.132));
#16039=CARTESIAN_POINT('',(0.0077515728752538,-0.009,0.0575));
#16040=CARTESIAN_POINT('',(0.0077515728752538,0.001,0.0575));
#16041=CARTESIAN_POINT('',(0.0097515728752538,0.001,0.0575));
#16042=CARTESIAN_POINT('',(0.0097515728752538,-0.009,0.0575));
#16043=CARTESIAN_POINT('',(0.0097515728752538,-0.001,0.0575));
#16044=CARTESIAN_POINT('',(0.0077515728752538,-0.001,0.0575));
#16045=CARTESIAN_POINT('',(0.0097515728752538,-0.009,0.0515));
#16046=CARTESIAN_POINT('',(0.0097515728752538,0.001,0.0515));
#16047=CARTESIAN_POINT('',(0.0097515728752538,0.001,0.0515));
#16048=CARTESIAN_POINT('',(0.0097515728752538,-0.009,0.0515));
#16049=CARTESIAN_POINT('',(0.0097515728752538,-0.001,0.0515));
#16050=CARTESIAN_POINT('',(0.0097515728752538,-0.001,0.132));
#16051=CARTESIAN_POINT('',(0.0077515728752538,-0.009,0.0515));
#16052=CARTESIAN_POINT('',(0.0077515728752538,0.001,0.0515));
#16053=CARTESIAN_POINT('',(0.0077515728752538,-0.001,0.0515));
#16054=CARTESIAN_POINT('',(0.0207515728752538,-0.009,0.0515));
#16055=CARTESIAN_POINT('',(0.0207515728752538,-0.009,0.0515));
#16056=CARTESIAN_POINT('',(0.0207515728752538,-0.001,0.0515));
#16057=CARTESIAN_POINT('',(0.0207515728752538,0.001,0.0515));
#16058=CARTESIAN_POINT('',(0.0207515728752538,0.001,0.0515));
#16059=CARTESIAN_POINT('',(0.0207515728752538,0.001,0.0575));
#16060=CARTESIAN_POINT('',(0.0207515728752538,-0.009,0.0575));
#16061=CARTESIAN_POINT('',(0.0207515728752538,-0.001,0.0575));
#16062=CARTESIAN_POINT('',(0.0207515728752538,-0.001,0.132));
#16063=CARTESIAN_POINT('',(0.0227515728752538,-0.009,0.0575));
#16064=CARTESIAN_POINT('',(0.0227515728752538,0.001,0.0575));
#16065=CARTESIAN_POINT('',(0.0247515728752538,0.001,0.0575));
#16066=CARTESIAN_POINT('',(0.0247515728752538,-0.009,0.0575));
#16067=CARTESIAN_POINT('',(0.0247515728752538,-0.001,0.0575));
#16068=CARTESIAN_POINT('',(0.0227515728752538,-0.001,0.0575));
#16069=CARTESIAN_POINT('',(0.0247515728752538,-0.009,0.0515));
#16070=CARTESIAN_POINT('',(0.0247515728752538,0.001,0.0515));
#16071=CARTESIAN_POINT('',(0.0247515728752538,0.001,0.0515));
#16072=CARTESIAN_POINT('',(0.0247515728752538,-0.009,0.0515));
#16073=CARTESIAN_POINT('',(0.0247515728752538,-0.001,0.0515));
#16074=CARTESIAN_POINT('',(0.0247515728752538,-0.001,0.132));
#16075=CARTESIAN_POINT('',(0.0227515728752538,-0.009,0.0515));
#16076=CARTESIAN_POINT('',(0.0227515728752538,0.001,0.0515));
#16077=CARTESIAN_POINT('',(0.0227515728752538,-0.001,0.0515));
#16078=CARTESIAN_POINT('',(0.0357515728752538,-0.009,0.0515));
#16079=CARTESIAN_POINT('',(0.0357515728752538,-0.009,0.0515));
#16080=CARTESIAN_POINT('',(0.0357515728752538,-0.001,0.0515));
#16081=CARTESIAN_POINT('',(0.0357515728752538,0.001,0.0515));
#16082=CARTESIAN_POINT('',(0.0357515728752538,0.001,0.0515));
#16083=CARTESIAN_POINT('',(0.0357515728752538,0.001,0.0575));
#16084=CARTESIAN_POINT('',(0.0357515728752538,-0.009,0.0575));
#16085=CARTESIAN_POINT('',(0.0357515728752538,-0.001,0.0575));
#16086=CARTESIAN_POINT('',(0.0357515728752538,-0.001,0.132));
#16087=CARTESIAN_POINT('',(0.0377515728752538,-0.009,0.0575));
#16088=CARTESIAN_POINT('',(0.0377515728752538,0.001,0.0575));
#16089=CARTESIAN_POINT('',(0.0397515728752538,0.001,0.0575));
#16090=CARTESIAN_POINT('',(0.0397515728752538,-0.009,0.0575));
#16091=CARTESIAN_POINT('',(0.0397515728752538,-0.001,0.0575));
#16092=CARTESIAN_POINT('',(0.0377515728752538,-0.001,0.0575));
#16093=CARTESIAN_POINT('',(0.0397515728752538,-0.009,0.0515));
#16094=CARTESIAN_POINT('',(0.0397515728752538,0.001,0.0515));
#16095=CARTESIAN_POINT('',(0.0397515728752538,0.001,0.0515));
#16096=CARTESIAN_POINT('',(0.0397515728752538,-0.009,0.0515));
#16097=CARTESIAN_POINT('',(0.0397515728752538,-0.001,0.0515));
#16098=CARTESIAN_POINT('',(0.0397515728752538,-0.001,0.132));
#16099=CARTESIAN_POINT('',(0.0377515728752538,-0.009,0.0515));
#16100=CARTESIAN_POINT('',(0.0377515728752538,0.001,0.0515));
#16101=CARTESIAN_POINT('',(0.0377515728752538,-0.001,0.0515));
#16102=CARTESIAN_POINT('',(0.0507515728752538,-0.009,0.0515));
#16103=CARTESIAN_POINT('',(0.0507515728752538,-0.009,0.0515));
#16104=CARTESIAN_POINT('',(0.0507515728752538,-0.001,0.0515));
#16105=CARTESIAN_POINT('',(0.0507515728752538,0.001,0.0515));
#16106=CARTESIAN_POINT('',(0.0507515728752538,0.001,0.0515));
#16107=CARTESIAN_POINT('',(0.0507515728752538,0.001,0.0575));
#16108=CARTESIAN_POINT('',(0.0507515728752538,-0.009,0.0575));
#16109=CARTESIAN_POINT('',(0.0507515728752538,-0.001,0.0575));
#16110=CARTESIAN_POINT('',(0.0507515728752538,-0.001,0.132));
#16111=CARTESIAN_POINT('',(0.0527515728752538,-0.009,0.0575));
#16112=CARTESIAN_POINT('',(0.0527515728752538,0.001,0.0575));
#16113=CARTESIAN_POINT('',(0.0547515728752538,0.001,0.0575));
#16114=CARTESIAN_POINT('',(0.0547515728752538,-0.009,0.0575));
#16115=CARTESIAN_POINT('',(0.0547515728752538,-0.001,0.0575));
#16116=CARTESIAN_POINT('',(0.0527515728752538,-0.001,0.0575));
#16117=CARTESIAN_POINT('',(0.0547515728752538,-0.009,0.0515));
#16118=CARTESIAN_POINT('',(0.0547515728752538,0.001,0.0515));
#16119=CARTESIAN_POINT('',(0.0547515728752538,0.001,0.0515));
#16120=CARTESIAN_POINT('',(0.0547515728752538,-0.009,0.0515));
#16121=CARTESIAN_POINT('',(0.0547515728752538,-0.001,0.0515));
#16122=CARTESIAN_POINT('',(0.0547515728752538,-0.001,0.132));
#16123=CARTESIAN_POINT('',(0.0527515728752538,-0.009,0.0515));
#16124=CARTESIAN_POINT('',(0.0527515728752538,0.001,0.0515));
#16125=CARTESIAN_POINT('',(0.0527515728752538,-0.001,0.0515));
#16126=CARTESIAN_POINT('',(0.0657515728752538,-0.009,0.0515));
#16127=CARTESIAN_POINT('',(0.0657515728752538,-0.009,0.0515));
#16128=CARTESIAN_POINT('',(0.0657515728752538,-0.001,0.0515));
#16129=CARTESIAN_POINT('',(0.0657515728752538,0.001,0.0515));
#16130=CARTESIAN_POINT('',(0.0657515728752538,0.001,0.0515));
#16131=CARTESIAN_POINT('',(0.0657515728752538,0.001,0.0575));
#16132=CARTESIAN_POINT('',(0.0657515728752538,-0.009,0.0575));
#16133=CARTESIAN_POINT('',(0.0657515728752538,-0.001,0.0575));
#16134=CARTESIAN_POINT('',(0.0657515728752538,-0.001,0.132));
#16135=CARTESIAN_POINT('',(0.0677515728752538,-0.009,0.0575));
#16136=CARTESIAN_POINT('',(0.0677515728752538,0.001,0.0575));
#16137=CARTESIAN_POINT('',(0.0697515728752538,0.001,0.0575));
#16138=CARTESIAN_POINT('',(0.0697515728752538,-0.009,0.0575));
#16139=CARTESIAN_POINT('',(0.0697515728752538,-0.001,0.0575));
#16140=CARTESIAN_POINT('',(0.0677515728752538,-0.001,0.0575));
#16141=CARTESIAN_POINT('',(0.0697515728752538,-0.009,0.0515));
#16142=CARTESIAN_POINT('',(0.0697515728752538,0.001,0.0515));
#16143=CARTESIAN_POINT('',(0.0697515728752538,0.001,0.0515));
#16144=CARTESIAN_POINT('',(0.0697515728752538,-0.009,0.0515));
#16145=CARTESIAN_POINT('',(0.0697515728752538,-0.001,0.0515));
#16146=CARTESIAN_POINT('',(0.0697515728752538,-0.001,0.132));
#16147=CARTESIAN_POINT('',(0.0677515728752538,-0.009,0.0515));
#16148=CARTESIAN_POINT('',(0.0677515728752538,0.001,0.0515));
#16149=CARTESIAN_POINT('',(0.0677515728752538,-0.001,0.0515));
#16150=CARTESIAN_POINT('',(0.0807515728752538,-0.009,0.0515));
#16151=CARTESIAN_POINT('',(0.0807515728752538,-0.009,0.0515));
#16152=CARTESIAN_POINT('',(0.0807515728752538,-0.001,0.0515));
#16153=CARTESIAN_POINT('',(0.0807515728752538,0.001,0.0515));
#16154=CARTESIAN_POINT('',(0.0807515728752538,0.001,0.0515));
#16155=CARTESIAN_POINT('',(0.0807515728752538,0.001,0.0575));
#16156=CARTESIAN_POINT('',(0.0807515728752538,-0.009,0.0575));
#16157=CARTESIAN_POINT('',(0.0807515728752538,-0.001,0.0575));
#16158=CARTESIAN_POINT('',(0.0807515728752538,-0.001,0.132));
#16159=CARTESIAN_POINT('',(0.0827515728752538,-0.009,0.0575));
#16160=CARTESIAN_POINT('',(0.0827515728752538,0.001,0.0575));
#16161=CARTESIAN_POINT('',(0.0847515728752538,0.001,0.0575));
#16162=CARTESIAN_POINT('',(0.0847515728752538,-0.009,0.0575));
#16163=CARTESIAN_POINT('',(0.0847515728752538,-0.001,0.0575));
#16164=CARTESIAN_POINT('',(0.0827515728752538,-0.001,0.0575));
#16165=CARTESIAN_POINT('',(0.0847515728752538,-0.009,0.0515));
#16166=CARTESIAN_POINT('',(0.0847515728752538,0.001,0.0515));
#16167=CARTESIAN_POINT('',(0.0847515728752538,0.001,0.0515));
#16168=CARTESIAN_POINT('',(0.0847515728752538,-0.009,0.0515));
#16169=CARTESIAN_POINT('',(0.0847515728752538,-0.001,0.0515));
#16170=CARTESIAN_POINT('',(0.0847515728752538,-0.001,0.132));
#16171=CARTESIAN_POINT('',(0.0827515728752538,-0.009,0.0515));
#16172=CARTESIAN_POINT('',(0.0827515728752538,0.001,0.0515));
#16173=CARTESIAN_POINT('',(0.0827515728752538,-0.001,0.0515));
#16174=CARTESIAN_POINT('',(-0.0842484271247462,-0.009,0.0315));
#16175=CARTESIAN_POINT('',(-0.0842484271247462,-0.009,0.0315));
#16176=CARTESIAN_POINT('',(-0.0842484271247462,-0.001,0.0315));
#16177=CARTESIAN_POINT('',(-0.0842484271247462,0.001,0.0315));
#16178=CARTESIAN_POINT('',(-0.0842484271247462,0.001,0.0315));
#16179=CARTESIAN_POINT('',(-0.0842484271247462,0.001,0.0375));
#16180=CARTESIAN_POINT('',(-0.0842484271247462,-0.009,0.0375));
#16181=CARTESIAN_POINT('',(-0.0842484271247462,-0.001,0.0375));
#16182=CARTESIAN_POINT('',(-0.0842484271247462,-0.001,0.112));
#16183=CARTESIAN_POINT('',(-0.0822484271247462,-0.009,0.0375));
#16184=CARTESIAN_POINT('',(-0.0822484271247462,0.001,0.0375));
#16185=CARTESIAN_POINT('',(-0.0802484271247462,0.001,0.0375));
#16186=CARTESIAN_POINT('',(-0.0802484271247462,-0.009,0.0375));
#16187=CARTESIAN_POINT('',(-0.0802484271247462,-0.001,0.0375));
#16188=CARTESIAN_POINT('',(-0.0822484271247462,-0.001,0.0375));
#16189=CARTESIAN_POINT('',(-0.0802484271247462,-0.009,0.0315));
#16190=CARTESIAN_POINT('',(-0.0802484271247462,0.001,0.0315));
#16191=CARTESIAN_POINT('',(-0.0802484271247462,0.001,0.0315));
#16192=CARTESIAN_POINT('',(-0.0802484271247462,-0.009,0.0315));
#16193=CARTESIAN_POINT('',(-0.0802484271247462,-0.001,0.0315));
#16194=CARTESIAN_POINT('',(-0.0802484271247462,-0.001,0.112));
#16195=CARTESIAN_POINT('',(-0.0822484271247462,-0.009,0.0315));
#16196=CARTESIAN_POINT('',(-0.0822484271247462,0.001,0.0315));
#16197=CARTESIAN_POINT('',(-0.0822484271247462,-0.001,0.0315));
#16198=CARTESIAN_POINT('',(-0.0692484271247462,-0.009,0.0315));
#16199=CARTESIAN_POINT('',(-0.0692484271247462,-0.009,0.0315));
#16200=CARTESIAN_POINT('',(-0.0692484271247462,-0.001,0.0315));
#16201=CARTESIAN_POINT('',(-0.0692484271247462,0.001,0.0315));
#16202=CARTESIAN_POINT('',(-0.0692484271247462,0.001,0.0315));
#16203=CARTESIAN_POINT('',(-0.0692484271247462,0.001,0.0375));
#16204=CARTESIAN_POINT('',(-0.0692484271247462,-0.009,0.0375));
#16205=CARTESIAN_POINT('',(-0.0692484271247462,-0.001,0.0375));
#16206=CARTESIAN_POINT('',(-0.0692484271247462,-0.001,0.112));
#16207=CARTESIAN_POINT('',(-0.0672484271247462,-0.009,0.0375));
#16208=CARTESIAN_POINT('',(-0.0672484271247462,0.001,0.0375));
#16209=CARTESIAN_POINT('',(-0.0652484271247462,0.001,0.0375));
#16210=CARTESIAN_POINT('',(-0.0652484271247462,-0.009,0.0375));
#16211=CARTESIAN_POINT('',(-0.0652484271247462,-0.001,0.0375));
#16212=CARTESIAN_POINT('',(-0.0672484271247462,-0.001,0.0375));
#16213=CARTESIAN_POINT('',(-0.0652484271247462,-0.009,0.0315));
#16214=CARTESIAN_POINT('',(-0.0652484271247462,0.001,0.0315));
#16215=CARTESIAN_POINT('',(-0.0652484271247462,0.001,0.0315));
#16216=CARTESIAN_POINT('',(-0.0652484271247462,-0.009,0.0315));
#16217=CARTESIAN_POINT('',(-0.0652484271247462,-0.001,0.0315));
#16218=CARTESIAN_POINT('',(-0.0652484271247462,-0.001,0.112));
#16219=CARTESIAN_POINT('',(-0.0672484271247462,-0.009,0.0315));
#16220=CARTESIAN_POINT('',(-0.0672484271247462,0.001,0.0315));
#16221=CARTESIAN_POINT('',(-0.0672484271247462,-0.001,0.0315));
#16222=CARTESIAN_POINT('',(-0.0542484271247462,-0.009,0.0315));
#16223=CARTESIAN_POINT('',(-0.0542484271247462,-0.009,0.0315));
#16224=CARTESIAN_POINT('',(-0.0542484271247462,-0.001,0.0315));
#16225=CARTESIAN_POINT('',(-0.0542484271247462,0.001,0.0315));
#16226=CARTESIAN_POINT('',(-0.0542484271247462,0.001,0.0315));
#16227=CARTESIAN_POINT('',(-0.0542484271247462,0.001,0.0375));
#16228=CARTESIAN_POINT('',(-0.0542484271247462,-0.009,0.0375));
#16229=CARTESIAN_POINT('',(-0.0542484271247462,-0.001,0.0375));
#16230=CARTESIAN_POINT('',(-0.0542484271247462,-0.001,0.112));
#16231=CARTESIAN_POINT('',(-0.0522484271247462,-0.009,0.0375));
#16232=CARTESIAN_POINT('',(-0.0522484271247462,0.001,0.0375));
#16233=CARTESIAN_POINT('',(-0.0502484271247462,0.001,0.0375));
#16234=CARTESIAN_POINT('',(-0.0502484271247462,-0.009,0.0375));
#16235=CARTESIAN_POINT('',(-0.0502484271247462,-0.001,0.0375));
#16236=CARTESIAN_POINT('',(-0.0522484271247462,-0.001,0.0375));
#16237=CARTESIAN_POINT('',(-0.0502484271247462,-0.009,0.0315));
#16238=CARTESIAN_POINT('',(-0.0502484271247462,0.001,0.0315));
#16239=CARTESIAN_POINT('',(-0.0502484271247462,0.001,0.0315));
#16240=CARTESIAN_POINT('',(-0.0502484271247462,-0.009,0.0315));
#16241=CARTESIAN_POINT('',(-0.0502484271247462,-0.001,0.0315));
#16242=CARTESIAN_POINT('',(-0.0502484271247462,-0.001,0.112));
#16243=CARTESIAN_POINT('',(-0.0522484271247462,-0.009,0.0315));
#16244=CARTESIAN_POINT('',(-0.0522484271247462,0.001,0.0315));
#16245=CARTESIAN_POINT('',(-0.0522484271247462,-0.001,0.0315));
#16246=CARTESIAN_POINT('',(-0.0392484271247462,-0.009,0.0315));
#16247=CARTESIAN_POINT('',(-0.0392484271247462,-0.009,0.0315));
#16248=CARTESIAN_POINT('',(-0.0392484271247462,-0.001,0.0315));
#16249=CARTESIAN_POINT('',(-0.0392484271247462,0.001,0.0315));
#16250=CARTESIAN_POINT('',(-0.0392484271247462,0.001,0.0315));
#16251=CARTESIAN_POINT('',(-0.0392484271247462,0.001,0.0375));
#16252=CARTESIAN_POINT('',(-0.0392484271247462,-0.009,0.0375));
#16253=CARTESIAN_POINT('',(-0.0392484271247462,-0.001,0.0375));
#16254=CARTESIAN_POINT('',(-0.0392484271247462,-0.001,0.112));
#16255=CARTESIAN_POINT('',(-0.0372484271247462,-0.009,0.0375));
#16256=CARTESIAN_POINT('',(-0.0372484271247462,0.001,0.0375));
#16257=CARTESIAN_POINT('',(-0.0352484271247462,0.001,0.0375));
#16258=CARTESIAN_POINT('',(-0.0352484271247462,-0.009,0.0375));
#16259=CARTESIAN_POINT('',(-0.0352484271247462,-0.001,0.0375));
#16260=CARTESIAN_POINT('',(-0.0372484271247462,-0.001,0.0375));
#16261=CARTESIAN_POINT('',(-0.0352484271247462,-0.009,0.0315));
#16262=CARTESIAN_POINT('',(-0.0352484271247462,0.001,0.0315));
#16263=CARTESIAN_POINT('',(-0.0352484271247462,0.001,0.0315));
#16264=CARTESIAN_POINT('',(-0.0352484271247462,-0.009,0.0315));
#16265=CARTESIAN_POINT('',(-0.0352484271247462,-0.001,0.0315));
#16266=CARTESIAN_POINT('',(-0.0352484271247462,-0.001,0.112));
#16267=CARTESIAN_POINT('',(-0.0372484271247462,-0.009,0.0315));
#16268=CARTESIAN_POINT('',(-0.0372484271247462,0.001,0.0315));
#16269=CARTESIAN_POINT('',(-0.0372484271247462,-0.001,0.0315));
#16270=CARTESIAN_POINT('',(-0.0242484271247462,-0.009,0.0315));
#16271=CARTESIAN_POINT('',(-0.0242484271247462,-0.009,0.0315));
#16272=CARTESIAN_POINT('',(-0.0242484271247462,-0.001,0.0315));
#16273=CARTESIAN_POINT('',(-0.0242484271247462,0.001,0.0315));
#16274=CARTESIAN_POINT('',(-0.0242484271247462,0.001,0.0315));
#16275=CARTESIAN_POINT('',(-0.0242484271247462,0.001,0.0375));
#16276=CARTESIAN_POINT('',(-0.0242484271247462,-0.009,0.0375));
#16277=CARTESIAN_POINT('',(-0.0242484271247462,-0.001,0.0375));
#16278=CARTESIAN_POINT('',(-0.0242484271247462,-0.001,0.112));
#16279=CARTESIAN_POINT('',(-0.0222484271247462,-0.009,0.0375));
#16280=CARTESIAN_POINT('',(-0.0222484271247462,0.001,0.0375));
#16281=CARTESIAN_POINT('',(-0.0202484271247462,0.001,0.0375));
#16282=CARTESIAN_POINT('',(-0.0202484271247462,-0.009,0.0375));
#16283=CARTESIAN_POINT('',(-0.0202484271247462,-0.001,0.0375));
#16284=CARTESIAN_POINT('',(-0.0222484271247462,-0.001,0.0375));
#16285=CARTESIAN_POINT('',(-0.0202484271247462,-0.009,0.0315));
#16286=CARTESIAN_POINT('',(-0.0202484271247462,0.001,0.0315));
#16287=CARTESIAN_POINT('',(-0.0202484271247462,0.001,0.0315));
#16288=CARTESIAN_POINT('',(-0.0202484271247462,-0.009,0.0315));
#16289=CARTESIAN_POINT('',(-0.0202484271247462,-0.001,0.0315));
#16290=CARTESIAN_POINT('',(-0.0202484271247462,-0.001,0.112));
#16291=CARTESIAN_POINT('',(-0.0222484271247462,-0.009,0.0315));
#16292=CARTESIAN_POINT('',(-0.0222484271247462,0.001,0.0315));
#16293=CARTESIAN_POINT('',(-0.0222484271247462,-0.001,0.0315));
#16294=CARTESIAN_POINT('',(-0.00924842712474619,-0.009,0.0315));
#16295=CARTESIAN_POINT('',(-0.00924842712474619,-0.009,0.0315));
#16296=CARTESIAN_POINT('',(-0.00924842712474619,-0.001,0.0315));
#16297=CARTESIAN_POINT('',(-0.00924842712474619,0.001,0.0315));
#16298=CARTESIAN_POINT('',(-0.00924842712474619,0.001,0.0315));
#16299=CARTESIAN_POINT('',(-0.00924842712474619,0.001,0.0375));
#16300=CARTESIAN_POINT('',(-0.00924842712474619,-0.009,0.0375));
#16301=CARTESIAN_POINT('',(-0.00924842712474619,-0.001,0.0375));
#16302=CARTESIAN_POINT('',(-0.00924842712474619,-0.001,0.112));
#16303=CARTESIAN_POINT('',(-0.00724842712474619,-0.009,0.0375));
#16304=CARTESIAN_POINT('',(-0.00724842712474619,0.001,0.0375));
#16305=CARTESIAN_POINT('',(-0.00524842712474619,0.001,0.0375));
#16306=CARTESIAN_POINT('',(-0.00524842712474619,-0.009,0.0375));
#16307=CARTESIAN_POINT('',(-0.00524842712474619,-0.001,0.0375));
#16308=CARTESIAN_POINT('',(-0.00724842712474619,-0.001,0.0375));
#16309=CARTESIAN_POINT('',(-0.00524842712474619,-0.009,0.0315));
#16310=CARTESIAN_POINT('',(-0.00524842712474619,0.001,0.0315));
#16311=CARTESIAN_POINT('',(-0.00524842712474619,0.001,0.0315));
#16312=CARTESIAN_POINT('',(-0.00524842712474619,-0.009,0.0315));
#16313=CARTESIAN_POINT('',(-0.00524842712474619,-0.001,0.0315));
#16314=CARTESIAN_POINT('',(-0.00524842712474619,-0.001,0.112));
#16315=CARTESIAN_POINT('',(-0.00724842712474619,-0.009,0.0315));
#16316=CARTESIAN_POINT('',(-0.00724842712474619,0.001,0.0315));
#16317=CARTESIAN_POINT('',(-0.00724842712474619,-0.001,0.0315));
#16318=CARTESIAN_POINT('',(0.00575157287525381,-0.009,0.0315));
#16319=CARTESIAN_POINT('',(0.00575157287525381,-0.009,0.0315));
#16320=CARTESIAN_POINT('',(0.00575157287525381,-0.001,0.0315));
#16321=CARTESIAN_POINT('',(0.00575157287525381,0.001,0.0315));
#16322=CARTESIAN_POINT('',(0.00575157287525381,0.001,0.0315));
#16323=CARTESIAN_POINT('',(0.00575157287525381,0.001,0.0375));
#16324=CARTESIAN_POINT('',(0.00575157287525381,-0.009,0.0375));
#16325=CARTESIAN_POINT('',(0.00575157287525381,-0.001,0.0375));
#16326=CARTESIAN_POINT('',(0.00575157287525381,-0.001,0.112));
#16327=CARTESIAN_POINT('',(0.00775157287525381,-0.009,0.0375));
#16328=CARTESIAN_POINT('',(0.00775157287525381,0.001,0.0375));
#16329=CARTESIAN_POINT('',(0.00975157287525381,0.001,0.0375));
#16330=CARTESIAN_POINT('',(0.00975157287525381,-0.009,0.0375));
#16331=CARTESIAN_POINT('',(0.00975157287525381,-0.001,0.0375));
#16332=CARTESIAN_POINT('',(0.00775157287525381,-0.001,0.0375));
#16333=CARTESIAN_POINT('',(0.00975157287525381,-0.009,0.0315));
#16334=CARTESIAN_POINT('',(0.00975157287525381,0.001,0.0315));
#16335=CARTESIAN_POINT('',(0.00975157287525381,0.001,0.0315));
#16336=CARTESIAN_POINT('',(0.00975157287525381,-0.009,0.0315));
#16337=CARTESIAN_POINT('',(0.00975157287525381,-0.001,0.0315));
#16338=CARTESIAN_POINT('',(0.00975157287525381,-0.001,0.112));
#16339=CARTESIAN_POINT('',(0.00775157287525381,-0.009,0.0315));
#16340=CARTESIAN_POINT('',(0.00775157287525381,0.001,0.0315));
#16341=CARTESIAN_POINT('',(0.00775157287525381,-0.001,0.0315));
#16342=CARTESIAN_POINT('',(0.0207515728752538,-0.009,0.0315));
#16343=CARTESIAN_POINT('',(0.0207515728752538,-0.009,0.0315));
#16344=CARTESIAN_POINT('',(0.0207515728752538,-0.001,0.0315));
#16345=CARTESIAN_POINT('',(0.0207515728752538,0.001,0.0315));
#16346=CARTESIAN_POINT('',(0.0207515728752538,0.001,0.0315));
#16347=CARTESIAN_POINT('',(0.0207515728752538,0.001,0.0375));
#16348=CARTESIAN_POINT('',(0.0207515728752538,-0.009,0.0375));
#16349=CARTESIAN_POINT('',(0.0207515728752538,-0.001,0.0375));
#16350=CARTESIAN_POINT('',(0.0207515728752538,-0.001,0.112));
#16351=CARTESIAN_POINT('',(0.0227515728752538,-0.009,0.0375));
#16352=CARTESIAN_POINT('',(0.0227515728752538,0.001,0.0375));
#16353=CARTESIAN_POINT('',(0.0247515728752538,0.001,0.0375));
#16354=CARTESIAN_POINT('',(0.0247515728752538,-0.009,0.0375));
#16355=CARTESIAN_POINT('',(0.0247515728752538,-0.001,0.0375));
#16356=CARTESIAN_POINT('',(0.0227515728752538,-0.001,0.0375));
#16357=CARTESIAN_POINT('',(0.0247515728752538,-0.009,0.0315));
#16358=CARTESIAN_POINT('',(0.0247515728752538,0.001,0.0315));
#16359=CARTESIAN_POINT('',(0.0247515728752538,0.001,0.0315));
#16360=CARTESIAN_POINT('',(0.0247515728752538,-0.009,0.0315));
#16361=CARTESIAN_POINT('',(0.0247515728752538,-0.001,0.0315));
#16362=CARTESIAN_POINT('',(0.0247515728752538,-0.001,0.112));
#16363=CARTESIAN_POINT('',(0.0227515728752538,-0.009,0.0315));
#16364=CARTESIAN_POINT('',(0.0227515728752538,0.001,0.0315));
#16365=CARTESIAN_POINT('',(0.0227515728752538,-0.001,0.0315));
#16366=CARTESIAN_POINT('',(0.0357515728752538,-0.009,0.0315));
#16367=CARTESIAN_POINT('',(0.0357515728752538,-0.009,0.0315));
#16368=CARTESIAN_POINT('',(0.0357515728752538,-0.001,0.0315));
#16369=CARTESIAN_POINT('',(0.0357515728752538,0.001,0.0315));
#16370=CARTESIAN_POINT('',(0.0357515728752538,0.001,0.0315));
#16371=CARTESIAN_POINT('',(0.0357515728752538,0.001,0.0375));
#16372=CARTESIAN_POINT('',(0.0357515728752538,-0.009,0.0375));
#16373=CARTESIAN_POINT('',(0.0357515728752538,-0.001,0.0375));
#16374=CARTESIAN_POINT('',(0.0357515728752538,-0.001,0.112));
#16375=CARTESIAN_POINT('',(0.0377515728752538,-0.009,0.0375));
#16376=CARTESIAN_POINT('',(0.0377515728752538,0.001,0.0375));
#16377=CARTESIAN_POINT('',(0.0397515728752538,0.001,0.0375));
#16378=CARTESIAN_POINT('',(0.0397515728752538,-0.009,0.0375));
#16379=CARTESIAN_POINT('',(0.0397515728752538,-0.001,0.0375));
#16380=CARTESIAN_POINT('',(0.0377515728752538,-0.001,0.0375));
#16381=CARTESIAN_POINT('',(0.0397515728752538,-0.009,0.0315));
#16382=CARTESIAN_POINT('',(0.0397515728752538,0.001,0.0315));
#16383=CARTESIAN_POINT('',(0.0397515728752538,0.001,0.0315));
#16384=CARTESIAN_POINT('',(0.0397515728752538,-0.009,0.0315));
#16385=CARTESIAN_POINT('',(0.0397515728752538,-0.001,0.0315));
#16386=CARTESIAN_POINT('',(0.0397515728752538,-0.001,0.112));
#16387=CARTESIAN_POINT('',(0.0377515728752538,-0.009,0.0315));
#16388=CARTESIAN_POINT('',(0.0377515728752538,0.001,0.0315));
#16389=CARTESIAN_POINT('',(0.0377515728752538,-0.001,0.0315));
#16390=CARTESIAN_POINT('',(0.0507515728752538,-0.009,0.0315));
#16391=CARTESIAN_POINT('',(0.0507515728752538,-0.009,0.0315));
#16392=CARTESIAN_POINT('',(0.0507515728752538,-0.001,0.0315));
#16393=CARTESIAN_POINT('',(0.0507515728752538,0.001,0.0315));
#16394=CARTESIAN_POINT('',(0.0507515728752538,0.001,0.0315));
#16395=CARTESIAN_POINT('',(0.0507515728752538,0.001,0.0375));
#16396=CARTESIAN_POINT('',(0.0507515728752538,-0.009,0.0375));
#16397=CARTESIAN_POINT('',(0.0507515728752538,-0.001,0.0375));
#16398=CARTESIAN_POINT('',(0.0507515728752538,-0.001,0.112));
#16399=CARTESIAN_POINT('',(0.0527515728752538,-0.009,0.0375));
#16400=CARTESIAN_POINT('',(0.0527515728752538,0.001,0.0375));
#16401=CARTESIAN_POINT('',(0.0547515728752538,0.001,0.0375));
#16402=CARTESIAN_POINT('',(0.0547515728752538,-0.009,0.0375));
#16403=CARTESIAN_POINT('',(0.0547515728752538,-0.001,0.0375));
#16404=CARTESIAN_POINT('',(0.0527515728752538,-0.001,0.0375));
#16405=CARTESIAN_POINT('',(0.0547515728752538,-0.009,0.0315));
#16406=CARTESIAN_POINT('',(0.0547515728752538,0.001,0.0315));
#16407=CARTESIAN_POINT('',(0.0547515728752538,0.001,0.0315));
#16408=CARTESIAN_POINT('',(0.0547515728752538,-0.009,0.0315));
#16409=CARTESIAN_POINT('',(0.0547515728752538,-0.001,0.0315));
#16410=CARTESIAN_POINT('',(0.0547515728752538,-0.001,0.112));
#16411=CARTESIAN_POINT('',(0.0527515728752538,-0.009,0.0315));
#16412=CARTESIAN_POINT('',(0.0527515728752538,0.001,0.0315));
#16413=CARTESIAN_POINT('',(0.0527515728752538,-0.001,0.0315));
#16414=CARTESIAN_POINT('',(0.0657515728752538,-0.009,0.0315));
#16415=CARTESIAN_POINT('',(0.0657515728752538,-0.009,0.0315));
#16416=CARTESIAN_POINT('',(0.0657515728752538,-0.001,0.0315));
#16417=CARTESIAN_POINT('',(0.0657515728752538,0.001,0.0315));
#16418=CARTESIAN_POINT('',(0.0657515728752538,0.001,0.0315));
#16419=CARTESIAN_POINT('',(0.0657515728752538,0.001,0.0375));
#16420=CARTESIAN_POINT('',(0.0657515728752538,-0.009,0.0375));
#16421=CARTESIAN_POINT('',(0.0657515728752538,-0.001,0.0375));
#16422=CARTESIAN_POINT('',(0.0657515728752538,-0.001,0.112));
#16423=CARTESIAN_POINT('',(0.0677515728752538,-0.009,0.0375));
#16424=CARTESIAN_POINT('',(0.0677515728752538,0.001,0.0375));
#16425=CARTESIAN_POINT('',(0.0697515728752538,0.001,0.0375));
#16426=CARTESIAN_POINT('',(0.0697515728752538,-0.009,0.0375));
#16427=CARTESIAN_POINT('',(0.0697515728752538,-0.001,0.0375));
#16428=CARTESIAN_POINT('',(0.0677515728752538,-0.001,0.0375));
#16429=CARTESIAN_POINT('',(0.0697515728752538,-0.009,0.0315));
#16430=CARTESIAN_POINT('',(0.0697515728752538,0.001,0.0315));
#16431=CARTESIAN_POINT('',(0.0697515728752538,0.001,0.0315));
#16432=CARTESIAN_POINT('',(0.0697515728752538,-0.009,0.0315));
#16433=CARTESIAN_POINT('',(0.0697515728752538,-0.001,0.0315));
#16434=CARTESIAN_POINT('',(0.0697515728752538,-0.001,0.112));
#16435=CARTESIAN_POINT('',(0.0677515728752538,-0.009,0.0315));
#16436=CARTESIAN_POINT('',(0.0677515728752538,0.001,0.0315));
#16437=CARTESIAN_POINT('',(0.0677515728752538,-0.001,0.0315));
#16438=CARTESIAN_POINT('',(0.0807515728752538,-0.009,0.0315));
#16439=CARTESIAN_POINT('',(0.0807515728752538,-0.009,0.0315));
#16440=CARTESIAN_POINT('',(0.0807515728752538,-0.001,0.0315));
#16441=CARTESIAN_POINT('',(0.0807515728752538,0.001,0.0315));
#16442=CARTESIAN_POINT('',(0.0807515728752538,0.001,0.0315));
#16443=CARTESIAN_POINT('',(0.0807515728752538,0.001,0.0375));
#16444=CARTESIAN_POINT('',(0.0807515728752538,-0.009,0.0375));
#16445=CARTESIAN_POINT('',(0.0807515728752538,-0.001,0.0375));
#16446=CARTESIAN_POINT('',(0.0807515728752538,-0.001,0.112));
#16447=CARTESIAN_POINT('',(0.0827515728752538,-0.009,0.0375));
#16448=CARTESIAN_POINT('',(0.0827515728752538,0.001,0.0375));
#16449=CARTESIAN_POINT('',(0.0847515728752538,0.001,0.0375));
#16450=CARTESIAN_POINT('',(0.0847515728752538,-0.009,0.0375));
#16451=CARTESIAN_POINT('',(0.0847515728752538,-0.001,0.0375));
#16452=CARTESIAN_POINT('',(0.0827515728752538,-0.001,0.0375));
#16453=CARTESIAN_POINT('',(0.0847515728752538,-0.009,0.0315));
#16454=CARTESIAN_POINT('',(0.0847515728752538,0.001,0.0315));
#16455=CARTESIAN_POINT('',(0.0847515728752538,0.001,0.0315));
#16456=CARTESIAN_POINT('',(0.0847515728752538,-0.009,0.0315));
#16457=CARTESIAN_POINT('',(0.0847515728752538,-0.001,0.0315));
#16458=CARTESIAN_POINT('',(0.0847515728752538,-0.001,0.112));
#16459=CARTESIAN_POINT('',(0.0827515728752538,-0.009,0.0315));
#16460=CARTESIAN_POINT('',(0.0827515728752538,0.001,0.0315));
#16461=CARTESIAN_POINT('',(0.0827515728752538,-0.001,0.0315));
#16462=CARTESIAN_POINT('',(-0.0842484271247462,-0.009,0.0115));
#16463=CARTESIAN_POINT('',(-0.0842484271247462,-0.009,0.0115));
#16464=CARTESIAN_POINT('',(-0.0842484271247462,-0.001,0.0115));
#16465=CARTESIAN_POINT('',(-0.0842484271247462,0.001,0.0115));
#16466=CARTESIAN_POINT('',(-0.0842484271247462,0.001,0.0115));
#16467=CARTESIAN_POINT('',(-0.0842484271247462,0.001,0.0175));
#16468=CARTESIAN_POINT('',(-0.0842484271247462,-0.009,0.0175));
#16469=CARTESIAN_POINT('',(-0.0842484271247462,-0.001,0.0175));
#16470=CARTESIAN_POINT('',(-0.0842484271247462,-0.001,0.092));
#16471=CARTESIAN_POINT('',(-0.0822484271247462,-0.009,0.0175));
#16472=CARTESIAN_POINT('',(-0.0822484271247462,0.001,0.0175));
#16473=CARTESIAN_POINT('',(-0.0802484271247462,0.001,0.0175));
#16474=CARTESIAN_POINT('',(-0.0802484271247462,-0.009,0.0175));
#16475=CARTESIAN_POINT('',(-0.0802484271247462,-0.001,0.0175));
#16476=CARTESIAN_POINT('',(-0.0822484271247462,-0.001,0.0175));
#16477=CARTESIAN_POINT('',(-0.0802484271247462,-0.009,0.0115));
#16478=CARTESIAN_POINT('',(-0.0802484271247462,0.001,0.0115));
#16479=CARTESIAN_POINT('',(-0.0802484271247462,0.001,0.0115));
#16480=CARTESIAN_POINT('',(-0.0802484271247462,-0.009,0.0115));
#16481=CARTESIAN_POINT('',(-0.0802484271247462,-0.001,0.0115));
#16482=CARTESIAN_POINT('',(-0.0802484271247462,-0.001,0.092));
#16483=CARTESIAN_POINT('',(-0.0822484271247462,-0.009,0.0115));
#16484=CARTESIAN_POINT('',(-0.0822484271247462,0.001,0.0115));
#16485=CARTESIAN_POINT('',(-0.0822484271247462,-0.001,0.0115));
#16486=CARTESIAN_POINT('',(-0.0692484271247462,-0.009,0.0115));
#16487=CARTESIAN_POINT('',(-0.0692484271247462,-0.009,0.0115));
#16488=CARTESIAN_POINT('',(-0.0692484271247462,-0.001,0.0115));
#16489=CARTESIAN_POINT('',(-0.0692484271247462,0.001,0.0115));
#16490=CARTESIAN_POINT('',(-0.0692484271247462,0.001,0.0115));
#16491=CARTESIAN_POINT('',(-0.0692484271247462,0.001,0.0175));
#16492=CARTESIAN_POINT('',(-0.0692484271247462,-0.009,0.0175));
#16493=CARTESIAN_POINT('',(-0.0692484271247462,-0.001,0.0175));
#16494=CARTESIAN_POINT('',(-0.0692484271247462,-0.001,0.092));
#16495=CARTESIAN_POINT('',(-0.0672484271247462,-0.009,0.0175));
#16496=CARTESIAN_POINT('',(-0.0672484271247462,0.001,0.0175));
#16497=CARTESIAN_POINT('',(-0.0652484271247462,0.001,0.0175));
#16498=CARTESIAN_POINT('',(-0.0652484271247462,-0.009,0.0175));
#16499=CARTESIAN_POINT('',(-0.0652484271247462,-0.001,0.0175));
#16500=CARTESIAN_POINT('',(-0.0672484271247462,-0.001,0.0175));
#16501=CARTESIAN_POINT('',(-0.0652484271247462,-0.009,0.0115));
#16502=CARTESIAN_POINT('',(-0.0652484271247462,0.001,0.0115));
#16503=CARTESIAN_POINT('',(-0.0652484271247462,0.001,0.0115));
#16504=CARTESIAN_POINT('',(-0.0652484271247462,-0.009,0.0115));
#16505=CARTESIAN_POINT('',(-0.0652484271247462,-0.001,0.0115));
#16506=CARTESIAN_POINT('',(-0.0652484271247462,-0.001,0.092));
#16507=CARTESIAN_POINT('',(-0.0672484271247462,-0.009,0.0115));
#16508=CARTESIAN_POINT('',(-0.0672484271247462,0.001,0.0115));
#16509=CARTESIAN_POINT('',(-0.0672484271247462,-0.001,0.0115));
#16510=CARTESIAN_POINT('',(-0.0542484271247462,-0.009,0.0115));
#16511=CARTESIAN_POINT('',(-0.0542484271247462,-0.009,0.0115));
#16512=CARTESIAN_POINT('',(-0.0542484271247462,-0.001,0.0115));
#16513=CARTESIAN_POINT('',(-0.0542484271247462,0.001,0.0115));
#16514=CARTESIAN_POINT('',(-0.0542484271247462,0.001,0.0115));
#16515=CARTESIAN_POINT('',(-0.0542484271247462,0.001,0.0175));
#16516=CARTESIAN_POINT('',(-0.0542484271247462,-0.009,0.0175));
#16517=CARTESIAN_POINT('',(-0.0542484271247462,-0.001,0.0175));
#16518=CARTESIAN_POINT('',(-0.0542484271247462,-0.001,0.092));
#16519=CARTESIAN_POINT('',(-0.0522484271247462,-0.009,0.0175));
#16520=CARTESIAN_POINT('',(-0.0522484271247462,0.001,0.0175));
#16521=CARTESIAN_POINT('',(-0.0502484271247462,0.001,0.0175));
#16522=CARTESIAN_POINT('',(-0.0502484271247462,-0.009,0.0175));
#16523=CARTESIAN_POINT('',(-0.0502484271247462,-0.001,0.0175));
#16524=CARTESIAN_POINT('',(-0.0522484271247462,-0.001,0.0175));
#16525=CARTESIAN_POINT('',(-0.0502484271247462,-0.009,0.0115));
#16526=CARTESIAN_POINT('',(-0.0502484271247462,0.001,0.0115));
#16527=CARTESIAN_POINT('',(-0.0502484271247462,0.001,0.0115));
#16528=CARTESIAN_POINT('',(-0.0502484271247462,-0.009,0.0115));
#16529=CARTESIAN_POINT('',(-0.0502484271247462,-0.001,0.0115));
#16530=CARTESIAN_POINT('',(-0.0502484271247462,-0.001,0.092));
#16531=CARTESIAN_POINT('',(-0.0522484271247462,-0.009,0.0115));
#16532=CARTESIAN_POINT('',(-0.0522484271247462,0.001,0.0115));
#16533=CARTESIAN_POINT('',(-0.0522484271247462,-0.001,0.0115));
#16534=CARTESIAN_POINT('',(-0.0392484271247462,-0.009,0.0115));
#16535=CARTESIAN_POINT('',(-0.0392484271247462,-0.009,0.0115));
#16536=CARTESIAN_POINT('',(-0.0392484271247462,-0.001,0.0115));
#16537=CARTESIAN_POINT('',(-0.0392484271247462,0.001,0.0115));
#16538=CARTESIAN_POINT('',(-0.0392484271247462,0.001,0.0115));
#16539=CARTESIAN_POINT('',(-0.0392484271247462,0.001,0.0175));
#16540=CARTESIAN_POINT('',(-0.0392484271247462,-0.009,0.0175));
#16541=CARTESIAN_POINT('',(-0.0392484271247462,-0.001,0.0175));
#16542=CARTESIAN_POINT('',(-0.0392484271247462,-0.001,0.092));
#16543=CARTESIAN_POINT('',(-0.0372484271247462,-0.009,0.0175));
#16544=CARTESIAN_POINT('',(-0.0372484271247462,0.001,0.0175));
#16545=CARTESIAN_POINT('',(-0.0352484271247462,0.001,0.0175));
#16546=CARTESIAN_POINT('',(-0.0352484271247462,-0.009,0.0175));
#16547=CARTESIAN_POINT('',(-0.0352484271247462,-0.001,0.0175));
#16548=CARTESIAN_POINT('',(-0.0372484271247462,-0.001,0.0175));
#16549=CARTESIAN_POINT('',(-0.0352484271247462,-0.009,0.0115));
#16550=CARTESIAN_POINT('',(-0.0352484271247462,0.001,0.0115));
#16551=CARTESIAN_POINT('',(-0.0352484271247462,0.001,0.0115));
#16552=CARTESIAN_POINT('',(-0.0352484271247462,-0.009,0.0115));
#16553=CARTESIAN_POINT('',(-0.0352484271247462,-0.001,0.0115));
#16554=CARTESIAN_POINT('',(-0.0352484271247462,-0.001,0.092));
#16555=CARTESIAN_POINT('',(-0.0372484271247462,-0.009,0.0115));
#16556=CARTESIAN_POINT('',(-0.0372484271247462,0.001,0.0115));
#16557=CARTESIAN_POINT('',(-0.0372484271247462,-0.001,0.0115));
#16558=CARTESIAN_POINT('',(-0.0242484271247462,-0.009,0.0115));
#16559=CARTESIAN_POINT('',(-0.0242484271247462,-0.009,0.0115));
#16560=CARTESIAN_POINT('',(-0.0242484271247462,-0.001,0.0115));
#16561=CARTESIAN_POINT('',(-0.0242484271247462,0.001,0.0115));
#16562=CARTESIAN_POINT('',(-0.0242484271247462,0.001,0.0115));
#16563=CARTESIAN_POINT('',(-0.0242484271247462,0.001,0.0175));
#16564=CARTESIAN_POINT('',(-0.0242484271247462,-0.009,0.0175));
#16565=CARTESIAN_POINT('',(-0.0242484271247462,-0.001,0.0175));
#16566=CARTESIAN_POINT('',(-0.0242484271247462,-0.001,0.092));
#16567=CARTESIAN_POINT('',(-0.0222484271247462,-0.009,0.0175));
#16568=CARTESIAN_POINT('',(-0.0222484271247462,0.001,0.0175));
#16569=CARTESIAN_POINT('',(-0.0202484271247462,0.001,0.0175));
#16570=CARTESIAN_POINT('',(-0.0202484271247462,-0.009,0.0175));
#16571=CARTESIAN_POINT('',(-0.0202484271247462,-0.001,0.0175));
#16572=CARTESIAN_POINT('',(-0.0222484271247462,-0.001,0.0175));
#16573=CARTESIAN_POINT('',(-0.0202484271247462,-0.009,0.0115));
#16574=CARTESIAN_POINT('',(-0.0202484271247462,0.001,0.0115));
#16575=CARTESIAN_POINT('',(-0.0202484271247462,0.001,0.0115));
#16576=CARTESIAN_POINT('',(-0.0202484271247462,-0.009,0.0115));
#16577=CARTESIAN_POINT('',(-0.0202484271247462,-0.001,0.0115));
#16578=CARTESIAN_POINT('',(-0.0202484271247462,-0.001,0.092));
#16579=CARTESIAN_POINT('',(-0.0222484271247462,-0.009,0.0115));
#16580=CARTESIAN_POINT('',(-0.0222484271247462,0.001,0.0115));
#16581=CARTESIAN_POINT('',(-0.0222484271247462,-0.001,0.0115));
#16582=CARTESIAN_POINT('',(-0.00924842712474619,-0.009,0.0115));
#16583=CARTESIAN_POINT('',(-0.00924842712474619,-0.009,0.0115));
#16584=CARTESIAN_POINT('',(-0.00924842712474619,-0.001,0.0115));
#16585=CARTESIAN_POINT('',(-0.00924842712474619,0.001,0.0115));
#16586=CARTESIAN_POINT('',(-0.00924842712474619,0.001,0.0115));
#16587=CARTESIAN_POINT('',(-0.00924842712474619,0.001,0.0175));
#16588=CARTESIAN_POINT('',(-0.00924842712474619,-0.009,0.0175));
#16589=CARTESIAN_POINT('',(-0.00924842712474619,-0.001,0.0175));
#16590=CARTESIAN_POINT('',(-0.00924842712474619,-0.001,0.092));
#16591=CARTESIAN_POINT('',(-0.00724842712474619,-0.009,0.0175));
#16592=CARTESIAN_POINT('',(-0.00724842712474619,0.001,0.0175));
#16593=CARTESIAN_POINT('',(-0.00524842712474619,0.001,0.0175));
#16594=CARTESIAN_POINT('',(-0.00524842712474619,-0.009,0.0175));
#16595=CARTESIAN_POINT('',(-0.00524842712474619,-0.001,0.0175));
#16596=CARTESIAN_POINT('',(-0.00724842712474619,-0.001,0.0175));
#16597=CARTESIAN_POINT('',(-0.00524842712474619,-0.009,0.0115));
#16598=CARTESIAN_POINT('',(-0.00524842712474619,0.001,0.0115));
#16599=CARTESIAN_POINT('',(-0.00524842712474619,0.001,0.0115));
#16600=CARTESIAN_POINT('',(-0.00524842712474619,-0.009,0.0115));
#16601=CARTESIAN_POINT('',(-0.00524842712474619,-0.001,0.0115));
#16602=CARTESIAN_POINT('',(-0.00524842712474619,-0.001,0.092));
#16603=CARTESIAN_POINT('',(-0.00724842712474619,-0.009,0.0115));
#16604=CARTESIAN_POINT('',(-0.00724842712474619,0.001,0.0115));
#16605=CARTESIAN_POINT('',(-0.00724842712474619,-0.001,0.0115));
#16606=CARTESIAN_POINT('',(0.00575157287525381,-0.009,0.0115));
#16607=CARTESIAN_POINT('',(0.00575157287525381,-0.009,0.0115));
#16608=CARTESIAN_POINT('',(0.00575157287525381,-0.001,0.0115));
#16609=CARTESIAN_POINT('',(0.00575157287525381,0.001,0.0115));
#16610=CARTESIAN_POINT('',(0.00575157287525381,0.001,0.0115));
#16611=CARTESIAN_POINT('',(0.00575157287525381,0.001,0.0175));
#16612=CARTESIAN_POINT('',(0.00575157287525381,-0.009,0.0175));
#16613=CARTESIAN_POINT('',(0.00575157287525381,-0.001,0.0175));
#16614=CARTESIAN_POINT('',(0.00575157287525381,-0.001,0.092));
#16615=CARTESIAN_POINT('',(0.00775157287525381,-0.009,0.0175));
#16616=CARTESIAN_POINT('',(0.00775157287525381,0.001,0.0175));
#16617=CARTESIAN_POINT('',(0.00975157287525381,0.001,0.0175));
#16618=CARTESIAN_POINT('',(0.00975157287525381,-0.009,0.0175));
#16619=CARTESIAN_POINT('',(0.00975157287525381,-0.001,0.0175));
#16620=CARTESIAN_POINT('',(0.00775157287525381,-0.001,0.0175));
#16621=CARTESIAN_POINT('',(0.00975157287525381,-0.009,0.0115));
#16622=CARTESIAN_POINT('',(0.00975157287525381,0.001,0.0115));
#16623=CARTESIAN_POINT('',(0.00975157287525381,0.001,0.0115));
#16624=CARTESIAN_POINT('',(0.00975157287525381,-0.009,0.0115));
#16625=CARTESIAN_POINT('',(0.00975157287525381,-0.001,0.0115));
#16626=CARTESIAN_POINT('',(0.00975157287525381,-0.001,0.092));
#16627=CARTESIAN_POINT('',(0.00775157287525381,-0.009,0.0115));
#16628=CARTESIAN_POINT('',(0.00775157287525381,0.001,0.0115));
#16629=CARTESIAN_POINT('',(0.00775157287525381,-0.001,0.0115));
#16630=CARTESIAN_POINT('',(0.0207515728752538,-0.009,0.0115));
#16631=CARTESIAN_POINT('',(0.0207515728752538,-0.009,0.0115));
#16632=CARTESIAN_POINT('',(0.0207515728752538,-0.001,0.0115));
#16633=CARTESIAN_POINT('',(0.0207515728752538,0.001,0.0115));
#16634=CARTESIAN_POINT('',(0.0207515728752538,0.001,0.0115));
#16635=CARTESIAN_POINT('',(0.0207515728752538,0.001,0.0175));
#16636=CARTESIAN_POINT('',(0.0207515728752538,-0.009,0.0175));
#16637=CARTESIAN_POINT('',(0.0207515728752538,-0.001,0.0175));
#16638=CARTESIAN_POINT('',(0.0207515728752538,-0.001,0.092));
#16639=CARTESIAN_POINT('',(0.0227515728752538,-0.009,0.0175));
#16640=CARTESIAN_POINT('',(0.0227515728752538,0.001,0.0175));
#16641=CARTESIAN_POINT('',(0.0247515728752538,0.001,0.0175));
#16642=CARTESIAN_POINT('',(0.0247515728752538,-0.009,0.0175));
#16643=CARTESIAN_POINT('',(0.0247515728752538,-0.001,0.0175));
#16644=CARTESIAN_POINT('',(0.0227515728752538,-0.001,0.0175));
#16645=CARTESIAN_POINT('',(0.0247515728752538,-0.009,0.0115));
#16646=CARTESIAN_POINT('',(0.0247515728752538,0.001,0.0115));
#16647=CARTESIAN_POINT('',(0.0247515728752538,0.001,0.0115));
#16648=CARTESIAN_POINT('',(0.0247515728752538,-0.009,0.0115));
#16649=CARTESIAN_POINT('',(0.0247515728752538,-0.001,0.0115));
#16650=CARTESIAN_POINT('',(0.0247515728752538,-0.001,0.092));
#16651=CARTESIAN_POINT('',(0.0227515728752538,-0.009,0.0115));
#16652=CARTESIAN_POINT('',(0.0227515728752538,0.001,0.0115));
#16653=CARTESIAN_POINT('',(0.0227515728752538,-0.001,0.0115));
#16654=CARTESIAN_POINT('',(0.0357515728752538,-0.009,0.0115));
#16655=CARTESIAN_POINT('',(0.0357515728752538,-0.009,0.0115));
#16656=CARTESIAN_POINT('',(0.0357515728752538,-0.001,0.0115));
#16657=CARTESIAN_POINT('',(0.0357515728752538,0.001,0.0115));
#16658=CARTESIAN_POINT('',(0.0357515728752538,0.001,0.0115));
#16659=CARTESIAN_POINT('',(0.0357515728752538,0.001,0.0175));
#16660=CARTESIAN_POINT('',(0.0357515728752538,-0.009,0.0175));
#16661=CARTESIAN_POINT('',(0.0357515728752538,-0.001,0.0175));
#16662=CARTESIAN_POINT('',(0.0357515728752538,-0.001,0.092));
#16663=CARTESIAN_POINT('',(0.0377515728752538,-0.009,0.0175));
#16664=CARTESIAN_POINT('',(0.0377515728752538,0.001,0.0175));
#16665=CARTESIAN_POINT('',(0.0397515728752538,0.001,0.0175));
#16666=CARTESIAN_POINT('',(0.0397515728752538,-0.009,0.0175));
#16667=CARTESIAN_POINT('',(0.0397515728752538,-0.001,0.0175));
#16668=CARTESIAN_POINT('',(0.0377515728752538,-0.001,0.0175));
#16669=CARTESIAN_POINT('',(0.0397515728752538,-0.009,0.0115));
#16670=CARTESIAN_POINT('',(0.0397515728752538,0.001,0.0115));
#16671=CARTESIAN_POINT('',(0.0397515728752538,0.001,0.0115));
#16672=CARTESIAN_POINT('',(0.0397515728752538,-0.009,0.0115));
#16673=CARTESIAN_POINT('',(0.0397515728752538,-0.001,0.0115));
#16674=CARTESIAN_POINT('',(0.0397515728752538,-0.001,0.092));
#16675=CARTESIAN_POINT('',(0.0377515728752538,-0.009,0.0115));
#16676=CARTESIAN_POINT('',(0.0377515728752538,0.001,0.0115));
#16677=CARTESIAN_POINT('',(0.0377515728752538,-0.001,0.0115));
#16678=CARTESIAN_POINT('',(0.0507515728752538,-0.009,0.0115));
#16679=CARTESIAN_POINT('',(0.0507515728752538,-0.009,0.0115));
#16680=CARTESIAN_POINT('',(0.0507515728752538,-0.001,0.0115));
#16681=CARTESIAN_POINT('',(0.0507515728752538,0.001,0.0115));
#16682=CARTESIAN_POINT('',(0.0507515728752538,0.001,0.0115));
#16683=CARTESIAN_POINT('',(0.0507515728752538,0.001,0.0175));
#16684=CARTESIAN_POINT('',(0.0507515728752538,-0.009,0.0175));
#16685=CARTESIAN_POINT('',(0.0507515728752538,-0.001,0.0175));
#16686=CARTESIAN_POINT('',(0.0507515728752538,-0.001,0.092));
#16687=CARTESIAN_POINT('',(0.0527515728752538,-0.009,0.0175));
#16688=CARTESIAN_POINT('',(0.0527515728752538,0.001,0.0175));
#16689=CARTESIAN_POINT('',(0.0547515728752538,0.001,0.0175));
#16690=CARTESIAN_POINT('',(0.0547515728752538,-0.009,0.0175));
#16691=CARTESIAN_POINT('',(0.0547515728752538,-0.001,0.0175));
#16692=CARTESIAN_POINT('',(0.0527515728752538,-0.001,0.0175));
#16693=CARTESIAN_POINT('',(0.0547515728752538,-0.009,0.0115));
#16694=CARTESIAN_POINT('',(0.0547515728752538,0.001,0.0115));
#16695=CARTESIAN_POINT('',(0.0547515728752538,0.001,0.0115));
#16696=CARTESIAN_POINT('',(0.0547515728752538,-0.009,0.0115));
#16697=CARTESIAN_POINT('',(0.0547515728752538,-0.001,0.0115));
#16698=CARTESIAN_POINT('',(0.0547515728752538,-0.001,0.092));
#16699=CARTESIAN_POINT('',(0.0527515728752538,-0.009,0.0115));
#16700=CARTESIAN_POINT('',(0.0527515728752538,0.001,0.0115));
#16701=CARTESIAN_POINT('',(0.0527515728752538,-0.001,0.0115));
#16702=CARTESIAN_POINT('',(-0.093,0.,-0.00498528137423861));
#16703=CARTESIAN_POINT('',(-0.0901715728752538,-0.001,-0.00498528137423861));
#16704=CARTESIAN_POINT('',(-0.0901715728752538,-0.001,0.033));
#16705=CARTESIAN_POINT('',(-0.0901715728752538,-0.001,0.062));
#16706=CARTESIAN_POINT('',(-0.093,0.,0.062));
#16707=CARTESIAN_POINT('',(-0.0901715728752538,0.001,0.062));
#16708=CARTESIAN_POINT('',(-0.0901715728752538,0.001,-0.00498528137423861));
#16709=CARTESIAN_POINT('',(-0.0901715728752538,0.001,0.033));
#16710=CARTESIAN_POINT('',(-0.093,0.,0.033));
#16711=CARTESIAN_POINT('',(-0.093,0.,-0.00498528137423861));
#16712=CARTESIAN_POINT('',(-0.0901715728752538,-0.001,-0.00498528137423861));
#16713=CARTESIAN_POINT('',(-0.0901715728752538,-0.001,0.0035));
#16714=CARTESIAN_POINT('',(-0.0901715728752538,-0.001,0.018));
#16715=CARTESIAN_POINT('',(-0.093,0.,0.018));
#16716=CARTESIAN_POINT('',(-0.0901715728752538,0.001,0.018));
#16717=CARTESIAN_POINT('',(-0.0901715728752538,0.001,-0.00498528137423861));
#16718=CARTESIAN_POINT('',(-0.0901715728752538,0.001,0.0035));
#16719=CARTESIAN_POINT('',(-0.093,0.,0.0035));
#16720=CARTESIAN_POINT('',(0.093,0.,-0.00498528137423861));
#16721=CARTESIAN_POINT('',(0.0901715728752538,-0.001,-0.00498528137423861));
#16722=CARTESIAN_POINT('',(0.0901715728752538,-0.001,0.033));
#16723=CARTESIAN_POINT('',(0.0901715728752538,-0.001,0.062));
#16724=CARTESIAN_POINT('',(0.093,0.,0.033));
#16725=CARTESIAN_POINT('',(0.0901715728752538,0.001,0.033));
#16726=CARTESIAN_POINT('',(0.0901715728752538,0.001,-0.00498528137423861));
#16727=CARTESIAN_POINT('',(0.0901715728752538,0.001,0.062));
#16728=CARTESIAN_POINT('',(0.093,0.,0.062));
#16729=CARTESIAN_POINT('',(0.093,0.,-0.00498528137423861));
#16730=CARTESIAN_POINT('',(0.0901715728752538,-0.001,-0.00498528137423861));
#16731=CARTESIAN_POINT('',(0.0901715728752538,-0.001,0.077));
#16732=CARTESIAN_POINT('',(0.0901715728752538,-0.001,0.092));
#16733=CARTESIAN_POINT('',(0.093,0.,0.077));
#16734=CARTESIAN_POINT('',(0.0901715728752538,0.001,0.077));
#16735=CARTESIAN_POINT('',(0.0901715728752538,0.001,-0.00498528137423861));
#16736=CARTESIAN_POINT('',(0.0901715728752538,0.001,0.092));
#16737=CARTESIAN_POINT('',(0.093,0.,0.092));
#16738=CARTESIAN_POINT('',(0.093,0.001,0.092));
#16739=CARTESIAN_POINT('',(0.0587055962127388,0.001,0.0220621137244957));
#16740=CARTESIAN_POINT('',(0.0587055962127388,0.001,0.0220621137244957));
#16741=CARTESIAN_POINT('',(0.0573673130978721,0.001,0.0246199119256438));
#16742=CARTESIAN_POINT('',(0.0615898559901204,0.001,0.021942201798852));
#16743=CARTESIAN_POINT('',(0.0615898559901204,0.001,0.021942201798852));
#16744=CARTESIAN_POINT('',(0.0631358326526355,0.001,0.0243800880743563));
#16745=CARTESIAN_POINT('',(0.0631358326526355,0.001,0.0243800880743563));
#16746=CARTESIAN_POINT('',(0.0617975495377688,0.001,0.0269378862755043));
#16747=CARTESIAN_POINT('',(0.0617975495377688,0.001,0.0269378862755043));
#16748=CARTESIAN_POINT('',(0.0589132897603872,0.001,0.0270577982011481));
#16749=CARTESIAN_POINT('',(0.0589132897603872,0.001,0.0270577982011481));
#16750=CARTESIAN_POINT('',(0.0573673130978721,0.001,0.0246199119256438));
#16751=CARTESIAN_POINT('',(0.0737055962127388,0.001,0.0220621137244957));
#16752=CARTESIAN_POINT('',(0.0737055962127388,0.001,0.0220621137244957));
#16753=CARTESIAN_POINT('',(0.0723673130978721,0.001,0.0246199119256438));
#16754=CARTESIAN_POINT('',(0.0765898559901204,0.001,0.021942201798852));
#16755=CARTESIAN_POINT('',(0.0765898559901204,0.001,0.021942201798852));
#16756=CARTESIAN_POINT('',(0.0781358326526355,0.001,0.0243800880743563));
#16757=CARTESIAN_POINT('',(0.0781358326526355,0.001,0.0243800880743563));
#16758=CARTESIAN_POINT('',(0.0767975495377689,0.001,0.0269378862755043));
#16759=CARTESIAN_POINT('',(0.0767975495377689,0.001,0.0269378862755043));
#16760=CARTESIAN_POINT('',(0.0739132897603872,0.001,0.0270577982011481));
#16761=CARTESIAN_POINT('',(0.0739132897603872,0.001,0.0270577982011481));
#16762=CARTESIAN_POINT('',(0.0723673130978721,0.001,0.0246199119256438));
#16763=CARTESIAN_POINT('',(0.0657515728752538,0.001,0.0115));
#16764=CARTESIAN_POINT('',(0.0657515728752538,0.001,0.0115));
#16765=CARTESIAN_POINT('',(0.0657515728752538,0.001,0.0175));
#16766=CARTESIAN_POINT('',(0.0677515728752538,0.001,0.0115));
#16767=CARTESIAN_POINT('',(0.0697515728752538,0.001,0.0115));
#16768=CARTESIAN_POINT('',(0.0697515728752538,0.001,0.0115));
#16769=CARTESIAN_POINT('',(0.0697515728752538,0.001,0.0175));
#16770=CARTESIAN_POINT('',(0.0677515728752538,0.001,0.0175));
#16771=CARTESIAN_POINT('',(0.0807515728752538,0.001,0.0115));
#16772=CARTESIAN_POINT('',(0.0807515728752538,0.001,0.0115));
#16773=CARTESIAN_POINT('',(0.0807515728752538,0.001,0.0175));
#16774=CARTESIAN_POINT('',(0.0827515728752538,0.001,0.0115));
#16775=CARTESIAN_POINT('',(0.0847515728752538,0.001,0.0115));
#16776=CARTESIAN_POINT('',(0.0847515728752538,0.001,0.0115));
#16777=CARTESIAN_POINT('',(0.0847515728752538,0.001,0.0175));
#16778=CARTESIAN_POINT('',(0.0827515728752538,0.001,0.0175));
#16779=CARTESIAN_POINT('',(0.093,0.001,0.062));
#16780=CARTESIAN_POINT('',(-0.09,0.001,0.062));
#16781=CARTESIAN_POINT('',(-0.09,0.001,0.092));
#16782=CARTESIAN_POINT('',(-0.09,0.001,0.077));
#16783=CARTESIAN_POINT('',(0.093,0.001,0.077));
#16784=CARTESIAN_POINT('',(-0.0901715728752538,0.001,0.077));
#16785=CARTESIAN_POINT('',(-0.0901715728752538,0.001,-0.00498528137423861));
#16786=CARTESIAN_POINT('',(-0.0901715728752538,0.001,0.092));
#16787=CARTESIAN_POINT('',(0.093,0.001,0.092));
#16788=CARTESIAN_POINT('',(0.093,0.001,0.077));
#16789=CARTESIAN_POINT('',(0.09,0.001,0.077));
#16790=CARTESIAN_POINT('',(0.09,0.001,0.092));
#16791=CARTESIAN_POINT('',(0.09,0.001,0.062));
#16792=CARTESIAN_POINT('',(0.093,0.001,0.062));
#16793=CARTESIAN_POINT('',(0.093,0.001,0.033));
#16794=CARTESIAN_POINT('',(0.09,0.001,0.033));
#16795=CARTESIAN_POINT('',(0.09,0.001,0.092));
#16796=CARTESIAN_POINT('',(0.09,0.001,0.018));
#16797=CARTESIAN_POINT('',(0.093,0.001,0.018));
#16798=CARTESIAN_POINT('',(0.0901715728752538,0.001,0.018));
#16799=CARTESIAN_POINT('',(0.0901715728752538,0.001,-0.00498528137423861));
#16800=CARTESIAN_POINT('',(0.0901715728752538,0.001,0.0035));
#16801=CARTESIAN_POINT('',(0.093,0.001,0.0035));
#16802=CARTESIAN_POINT('',(0.0755,0.001,0.0035));
#16803=CARTESIAN_POINT('',(0.0755,0.001,0.092));
#16804=CARTESIAN_POINT('',(0.0755,0.001,0.00282842712474619));
#16805=CARTESIAN_POINT('',(0.093,0.001,0.00282842712474619));
#16806=CARTESIAN_POINT('',(0.0515,0.001,0.00282842712474619));
#16807=CARTESIAN_POINT('',(0.0515,0.001,0.092));
#16808=CARTESIAN_POINT('',(0.0515,0.001,0.0035));
#16809=CARTESIAN_POINT('',(0.093,0.001,0.0035));
#16810=CARTESIAN_POINT('',(-0.0515,0.001,0.0035));
#16811=CARTESIAN_POINT('',(-0.0515,0.001,0.092));
#16812=CARTESIAN_POINT('',(-0.0515,0.001,0.00282842712474619));
#16813=CARTESIAN_POINT('',(0.093,0.001,0.00282842712474619));
#16814=CARTESIAN_POINT('',(-0.0755,0.001,0.00282842712474619));
#16815=CARTESIAN_POINT('',(-0.0755,0.001,0.092));
#16816=CARTESIAN_POINT('',(-0.0755,0.001,0.0035));
#16817=CARTESIAN_POINT('',(0.093,0.001,0.0035));
#16818=CARTESIAN_POINT('',(0.093,0.001,0.0179999999999998));
#16819=CARTESIAN_POINT('',(-0.09,0.001,0.018));
#16820=CARTESIAN_POINT('',(-0.09,0.001,0.092));
#16821=CARTESIAN_POINT('',(-0.09,0.001,0.033));
#16822=CARTESIAN_POINT('',(0.093,0.001,0.033));
#16823=CARTESIAN_POINT('',(0.093,-0.001,0.092));
#16824=CARTESIAN_POINT('',(0.0979814004250402,-0.001,0.0793288680231444));
#16825=CARTESIAN_POINT('',(0.0631358326526355,-0.001,0.0243800880743563));
#16826=CARTESIAN_POINT('',(0.0615898559901204,-0.001,0.021942201798852));
#16827=CARTESIAN_POINT('',(0.075064086081107,-0.001,0.0213820161701345));
#16828=CARTESIAN_POINT('',(0.0587055962127388,-0.001,0.0220621137244957));
#16829=CARTESIAN_POINT('',(0.0341241792590853,-0.001,0.069043431330069));
#16830=CARTESIAN_POINT('',(0.0573673130978722,-0.001,0.0246199119256437));
#16831=CARTESIAN_POINT('',(0.0937588575327918,-0.001,0.0820065781499362));
#16832=CARTESIAN_POINT('',(0.0589132897603872,-0.001,0.0270577982011481));
#16833=CARTESIAN_POINT('',(0.0752717796287554,-0.001,0.0263777006467868));
#16834=CARTESIAN_POINT('',(0.0617975495377688,-0.001,0.0269378862755043));
#16835=CARTESIAN_POINT('',(0.0385544156989819,-0.001,0.0713614056799292));
#16836=CARTESIAN_POINT('',(0.11298140042504,-0.001,0.0793288680231444));
#16837=CARTESIAN_POINT('',(0.0781358326526355,-0.001,0.0243800880743563));
#16838=CARTESIAN_POINT('',(0.0765898559901204,-0.001,0.021942201798852));
#16839=CARTESIAN_POINT('',(0.090064086081107,-0.001,0.0213820161701345));
#16840=CARTESIAN_POINT('',(0.0737055962127388,-0.001,0.0220621137244957));
#16841=CARTESIAN_POINT('',(0.0491241792590853,-0.001,0.069043431330069));
#16842=CARTESIAN_POINT('',(0.0723673130978721,-0.001,0.0246199119256437));
#16843=CARTESIAN_POINT('',(0.108758857532792,-0.001,0.0820065781499362));
#16844=CARTESIAN_POINT('',(0.0739132897603872,-0.001,0.0270577982011481));
#16845=CARTESIAN_POINT('',(0.0902717796287554,-0.001,0.0263777006467868));
#16846=CARTESIAN_POINT('',(0.0767975495377689,-0.001,0.0269378862755043));
#16847=CARTESIAN_POINT('',(0.0535544156989819,-0.001,0.0713614056799292));
#16848=CARTESIAN_POINT('',(0.0697515728752538,-0.001,0.092));
#16849=CARTESIAN_POINT('',(0.0697515728752538,-0.001,0.0175));
#16850=CARTESIAN_POINT('',(0.0697515728752538,-0.001,0.0115));
#16851=CARTESIAN_POINT('',(0.0677515728752538,-0.001,0.0115));
#16852=CARTESIAN_POINT('',(0.0657515728752538,-0.001,0.0115));
#16853=CARTESIAN_POINT('',(0.0657515728752538,-0.001,0.092));
#16854=CARTESIAN_POINT('',(0.0657515728752538,-0.001,0.0175));
#16855=CARTESIAN_POINT('',(0.0677515728752538,-0.001,0.0175));
#16856=CARTESIAN_POINT('',(0.0847515728752538,-0.001,0.092));
#16857=CARTESIAN_POINT('',(0.0847515728752538,-0.001,0.0175));
#16858=CARTESIAN_POINT('',(0.0847515728752538,-0.001,0.0115));
#16859=CARTESIAN_POINT('',(0.0827515728752538,-0.001,0.0115));
#16860=CARTESIAN_POINT('',(0.0807515728752538,-0.001,0.0115));
#16861=CARTESIAN_POINT('',(0.0807515728752538,-0.001,0.092));
#16862=CARTESIAN_POINT('',(0.0807515728752538,-0.001,0.0175));
#16863=CARTESIAN_POINT('',(0.0827515728752538,-0.001,0.0175));
#16864=CARTESIAN_POINT('',(-0.09,-0.001,0.092));
#16865=CARTESIAN_POINT('',(-0.09,-0.001,0.077));
#16866=CARTESIAN_POINT('',(-0.09,-0.001,0.062));
#16867=CARTESIAN_POINT('',(0.093,-0.001,0.062));
#16868=CARTESIAN_POINT('',(0.093,-0.001,0.033));
#16869=CARTESIAN_POINT('',(-0.09,-0.001,0.033));
#16870=CARTESIAN_POINT('',(-0.09,-0.001,0.092));
#16871=CARTESIAN_POINT('',(-0.09,-0.001,0.018));
#16872=CARTESIAN_POINT('',(0.093,-0.001,0.0179999999999998));
#16873=CARTESIAN_POINT('',(0.093,-0.001,0.0035));
#16874=CARTESIAN_POINT('',(-0.0755,-0.001,0.0035));
#16875=CARTESIAN_POINT('',(-0.0755,-0.001,0.092));
#16876=CARTESIAN_POINT('',(-0.0755,-0.001,0.00282842712474619));
#16877=CARTESIAN_POINT('',(0.093,-0.001,0.00282842712474619));
#16878=CARTESIAN_POINT('',(-0.0515,-0.001,0.00282842712474619));
#16879=CARTESIAN_POINT('',(-0.0515,-0.001,0.092));
#16880=CARTESIAN_POINT('',(-0.0515,-0.001,0.0035));
#16881=CARTESIAN_POINT('',(0.093,-0.001,0.0035));
#16882=CARTESIAN_POINT('',(0.0515,-0.001,0.0035));
#16883=CARTESIAN_POINT('',(0.0515,-0.001,0.092));
#16884=CARTESIAN_POINT('',(0.0515,-0.001,0.00282842712474619));
#16885=CARTESIAN_POINT('',(0.093,-0.001,0.00282842712474619));
#16886=CARTESIAN_POINT('',(0.0755,-0.001,0.00282842712474619));
#16887=CARTESIAN_POINT('',(0.0755,-0.001,0.092));
#16888=CARTESIAN_POINT('',(0.0755,-0.001,0.0035));
#16889=CARTESIAN_POINT('',(0.093,-0.001,0.0035));
#16890=CARTESIAN_POINT('',(0.0901715728752538,-0.001,0.0035));
#16891=CARTESIAN_POINT('',(0.0901715728752538,-0.001,-0.00498528137423861));
#16892=CARTESIAN_POINT('',(0.0901715728752538,-0.001,0.018));
#16893=CARTESIAN_POINT('',(0.093,-0.001,0.018));
#16894=CARTESIAN_POINT('',(0.09,-0.001,0.018));
#16895=CARTESIAN_POINT('',(0.09,-0.001,0.092));
#16896=CARTESIAN_POINT('',(0.09,-0.001,0.033));
#16897=CARTESIAN_POINT('',(0.093,-0.001,0.033));
#16898=CARTESIAN_POINT('',(0.093,-0.001,0.062));
#16899=CARTESIAN_POINT('',(0.09,-0.001,0.062));
#16900=CARTESIAN_POINT('',(0.09,-0.001,0.092));
#16901=CARTESIAN_POINT('',(0.09,-0.001,0.077));
#16902=CARTESIAN_POINT('',(0.093,-0.001,0.077));
#16903=CARTESIAN_POINT('',(0.093,-0.001,0.092));
#16904=CARTESIAN_POINT('',(-0.0901715728752538,-0.001,0.092));
#16905=CARTESIAN_POINT('',(-0.0901715728752538,-0.001,-0.00498528137423861));
#16906=CARTESIAN_POINT('',(-0.0901715728752538,-0.001,0.077));
#16907=CARTESIAN_POINT('',(0.093,-0.001,0.077));
#16908=CARTESIAN_POINT('',(0.093,0.,0.));
#16909=CARTESIAN_POINT('',(0.093,0.0012737739202857,0.0012));
#16910=CARTESIAN_POINT('',(0.0755,0.0012737739202857,0.0012));
#16911=CARTESIAN_POINT('',(0.0515,0.0012737739202857,0.0012));
#16912=CARTESIAN_POINT('',(0.0755,0.,0.));
#16913=CARTESIAN_POINT('',(0.0755,0.0012737739202857,-0.0012));
#16914=CARTESIAN_POINT('',(0.093,0.0012737739202857,-0.0012));
#16915=CARTESIAN_POINT('',(0.0515,0.0012737739202857,-0.0012));
#16916=CARTESIAN_POINT('',(0.0515,0.,0.));
#16917=CARTESIAN_POINT('',(0.093,0.0012737739202857,0.0012));
#16918=CARTESIAN_POINT('',(0.093,0.00274954541697351,0.0012));
#16919=CARTESIAN_POINT('',(0.0755,0.00274954541697351,0.0012));
#16920=CARTESIAN_POINT('',(0.0515,0.00274954541697351,0.0012));
#16921=CARTESIAN_POINT('',(0.0755,0.0012737739202857,0.0012));
#16922=CARTESIAN_POINT('',(0.0515,0.0012737739202857,0.0012));
#16923=CARTESIAN_POINT('',(0.093,0.,0.));
#16924=CARTESIAN_POINT('',(0.0755,0.,0.));
#16925=CARTESIAN_POINT('',(0.0515,0.,0.));
#16926=CARTESIAN_POINT('',(0.093,0.,0.));
#16927=CARTESIAN_POINT('',(0.0755,0.,0.));
#16928=CARTESIAN_POINT('',(0.0755,0.00274954541697351,-0.0012));
#16929=CARTESIAN_POINT('',(0.0515,0.,0.));
#16930=CARTESIAN_POINT('',(0.0515,0.00274954541697351,-0.0012));
#16931=CARTESIAN_POINT('',(0.093,0.00274954541697351,-0.0012));
#16932=CARTESIAN_POINT('',(0.093,0.0012737739202857,-0.0012));
#16933=CARTESIAN_POINT('',(0.0755,0.0012737739202857,-0.0012));
#16934=CARTESIAN_POINT('',(0.0515,0.0012737739202857,-0.0012));
#16935=CARTESIAN_POINT('',(0.093,0.,0.));
#16936=CARTESIAN_POINT('',(0.093,0.0012737739202857,0.0012));
#16937=CARTESIAN_POINT('',(-0.0515,0.0012737739202857,0.0012));
#16938=CARTESIAN_POINT('',(-0.0755,0.0012737739202857,0.0012));
#16939=CARTESIAN_POINT('',(-0.0515,0.,0.));
#16940=CARTESIAN_POINT('',(-0.0515,0.0012737739202857,-0.0012));
#16941=CARTESIAN_POINT('',(0.093,0.0012737739202857,-0.0012));
#16942=CARTESIAN_POINT('',(-0.0755,0.0012737739202857,-0.0012));
#16943=CARTESIAN_POINT('',(-0.0755,0.,0.));
#16944=CARTESIAN_POINT('',(0.093,0.0012737739202857,0.0012));
#16945=CARTESIAN_POINT('',(0.093,0.00274954541697351,0.0012));
#16946=CARTESIAN_POINT('',(-0.0515,0.00274954541697351,0.0012));
#16947=CARTESIAN_POINT('',(-0.0755,0.00274954541697351,0.0012));
#16948=CARTESIAN_POINT('',(-0.0515,0.0012737739202857,0.0012));
#16949=CARTESIAN_POINT('',(-0.0755,0.0012737739202857,0.0012));
#16950=CARTESIAN_POINT('',(0.093,0.,0.));
#16951=CARTESIAN_POINT('',(-0.0515,0.,0.));
#16952=CARTESIAN_POINT('',(-0.0755,0.,0.));
#16953=CARTESIAN_POINT('',(0.093,-0.001,0.092));
#16954=CARTESIAN_POINT('',(0.093,0.,0.092));
#16955=CARTESIAN_POINT('',(0.093,-0.00155,0.092));
#16956=CARTESIAN_POINT('',(-0.093,0.,0.092));
#16957=CARTESIAN_POINT('',(-0.093,-0.00155,0.092));
#16958=CARTESIAN_POINT('',(-0.093,0.,0.092));
#16959=CARTESIAN_POINT('',(0.093,0.,0.));
#16960=CARTESIAN_POINT('',(-0.0515,0.,0.));
#16961=CARTESIAN_POINT('',(-0.0515,0.00274954541697351,-0.0012));
#16962=CARTESIAN_POINT('',(-0.0755,0.,0.));
#16963=CARTESIAN_POINT('',(-0.0755,0.00274954541697351,-0.0012));
#16964=CARTESIAN_POINT('',(0.093,0.00274954541697351,-0.0012));
#16965=CARTESIAN_POINT('',(0.093,0.0012737739202857,-0.0012));
#16966=CARTESIAN_POINT('',(-0.0515,0.0012737739202857,-0.0012));
#16967=CARTESIAN_POINT('',(-0.0755,0.0012737739202857,-0.0012));
#16968=CARTESIAN_POINT('',(-0.0755,-0.003,-0.003));
#16969=CARTESIAN_POINT('',(-0.0755,-0.003,0.0035));
#16970=CARTESIAN_POINT('',(-0.093,-0.003,0.0035));
#16971=CARTESIAN_POINT('',(0.0755,-0.003,0.0035));
#16972=CARTESIAN_POINT('',(0.0755,-0.003,0.0035));
#16973=CARTESIAN_POINT('',(0.093,-0.003,0.0035));
#16974=CARTESIAN_POINT('',(0.093,0.,0.0035));
#16975=CARTESIAN_POINT('',(0.0515,-0.003,0.0035));
#16976=CARTESIAN_POINT('',(0.0515,-0.003,0.0035));
#16977=CARTESIAN_POINT('',(-0.0515,-0.003,0.0035));
#16978=CARTESIAN_POINT('',(0.0515,-0.003,0.0035));
#16979=CARTESIAN_POINT('',(-0.0515,-0.003,0.0035));
#16980=CARTESIAN_POINT('',(-0.093,0.,-0.00498528137423861));
#16981=CARTESIAN_POINT('',(-0.093,0.,0.077));
#16982=CARTESIAN_POINT('',(0.093,0.,-0.00498528137423861));
#16983=CARTESIAN_POINT('',(0.093,0.,0.018));
#16984=CARTESIAN_POINT('',(0.09,-0.003,0.077));
#16985=CARTESIAN_POINT('',(0.09,-0.003,0.077));
#16986=CARTESIAN_POINT('',(0.09,-0.003,0.062));
#16987=CARTESIAN_POINT('',(0.096,-0.003,0.077));
#16988=CARTESIAN_POINT('',(0.093,0.,0.077));
#16989=CARTESIAN_POINT('',(0.093,-0.0015,0.077));
#16990=CARTESIAN_POINT('',(0.096,-0.003,0.062));
#16991=CARTESIAN_POINT('',(0.093,0.,0.062));
#16992=CARTESIAN_POINT('',(0.0945,0.,0.062));
#16993=CARTESIAN_POINT('',(0.09,-0.003,0.018));
#16994=CARTESIAN_POINT('',(0.09,-0.003,0.033));
#16995=CARTESIAN_POINT('',(0.09,-0.003,0.018));
#16996=CARTESIAN_POINT('',(0.096,-0.003,0.033));
#16997=CARTESIAN_POINT('',(0.093,0.,0.033));
#16998=CARTESIAN_POINT('',(0.093,-0.0015,0.033));
#16999=CARTESIAN_POINT('',(0.096,-0.003,0.018));
#17000=CARTESIAN_POINT('',(0.093,0.,0.018));
#17001=CARTESIAN_POINT('',(0.0945,0.,0.018));
#17002=CARTESIAN_POINT('',(-0.09,-0.003,0.018));
#17003=CARTESIAN_POINT('',(-0.09,-0.003,0.018));
#17004=CARTESIAN_POINT('',(-0.09,-0.003,0.033));
#17005=CARTESIAN_POINT('',(-0.096,-0.003,0.018));
#17006=CARTESIAN_POINT('',(-0.093,0.,0.018));
#17007=CARTESIAN_POINT('',(-0.0915,0.,0.018));
#17008=CARTESIAN_POINT('',(-0.096,-0.003,0.033));
#17009=CARTESIAN_POINT('',(-0.093,0.,0.033));
#17010=CARTESIAN_POINT('',(-0.093,-0.0015,0.033));
#17011=CARTESIAN_POINT('',(-0.09,-0.003,0.077));
#17012=CARTESIAN_POINT('',(-0.09,-0.003,0.062));
#17013=CARTESIAN_POINT('',(-0.09,-0.003,0.077));
#17014=CARTESIAN_POINT('',(-0.096,-0.003,0.062));
#17015=CARTESIAN_POINT('',(-0.093,0.,0.062));
#17016=CARTESIAN_POINT('',(-0.0915,0.,0.062));
#17017=CARTESIAN_POINT('',(-0.096,-0.003,0.077));
#17018=CARTESIAN_POINT('',(-0.093,0.,0.077));
#17019=CARTESIAN_POINT('',(-0.093,-0.0015,0.077));
#17020=CARTESIAN_POINT('',(-0.093,0.,0.0137573593128805));
#17021=CARTESIAN_POINT('',(-0.093,0.,0.0137573593128805));
#17022=CARTESIAN_POINT('',(0.093,0.,0.0137573593128805));
#17023=CARTESIAN_POINT('',(0.093,0.,0.0137573593128805));
#17024=CARTESIAN_POINT('',(0.0827515728752538,-0.009,0.0115));
#17025=CARTESIAN_POINT('',(0.0847515728752538,-0.009,0.0115));
#17026=CARTESIAN_POINT('',(0.0807515728752538,-0.009,0.0115));
#17027=CARTESIAN_POINT('',(0.0847515728752538,-0.009,0.0115));
#17028=CARTESIAN_POINT('',(0.0847515728752538,-0.009,0.0175));
#17029=CARTESIAN_POINT('',(0.0827515728752538,-0.009,0.0175));
#17030=CARTESIAN_POINT('',(0.0807515728752538,-0.009,0.0175));
#17031=CARTESIAN_POINT('',(0.0807515728752538,-0.009,0.0115));
#17032=CARTESIAN_POINT('',(0.0677515728752538,-0.009,0.0115));
#17033=CARTESIAN_POINT('',(0.0697515728752538,-0.009,0.0115));
#17034=CARTESIAN_POINT('',(0.0657515728752538,-0.009,0.0115));
#17035=CARTESIAN_POINT('',(0.0697515728752538,-0.009,0.0115));
#17036=CARTESIAN_POINT('',(0.0697515728752538,-0.009,0.0175));
#17037=CARTESIAN_POINT('',(0.0677515728752538,-0.009,0.0175));
#17038=CARTESIAN_POINT('',(0.0657515728752538,-0.009,0.0175));
#17039=CARTESIAN_POINT('',(0.0657515728752538,-0.009,0.0115));
#17040=CARTESIAN_POINT('',(0.0765898559901204,-0.009,0.021942201798852));
#17041=CARTESIAN_POINT('',(0.0765898559901204,-0.009,0.021942201798852));
#17042=CARTESIAN_POINT('',(0.0737055962127388,-0.009,0.0220621137244957));
#17043=CARTESIAN_POINT('',(0.0781358326526355,-0.009,0.0243800880743563));
#17044=CARTESIAN_POINT('',(0.0781358326526355,-0.009,0.0243800880743563));
#17045=CARTESIAN_POINT('',(0.0767975495377689,-0.009,0.0269378862755043));
#17046=CARTESIAN_POINT('',(0.0767975495377689,-0.009,0.0269378862755043));
#17047=CARTESIAN_POINT('',(0.0739132897603872,-0.009,0.0270577982011481));
#17048=CARTESIAN_POINT('',(0.0739132897603872,-0.009,0.0270577982011481));
#17049=CARTESIAN_POINT('',(0.0723673130978721,-0.009,0.0246199119256438));
#17050=CARTESIAN_POINT('',(0.0723673130978721,-0.009,0.0246199119256438));
#17051=CARTESIAN_POINT('',(0.0737055962127388,-0.009,0.0220621137244957));
#17052=CARTESIAN_POINT('',(0.0615898559901204,-0.009,0.021942201798852));
#17053=CARTESIAN_POINT('',(0.0615898559901204,-0.009,0.021942201798852));
#17054=CARTESIAN_POINT('',(0.0587055962127388,-0.009,0.0220621137244957));
#17055=CARTESIAN_POINT('',(0.0631358326526355,-0.009,0.0243800880743563));
#17056=CARTESIAN_POINT('',(0.0631358326526355,-0.009,0.0243800880743563));
#17057=CARTESIAN_POINT('',(0.0617975495377688,-0.009,0.0269378862755043));
#17058=CARTESIAN_POINT('',(0.0617975495377688,-0.009,0.0269378862755043));
#17059=CARTESIAN_POINT('',(0.0589132897603872,-0.009,0.0270577982011481));
#17060=CARTESIAN_POINT('',(0.0589132897603872,-0.009,0.0270577982011481));
#17061=CARTESIAN_POINT('',(0.0573673130978721,-0.009,0.0246199119256438));
#17062=CARTESIAN_POINT('',(0.0573673130978721,-0.009,0.0246199119256438));
#17063=CARTESIAN_POINT('',(0.0587055962127388,-0.009,0.0220621137244957));
#17064=CARTESIAN_POINT('',(-0.093,0.,0.086));
#17065=CARTESIAN_POINT('',(-0.093,0.,0.086));
#17066=CARTESIAN_POINT('',(-0.093,-0.00155,0.086));
#17067=CARTESIAN_POINT('',(-0.093,0.,0.086));
#17068=CARTESIAN_POINT('',(0.093,0.,0.086));
#17069=CARTESIAN_POINT('',(0.093,0.,0.086));
#17070=CARTESIAN_POINT('',(0.093,-0.00155,0.086));
#17071=CARTESIAN_POINT('',(0.093,0.,0.086));
#17072=(
GEOMETRIC_REPRESENTATION_CONTEXT(3)
GLOBAL_UNCERTAINTY_ASSIGNED_CONTEXT((#17073))
GLOBAL_UNIT_ASSIGNED_CONTEXT((#17076,#17075,#17074))
REPRESENTATION_CONTEXT('id2','TOP_LEVEL_ASSEMBLY_PART')
);
#17073=UNCERTAINTY_MEASURE_WITH_UNIT(LENGTH_MEASURE(1.E-8),#17076,
'DISTANCE_ACCURACY_VALUE','Maximum Tolerance applied to model');
#17074=(
NAMED_UNIT(*)
SI_UNIT($,.STERADIAN.)
SOLID_ANGLE_UNIT()
);
#17075=(
NAMED_UNIT(*)
PLANE_ANGLE_UNIT()
SI_UNIT($,.RADIAN.)
);
#17076=(
LENGTH_UNIT()
NAMED_UNIT(*)
SI_UNIT($,.METRE.)
);
#17077=PRODUCT_DEFINITION_SHAPE('','',#17078);
#17078=PRODUCT_DEFINITION('','',#17080,#17079);
#17079=PRODUCT_DEFINITION_CONTEXT('',#17086,'design');
#17080=PRODUCT_DEFINITION_FORMATION_WITH_SPECIFIED_SOURCE('','',#17082,
 .NOT_KNOWN.);
#17081=PRODUCT_RELATED_PRODUCT_CATEGORY('','',(#17082));
#17082=PRODUCT('id2','id2','id2',(#17084));
#17083=PRODUCT_CATEGORY('','');
#17084=PRODUCT_CONTEXT('',#17086,'mechanical');
#17085=APPLICATION_PROTOCOL_DEFINITION('international standard',
'ap242_managed_model_based_3d_engineering',2020,#17086);
#17086=APPLICATION_CONTEXT('managed model based 3d engineering');
ENDSEC;
END-ISO-10303-21;
