ISO-10303-21;
HEADER;
/* Generated by software containing ST-Developer
 * from STEP Tools, Inc. (www.steptools.com) 
 */
/* OPTION: using custom renumber hook */

FILE_DESCRIPTION(
/* description */ ('STEP AP242 Edition 2',
'CAx-IF Rec.Pracs.---Representation and Presentation of Product Manufa
cturing Information (PMI)---4.0---2014-10-13',
'CAx-IF Rec.Pracs.---3D Tessellated Geometry---0.4---2014-09-14','2;1',
'CAx-IF Rec.Pracs.---User Defined Attributes---1.5---2016-08-15'),
/* implementation_level */ '2;1');

FILE_NAME(
/* name */ 'short Side Wall - short Side Wall',
/* time_stamp */ '2026-09-28T19:16:10Z',
/* author */ (''),
/* organization */ (''),
/* preprocessor_version */ 'ST-DEVELOPER v20',
/* originating_system */ 'ONSHAPE BY PTC INC, 1.221',
/* authorisation */ '  ');

FILE_SCHEMA (('AP242_MANAGED_MODEL_BASED_3D_ENGINEERING_MIM_LF { 1 0 10303 442 3 1 4 }'));
ENDSEC;

DATA;
#10=SHAPE_REPRESENTATION_RELATIONSHIP('','',#3232,#11);
#11=ADVANCED_BREP_SHAPE_REPRESENTATION('',(#3230),#6394);
#12=B_SPLINE_SURFACE_WITH_KNOTS('',3,1,((#5259,#5260),(#5261,#5262),(#5263,
#5264),(#5265,#5266),(#5267,#5268),(#5269,#5270),(#5271,#5272),(#5273,#5274),
(#5275,#5276),(#5277,#5278),(#5279,#5280)),.SURF_OF_LINEAR_EXTRUSION.,.F.,
 .F.,.F.,(4,1,1,1,1,1,1,1,4),(2,2),(0.,0.184755681081105,0.346845336830619,
0.49019441175614,0.611946187339363,0.715911831347077,0.810159621717742,
0.901087287374601,1.),(0.,1.),.UNSPECIFIED.);
#13=B_SPLINE_SURFACE_WITH_KNOTS('',3,1,((#5660,#5661),(#5662,#5663),(#5664,
#5665),(#5666,#5667),(#5668,#5669),(#5670,#5671),(#5672,#5673),(#5674,#5675),
(#5676,#5677),(#5678,#5679),(#5680,#5681),(#5682,#5683),(#5684,#5685),(#5686,
#5687),(#5688,#5689),(#5690,#5691),(#5692,#5693),(#5694,#5695),(#5696,#5697)),
 .SURF_OF_LINEAR_EXTRUSION.,.F.,.F.,.F.,(4,1,1,1,1,1,1,1,1,1,1,1,1,1,1,
1,4),(2,2),(0.,0.0727274946918775,0.142146879779007,0.208918330553541,0.27347871750071,
0.335812566076242,0.396514508267231,0.456268458791526,0.515763543051166,
0.574215055023297,0.631341307478012,0.688320829339361,0.745745112977912,
0.805134572859967,0.866624384468056,0.931583685740044,1.),(0.,1.),
 .UNSPECIFIED.);
#14=B_SPLINE_SURFACE_WITH_KNOTS('',3,1,((#5732,#5733),(#5734,#5735),(#5736,
#5737),(#5738,#5739),(#5740,#5741),(#5742,#5743),(#5744,#5745),(#5746,#5747),
(#5748,#5749),(#5750,#5751),(#5752,#5753),(#5754,#5755),(#5756,#5757),(#5758,
#5759),(#5760,#5761),(#5762,#5763),(#5764,#5765),(#5766,#5767),(#5768,#5769)),
 .SURF_OF_LINEAR_EXTRUSION.,.F.,.F.,.F.,(4,1,1,1,1,1,1,1,1,1,1,1,1,1,1,
1,4),(2,2),(0.,0.0745338234807663,0.144875998625891,0.211984670814659,0.275852477735292,
0.337046359099534,0.396210173628767,0.454682800402401,0.512312939240081,
0.569801463073602,0.626954027720213,0.684177859387027,0.74298410185797,
0.803091043270018,0.865423221450698,0.930879379583472,1.),(0.,1.),
 .UNSPECIFIED.);
#15=B_SPLINE_SURFACE_WITH_KNOTS('',3,1,((#5808,#5809),(#5810,#5811),(#5812,
#5813),(#5814,#5815),(#5816,#5817),(#5818,#5819),(#5820,#5821),(#5822,#5823),
(#5824,#5825),(#5826,#5827),(#5828,#5829),(#5830,#5831),(#5832,#5833),(#5834,
#5835),(#5836,#5837),(#5838,#5839),(#5840,#5841),(#5842,#5843),(#5844,#5845)),
 .SURF_OF_LINEAR_EXTRUSION.,.F.,.F.,.F.,(4,1,1,1,1,1,1,1,1,1,1,1,1,1,1,
1,4),(2,2),(0.,0.0742867075529066,0.14306704091363,0.207589026695288,0.267425913164608,
0.324167189884315,0.377932320276029,0.429149190972189,0.479753473762764,
0.53106318060687,0.584933673897162,0.64237023100928,0.7038497158994,0.769893286262416,
0.840854672185963,0.917616357507378,1.),(0.,1.),.UNSPECIFIED.);
#16=B_SPLINE_SURFACE_WITH_KNOTS('',3,1,((#5918,#5919),(#5920,#5921),(#5922,
#5923),(#5924,#5925),(#5926,#5927),(#5928,#5929),(#5930,#5931),(#5932,#5933),
(#5934,#5935),(#5936,#5937),(#5938,#5939),(#5940,#5941),(#5942,#5943),(#5944,
#5945),(#5946,#5947)),.SURF_OF_LINEAR_EXTRUSION.,.F.,.F.,.F.,(4,1,1,1,1,
1,1,1,1,1,1,1,4),(2,2),(0.,0.057380877393752,0.112280265558086,0.166627887073684,
0.220430532344417,0.274226952978673,0.330505892397826,0.389634343012989,
0.451188067581892,0.580120488134264,0.713264552617005,0.852405593114757,
1.),(0.,1.),.UNSPECIFIED.);
#17=B_SPLINE_SURFACE_WITH_KNOTS('',3,1,((#5965,#5966),(#5967,#5968),(#5969,
#5970),(#5971,#5972),(#5973,#5974),(#5975,#5976),(#5977,#5978),(#5979,#5980),
(#5981,#5982),(#5983,#5984),(#5985,#5986),(#5987,#5988),(#5989,#5990),(#5991,
#5992),(#5993,#5994)),.SURF_OF_LINEAR_EXTRUSION.,.F.,.F.,.F.,(4,1,1,1,1,
1,1,1,1,1,1,1,4),(2,2),(0.,0.0991625264935472,0.190943998998968,0.275543465447229,
0.354122240556811,0.425139528561739,0.490539031321116,0.550981844956486,
0.604956086028179,0.704140665791543,0.797869785072628,0.894643578114495,
1.),(0.,1.),.UNSPECIFIED.);
#18=B_SPLINE_SURFACE_WITH_KNOTS('',3,1,((#6038,#6039),(#6040,#6041),(#6042,
#6043),(#6044,#6045),(#6046,#6047),(#6048,#6049),(#6050,#6051),(#6052,#6053),
(#6054,#6055),(#6056,#6057),(#6058,#6059),(#6060,#6061),(#6062,#6063),(#6064,
#6065),(#6066,#6067),(#6068,#6069),(#6070,#6071),(#6072,#6073),(#6074,#6075)),
 .SURF_OF_LINEAR_EXTRUSION.,.F.,.F.,.F.,(4,1,1,1,1,1,1,1,1,1,1,1,1,1,1,
1,4),(2,2),(0.,0.0727274946918775,0.142146879779007,0.208918330553541,0.27347871750071,
0.335812566076242,0.396514508267231,0.456268458791526,0.515763543051166,
0.574215055023297,0.631341307478012,0.688320829339361,0.745745112977912,
0.805134572859967,0.866624384468056,0.931583685740044,1.),(0.,1.),
 .UNSPECIFIED.);
#19=B_SPLINE_SURFACE_WITH_KNOTS('',3,1,((#6110,#6111),(#6112,#6113),(#6114,
#6115),(#6116,#6117),(#6118,#6119),(#6120,#6121),(#6122,#6123),(#6124,#6125),
(#6126,#6127),(#6128,#6129),(#6130,#6131),(#6132,#6133),(#6134,#6135),(#6136,
#6137),(#6138,#6139),(#6140,#6141),(#6142,#6143),(#6144,#6145),(#6146,#6147)),
 .SURF_OF_LINEAR_EXTRUSION.,.F.,.F.,.F.,(4,1,1,1,1,1,1,1,1,1,1,1,1,1,1,
1,4),(2,2),(0.,0.0745338234807663,0.144875998625891,0.211984670814659,0.275852477735293,
0.337046359099534,0.396210173628767,0.454682800402397,0.512312939240081,
0.569801463073602,0.626954027720213,0.684177859387027,0.74298410185797,
0.803091043270018,0.865423221450698,0.930879379583472,1.),(0.,1.),
 .UNSPECIFIED.);
#20=B_SPLINE_SURFACE_WITH_KNOTS('',3,1,((#6186,#6187),(#6188,#6189),(#6190,
#6191),(#6192,#6193),(#6194,#6195),(#6196,#6197),(#6198,#6199),(#6200,#6201),
(#6202,#6203),(#6204,#6205),(#6206,#6207),(#6208,#6209),(#6210,#6211),(#6212,
#6213),(#6214,#6215),(#6216,#6217),(#6218,#6219),(#6220,#6221),(#6222,#6223)),
 .SURF_OF_LINEAR_EXTRUSION.,.F.,.F.,.F.,(4,1,1,1,1,1,1,1,1,1,1,1,1,1,1,
1,4),(2,2),(0.,0.0742867075529069,0.14306704091363,0.207589026695289,0.267425913164609,
0.324167189884316,0.37793232027603,0.429149190972191,0.479753473762766,
0.531063180606872,0.584933673897165,0.642370231009283,0.703849715899403,
0.769893286262419,0.840854672185971,0.917616357507382,1.),(0.,1.),
 .UNSPECIFIED.);
#21=B_SPLINE_SURFACE_WITH_KNOTS('',3,1,((#6296,#6297),(#6298,#6299),(#6300,
#6301),(#6302,#6303),(#6304,#6305),(#6306,#6307),(#6308,#6309),(#6310,#6311),
(#6312,#6313),(#6314,#6315),(#6316,#6317),(#6318,#6319),(#6320,#6321),(#6322,
#6323),(#6324,#6325)),.SURF_OF_LINEAR_EXTRUSION.,.F.,.F.,.F.,(4,1,1,1,1,
1,1,1,1,1,1,1,4),(2,2),(0.,0.057380877393752,0.112280265558086,0.166627887073684,
0.220430532344417,0.274226952978673,0.330505892397826,0.389634343012989,
0.451188067581892,0.580120488134264,0.713264552617005,0.852405593114757,
1.),(0.,1.),.UNSPECIFIED.);
#22=B_SPLINE_SURFACE_WITH_KNOTS('',3,1,((#6343,#6344),(#6345,#6346),(#6347,
#6348),(#6349,#6350),(#6351,#6352),(#6353,#6354),(#6355,#6356),(#6357,#6358),
(#6359,#6360),(#6361,#6362),(#6363,#6364),(#6365,#6366),(#6367,#6368),(#6369,
#6370),(#6371,#6372)),.SURF_OF_LINEAR_EXTRUSION.,.F.,.F.,.F.,(4,1,1,1,1,
1,1,1,1,1,1,1,4),(2,2),(0.,0.0991625264935472,0.190943998998968,0.275543465447229,
0.354122240556811,0.425139528561739,0.490539031321116,0.550981844956486,
0.604956086028179,0.704140665791543,0.797869785072628,0.894643578114495,
1.),(0.,1.),.UNSPECIFIED.);
#23=CYLINDRICAL_SURFACE('',#3237,0.00175);
#24=CYLINDRICAL_SURFACE('',#3241,0.003);
#25=CYLINDRICAL_SURFACE('',#3244,0.003);
#26=CYLINDRICAL_SURFACE('',#3248,0.00175);
#27=CYLINDRICAL_SURFACE('',#3252,0.003);
#28=CYLINDRICAL_SURFACE('',#3255,0.003);
#29=CYLINDRICAL_SURFACE('',#3259,0.00175);
#30=CYLINDRICAL_SURFACE('',#3263,0.003);
#31=CYLINDRICAL_SURFACE('',#3269,0.003);
#32=CYLINDRICAL_SURFACE('',#3273,0.00175);
#33=CYLINDRICAL_SURFACE('',#3277,0.003);
#34=CYLINDRICAL_SURFACE('',#3280,0.003);
#35=CYLINDRICAL_SURFACE('',#3300,0.002);
#36=CYLINDRICAL_SURFACE('',#3301,0.002);
#37=CYLINDRICAL_SURFACE('',#3303,0.0180627140057784);
#38=CYLINDRICAL_SURFACE('',#3304,0.0164293610330607);
#39=CYLINDRICAL_SURFACE('',#3307,7.89634529148928E-5);
#40=CYLINDRICAL_SURFACE('',#3308,0.0144619213409994);
#41=CYLINDRICAL_SURFACE('',#3310,0.021085234395682);
#42=CYLINDRICAL_SURFACE('',#3311,8.14970154680301E-5);
#43=CYLINDRICAL_SURFACE('',#3314,0.0461686522045489);
#44=CYLINDRICAL_SURFACE('',#3315,0.0335536479586682);
#45=CYLINDRICAL_SURFACE('',#3318,8.18777163208586E-5);
#46=CYLINDRICAL_SURFACE('',#3321,0.0435665466266845);
#47=CYLINDRICAL_SURFACE('',#3322,0.0277899690251972);
#48=CYLINDRICAL_SURFACE('',#3326,0.00982700355185625);
#49=CYLINDRICAL_SURFACE('',#3329,0.0203242350305137);
#50=CYLINDRICAL_SURFACE('',#3330,8.38981974601186E-5);
#51=CYLINDRICAL_SURFACE('',#3333,0.0266593168857052);
#52=CYLINDRICAL_SURFACE('',#3334,0.0371876533223399);
#53=CYLINDRICAL_SURFACE('',#3337,8.1205350429665E-5);
#54=CYLINDRICAL_SURFACE('',#3338,0.018075551471773);
#55=CYLINDRICAL_SURFACE('',#3340,0.012475279435045);
#56=CYLINDRICAL_SURFACE('',#3341,7.89634529149124E-5);
#57=CYLINDRICAL_SURFACE('',#3344,0.0247884852331946);
#58=CYLINDRICAL_SURFACE('',#3345,0.01435091666406);
#59=CYLINDRICAL_SURFACE('',#3347,0.00574683819688665);
#60=CYLINDRICAL_SURFACE('',#3348,0.0352208329702779);
#61=CYLINDRICAL_SURFACE('',#3351,0.0147044979990792);
#62=CYLINDRICAL_SURFACE('',#3354,0.00173592217390846);
#63=CYLINDRICAL_SURFACE('',#3356,0.0234081965163305);
#64=CYLINDRICAL_SURFACE('',#3358,0.00101783964999717);
#65=CYLINDRICAL_SURFACE('',#3360,0.0245617988682701);
#66=CYLINDRICAL_SURFACE('',#3361,8.12222711801662E-5);
#67=CYLINDRICAL_SURFACE('',#3364,0.0547693503039338);
#68=CYLINDRICAL_SURFACE('',#3365,0.0426777414931448);
#69=CYLINDRICAL_SURFACE('',#3368,7.16341304961121E-5);
#70=CYLINDRICAL_SURFACE('',#3369,0.0167788997627074);
#71=CYLINDRICAL_SURFACE('',#3371,0.0126133126656975);
#72=CYLINDRICAL_SURFACE('',#3374,0.00035634444972248);
#73=CYLINDRICAL_SURFACE('',#3375,0.000357927490302066);
#74=CYLINDRICAL_SURFACE('',#3376,0.00036511322657742);
#75=CYLINDRICAL_SURFACE('',#3377,0.000363238034493984);
#76=CYLINDRICAL_SURFACE('',#3379,0.0246446595915797);
#77=CYLINDRICAL_SURFACE('',#3381,0.0336407299481904);
#78=CYLINDRICAL_SURFACE('',#3387,0.123400749192332);
#79=CYLINDRICAL_SURFACE('',#3391,7.99525632687565E-5);
#80=CYLINDRICAL_SURFACE('',#3392,0.0207265738846579);
#81=CYLINDRICAL_SURFACE('',#3394,0.0146348505607173);
#82=CYLINDRICAL_SURFACE('',#3395,7.87992000252733E-5);
#83=CYLINDRICAL_SURFACE('',#3398,0.0237654646612074);
#84=CYLINDRICAL_SURFACE('',#3399,0.0240747342550144);
#85=CYLINDRICAL_SURFACE('',#3402,7.74612358850633E-5);
#86=CYLINDRICAL_SURFACE('',#3405,0.00214497907847731);
#87=CYLINDRICAL_SURFACE('',#3406,0.00120263098031842);
#88=CYLINDRICAL_SURFACE('',#3407,0.00120432845245685);
#89=CYLINDRICAL_SURFACE('',#3409,0.0026623676862005);
#90=CYLINDRICAL_SURFACE('',#3414,0.00214497907847714);
#91=CYLINDRICAL_SURFACE('',#3415,0.00120263098021738);
#92=CYLINDRICAL_SURFACE('',#3416,0.00120432845189402);
#93=CYLINDRICAL_SURFACE('',#3418,0.0026623676862009);
#94=CIRCLE('',#3235,0.002);
#95=CIRCLE('',#3236,0.002);
#96=CIRCLE('',#3238,0.00175);
#97=CIRCLE('',#3239,0.00175);
#98=CIRCLE('',#3242,0.003);
#99=CIRCLE('',#3243,0.003);
#100=CIRCLE('',#3245,0.003);
#101=CIRCLE('',#3246,0.003);
#102=CIRCLE('',#3249,0.00175);
#103=CIRCLE('',#3250,0.00175);
#104=CIRCLE('',#3253,0.003);
#105=CIRCLE('',#3254,0.003);
#106=CIRCLE('',#3256,0.003);
#107=CIRCLE('',#3257,0.003);
#108=CIRCLE('',#3260,0.00175);
#109=CIRCLE('',#3261,0.00175);
#110=CIRCLE('',#3264,0.003);
#111=CIRCLE('',#3265,0.003);
#112=CIRCLE('',#3267,0.002);
#113=CIRCLE('',#3268,0.002);
#114=CIRCLE('',#3270,0.003);
#115=CIRCLE('',#3271,0.003);
#116=CIRCLE('',#3274,0.00175);
#117=CIRCLE('',#3275,0.00175);
#118=CIRCLE('',#3278,0.003);
#119=CIRCLE('',#3279,0.003);
#120=CIRCLE('',#3281,0.003);
#121=CIRCLE('',#3282,0.003);
#122=B_SPLINE_CURVE_WITH_KNOTS('',3,(#4038,#4039,#4040,#4041,#4042,#4043,
#4044),.UNSPECIFIED.,.F.,.F.,(4,1,1,1,4),(0.,0.25,0.5,0.75,1.),
 .UNSPECIFIED.);
#123=B_SPLINE_CURVE_WITH_KNOTS('',3,(#4046,#4047,#4048,#4049,#4050,#4051,
#4052,#4053,#4054,#4055,#4056,#4057,#4058,#4059,#4060,#4061,#4062,#4063,
#4064),.UNSPECIFIED.,.F.,.F.,(4,1,1,1,1,1,1,1,1,1,1,1,1,1,1,1,4),(0.,0.0727274946918775,
0.142146879779007,0.208918330553541,0.27347871750071,0.335812566076242,
0.396514508267231,0.456268458791526,0.515763543051166,0.574215055023297,
0.631341307478012,0.688320829339361,0.745745112977912,0.805134572859967,
0.866624384468056,0.931583685740044,1.),.UNSPECIFIED.);
#124=B_SPLINE_CURVE_WITH_KNOTS('',3,(#4066,#4067,#4068,#4069),
 .UNSPECIFIED.,.F.,.F.,(4,4),(0.,1.),.UNSPECIFIED.);
#125=B_SPLINE_CURVE_WITH_KNOTS('',3,(#4071,#4072,#4073,#4074,#4075,#4076,
#4077,#4078,#4079,#4080,#4081,#4082,#4083,#4084,#4085,#4086,#4087,#4088,
#4089),.UNSPECIFIED.,.F.,.F.,(4,1,1,1,1,1,1,1,1,1,1,1,1,1,1,1,4),(0.,0.0745338234807663,
0.144875998625891,0.211984670814659,0.275852477735292,0.337046359099534,
0.396210173628767,0.454682800402401,0.512312939240081,0.569801463073602,
0.626954027720213,0.684177859387027,0.74298410185797,0.803091043270018,
0.865423221450698,0.930879379583472,1.),.UNSPECIFIED.);
#126=B_SPLINE_CURVE_WITH_KNOTS('',3,(#4091,#4092,#4093,#4094),
 .UNSPECIFIED.,.F.,.F.,(4,4),(0.,1.),.UNSPECIFIED.);
#127=B_SPLINE_CURVE_WITH_KNOTS('',3,(#4098,#4099,#4100,#4101,#4102,#4103,
#4104,#4105,#4106,#4107,#4108,#4109,#4110,#4111,#4112,#4113,#4114,#4115,
#4116),.UNSPECIFIED.,.F.,.F.,(4,1,1,1,1,1,1,1,1,1,1,1,1,1,1,1,4),(0.,0.0742867075529066,
0.14306704091363,0.207589026695288,0.267425913164608,0.324167189884315,
0.377932320276029,0.429149190972189,0.479753473762764,0.53106318060687,
0.584933673897162,0.64237023100928,0.7038497158994,0.769893286262416,0.840854672185963,
0.917616357507378,1.),.UNSPECIFIED.);
#128=B_SPLINE_CURVE_WITH_KNOTS('',3,(#4118,#4119,#4120,#4121),
 .UNSPECIFIED.,.F.,.F.,(4,4),(0.,1.),.UNSPECIFIED.);
#129=B_SPLINE_CURVE_WITH_KNOTS('',3,(#4122,#4123,#4124,#4125),
 .UNSPECIFIED.,.F.,.F.,(4,4),(0.,1.),.UNSPECIFIED.);
#130=B_SPLINE_CURVE_WITH_KNOTS('',3,(#4128,#4129,#4130,#4131),
 .UNSPECIFIED.,.F.,.F.,(4,4),(0.,1.),.UNSPECIFIED.);
#131=B_SPLINE_CURVE_WITH_KNOTS('',3,(#4133,#4134,#4135,#4136,#4137,#4138,
#4139),.UNSPECIFIED.,.F.,.F.,(4,1,1,1,4),(0.,0.25,0.5,0.75,1.),
 .UNSPECIFIED.);
#132=B_SPLINE_CURVE_WITH_KNOTS('',3,(#4141,#4142,#4143,#4144),
 .UNSPECIFIED.,.F.,.F.,(4,4),(0.,1.),.UNSPECIFIED.);
#133=B_SPLINE_CURVE_WITH_KNOTS('',3,(#4148,#4149,#4150,#4151,#4152,#4153,
#4154),.UNSPECIFIED.,.F.,.F.,(4,1,1,1,4),(0.,0.25,0.5,0.75,1.),
 .UNSPECIFIED.);
#134=B_SPLINE_CURVE_WITH_KNOTS('',3,(#4156,#4157,#4158,#4159,#4160,#4161),
 .UNSPECIFIED.,.F.,.F.,(4,1,1,4),(0.,0.5,0.75,1.),.UNSPECIFIED.);
#135=B_SPLINE_CURVE_WITH_KNOTS('',3,(#4167,#4168,#4169,#4170),
 .UNSPECIFIED.,.F.,.F.,(4,4),(0.,1.),.UNSPECIFIED.);
#136=B_SPLINE_CURVE_WITH_KNOTS('',3,(#4172,#4173,#4174,#4175),
 .UNSPECIFIED.,.F.,.F.,(4,4),(0.,1.),.UNSPECIFIED.);
#137=B_SPLINE_CURVE_WITH_KNOTS('',3,(#4179,#4180,#4181,#4182),
 .UNSPECIFIED.,.F.,.F.,(4,4),(0.,1.),.UNSPECIFIED.);
#138=B_SPLINE_CURVE_WITH_KNOTS('',3,(#4184,#4185,#4186,#4187),
 .UNSPECIFIED.,.F.,.F.,(4,4),(0.,1.),.UNSPECIFIED.);
#139=B_SPLINE_CURVE_WITH_KNOTS('',3,(#4193,#4194,#4195,#4196),
 .UNSPECIFIED.,.F.,.F.,(4,4),(0.,1.),.UNSPECIFIED.);
#140=B_SPLINE_CURVE_WITH_KNOTS('',3,(#4198,#4199,#4200,#4201),
 .UNSPECIFIED.,.F.,.F.,(4,4),(0.,1.),.UNSPECIFIED.);
#141=B_SPLINE_CURVE_WITH_KNOTS('',3,(#4207,#4208,#4209,#4210),
 .UNSPECIFIED.,.F.,.F.,(4,4),(0.,1.),.UNSPECIFIED.);
#142=B_SPLINE_CURVE_WITH_KNOTS('',3,(#4212,#4213,#4214,#4215),
 .UNSPECIFIED.,.F.,.F.,(4,4),(0.,1.),.UNSPECIFIED.);
#143=B_SPLINE_CURVE_WITH_KNOTS('',3,(#4219,#4220,#4221,#4222),
 .UNSPECIFIED.,.F.,.F.,(4,4),(0.,1.),.UNSPECIFIED.);
#144=B_SPLINE_CURVE_WITH_KNOTS('',3,(#4224,#4225,#4226,#4227),
 .UNSPECIFIED.,.F.,.F.,(4,4),(0.,1.),.UNSPECIFIED.);
#145=B_SPLINE_CURVE_WITH_KNOTS('',3,(#4235,#4236,#4237,#4238),
 .UNSPECIFIED.,.F.,.F.,(4,4),(0.,1.),.UNSPECIFIED.);
#146=B_SPLINE_CURVE_WITH_KNOTS('',3,(#4240,#4241,#4242,#4243),
 .UNSPECIFIED.,.F.,.F.,(4,4),(0.,1.),.UNSPECIFIED.);
#147=B_SPLINE_CURVE_WITH_KNOTS('',3,(#4247,#4248,#4249,#4250),
 .UNSPECIFIED.,.F.,.F.,(4,4),(0.,1.),.UNSPECIFIED.);
#148=B_SPLINE_CURVE_WITH_KNOTS('',3,(#4252,#4253,#4254,#4255),
 .UNSPECIFIED.,.F.,.F.,(4,4),(0.,1.),.UNSPECIFIED.);
#149=B_SPLINE_CURVE_WITH_KNOTS('',3,(#4261,#4262,#4263,#4264),
 .UNSPECIFIED.,.F.,.F.,(4,4),(0.,1.),.UNSPECIFIED.);
#150=B_SPLINE_CURVE_WITH_KNOTS('',3,(#4266,#4267,#4268,#4269),
 .UNSPECIFIED.,.F.,.F.,(4,4),(0.,1.),.UNSPECIFIED.);
#151=B_SPLINE_CURVE_WITH_KNOTS('',3,(#4275,#4276,#4277,#4278),
 .UNSPECIFIED.,.F.,.F.,(4,4),(0.,1.),.UNSPECIFIED.);
#152=B_SPLINE_CURVE_WITH_KNOTS('',3,(#4280,#4281,#4282,#4283),
 .UNSPECIFIED.,.F.,.F.,(4,4),(0.,1.),.UNSPECIFIED.);
#153=B_SPLINE_CURVE_WITH_KNOTS('',3,(#4287,#4288,#4289,#4290),
 .UNSPECIFIED.,.F.,.F.,(4,4),(0.,1.),.UNSPECIFIED.);
#154=B_SPLINE_CURVE_WITH_KNOTS('',3,(#4292,#4293,#4294,#4295),
 .UNSPECIFIED.,.F.,.F.,(4,4),(0.,1.),.UNSPECIFIED.);
#155=B_SPLINE_CURVE_WITH_KNOTS('',3,(#4301,#4302,#4303,#4304),
 .UNSPECIFIED.,.F.,.F.,(4,4),(0.,1.),.UNSPECIFIED.);
#156=B_SPLINE_CURVE_WITH_KNOTS('',3,(#4306,#4307,#4308,#4309),
 .UNSPECIFIED.,.F.,.F.,(4,4),(0.,1.),.UNSPECIFIED.);
#157=B_SPLINE_CURVE_WITH_KNOTS('',3,(#4313,#4314,#4315,#4316),
 .UNSPECIFIED.,.F.,.F.,(4,4),(0.,1.),.UNSPECIFIED.);
#158=B_SPLINE_CURVE_WITH_KNOTS('',3,(#4318,#4319,#4320,#4321),
 .UNSPECIFIED.,.F.,.F.,(4,4),(0.,1.),.UNSPECIFIED.);
#159=B_SPLINE_CURVE_WITH_KNOTS('',3,(#4369,#4370,#4371,#4372,#4373),
 .UNSPECIFIED.,.F.,.F.,(4,1,4),(0.,0.5,1.),.UNSPECIFIED.);
#160=B_SPLINE_CURVE_WITH_KNOTS('',3,(#4379,#4380,#4381,#4382),
 .UNSPECIFIED.,.F.,.F.,(4,4),(0.,1.),.UNSPECIFIED.);
#161=B_SPLINE_CURVE_WITH_KNOTS('',3,(#4386,#4387,#4388,#4389),
 .UNSPECIFIED.,.F.,.F.,(4,4),(0.,1.),.UNSPECIFIED.);
#162=B_SPLINE_CURVE_WITH_KNOTS('',3,(#4393,#4394,#4395,#4396,#4397,#4398,
#4399,#4400,#4401,#4402,#4403),.UNSPECIFIED.,.F.,.F.,(4,1,1,1,1,1,1,1,4),
(0.,0.184755681081105,0.346845336830619,0.49019441175614,0.611946187339363,
0.715911831347077,0.810159621717742,0.901087287374601,1.),.UNSPECIFIED.);
#163=B_SPLINE_CURVE_WITH_KNOTS('',3,(#4405,#4406,#4407,#4408),
 .UNSPECIFIED.,.F.,.F.,(4,4),(0.,1.),.UNSPECIFIED.);
#164=B_SPLINE_CURVE_WITH_KNOTS('',3,(#4412,#4413,#4414,#4415),
 .UNSPECIFIED.,.F.,.F.,(4,4),(0.,1.),.UNSPECIFIED.);
#165=B_SPLINE_CURVE_WITH_KNOTS('',3,(#4417,#4418,#4419,#4420),
 .UNSPECIFIED.,.F.,.F.,(4,4),(0.,1.),.UNSPECIFIED.);
#166=B_SPLINE_CURVE_WITH_KNOTS('',3,(#4426,#4427,#4428,#4429),
 .UNSPECIFIED.,.F.,.F.,(4,4),(0.,1.),.UNSPECIFIED.);
#167=B_SPLINE_CURVE_WITH_KNOTS('',3,(#4431,#4432,#4433,#4434),
 .UNSPECIFIED.,.F.,.F.,(4,4),(0.,1.),.UNSPECIFIED.);
#168=B_SPLINE_CURVE_WITH_KNOTS('',3,(#4440,#4441,#4442,#4443),
 .UNSPECIFIED.,.F.,.F.,(4,4),(0.,1.),.UNSPECIFIED.);
#169=B_SPLINE_CURVE_WITH_KNOTS('',3,(#4445,#4446,#4447,#4448),
 .UNSPECIFIED.,.F.,.F.,(4,4),(0.,1.),.UNSPECIFIED.);
#170=B_SPLINE_CURVE_WITH_KNOTS('',3,(#4452,#4453,#4454,#4455),
 .UNSPECIFIED.,.F.,.F.,(4,4),(0.,1.),.UNSPECIFIED.);
#171=B_SPLINE_CURVE_WITH_KNOTS('',3,(#4458,#4459,#4460,#4461),
 .UNSPECIFIED.,.F.,.F.,(4,4),(0.,1.),.UNSPECIFIED.);
#172=B_SPLINE_CURVE_WITH_KNOTS('',3,(#4466,#4467,#4468,#4469),
 .UNSPECIFIED.,.F.,.F.,(4,4),(0.,1.),.UNSPECIFIED.);
#173=B_SPLINE_CURVE_WITH_KNOTS('',3,(#4481,#4482,#4483,#4484),
 .UNSPECIFIED.,.F.,.F.,(4,4),(0.,1.),.UNSPECIFIED.);
#174=B_SPLINE_CURVE_WITH_KNOTS('',3,(#4492,#4493,#4494,#4495),
 .UNSPECIFIED.,.F.,.F.,(4,4),(0.,1.),.UNSPECIFIED.);
#175=B_SPLINE_CURVE_WITH_KNOTS('',3,(#4497,#4498,#4499,#4500),
 .UNSPECIFIED.,.F.,.F.,(4,4),(0.,1.),.UNSPECIFIED.);
#176=B_SPLINE_CURVE_WITH_KNOTS('',3,(#4504,#4505,#4506,#4507),
 .UNSPECIFIED.,.F.,.F.,(4,4),(0.,1.),.UNSPECIFIED.);
#177=B_SPLINE_CURVE_WITH_KNOTS('',3,(#4509,#4510,#4511,#4512),
 .UNSPECIFIED.,.F.,.F.,(4,4),(0.,1.),.UNSPECIFIED.);
#178=B_SPLINE_CURVE_WITH_KNOTS('',3,(#4518,#4519,#4520,#4521),
 .UNSPECIFIED.,.F.,.F.,(4,4),(0.,1.),.UNSPECIFIED.);
#179=B_SPLINE_CURVE_WITH_KNOTS('',3,(#4523,#4524,#4525,#4526),
 .UNSPECIFIED.,.F.,.F.,(4,4),(0.,1.),.UNSPECIFIED.);
#180=B_SPLINE_CURVE_WITH_KNOTS('',3,(#4532,#4533,#4534,#4535),
 .UNSPECIFIED.,.F.,.F.,(4,4),(0.,1.),.UNSPECIFIED.);
#181=B_SPLINE_CURVE_WITH_KNOTS('',3,(#4539,#4540,#4541,#4542,#4543,#4544,
#4545),.UNSPECIFIED.,.F.,.F.,(4,1,1,1,4),(0.,0.25,0.5,0.75,1.),
 .UNSPECIFIED.);
#182=B_SPLINE_CURVE_WITH_KNOTS('',3,(#4547,#4548,#4549,#4550,#4551,#4552,
#4553,#4554,#4555,#4556,#4557,#4558,#4559,#4560,#4561,#4562,#4563,#4564,
#4565),.UNSPECIFIED.,.F.,.F.,(4,1,1,1,1,1,1,1,1,1,1,1,1,1,1,1,4),(0.,0.0727274946918775,
0.142146879779007,0.208918330553541,0.27347871750071,0.335812566076242,
0.396514508267231,0.456268458791526,0.515763543051166,0.574215055023297,
0.631341307478012,0.688320829339361,0.745745112977912,0.805134572859967,
0.866624384468056,0.931583685740044,1.),.UNSPECIFIED.);
#183=B_SPLINE_CURVE_WITH_KNOTS('',3,(#4567,#4568,#4569,#4570),
 .UNSPECIFIED.,.F.,.F.,(4,4),(0.,1.),.UNSPECIFIED.);
#184=B_SPLINE_CURVE_WITH_KNOTS('',3,(#4572,#4573,#4574,#4575,#4576,#4577,
#4578,#4579,#4580,#4581,#4582,#4583,#4584,#4585,#4586,#4587,#4588,#4589,
#4590),.UNSPECIFIED.,.F.,.F.,(4,1,1,1,1,1,1,1,1,1,1,1,1,1,1,1,4),(0.,0.0745338234807663,
0.144875998625891,0.211984670814659,0.275852477735293,0.337046359099534,
0.396210173628767,0.454682800402397,0.512312939240081,0.569801463073602,
0.626954027720213,0.684177859387027,0.74298410185797,0.803091043270018,
0.865423221450698,0.930879379583472,1.),.UNSPECIFIED.);
#185=B_SPLINE_CURVE_WITH_KNOTS('',3,(#4592,#4593,#4594,#4595),
 .UNSPECIFIED.,.F.,.F.,(4,4),(0.,1.),.UNSPECIFIED.);
#186=B_SPLINE_CURVE_WITH_KNOTS('',3,(#4599,#4600,#4601,#4602,#4603,#4604,
#4605,#4606,#4607,#4608,#4609,#4610,#4611,#4612,#4613,#4614,#4615,#4616,
#4617),.UNSPECIFIED.,.F.,.F.,(4,1,1,1,1,1,1,1,1,1,1,1,1,1,1,1,4),(0.,0.0742867075529069,
0.14306704091363,0.207589026695289,0.267425913164609,0.324167189884316,
0.37793232027603,0.429149190972191,0.479753473762766,0.531063180606872,
0.584933673897165,0.642370231009283,0.703849715899403,0.769893286262419,
0.840854672185971,0.917616357507382,1.),.UNSPECIFIED.);
#187=B_SPLINE_CURVE_WITH_KNOTS('',3,(#4619,#4620,#4621,#4622),
 .UNSPECIFIED.,.F.,.F.,(4,4),(0.,1.),.UNSPECIFIED.);
#188=B_SPLINE_CURVE_WITH_KNOTS('',3,(#4809,#4810,#4811,#4812),
 .UNSPECIFIED.,.F.,.F.,(4,4),(0.,1.),.UNSPECIFIED.);
#189=B_SPLINE_CURVE_WITH_KNOTS('',3,(#4816,#4817,#4818,#4819),
 .UNSPECIFIED.,.F.,.F.,(4,4),(0.,1.),.UNSPECIFIED.);
#190=B_SPLINE_CURVE_WITH_KNOTS('',3,(#4821,#4822,#4823,#4824,#4825,#4826),
 .UNSPECIFIED.,.F.,.F.,(4,1,1,4),(0.,0.5,0.75,1.),.UNSPECIFIED.);
#191=B_SPLINE_CURVE_WITH_KNOTS('',3,(#4828,#4829,#4830,#4831),
 .UNSPECIFIED.,.F.,.F.,(4,4),(0.,1.),.UNSPECIFIED.);
#192=B_SPLINE_CURVE_WITH_KNOTS('',3,(#4833,#4834,#4835,#4836,#4837,#4838),
 .UNSPECIFIED.,.F.,.F.,(4,1,1,4),(0.,0.25,0.5,1.),.UNSPECIFIED.);
#193=B_SPLINE_CURVE_WITH_KNOTS('',3,(#4840,#4841,#4842,#4843),
 .UNSPECIFIED.,.F.,.F.,(4,4),(0.,1.),.UNSPECIFIED.);
#194=B_SPLINE_CURVE_WITH_KNOTS('',3,(#4851,#4852,#4853,#4854),
 .UNSPECIFIED.,.F.,.F.,(4,4),(0.,1.),.UNSPECIFIED.);
#195=B_SPLINE_CURVE_WITH_KNOTS('',3,(#4856,#4857,#4858,#4859),
 .UNSPECIFIED.,.F.,.F.,(4,4),(0.,1.),.UNSPECIFIED.);
#196=B_SPLINE_CURVE_WITH_KNOTS('',3,(#4861,#4862,#4863,#4864),
 .UNSPECIFIED.,.F.,.F.,(4,4),(0.,1.),.UNSPECIFIED.);
#197=B_SPLINE_CURVE_WITH_KNOTS('',3,(#4866,#4867,#4868,#4869),
 .UNSPECIFIED.,.F.,.F.,(4,4),(0.,1.),.UNSPECIFIED.);
#198=B_SPLINE_CURVE_WITH_KNOTS('',3,(#4871,#4872,#4873,#4874),
 .UNSPECIFIED.,.F.,.F.,(4,4),(0.,1.),.UNSPECIFIED.);
#199=B_SPLINE_CURVE_WITH_KNOTS('',3,(#4878,#4879,#4880,#4881),
 .UNSPECIFIED.,.F.,.F.,(4,4),(0.,1.),.UNSPECIFIED.);
#200=B_SPLINE_CURVE_WITH_KNOTS('',3,(#4883,#4884,#4885,#4886),
 .UNSPECIFIED.,.F.,.F.,(4,4),(0.,1.),.UNSPECIFIED.);
#201=B_SPLINE_CURVE_WITH_KNOTS('',3,(#4888,#4889,#4890,#4891),
 .UNSPECIFIED.,.F.,.F.,(4,4),(0.,1.),.UNSPECIFIED.);
#202=B_SPLINE_CURVE_WITH_KNOTS('',3,(#4893,#4894,#4895,#4896),
 .UNSPECIFIED.,.F.,.F.,(4,4),(0.,1.),.UNSPECIFIED.);
#203=B_SPLINE_CURVE_WITH_KNOTS('',3,(#4898,#4899,#4900,#4901),
 .UNSPECIFIED.,.F.,.F.,(4,4),(0.,1.),.UNSPECIFIED.);
#204=B_SPLINE_CURVE_WITH_KNOTS('',3,(#4909,#4910,#4911,#4912),
 .UNSPECIFIED.,.F.,.F.,(4,4),(0.,1.),.UNSPECIFIED.);
#205=B_SPLINE_CURVE_WITH_KNOTS('',3,(#4914,#4915,#4916,#4917),
 .UNSPECIFIED.,.F.,.F.,(4,4),(0.,1.),.UNSPECIFIED.);
#206=B_SPLINE_CURVE_WITH_KNOTS('',3,(#4919,#4920,#4921,#4922),
 .UNSPECIFIED.,.F.,.F.,(4,4),(0.,1.),.UNSPECIFIED.);
#207=B_SPLINE_CURVE_WITH_KNOTS('',3,(#4924,#4925,#4926,#4927),
 .UNSPECIFIED.,.F.,.F.,(4,4),(0.,1.),.UNSPECIFIED.);
#208=B_SPLINE_CURVE_WITH_KNOTS('',3,(#4929,#4930,#4931,#4932),
 .UNSPECIFIED.,.F.,.F.,(4,4),(0.,1.),.UNSPECIFIED.);
#209=B_SPLINE_CURVE_WITH_KNOTS('',3,(#4940,#4941,#4942,#4943),
 .UNSPECIFIED.,.F.,.F.,(4,4),(0.,1.),.UNSPECIFIED.);
#210=B_SPLINE_CURVE_WITH_KNOTS('',3,(#4945,#4946,#4947,#4948),
 .UNSPECIFIED.,.F.,.F.,(4,4),(0.,1.),.UNSPECIFIED.);
#211=B_SPLINE_CURVE_WITH_KNOTS('',3,(#4950,#4951,#4952,#4953),
 .UNSPECIFIED.,.F.,.F.,(4,4),(0.,1.),.UNSPECIFIED.);
#212=B_SPLINE_CURVE_WITH_KNOTS('',3,(#4955,#4956,#4957,#4958),
 .UNSPECIFIED.,.F.,.F.,(4,4),(0.,1.),.UNSPECIFIED.);
#213=B_SPLINE_CURVE_WITH_KNOTS('',3,(#4960,#4961,#4962,#4963),
 .UNSPECIFIED.,.F.,.F.,(4,4),(0.,1.),.UNSPECIFIED.);
#214=B_SPLINE_CURVE_WITH_KNOTS('',3,(#4967,#4968,#4969,#4970),
 .UNSPECIFIED.,.F.,.F.,(4,4),(0.,1.),.UNSPECIFIED.);
#215=B_SPLINE_CURVE_WITH_KNOTS('',3,(#4972,#4973,#4974,#4975),
 .UNSPECIFIED.,.F.,.F.,(4,4),(0.,1.),.UNSPECIFIED.);
#216=B_SPLINE_CURVE_WITH_KNOTS('',3,(#4977,#4978,#4979,#4980),
 .UNSPECIFIED.,.F.,.F.,(4,4),(0.,1.),.UNSPECIFIED.);
#217=B_SPLINE_CURVE_WITH_KNOTS('',3,(#4982,#4983,#4984,#4985),
 .UNSPECIFIED.,.F.,.F.,(4,4),(0.,1.),.UNSPECIFIED.);
#218=B_SPLINE_CURVE_WITH_KNOTS('',3,(#4987,#4988,#4989,#4990),
 .UNSPECIFIED.,.F.,.F.,(4,4),(0.,1.),.UNSPECIFIED.);
#219=B_SPLINE_CURVE_WITH_KNOTS('',3,(#5002,#5003,#5004,#5005),
 .UNSPECIFIED.,.F.,.F.,(4,4),(0.,1.),.UNSPECIFIED.);
#220=B_SPLINE_CURVE_WITH_KNOTS('',3,(#5007,#5008,#5009,#5010),
 .UNSPECIFIED.,.F.,.F.,(4,4),(0.,1.),.UNSPECIFIED.);
#221=B_SPLINE_CURVE_WITH_KNOTS('',3,(#5012,#5013,#5014,#5015),
 .UNSPECIFIED.,.F.,.F.,(4,4),(0.,1.),.UNSPECIFIED.);
#222=B_SPLINE_CURVE_WITH_KNOTS('',3,(#5017,#5018,#5019,#5020),
 .UNSPECIFIED.,.F.,.F.,(4,4),(0.,1.),.UNSPECIFIED.);
#223=B_SPLINE_CURVE_WITH_KNOTS('',3,(#5022,#5023,#5024,#5025),
 .UNSPECIFIED.,.F.,.F.,(4,4),(0.,1.),.UNSPECIFIED.);
#224=B_SPLINE_CURVE_WITH_KNOTS('',3,(#5029,#5030,#5031,#5032),
 .UNSPECIFIED.,.F.,.F.,(4,4),(0.,1.),.UNSPECIFIED.);
#225=B_SPLINE_CURVE_WITH_KNOTS('',3,(#5034,#5035,#5036,#5037),
 .UNSPECIFIED.,.F.,.F.,(4,4),(0.,1.),.UNSPECIFIED.);
#226=B_SPLINE_CURVE_WITH_KNOTS('',3,(#5039,#5040,#5041,#5042),
 .UNSPECIFIED.,.F.,.F.,(4,4),(0.,1.),.UNSPECIFIED.);
#227=B_SPLINE_CURVE_WITH_KNOTS('',3,(#5044,#5045,#5046,#5047),
 .UNSPECIFIED.,.F.,.F.,(4,4),(0.,1.),.UNSPECIFIED.);
#228=B_SPLINE_CURVE_WITH_KNOTS('',3,(#5049,#5050,#5051,#5052),
 .UNSPECIFIED.,.F.,.F.,(4,4),(0.,1.),.UNSPECIFIED.);
#229=B_SPLINE_CURVE_WITH_KNOTS('',3,(#5060,#5061,#5062,#5063),
 .UNSPECIFIED.,.F.,.F.,(4,4),(0.,1.),.UNSPECIFIED.);
#230=B_SPLINE_CURVE_WITH_KNOTS('',3,(#5065,#5066,#5067,#5068),
 .UNSPECIFIED.,.F.,.F.,(4,4),(0.,1.),.UNSPECIFIED.);
#231=B_SPLINE_CURVE_WITH_KNOTS('',3,(#5070,#5071,#5072,#5073),
 .UNSPECIFIED.,.F.,.F.,(4,4),(0.,1.),.UNSPECIFIED.);
#232=B_SPLINE_CURVE_WITH_KNOTS('',3,(#5075,#5076,#5077,#5078),
 .UNSPECIFIED.,.F.,.F.,(4,4),(0.,1.),.UNSPECIFIED.);
#233=B_SPLINE_CURVE_WITH_KNOTS('',3,(#5080,#5081,#5082,#5083),
 .UNSPECIFIED.,.F.,.F.,(4,4),(0.,1.),.UNSPECIFIED.);
#234=B_SPLINE_CURVE_WITH_KNOTS('',3,(#5091,#5092,#5093,#5094),
 .UNSPECIFIED.,.F.,.F.,(4,4),(0.,1.),.UNSPECIFIED.);
#235=B_SPLINE_CURVE_WITH_KNOTS('',3,(#5096,#5097,#5098,#5099),
 .UNSPECIFIED.,.F.,.F.,(4,4),(0.,1.),.UNSPECIFIED.);
#236=B_SPLINE_CURVE_WITH_KNOTS('',3,(#5101,#5102,#5103,#5104),
 .UNSPECIFIED.,.F.,.F.,(4,4),(0.,1.),.UNSPECIFIED.);
#237=B_SPLINE_CURVE_WITH_KNOTS('',3,(#5106,#5107,#5108,#5109),
 .UNSPECIFIED.,.F.,.F.,(4,4),(0.,1.),.UNSPECIFIED.);
#238=B_SPLINE_CURVE_WITH_KNOTS('',3,(#5111,#5112,#5113,#5114),
 .UNSPECIFIED.,.F.,.F.,(4,4),(0.,1.),.UNSPECIFIED.);
#239=B_SPLINE_CURVE_WITH_KNOTS('',3,(#5118,#5119,#5120,#5121),
 .UNSPECIFIED.,.F.,.F.,(4,4),(0.,1.),.UNSPECIFIED.);
#240=B_SPLINE_CURVE_WITH_KNOTS('',3,(#5123,#5124,#5125,#5126),
 .UNSPECIFIED.,.F.,.F.,(4,4),(0.,1.),.UNSPECIFIED.);
#241=B_SPLINE_CURVE_WITH_KNOTS('',3,(#5128,#5129,#5130,#5131),
 .UNSPECIFIED.,.F.,.F.,(4,4),(0.,1.),.UNSPECIFIED.);
#242=B_SPLINE_CURVE_WITH_KNOTS('',3,(#5133,#5134,#5135,#5136),
 .UNSPECIFIED.,.F.,.F.,(4,4),(0.,1.),.UNSPECIFIED.);
#243=B_SPLINE_CURVE_WITH_KNOTS('',3,(#5138,#5139,#5140,#5141),
 .UNSPECIFIED.,.F.,.F.,(4,4),(0.,1.),.UNSPECIFIED.);
#244=B_SPLINE_CURVE_WITH_KNOTS('',3,(#5149,#5150,#5151,#5152),
 .UNSPECIFIED.,.F.,.F.,(4,4),(0.,1.),.UNSPECIFIED.);
#245=B_SPLINE_CURVE_WITH_KNOTS('',3,(#5154,#5155,#5156,#5157),
 .UNSPECIFIED.,.F.,.F.,(4,4),(0.,1.),.UNSPECIFIED.);
#246=B_SPLINE_CURVE_WITH_KNOTS('',3,(#5159,#5160,#5161,#5162),
 .UNSPECIFIED.,.F.,.F.,(4,4),(0.,1.),.UNSPECIFIED.);
#247=B_SPLINE_CURVE_WITH_KNOTS('',3,(#5164,#5165,#5166,#5167),
 .UNSPECIFIED.,.F.,.F.,(4,4),(0.,1.),.UNSPECIFIED.);
#248=B_SPLINE_CURVE_WITH_KNOTS('',3,(#5169,#5170,#5171,#5172),
 .UNSPECIFIED.,.F.,.F.,(4,4),(0.,1.),.UNSPECIFIED.);
#249=B_SPLINE_CURVE_WITH_KNOTS('',3,(#5176,#5177,#5178,#5179),
 .UNSPECIFIED.,.F.,.F.,(4,4),(0.,1.),.UNSPECIFIED.);
#250=B_SPLINE_CURVE_WITH_KNOTS('',3,(#5181,#5182,#5183,#5184),
 .UNSPECIFIED.,.F.,.F.,(4,4),(0.,1.),.UNSPECIFIED.);
#251=B_SPLINE_CURVE_WITH_KNOTS('',3,(#5186,#5187,#5188,#5189),
 .UNSPECIFIED.,.F.,.F.,(4,4),(0.,1.),.UNSPECIFIED.);
#252=B_SPLINE_CURVE_WITH_KNOTS('',3,(#5191,#5192,#5193,#5194),
 .UNSPECIFIED.,.F.,.F.,(4,4),(0.,1.),.UNSPECIFIED.);
#253=B_SPLINE_CURVE_WITH_KNOTS('',3,(#5201,#5202,#5203,#5204),
 .UNSPECIFIED.,.F.,.F.,(4,4),(0.,1.),.UNSPECIFIED.);
#254=B_SPLINE_CURVE_WITH_KNOTS('',3,(#5206,#5207,#5208,#5209,#5210,#5211),
 .UNSPECIFIED.,.F.,.F.,(4,1,1,4),(0.,0.5,0.75,1.),.UNSPECIFIED.);
#255=B_SPLINE_CURVE_WITH_KNOTS('',3,(#5213,#5214,#5215,#5216),
 .UNSPECIFIED.,.F.,.F.,(4,4),(0.,1.),.UNSPECIFIED.);
#256=B_SPLINE_CURVE_WITH_KNOTS('',3,(#5224,#5225,#5226,#5227),
 .UNSPECIFIED.,.F.,.F.,(4,4),(0.,1.),.UNSPECIFIED.);
#257=B_SPLINE_CURVE_WITH_KNOTS('',3,(#5229,#5230,#5231,#5232),
 .UNSPECIFIED.,.F.,.F.,(4,4),(0.,1.),.UNSPECIFIED.);
#258=B_SPLINE_CURVE_WITH_KNOTS('',3,(#5234,#5235,#5236,#5237),
 .UNSPECIFIED.,.F.,.F.,(4,4),(0.,1.),.UNSPECIFIED.);
#259=B_SPLINE_CURVE_WITH_KNOTS('',3,(#5241,#5242,#5243,#5244),
 .UNSPECIFIED.,.F.,.F.,(4,4),(0.,1.),.UNSPECIFIED.);
#260=B_SPLINE_CURVE_WITH_KNOTS('',3,(#5246,#5247,#5248,#5249),
 .UNSPECIFIED.,.F.,.F.,(4,4),(0.,1.),.UNSPECIFIED.);
#261=B_SPLINE_CURVE_WITH_KNOTS('',3,(#5251,#5252,#5253,#5254),
 .UNSPECIFIED.,.F.,.F.,(4,4),(0.,1.),.UNSPECIFIED.);
#262=B_SPLINE_CURVE_WITH_KNOTS('',3,(#5281,#5282,#5283,#5284,#5285,#5286,
#5287,#5288,#5289,#5290,#5291),.UNSPECIFIED.,.F.,.F.,(4,1,1,1,1,1,1,1,4),
(0.,0.184755681081105,0.346845336830619,0.49019441175614,0.611946187339363,
0.715911831347077,0.810159621717742,0.901087287374601,1.),.UNSPECIFIED.);
#263=B_SPLINE_CURVE_WITH_KNOTS('',3,(#5293,#5294,#5295,#5296),
 .UNSPECIFIED.,.F.,.F.,(4,4),(0.,1.),.UNSPECIFIED.);
#264=B_SPLINE_CURVE_WITH_KNOTS('',3,(#5298,#5299,#5300,#5301),
 .UNSPECIFIED.,.F.,.F.,(4,4),(0.,1.),.UNSPECIFIED.);
#265=B_SPLINE_CURVE_WITH_KNOTS('',3,(#5303,#5304,#5305,#5306),
 .UNSPECIFIED.,.F.,.F.,(4,4),(0.,1.),.UNSPECIFIED.);
#266=B_SPLINE_CURVE_WITH_KNOTS('',3,(#5310,#5311,#5312,#5313),
 .UNSPECIFIED.,.F.,.F.,(4,4),(0.,1.),.UNSPECIFIED.);
#267=B_SPLINE_CURVE_WITH_KNOTS('',3,(#5315,#5316,#5317,#5318),
 .UNSPECIFIED.,.F.,.F.,(4,4),(0.,1.),.UNSPECIFIED.);
#268=B_SPLINE_CURVE_WITH_KNOTS('',3,(#5320,#5321,#5322,#5323),
 .UNSPECIFIED.,.F.,.F.,(4,4),(0.,1.),.UNSPECIFIED.);
#269=B_SPLINE_CURVE_WITH_KNOTS('',3,(#5325,#5326,#5327,#5328),
 .UNSPECIFIED.,.F.,.F.,(4,4),(0.,1.),.UNSPECIFIED.);
#270=B_SPLINE_CURVE_WITH_KNOTS('',3,(#5330,#5331,#5332,#5333),
 .UNSPECIFIED.,.F.,.F.,(4,4),(0.,1.),.UNSPECIFIED.);
#271=B_SPLINE_CURVE_WITH_KNOTS('',3,(#5341,#5342,#5343,#5344),
 .UNSPECIFIED.,.F.,.F.,(4,4),(0.,1.),.UNSPECIFIED.);
#272=B_SPLINE_CURVE_WITH_KNOTS('',3,(#5346,#5347,#5348,#5349),
 .UNSPECIFIED.,.F.,.F.,(4,4),(0.,1.),.UNSPECIFIED.);
#273=B_SPLINE_CURVE_WITH_KNOTS('',3,(#5351,#5352,#5353,#5354),
 .UNSPECIFIED.,.F.,.F.,(4,4),(0.,1.),.UNSPECIFIED.);
#274=B_SPLINE_CURVE_WITH_KNOTS('',3,(#5356,#5357,#5358,#5359),
 .UNSPECIFIED.,.F.,.F.,(4,4),(0.,1.),.UNSPECIFIED.);
#275=B_SPLINE_CURVE_WITH_KNOTS('',3,(#5361,#5362,#5363,#5364),
 .UNSPECIFIED.,.F.,.F.,(4,4),(0.,1.),.UNSPECIFIED.);
#276=B_SPLINE_CURVE_WITH_KNOTS('',3,(#5372,#5373,#5374,#5375),
 .UNSPECIFIED.,.F.,.F.,(4,4),(0.,1.),.UNSPECIFIED.);
#277=B_SPLINE_CURVE_WITH_KNOTS('',3,(#5377,#5378,#5379,#5380),
 .UNSPECIFIED.,.F.,.F.,(4,4),(0.,1.),.UNSPECIFIED.);
#278=B_SPLINE_CURVE_WITH_KNOTS('',3,(#5382,#5383,#5384,#5385),
 .UNSPECIFIED.,.F.,.F.,(4,4),(0.,1.),.UNSPECIFIED.);
#279=B_SPLINE_CURVE_WITH_KNOTS('',3,(#5387,#5388,#5389,#5390),
 .UNSPECIFIED.,.F.,.F.,(4,4),(0.,1.),.UNSPECIFIED.);
#280=B_SPLINE_CURVE_WITH_KNOTS('',3,(#5392,#5393,#5394,#5395),
 .UNSPECIFIED.,.F.,.F.,(4,4),(0.,1.),.UNSPECIFIED.);
#281=B_SPLINE_CURVE_WITH_KNOTS('',3,(#5399,#5400,#5401,#5402),
 .UNSPECIFIED.,.F.,.F.,(4,4),(0.,1.),.UNSPECIFIED.);
#282=B_SPLINE_CURVE_WITH_KNOTS('',3,(#5404,#5405,#5406,#5407),
 .UNSPECIFIED.,.F.,.F.,(4,4),(0.,1.),.UNSPECIFIED.);
#283=B_SPLINE_CURVE_WITH_KNOTS('',3,(#5409,#5410,#5411,#5412),
 .UNSPECIFIED.,.F.,.F.,(4,4),(0.,1.),.UNSPECIFIED.);
#284=B_SPLINE_CURVE_WITH_KNOTS('',3,(#5417,#5418,#5419,#5420),
 .UNSPECIFIED.,.F.,.F.,(4,4),(0.,1.),.UNSPECIFIED.);
#285=B_SPLINE_CURVE_WITH_KNOTS('',3,(#5422,#5423,#5424,#5425),
 .UNSPECIFIED.,.F.,.F.,(4,4),(0.,1.),.UNSPECIFIED.);
#286=B_SPLINE_CURVE_WITH_KNOTS('',3,(#5427,#5428,#5429,#5430),
 .UNSPECIFIED.,.F.,.F.,(4,4),(0.,1.),.UNSPECIFIED.);
#287=B_SPLINE_CURVE_WITH_KNOTS('',3,(#5432,#5433,#5434,#5435),
 .UNSPECIFIED.,.F.,.F.,(4,4),(0.,1.),.UNSPECIFIED.);
#288=B_SPLINE_CURVE_WITH_KNOTS('',3,(#5437,#5438,#5439,#5440),
 .UNSPECIFIED.,.F.,.F.,(4,4),(0.,1.),.UNSPECIFIED.);
#289=B_SPLINE_CURVE_WITH_KNOTS('',3,(#5442,#5443,#5444,#5445,#5446,#5447,
#5448),.UNSPECIFIED.,.F.,.F.,(4,1,1,1,4),(0.,0.25,0.5,0.75,1.),
 .UNSPECIFIED.);
#290=B_SPLINE_CURVE_WITH_KNOTS('',3,(#5450,#5451,#5452,#5453),
 .UNSPECIFIED.,.F.,.F.,(4,4),(0.,1.),.UNSPECIFIED.);
#291=B_SPLINE_CURVE_WITH_KNOTS('',3,(#5455,#5456,#5457,#5458),
 .UNSPECIFIED.,.F.,.F.,(4,4),(0.,1.),.UNSPECIFIED.);
#292=B_SPLINE_CURVE_WITH_KNOTS('',3,(#5461,#5462,#5463,#5464),
 .UNSPECIFIED.,.F.,.F.,(4,4),(0.,1.),.UNSPECIFIED.);
#293=B_SPLINE_CURVE_WITH_KNOTS('',3,(#5466,#5467,#5468,#5469,#5470),
 .UNSPECIFIED.,.F.,.F.,(4,1,4),(0.,0.5,1.),.UNSPECIFIED.);
#294=B_SPLINE_CURVE_WITH_KNOTS('',3,(#5472,#5473,#5474,#5475),
 .UNSPECIFIED.,.F.,.F.,(4,4),(0.,1.),.UNSPECIFIED.);
#295=B_SPLINE_CURVE_WITH_KNOTS('',3,(#5479,#5480,#5481,#5482),
 .UNSPECIFIED.,.F.,.F.,(4,4),(0.,1.),.UNSPECIFIED.);
#296=B_SPLINE_CURVE_WITH_KNOTS('',3,(#5484,#5485,#5486,#5487),
 .UNSPECIFIED.,.F.,.F.,(4,4),(0.,1.),.UNSPECIFIED.);
#297=B_SPLINE_CURVE_WITH_KNOTS('',3,(#5489,#5490,#5491,#5492),
 .UNSPECIFIED.,.F.,.F.,(4,4),(0.,1.),.UNSPECIFIED.);
#298=B_SPLINE_CURVE_WITH_KNOTS('',3,(#5512,#5513,#5514,#5515),
 .UNSPECIFIED.,.F.,.F.,(4,4),(0.,1.),.UNSPECIFIED.);
#299=B_SPLINE_CURVE_WITH_KNOTS('',3,(#5517,#5518,#5519,#5520),
 .UNSPECIFIED.,.F.,.F.,(4,4),(0.,1.),.UNSPECIFIED.);
#300=B_SPLINE_CURVE_WITH_KNOTS('',3,(#5522,#5523,#5524,#5525),
 .UNSPECIFIED.,.F.,.F.,(4,4),(0.,1.),.UNSPECIFIED.);
#301=B_SPLINE_CURVE_WITH_KNOTS('',3,(#5537,#5538,#5539,#5540),
 .UNSPECIFIED.,.F.,.F.,(4,4),(0.,1.),.UNSPECIFIED.);
#302=B_SPLINE_CURVE_WITH_KNOTS('',3,(#5542,#5543,#5544,#5545),
 .UNSPECIFIED.,.F.,.F.,(4,4),(0.,1.),.UNSPECIFIED.);
#303=B_SPLINE_CURVE_WITH_KNOTS('',3,(#5547,#5548,#5549,#5550),
 .UNSPECIFIED.,.F.,.F.,(4,4),(0.,1.),.UNSPECIFIED.);
#304=B_SPLINE_CURVE_WITH_KNOTS('',3,(#5552,#5553,#5554,#5555),
 .UNSPECIFIED.,.F.,.F.,(4,4),(0.,1.),.UNSPECIFIED.);
#305=B_SPLINE_CURVE_WITH_KNOTS('',3,(#5557,#5558,#5559,#5560),
 .UNSPECIFIED.,.F.,.F.,(4,4),(0.,1.),.UNSPECIFIED.);
#306=B_SPLINE_CURVE_WITH_KNOTS('',3,(#5564,#5565,#5566,#5567),
 .UNSPECIFIED.,.F.,.F.,(4,4),(0.,1.),.UNSPECIFIED.);
#307=B_SPLINE_CURVE_WITH_KNOTS('',3,(#5569,#5570,#5571,#5572),
 .UNSPECIFIED.,.F.,.F.,(4,4),(0.,1.),.UNSPECIFIED.);
#308=B_SPLINE_CURVE_WITH_KNOTS('',3,(#5574,#5575,#5576,#5577),
 .UNSPECIFIED.,.F.,.F.,(4,4),(0.,1.),.UNSPECIFIED.);
#309=B_SPLINE_CURVE_WITH_KNOTS('',3,(#5579,#5580,#5581,#5582),
 .UNSPECIFIED.,.F.,.F.,(4,4),(0.,1.),.UNSPECIFIED.);
#310=B_SPLINE_CURVE_WITH_KNOTS('',3,(#5584,#5585,#5586,#5587),
 .UNSPECIFIED.,.F.,.F.,(4,4),(0.,1.),.UNSPECIFIED.);
#311=B_SPLINE_CURVE_WITH_KNOTS('',3,(#5595,#5596,#5597,#5598),
 .UNSPECIFIED.,.F.,.F.,(4,4),(0.,1.),.UNSPECIFIED.);
#312=B_SPLINE_CURVE_WITH_KNOTS('',3,(#5600,#5601,#5602,#5603),
 .UNSPECIFIED.,.F.,.F.,(4,4),(0.,1.),.UNSPECIFIED.);
#313=B_SPLINE_CURVE_WITH_KNOTS('',3,(#5605,#5606,#5607,#5608),
 .UNSPECIFIED.,.F.,.F.,(4,4),(0.,1.),.UNSPECIFIED.);
#314=B_SPLINE_CURVE_WITH_KNOTS('',3,(#5610,#5611,#5612,#5613),
 .UNSPECIFIED.,.F.,.F.,(4,4),(0.,1.),.UNSPECIFIED.);
#315=B_SPLINE_CURVE_WITH_KNOTS('',3,(#5615,#5616,#5617,#5618),
 .UNSPECIFIED.,.F.,.F.,(4,4),(0.,1.),.UNSPECIFIED.);
#316=B_SPLINE_CURVE_WITH_KNOTS('',3,(#5626,#5627,#5628,#5629),
 .UNSPECIFIED.,.F.,.F.,(4,4),(0.,1.),.UNSPECIFIED.);
#317=B_SPLINE_CURVE_WITH_KNOTS('',3,(#5631,#5632,#5633,#5634),
 .UNSPECIFIED.,.F.,.F.,(4,4),(0.,1.),.UNSPECIFIED.);
#318=B_SPLINE_CURVE_WITH_KNOTS('',3,(#5637,#5638,#5639,#5640),
 .UNSPECIFIED.,.F.,.F.,(4,4),(0.,1.),.UNSPECIFIED.);
#319=B_SPLINE_CURVE_WITH_KNOTS('',3,(#5644,#5645,#5646,#5647),
 .UNSPECIFIED.,.F.,.F.,(4,4),(0.,1.),.UNSPECIFIED.);
#320=B_SPLINE_CURVE_WITH_KNOTS('',3,(#5649,#5650,#5651,#5652,#5653,#5654),
 .UNSPECIFIED.,.F.,.F.,(4,1,1,4),(0.,0.25,0.5,1.),.UNSPECIFIED.);
#321=B_SPLINE_CURVE_WITH_KNOTS('',3,(#5656,#5657,#5658,#5659),
 .UNSPECIFIED.,.F.,.F.,(4,4),(0.,1.),.UNSPECIFIED.);
#322=B_SPLINE_CURVE_WITH_KNOTS('',3,(#5698,#5699,#5700,#5701,#5702,#5703,
#5704,#5705,#5706,#5707,#5708,#5709,#5710,#5711,#5712,#5713,#5714,#5715,
#5716),.UNSPECIFIED.,.F.,.F.,(4,1,1,1,1,1,1,1,1,1,1,1,1,1,1,1,4),(0.,0.0727274946918775,
0.142146879779007,0.208918330553541,0.27347871750071,0.335812566076242,
0.396514508267231,0.456268458791526,0.515763543051166,0.574215055023297,
0.631341307478012,0.688320829339361,0.745745112977912,0.805134572859967,
0.866624384468056,0.931583685740044,1.),.UNSPECIFIED.);
#323=B_SPLINE_CURVE_WITH_KNOTS('',3,(#5718,#5719,#5720,#5721),
 .UNSPECIFIED.,.F.,.F.,(4,4),(0.,1.),.UNSPECIFIED.);
#324=B_SPLINE_CURVE_WITH_KNOTS('',3,(#5723,#5724,#5725,#5726),
 .UNSPECIFIED.,.F.,.F.,(4,4),(0.,1.),.UNSPECIFIED.);
#325=B_SPLINE_CURVE_WITH_KNOTS('',3,(#5728,#5729,#5730,#5731),
 .UNSPECIFIED.,.F.,.F.,(4,4),(0.,1.),.UNSPECIFIED.);
#326=B_SPLINE_CURVE_WITH_KNOTS('',3,(#5770,#5771,#5772,#5773,#5774,#5775,
#5776,#5777,#5778,#5779,#5780,#5781,#5782,#5783,#5784,#5785,#5786,#5787,
#5788),.UNSPECIFIED.,.F.,.F.,(4,1,1,1,1,1,1,1,1,1,1,1,1,1,1,1,4),(0.,0.0745338234807663,
0.144875998625891,0.211984670814659,0.275852477735292,0.337046359099534,
0.396210173628767,0.454682800402401,0.512312939240081,0.569801463073602,
0.626954027720213,0.684177859387027,0.74298410185797,0.803091043270018,
0.865423221450698,0.930879379583472,1.),.UNSPECIFIED.);
#327=B_SPLINE_CURVE_WITH_KNOTS('',3,(#5790,#5791,#5792,#5793),
 .UNSPECIFIED.,.F.,.F.,(4,4),(0.,1.),.UNSPECIFIED.);
#328=B_SPLINE_CURVE_WITH_KNOTS('',3,(#5795,#5796,#5797,#5798),
 .UNSPECIFIED.,.F.,.F.,(4,4),(0.,1.),.UNSPECIFIED.);
#329=B_SPLINE_CURVE_WITH_KNOTS('',3,(#5800,#5801,#5802,#5803),
 .UNSPECIFIED.,.F.,.F.,(4,4),(0.,1.),.UNSPECIFIED.);
#330=B_SPLINE_CURVE_WITH_KNOTS('',3,(#5846,#5847,#5848,#5849,#5850,#5851,
#5852,#5853,#5854,#5855,#5856,#5857,#5858,#5859,#5860,#5861,#5862,#5863,
#5864),.UNSPECIFIED.,.F.,.F.,(4,1,1,1,1,1,1,1,1,1,1,1,1,1,1,1,4),(0.,0.0742867075529066,
0.14306704091363,0.207589026695288,0.267425913164608,0.324167189884315,
0.377932320276029,0.429149190972189,0.479753473762764,0.53106318060687,
0.584933673897162,0.64237023100928,0.7038497158994,0.769893286262416,0.840854672185963,
0.917616357507378,1.),.UNSPECIFIED.);
#331=B_SPLINE_CURVE_WITH_KNOTS('',3,(#5866,#5867,#5868,#5869),
 .UNSPECIFIED.,.F.,.F.,(4,4),(0.,1.),.UNSPECIFIED.);
#332=B_SPLINE_CURVE_WITH_KNOTS('',3,(#5871,#5872,#5873,#5874),
 .UNSPECIFIED.,.F.,.F.,(4,4),(0.,1.),.UNSPECIFIED.);
#333=B_SPLINE_CURVE_WITH_KNOTS('',3,(#5876,#5877,#5878,#5879,#5880,#5881,
#5882,#5883,#5884,#5885,#5886,#5887,#5888,#5889,#5890),.UNSPECIFIED.,.F.,
 .F.,(4,1,1,1,1,1,1,1,1,1,1,1,4),(0.,0.057380877393752,0.112280265558086,
0.166627887073684,0.220430532344417,0.274226952978673,0.330505892397826,
0.389634343012989,0.451188067581892,0.580120488134264,0.713264552617005,
0.852405593114757,1.),.UNSPECIFIED.);
#334=B_SPLINE_CURVE_WITH_KNOTS('',3,(#5893,#5894,#5895,#5896,#5897,#5898,
#5899,#5900,#5901,#5902,#5903,#5904,#5905,#5906,#5907),.UNSPECIFIED.,.F.,
 .F.,(4,1,1,1,1,1,1,1,1,1,1,1,4),(0.,0.0991625264935472,0.190943998998968,
0.275543465447229,0.354122240556811,0.425139528561739,0.490539031321116,
0.550981844956486,0.604956086028179,0.704140665791543,0.797869785072628,
0.894643578114495,1.),.UNSPECIFIED.);
#335=B_SPLINE_CURVE_WITH_KNOTS('',3,(#5948,#5949,#5950,#5951,#5952,#5953,
#5954,#5955,#5956,#5957,#5958,#5959,#5960,#5961,#5962),.UNSPECIFIED.,.F.,
 .F.,(4,1,1,1,1,1,1,1,1,1,1,1,4),(0.,0.057380877393752,0.112280265558086,
0.166627887073684,0.220430532344417,0.274226952978673,0.330505892397826,
0.389634343012989,0.451188067581892,0.580120488134264,0.713264552617005,
0.852405593114757,1.),.UNSPECIFIED.);
#336=B_SPLINE_CURVE_WITH_KNOTS('',3,(#5995,#5996,#5997,#5998,#5999,#6000,
#6001,#6002,#6003,#6004,#6005,#6006,#6007,#6008,#6009),.UNSPECIFIED.,.F.,
 .F.,(4,1,1,1,1,1,1,1,1,1,1,1,4),(0.,0.0991625264935472,0.190943998998968,
0.275543465447229,0.354122240556811,0.425139528561739,0.490539031321116,
0.550981844956486,0.604956086028179,0.704140665791543,0.797869785072628,
0.894643578114495,1.),.UNSPECIFIED.);
#337=B_SPLINE_CURVE_WITH_KNOTS('',3,(#6015,#6016,#6017,#6018),
 .UNSPECIFIED.,.F.,.F.,(4,4),(0.,1.),.UNSPECIFIED.);
#338=B_SPLINE_CURVE_WITH_KNOTS('',3,(#6022,#6023,#6024,#6025),
 .UNSPECIFIED.,.F.,.F.,(4,4),(0.,1.),.UNSPECIFIED.);
#339=B_SPLINE_CURVE_WITH_KNOTS('',3,(#6027,#6028,#6029,#6030,#6031,#6032),
 .UNSPECIFIED.,.F.,.F.,(4,1,1,4),(0.,0.25,0.5,1.),.UNSPECIFIED.);
#340=B_SPLINE_CURVE_WITH_KNOTS('',3,(#6034,#6035,#6036,#6037),
 .UNSPECIFIED.,.F.,.F.,(4,4),(0.,1.),.UNSPECIFIED.);
#341=B_SPLINE_CURVE_WITH_KNOTS('',3,(#6076,#6077,#6078,#6079,#6080,#6081,
#6082,#6083,#6084,#6085,#6086,#6087,#6088,#6089,#6090,#6091,#6092,#6093,
#6094),.UNSPECIFIED.,.F.,.F.,(4,1,1,1,1,1,1,1,1,1,1,1,1,1,1,1,4),(0.,0.0727274946918775,
0.142146879779007,0.208918330553541,0.27347871750071,0.335812566076242,
0.396514508267231,0.456268458791526,0.515763543051166,0.574215055023297,
0.631341307478012,0.688320829339361,0.745745112977912,0.805134572859967,
0.866624384468056,0.931583685740044,1.),.UNSPECIFIED.);
#342=B_SPLINE_CURVE_WITH_KNOTS('',3,(#6096,#6097,#6098,#6099),
 .UNSPECIFIED.,.F.,.F.,(4,4),(0.,1.),.UNSPECIFIED.);
#343=B_SPLINE_CURVE_WITH_KNOTS('',3,(#6101,#6102,#6103,#6104),
 .UNSPECIFIED.,.F.,.F.,(4,4),(0.,1.),.UNSPECIFIED.);
#344=B_SPLINE_CURVE_WITH_KNOTS('',3,(#6106,#6107,#6108,#6109),
 .UNSPECIFIED.,.F.,.F.,(4,4),(0.,1.),.UNSPECIFIED.);
#345=B_SPLINE_CURVE_WITH_KNOTS('',3,(#6148,#6149,#6150,#6151,#6152,#6153,
#6154,#6155,#6156,#6157,#6158,#6159,#6160,#6161,#6162,#6163,#6164,#6165,
#6166),.UNSPECIFIED.,.F.,.F.,(4,1,1,1,1,1,1,1,1,1,1,1,1,1,1,1,4),(0.,0.0745338234807663,
0.144875998625891,0.211984670814659,0.275852477735293,0.337046359099534,
0.396210173628767,0.454682800402397,0.512312939240081,0.569801463073602,
0.626954027720213,0.684177859387027,0.74298410185797,0.803091043270018,
0.865423221450698,0.930879379583472,1.),.UNSPECIFIED.);
#346=B_SPLINE_CURVE_WITH_KNOTS('',3,(#6168,#6169,#6170,#6171),
 .UNSPECIFIED.,.F.,.F.,(4,4),(0.,1.),.UNSPECIFIED.);
#347=B_SPLINE_CURVE_WITH_KNOTS('',3,(#6173,#6174,#6175,#6176),
 .UNSPECIFIED.,.F.,.F.,(4,4),(0.,1.),.UNSPECIFIED.);
#348=B_SPLINE_CURVE_WITH_KNOTS('',3,(#6178,#6179,#6180,#6181),
 .UNSPECIFIED.,.F.,.F.,(4,4),(0.,1.),.UNSPECIFIED.);
#349=B_SPLINE_CURVE_WITH_KNOTS('',3,(#6224,#6225,#6226,#6227,#6228,#6229,
#6230,#6231,#6232,#6233,#6234,#6235,#6236,#6237,#6238,#6239,#6240,#6241,
#6242),.UNSPECIFIED.,.F.,.F.,(4,1,1,1,1,1,1,1,1,1,1,1,1,1,1,1,4),(0.,0.0742867075529069,
0.14306704091363,0.207589026695289,0.267425913164609,0.324167189884316,
0.37793232027603,0.429149190972191,0.479753473762766,0.531063180606872,
0.584933673897165,0.642370231009283,0.703849715899403,0.769893286262419,
0.840854672185971,0.917616357507382,1.),.UNSPECIFIED.);
#350=B_SPLINE_CURVE_WITH_KNOTS('',3,(#6244,#6245,#6246,#6247),
 .UNSPECIFIED.,.F.,.F.,(4,4),(0.,1.),.UNSPECIFIED.);
#351=B_SPLINE_CURVE_WITH_KNOTS('',3,(#6249,#6250,#6251,#6252),
 .UNSPECIFIED.,.F.,.F.,(4,4),(0.,1.),.UNSPECIFIED.);
#352=B_SPLINE_CURVE_WITH_KNOTS('',3,(#6254,#6255,#6256,#6257,#6258,#6259,
#6260,#6261,#6262,#6263,#6264,#6265,#6266,#6267,#6268),.UNSPECIFIED.,.F.,
 .F.,(4,1,1,1,1,1,1,1,1,1,1,1,4),(0.,0.057380877393752,0.112280265558086,
0.166627887073684,0.220430532344417,0.274226952978673,0.330505892397826,
0.389634343012989,0.451188067581892,0.580120488134264,0.713264552617005,
0.852405593114757,1.),.UNSPECIFIED.);
#353=B_SPLINE_CURVE_WITH_KNOTS('',3,(#6271,#6272,#6273,#6274,#6275,#6276,
#6277,#6278,#6279,#6280,#6281,#6282,#6283,#6284,#6285),.UNSPECIFIED.,.F.,
 .F.,(4,1,1,1,1,1,1,1,1,1,1,1,4),(0.,0.0991625264935472,0.190943998998968,
0.275543465447229,0.354122240556811,0.425139528561739,0.490539031321116,
0.550981844956486,0.604956086028179,0.704140665791543,0.797869785072628,
0.894643578114495,1.),.UNSPECIFIED.);
#354=B_SPLINE_CURVE_WITH_KNOTS('',3,(#6326,#6327,#6328,#6329,#6330,#6331,
#6332,#6333,#6334,#6335,#6336,#6337,#6338,#6339,#6340),.UNSPECIFIED.,.F.,
 .F.,(4,1,1,1,1,1,1,1,1,1,1,1,4),(0.,0.057380877393752,0.112280265558086,
0.166627887073684,0.220430532344417,0.274226952978673,0.330505892397826,
0.389634343012989,0.451188067581892,0.580120488134264,0.713264552617005,
0.852405593114757,1.),.UNSPECIFIED.);
#355=B_SPLINE_CURVE_WITH_KNOTS('',3,(#6373,#6374,#6375,#6376,#6377,#6378,
#6379,#6380,#6381,#6382,#6383,#6384,#6385,#6386,#6387),.UNSPECIFIED.,.F.,
 .F.,(4,1,1,1,1,1,1,1,1,1,1,1,4),(0.,0.0991625264935472,0.190943998998968,
0.275543465447229,0.354122240556811,0.425139528561739,0.490539031321116,
0.550981844956486,0.604956086028179,0.704140665791543,0.797869785072628,
0.894643578114495,1.),.UNSPECIFIED.);
#356=ORIENTED_EDGE('',*,*,#1334,.T.);
#357=ORIENTED_EDGE('',*,*,#1335,.T.);
#358=ORIENTED_EDGE('',*,*,#1336,.T.);
#359=ORIENTED_EDGE('',*,*,#1337,.T.);
#360=ORIENTED_EDGE('',*,*,#1338,.T.);
#361=ORIENTED_EDGE('',*,*,#1339,.T.);
#362=ORIENTED_EDGE('',*,*,#1340,.T.);
#363=ORIENTED_EDGE('',*,*,#1341,.T.);
#364=ORIENTED_EDGE('',*,*,#1342,.T.);
#365=ORIENTED_EDGE('',*,*,#1343,.T.);
#366=ORIENTED_EDGE('',*,*,#1344,.T.);
#367=ORIENTED_EDGE('',*,*,#1345,.T.);
#368=ORIENTED_EDGE('',*,*,#1346,.T.);
#369=ORIENTED_EDGE('',*,*,#1347,.T.);
#370=ORIENTED_EDGE('',*,*,#1348,.T.);
#371=ORIENTED_EDGE('',*,*,#1349,.T.);
#372=ORIENTED_EDGE('',*,*,#1350,.T.);
#373=ORIENTED_EDGE('',*,*,#1351,.T.);
#374=ORIENTED_EDGE('',*,*,#1352,.T.);
#375=ORIENTED_EDGE('',*,*,#1353,.T.);
#376=ORIENTED_EDGE('',*,*,#1354,.T.);
#377=ORIENTED_EDGE('',*,*,#1355,.T.);
#378=ORIENTED_EDGE('',*,*,#1356,.T.);
#379=ORIENTED_EDGE('',*,*,#1357,.T.);
#380=ORIENTED_EDGE('',*,*,#1358,.T.);
#381=ORIENTED_EDGE('',*,*,#1359,.T.);
#382=ORIENTED_EDGE('',*,*,#1360,.T.);
#383=ORIENTED_EDGE('',*,*,#1361,.T.);
#384=ORIENTED_EDGE('',*,*,#1362,.T.);
#385=ORIENTED_EDGE('',*,*,#1363,.T.);
#386=ORIENTED_EDGE('',*,*,#1364,.T.);
#387=ORIENTED_EDGE('',*,*,#1365,.T.);
#388=ORIENTED_EDGE('',*,*,#1366,.T.);
#389=ORIENTED_EDGE('',*,*,#1367,.T.);
#390=ORIENTED_EDGE('',*,*,#1368,.T.);
#391=ORIENTED_EDGE('',*,*,#1369,.T.);
#392=ORIENTED_EDGE('',*,*,#1370,.T.);
#393=ORIENTED_EDGE('',*,*,#1371,.T.);
#394=ORIENTED_EDGE('',*,*,#1372,.T.);
#395=ORIENTED_EDGE('',*,*,#1373,.T.);
#396=ORIENTED_EDGE('',*,*,#1374,.T.);
#397=ORIENTED_EDGE('',*,*,#1375,.T.);
#398=ORIENTED_EDGE('',*,*,#1376,.T.);
#399=ORIENTED_EDGE('',*,*,#1377,.T.);
#400=ORIENTED_EDGE('',*,*,#1378,.T.);
#401=ORIENTED_EDGE('',*,*,#1379,.T.);
#402=ORIENTED_EDGE('',*,*,#1380,.T.);
#403=ORIENTED_EDGE('',*,*,#1381,.T.);
#404=ORIENTED_EDGE('',*,*,#1382,.T.);
#405=ORIENTED_EDGE('',*,*,#1383,.T.);
#406=ORIENTED_EDGE('',*,*,#1384,.T.);
#407=ORIENTED_EDGE('',*,*,#1385,.T.);
#408=ORIENTED_EDGE('',*,*,#1386,.T.);
#409=ORIENTED_EDGE('',*,*,#1387,.T.);
#410=ORIENTED_EDGE('',*,*,#1388,.T.);
#411=ORIENTED_EDGE('',*,*,#1389,.T.);
#412=ORIENTED_EDGE('',*,*,#1390,.T.);
#413=ORIENTED_EDGE('',*,*,#1391,.T.);
#414=ORIENTED_EDGE('',*,*,#1392,.T.);
#415=ORIENTED_EDGE('',*,*,#1393,.T.);
#416=ORIENTED_EDGE('',*,*,#1394,.T.);
#417=ORIENTED_EDGE('',*,*,#1395,.T.);
#418=ORIENTED_EDGE('',*,*,#1396,.F.);
#419=ORIENTED_EDGE('',*,*,#1397,.T.);
#420=ORIENTED_EDGE('',*,*,#1398,.T.);
#421=ORIENTED_EDGE('',*,*,#1399,.T.);
#422=ORIENTED_EDGE('',*,*,#1400,.T.);
#423=ORIENTED_EDGE('',*,*,#1401,.T.);
#424=ORIENTED_EDGE('',*,*,#1402,.T.);
#425=ORIENTED_EDGE('',*,*,#1403,.T.);
#426=ORIENTED_EDGE('',*,*,#1404,.T.);
#427=ORIENTED_EDGE('',*,*,#1405,.T.);
#428=ORIENTED_EDGE('',*,*,#1406,.T.);
#429=ORIENTED_EDGE('',*,*,#1407,.T.);
#430=ORIENTED_EDGE('',*,*,#1408,.T.);
#431=ORIENTED_EDGE('',*,*,#1409,.T.);
#432=ORIENTED_EDGE('',*,*,#1410,.F.);
#433=ORIENTED_EDGE('',*,*,#1411,.T.);
#434=ORIENTED_EDGE('',*,*,#1412,.T.);
#435=ORIENTED_EDGE('',*,*,#1413,.T.);
#436=ORIENTED_EDGE('',*,*,#1414,.F.);
#437=ORIENTED_EDGE('',*,*,#1415,.T.);
#438=ORIENTED_EDGE('',*,*,#1416,.T.);
#439=ORIENTED_EDGE('',*,*,#1417,.T.);
#440=ORIENTED_EDGE('',*,*,#1418,.T.);
#441=ORIENTED_EDGE('',*,*,#1419,.T.);
#442=ORIENTED_EDGE('',*,*,#1420,.T.);
#443=ORIENTED_EDGE('',*,*,#1421,.T.);
#444=ORIENTED_EDGE('',*,*,#1422,.T.);
#445=ORIENTED_EDGE('',*,*,#1423,.T.);
#446=ORIENTED_EDGE('',*,*,#1424,.T.);
#447=ORIENTED_EDGE('',*,*,#1425,.T.);
#448=ORIENTED_EDGE('',*,*,#1426,.T.);
#449=ORIENTED_EDGE('',*,*,#1427,.T.);
#450=ORIENTED_EDGE('',*,*,#1428,.T.);
#451=ORIENTED_EDGE('',*,*,#1429,.T.);
#452=ORIENTED_EDGE('',*,*,#1430,.T.);
#453=ORIENTED_EDGE('',*,*,#1431,.T.);
#454=ORIENTED_EDGE('',*,*,#1432,.T.);
#455=ORIENTED_EDGE('',*,*,#1433,.T.);
#456=ORIENTED_EDGE('',*,*,#1434,.T.);
#457=ORIENTED_EDGE('',*,*,#1435,.T.);
#458=ORIENTED_EDGE('',*,*,#1436,.T.);
#459=ORIENTED_EDGE('',*,*,#1437,.T.);
#460=ORIENTED_EDGE('',*,*,#1438,.T.);
#461=ORIENTED_EDGE('',*,*,#1439,.T.);
#462=ORIENTED_EDGE('',*,*,#1440,.T.);
#463=ORIENTED_EDGE('',*,*,#1441,.T.);
#464=ORIENTED_EDGE('',*,*,#1442,.T.);
#465=ORIENTED_EDGE('',*,*,#1443,.T.);
#466=ORIENTED_EDGE('',*,*,#1444,.T.);
#467=ORIENTED_EDGE('',*,*,#1445,.T.);
#468=ORIENTED_EDGE('',*,*,#1446,.T.);
#469=ORIENTED_EDGE('',*,*,#1447,.T.);
#470=ORIENTED_EDGE('',*,*,#1448,.T.);
#471=ORIENTED_EDGE('',*,*,#1449,.T.);
#472=ORIENTED_EDGE('',*,*,#1450,.T.);
#473=ORIENTED_EDGE('',*,*,#1451,.T.);
#474=ORIENTED_EDGE('',*,*,#1452,.T.);
#475=ORIENTED_EDGE('',*,*,#1453,.T.);
#476=ORIENTED_EDGE('',*,*,#1454,.T.);
#477=ORIENTED_EDGE('',*,*,#1455,.T.);
#478=ORIENTED_EDGE('',*,*,#1456,.T.);
#479=ORIENTED_EDGE('',*,*,#1457,.T.);
#480=ORIENTED_EDGE('',*,*,#1458,.T.);
#481=ORIENTED_EDGE('',*,*,#1459,.T.);
#482=ORIENTED_EDGE('',*,*,#1460,.T.);
#483=ORIENTED_EDGE('',*,*,#1461,.T.);
#484=ORIENTED_EDGE('',*,*,#1462,.T.);
#485=ORIENTED_EDGE('',*,*,#1463,.T.);
#486=ORIENTED_EDGE('',*,*,#1464,.T.);
#487=ORIENTED_EDGE('',*,*,#1465,.T.);
#488=ORIENTED_EDGE('',*,*,#1466,.T.);
#489=ORIENTED_EDGE('',*,*,#1467,.T.);
#490=ORIENTED_EDGE('',*,*,#1468,.T.);
#491=ORIENTED_EDGE('',*,*,#1469,.T.);
#492=ORIENTED_EDGE('',*,*,#1470,.T.);
#493=ORIENTED_EDGE('',*,*,#1471,.T.);
#494=ORIENTED_EDGE('',*,*,#1472,.T.);
#495=ORIENTED_EDGE('',*,*,#1473,.F.);
#496=ORIENTED_EDGE('',*,*,#1474,.T.);
#497=ORIENTED_EDGE('',*,*,#1475,.T.);
#498=ORIENTED_EDGE('',*,*,#1476,.T.);
#499=ORIENTED_EDGE('',*,*,#1477,.F.);
#500=ORIENTED_EDGE('',*,*,#1478,.T.);
#501=ORIENTED_EDGE('',*,*,#1473,.T.);
#502=ORIENTED_EDGE('',*,*,#1479,.T.);
#503=ORIENTED_EDGE('',*,*,#1480,.T.);
#504=ORIENTED_EDGE('',*,*,#1477,.T.);
#505=ORIENTED_EDGE('',*,*,#1481,.T.);
#506=ORIENTED_EDGE('',*,*,#1482,.F.);
#507=ORIENTED_EDGE('',*,*,#1483,.T.);
#508=ORIENTED_EDGE('',*,*,#1484,.F.);
#509=ORIENTED_EDGE('',*,*,#1485,.T.);
#510=ORIENTED_EDGE('',*,*,#1486,.T.);
#511=ORIENTED_EDGE('',*,*,#1484,.T.);
#512=ORIENTED_EDGE('',*,*,#1487,.T.);
#513=ORIENTED_EDGE('',*,*,#1488,.F.);
#514=ORIENTED_EDGE('',*,*,#1489,.T.);
#515=ORIENTED_EDGE('',*,*,#1488,.T.);
#516=ORIENTED_EDGE('',*,*,#1490,.T.);
#517=ORIENTED_EDGE('',*,*,#1491,.F.);
#518=ORIENTED_EDGE('',*,*,#1492,.T.);
#519=ORIENTED_EDGE('',*,*,#1491,.T.);
#520=ORIENTED_EDGE('',*,*,#1493,.T.);
#521=ORIENTED_EDGE('',*,*,#1494,.F.);
#522=ORIENTED_EDGE('',*,*,#1495,.T.);
#523=ORIENTED_EDGE('',*,*,#1494,.T.);
#524=ORIENTED_EDGE('',*,*,#1496,.T.);
#525=ORIENTED_EDGE('',*,*,#1400,.F.);
#526=ORIENTED_EDGE('',*,*,#1497,.T.);
#527=ORIENTED_EDGE('',*,*,#1498,.F.);
#528=ORIENTED_EDGE('',*,*,#1499,.T.);
#529=ORIENTED_EDGE('',*,*,#1414,.T.);
#530=ORIENTED_EDGE('',*,*,#1500,.T.);
#531=ORIENTED_EDGE('',*,*,#1475,.F.);
#532=ORIENTED_EDGE('',*,*,#1501,.T.);
#533=ORIENTED_EDGE('',*,*,#1498,.T.);
#534=ORIENTED_EDGE('',*,*,#1502,.T.);
#535=ORIENTED_EDGE('',*,*,#1503,.F.);
#536=ORIENTED_EDGE('',*,*,#1504,.T.);
#537=ORIENTED_EDGE('',*,*,#1505,.T.);
#538=ORIENTED_EDGE('',*,*,#1506,.T.);
#539=ORIENTED_EDGE('',*,*,#1507,.F.);
#540=ORIENTED_EDGE('',*,*,#1508,.T.);
#541=ORIENTED_EDGE('',*,*,#1503,.T.);
#542=ORIENTED_EDGE('',*,*,#1509,.T.);
#543=ORIENTED_EDGE('',*,*,#1510,.T.);
#544=ORIENTED_EDGE('',*,*,#1507,.T.);
#545=ORIENTED_EDGE('',*,*,#1511,.T.);
#546=ORIENTED_EDGE('',*,*,#1512,.F.);
#547=ORIENTED_EDGE('',*,*,#1513,.F.);
#548=ORIENTED_EDGE('',*,*,#1514,.T.);
#549=ORIENTED_EDGE('',*,*,#1515,.T.);
#550=ORIENTED_EDGE('',*,*,#1516,.T.);
#551=ORIENTED_EDGE('',*,*,#1482,.T.);
#552=ORIENTED_EDGE('',*,*,#1517,.T.);
#553=ORIENTED_EDGE('',*,*,#1518,.T.);
#554=ORIENTED_EDGE('',*,*,#1519,.T.);
#555=ORIENTED_EDGE('',*,*,#1512,.T.);
#556=ORIENTED_EDGE('',*,*,#1520,.T.);
#557=ORIENTED_EDGE('',*,*,#1521,.T.);
#558=ORIENTED_EDGE('',*,*,#1522,.T.);
#559=ORIENTED_EDGE('',*,*,#1523,.T.);
#560=ORIENTED_EDGE('',*,*,#1524,.T.);
#561=ORIENTED_EDGE('',*,*,#1525,.F.);
#562=ORIENTED_EDGE('',*,*,#1526,.T.);
#563=ORIENTED_EDGE('',*,*,#1527,.T.);
#564=ORIENTED_EDGE('',*,*,#1528,.T.);
#565=ORIENTED_EDGE('',*,*,#1486,.F.);
#566=ORIENTED_EDGE('',*,*,#1529,.T.);
#567=ORIENTED_EDGE('',*,*,#1530,.T.);
#568=ORIENTED_EDGE('',*,*,#1531,.T.);
#569=ORIENTED_EDGE('',*,*,#1532,.T.);
#570=ORIENTED_EDGE('',*,*,#1533,.F.);
#571=ORIENTED_EDGE('',*,*,#1534,.T.);
#572=ORIENTED_EDGE('',*,*,#1525,.T.);
#573=ORIENTED_EDGE('',*,*,#1533,.T.);
#574=ORIENTED_EDGE('',*,*,#1535,.T.);
#575=ORIENTED_EDGE('',*,*,#1536,.F.);
#576=ORIENTED_EDGE('',*,*,#1537,.T.);
#577=ORIENTED_EDGE('',*,*,#1536,.T.);
#578=ORIENTED_EDGE('',*,*,#1538,.T.);
#579=ORIENTED_EDGE('',*,*,#1539,.F.);
#580=ORIENTED_EDGE('',*,*,#1540,.T.);
#581=ORIENTED_EDGE('',*,*,#1539,.T.);
#582=ORIENTED_EDGE('',*,*,#1541,.T.);
#583=ORIENTED_EDGE('',*,*,#1542,.F.);
#584=ORIENTED_EDGE('',*,*,#1543,.T.);
#585=ORIENTED_EDGE('',*,*,#1542,.T.);
#586=ORIENTED_EDGE('',*,*,#1544,.T.);
#587=ORIENTED_EDGE('',*,*,#1404,.F.);
#588=ORIENTED_EDGE('',*,*,#1545,.T.);
#589=ORIENTED_EDGE('',*,*,#1546,.F.);
#590=ORIENTED_EDGE('',*,*,#1547,.T.);
#591=ORIENTED_EDGE('',*,*,#1410,.T.);
#592=ORIENTED_EDGE('',*,*,#1548,.T.);
#593=ORIENTED_EDGE('',*,*,#1505,.F.);
#594=ORIENTED_EDGE('',*,*,#1549,.T.);
#595=ORIENTED_EDGE('',*,*,#1546,.T.);
#596=ORIENTED_EDGE('',*,*,#1550,.T.);
#597=ORIENTED_EDGE('',*,*,#1396,.T.);
#598=ORIENTED_EDGE('',*,*,#1551,.T.);
#599=ORIENTED_EDGE('',*,*,#1513,.T.);
#600=ORIENTED_EDGE('',*,*,#1552,.T.);
#601=ORIENTED_EDGE('',*,*,#1522,.F.);
#602=ORIENTED_EDGE('',*,*,#1553,.T.);
#603=ORIENTED_EDGE('',*,*,#1407,.F.);
#604=ORIENTED_EDGE('',*,*,#1554,.T.);
#605=ORIENTED_EDGE('',*,*,#1555,.F.);
#606=ORIENTED_EDGE('',*,*,#1405,.F.);
#607=ORIENTED_EDGE('',*,*,#1544,.F.);
#608=ORIENTED_EDGE('',*,*,#1541,.F.);
#609=ORIENTED_EDGE('',*,*,#1538,.F.);
#610=ORIENTED_EDGE('',*,*,#1535,.F.);
#611=ORIENTED_EDGE('',*,*,#1532,.F.);
#612=ORIENTED_EDGE('',*,*,#1524,.F.);
#613=ORIENTED_EDGE('',*,*,#1554,.F.);
#614=ORIENTED_EDGE('',*,*,#1406,.F.);
#615=ORIENTED_EDGE('',*,*,#1555,.T.);
#616=ORIENTED_EDGE('',*,*,#1523,.F.);
#617=ORIENTED_EDGE('',*,*,#1511,.F.);
#618=ORIENTED_EDGE('',*,*,#1509,.F.);
#619=ORIENTED_EDGE('',*,*,#1506,.F.);
#620=ORIENTED_EDGE('',*,*,#1550,.F.);
#621=ORIENTED_EDGE('',*,*,#1548,.F.);
#622=ORIENTED_EDGE('',*,*,#1409,.F.);
#623=ORIENTED_EDGE('',*,*,#1556,.T.);
#624=ORIENTED_EDGE('',*,*,#1520,.F.);
#625=ORIENTED_EDGE('',*,*,#1556,.F.);
#626=ORIENTED_EDGE('',*,*,#1408,.F.);
#627=ORIENTED_EDGE('',*,*,#1553,.F.);
#628=ORIENTED_EDGE('',*,*,#1521,.F.);
#629=ORIENTED_EDGE('',*,*,#1485,.F.);
#630=ORIENTED_EDGE('',*,*,#1489,.F.);
#631=ORIENTED_EDGE('',*,*,#1492,.F.);
#632=ORIENTED_EDGE('',*,*,#1495,.F.);
#633=ORIENTED_EDGE('',*,*,#1497,.F.);
#634=ORIENTED_EDGE('',*,*,#1399,.F.);
#635=ORIENTED_EDGE('',*,*,#1557,.T.);
#636=ORIENTED_EDGE('',*,*,#1529,.F.);
#637=ORIENTED_EDGE('',*,*,#1398,.F.);
#638=ORIENTED_EDGE('',*,*,#1558,.T.);
#639=ORIENTED_EDGE('',*,*,#1530,.F.);
#640=ORIENTED_EDGE('',*,*,#1557,.F.);
#641=ORIENTED_EDGE('',*,*,#1559,.F.);
#642=ORIENTED_EDGE('',*,*,#1415,.F.);
#643=ORIENTED_EDGE('',*,*,#1499,.F.);
#644=ORIENTED_EDGE('',*,*,#1501,.F.);
#645=ORIENTED_EDGE('',*,*,#1474,.F.);
#646=ORIENTED_EDGE('',*,*,#1478,.F.);
#647=ORIENTED_EDGE('',*,*,#1480,.F.);
#648=ORIENTED_EDGE('',*,*,#1516,.F.);
#649=ORIENTED_EDGE('',*,*,#1515,.F.);
#650=ORIENTED_EDGE('',*,*,#1560,.T.);
#651=ORIENTED_EDGE('',*,*,#1394,.F.);
#652=ORIENTED_EDGE('',*,*,#1559,.T.);
#653=ORIENTED_EDGE('',*,*,#1561,.F.);
#654=ORIENTED_EDGE('',*,*,#1412,.F.);
#655=ORIENTED_EDGE('',*,*,#1562,.T.);
#656=ORIENTED_EDGE('',*,*,#1518,.F.);
#657=ORIENTED_EDGE('',*,*,#1481,.F.);
#658=ORIENTED_EDGE('',*,*,#1479,.F.);
#659=ORIENTED_EDGE('',*,*,#1476,.F.);
#660=ORIENTED_EDGE('',*,*,#1502,.F.);
#661=ORIENTED_EDGE('',*,*,#1500,.F.);
#662=ORIENTED_EDGE('',*,*,#1413,.F.);
#663=ORIENTED_EDGE('',*,*,#1561,.T.);
#664=ORIENTED_EDGE('',*,*,#1517,.F.);
#665=ORIENTED_EDGE('',*,*,#1562,.F.);
#666=ORIENTED_EDGE('',*,*,#1411,.F.);
#667=ORIENTED_EDGE('',*,*,#1547,.F.);
#668=ORIENTED_EDGE('',*,*,#1549,.F.);
#669=ORIENTED_EDGE('',*,*,#1504,.F.);
#670=ORIENTED_EDGE('',*,*,#1508,.F.);
#671=ORIENTED_EDGE('',*,*,#1510,.F.);
#672=ORIENTED_EDGE('',*,*,#1519,.F.);
#673=ORIENTED_EDGE('',*,*,#1563,.F.);
#674=ORIENTED_EDGE('',*,*,#1401,.F.);
#675=ORIENTED_EDGE('',*,*,#1496,.F.);
#676=ORIENTED_EDGE('',*,*,#1493,.F.);
#677=ORIENTED_EDGE('',*,*,#1490,.F.);
#678=ORIENTED_EDGE('',*,*,#1487,.F.);
#679=ORIENTED_EDGE('',*,*,#1483,.F.);
#680=ORIENTED_EDGE('',*,*,#1528,.F.);
#681=ORIENTED_EDGE('',*,*,#1534,.F.);
#682=ORIENTED_EDGE('',*,*,#1537,.F.);
#683=ORIENTED_EDGE('',*,*,#1540,.F.);
#684=ORIENTED_EDGE('',*,*,#1543,.F.);
#685=ORIENTED_EDGE('',*,*,#1545,.F.);
#686=ORIENTED_EDGE('',*,*,#1403,.F.);
#687=ORIENTED_EDGE('',*,*,#1564,.T.);
#688=ORIENTED_EDGE('',*,*,#1526,.F.);
#689=ORIENTED_EDGE('',*,*,#1564,.F.);
#690=ORIENTED_EDGE('',*,*,#1402,.F.);
#691=ORIENTED_EDGE('',*,*,#1563,.T.);
#692=ORIENTED_EDGE('',*,*,#1527,.F.);
#693=ORIENTED_EDGE('',*,*,#1514,.F.);
#694=ORIENTED_EDGE('',*,*,#1551,.F.);
#695=ORIENTED_EDGE('',*,*,#1395,.F.);
#696=ORIENTED_EDGE('',*,*,#1560,.F.);
#697=ORIENTED_EDGE('',*,*,#1397,.F.);
#698=ORIENTED_EDGE('',*,*,#1552,.F.);
#699=ORIENTED_EDGE('',*,*,#1531,.F.);
#700=ORIENTED_EDGE('',*,*,#1558,.F.);
#701=ORIENTED_EDGE('',*,*,#1347,.F.);
#702=ORIENTED_EDGE('',*,*,#1565,.F.);
#703=ORIENTED_EDGE('',*,*,#1566,.T.);
#704=ORIENTED_EDGE('',*,*,#1567,.T.);
#705=ORIENTED_EDGE('',*,*,#1348,.F.);
#706=ORIENTED_EDGE('',*,*,#1567,.F.);
#707=ORIENTED_EDGE('',*,*,#1568,.T.);
#708=ORIENTED_EDGE('',*,*,#1569,.T.);
#709=ORIENTED_EDGE('',*,*,#1349,.F.);
#710=ORIENTED_EDGE('',*,*,#1569,.F.);
#711=ORIENTED_EDGE('',*,*,#1570,.T.);
#712=ORIENTED_EDGE('',*,*,#1571,.T.);
#713=ORIENTED_EDGE('',*,*,#1350,.F.);
#714=ORIENTED_EDGE('',*,*,#1571,.F.);
#715=ORIENTED_EDGE('',*,*,#1572,.T.);
#716=ORIENTED_EDGE('',*,*,#1573,.T.);
#717=ORIENTED_EDGE('',*,*,#1351,.F.);
#718=ORIENTED_EDGE('',*,*,#1573,.F.);
#719=ORIENTED_EDGE('',*,*,#1574,.T.);
#720=ORIENTED_EDGE('',*,*,#1575,.T.);
#721=ORIENTED_EDGE('',*,*,#1352,.F.);
#722=ORIENTED_EDGE('',*,*,#1575,.F.);
#723=ORIENTED_EDGE('',*,*,#1576,.T.);
#724=ORIENTED_EDGE('',*,*,#1577,.T.);
#725=ORIENTED_EDGE('',*,*,#1353,.F.);
#726=ORIENTED_EDGE('',*,*,#1577,.F.);
#727=ORIENTED_EDGE('',*,*,#1578,.T.);
#728=ORIENTED_EDGE('',*,*,#1579,.T.);
#729=ORIENTED_EDGE('',*,*,#1354,.F.);
#730=ORIENTED_EDGE('',*,*,#1579,.F.);
#731=ORIENTED_EDGE('',*,*,#1580,.T.);
#732=ORIENTED_EDGE('',*,*,#1581,.T.);
#733=ORIENTED_EDGE('',*,*,#1355,.F.);
#734=ORIENTED_EDGE('',*,*,#1581,.F.);
#735=ORIENTED_EDGE('',*,*,#1582,.T.);
#736=ORIENTED_EDGE('',*,*,#1583,.T.);
#737=ORIENTED_EDGE('',*,*,#1356,.F.);
#738=ORIENTED_EDGE('',*,*,#1583,.F.);
#739=ORIENTED_EDGE('',*,*,#1584,.T.);
#740=ORIENTED_EDGE('',*,*,#1585,.T.);
#741=ORIENTED_EDGE('',*,*,#1357,.F.);
#742=ORIENTED_EDGE('',*,*,#1585,.F.);
#743=ORIENTED_EDGE('',*,*,#1586,.T.);
#744=ORIENTED_EDGE('',*,*,#1587,.T.);
#745=ORIENTED_EDGE('',*,*,#1358,.F.);
#746=ORIENTED_EDGE('',*,*,#1587,.F.);
#747=ORIENTED_EDGE('',*,*,#1588,.T.);
#748=ORIENTED_EDGE('',*,*,#1589,.T.);
#749=ORIENTED_EDGE('',*,*,#1359,.F.);
#750=ORIENTED_EDGE('',*,*,#1589,.F.);
#751=ORIENTED_EDGE('',*,*,#1590,.T.);
#752=ORIENTED_EDGE('',*,*,#1591,.T.);
#753=ORIENTED_EDGE('',*,*,#1360,.F.);
#754=ORIENTED_EDGE('',*,*,#1591,.F.);
#755=ORIENTED_EDGE('',*,*,#1592,.T.);
#756=ORIENTED_EDGE('',*,*,#1593,.T.);
#757=ORIENTED_EDGE('',*,*,#1361,.F.);
#758=ORIENTED_EDGE('',*,*,#1593,.F.);
#759=ORIENTED_EDGE('',*,*,#1594,.T.);
#760=ORIENTED_EDGE('',*,*,#1595,.T.);
#761=ORIENTED_EDGE('',*,*,#1362,.F.);
#762=ORIENTED_EDGE('',*,*,#1595,.F.);
#763=ORIENTED_EDGE('',*,*,#1596,.T.);
#764=ORIENTED_EDGE('',*,*,#1597,.T.);
#765=ORIENTED_EDGE('',*,*,#1363,.F.);
#766=ORIENTED_EDGE('',*,*,#1597,.F.);
#767=ORIENTED_EDGE('',*,*,#1598,.T.);
#768=ORIENTED_EDGE('',*,*,#1599,.T.);
#769=ORIENTED_EDGE('',*,*,#1364,.F.);
#770=ORIENTED_EDGE('',*,*,#1599,.F.);
#771=ORIENTED_EDGE('',*,*,#1600,.T.);
#772=ORIENTED_EDGE('',*,*,#1601,.T.);
#773=ORIENTED_EDGE('',*,*,#1365,.F.);
#774=ORIENTED_EDGE('',*,*,#1601,.F.);
#775=ORIENTED_EDGE('',*,*,#1602,.T.);
#776=ORIENTED_EDGE('',*,*,#1603,.T.);
#777=ORIENTED_EDGE('',*,*,#1366,.F.);
#778=ORIENTED_EDGE('',*,*,#1603,.F.);
#779=ORIENTED_EDGE('',*,*,#1604,.T.);
#780=ORIENTED_EDGE('',*,*,#1605,.T.);
#781=ORIENTED_EDGE('',*,*,#1367,.F.);
#782=ORIENTED_EDGE('',*,*,#1605,.F.);
#783=ORIENTED_EDGE('',*,*,#1606,.T.);
#784=ORIENTED_EDGE('',*,*,#1607,.T.);
#785=ORIENTED_EDGE('',*,*,#1368,.F.);
#786=ORIENTED_EDGE('',*,*,#1607,.F.);
#787=ORIENTED_EDGE('',*,*,#1608,.T.);
#788=ORIENTED_EDGE('',*,*,#1609,.T.);
#789=ORIENTED_EDGE('',*,*,#1369,.F.);
#790=ORIENTED_EDGE('',*,*,#1609,.F.);
#791=ORIENTED_EDGE('',*,*,#1610,.T.);
#792=ORIENTED_EDGE('',*,*,#1611,.T.);
#793=ORIENTED_EDGE('',*,*,#1370,.F.);
#794=ORIENTED_EDGE('',*,*,#1611,.F.);
#795=ORIENTED_EDGE('',*,*,#1612,.T.);
#796=ORIENTED_EDGE('',*,*,#1613,.T.);
#797=ORIENTED_EDGE('',*,*,#1371,.F.);
#798=ORIENTED_EDGE('',*,*,#1613,.F.);
#799=ORIENTED_EDGE('',*,*,#1614,.T.);
#800=ORIENTED_EDGE('',*,*,#1615,.T.);
#801=ORIENTED_EDGE('',*,*,#1372,.F.);
#802=ORIENTED_EDGE('',*,*,#1615,.F.);
#803=ORIENTED_EDGE('',*,*,#1616,.T.);
#804=ORIENTED_EDGE('',*,*,#1617,.T.);
#805=ORIENTED_EDGE('',*,*,#1373,.F.);
#806=ORIENTED_EDGE('',*,*,#1617,.F.);
#807=ORIENTED_EDGE('',*,*,#1618,.T.);
#808=ORIENTED_EDGE('',*,*,#1619,.T.);
#809=ORIENTED_EDGE('',*,*,#1374,.F.);
#810=ORIENTED_EDGE('',*,*,#1619,.F.);
#811=ORIENTED_EDGE('',*,*,#1620,.T.);
#812=ORIENTED_EDGE('',*,*,#1621,.T.);
#813=ORIENTED_EDGE('',*,*,#1375,.F.);
#814=ORIENTED_EDGE('',*,*,#1621,.F.);
#815=ORIENTED_EDGE('',*,*,#1622,.T.);
#816=ORIENTED_EDGE('',*,*,#1623,.T.);
#817=ORIENTED_EDGE('',*,*,#1376,.F.);
#818=ORIENTED_EDGE('',*,*,#1623,.F.);
#819=ORIENTED_EDGE('',*,*,#1624,.T.);
#820=ORIENTED_EDGE('',*,*,#1625,.T.);
#821=ORIENTED_EDGE('',*,*,#1377,.F.);
#822=ORIENTED_EDGE('',*,*,#1625,.F.);
#823=ORIENTED_EDGE('',*,*,#1626,.T.);
#824=ORIENTED_EDGE('',*,*,#1627,.T.);
#825=ORIENTED_EDGE('',*,*,#1378,.F.);
#826=ORIENTED_EDGE('',*,*,#1627,.F.);
#827=ORIENTED_EDGE('',*,*,#1628,.T.);
#828=ORIENTED_EDGE('',*,*,#1629,.T.);
#829=ORIENTED_EDGE('',*,*,#1379,.F.);
#830=ORIENTED_EDGE('',*,*,#1629,.F.);
#831=ORIENTED_EDGE('',*,*,#1630,.T.);
#832=ORIENTED_EDGE('',*,*,#1631,.T.);
#833=ORIENTED_EDGE('',*,*,#1380,.F.);
#834=ORIENTED_EDGE('',*,*,#1631,.F.);
#835=ORIENTED_EDGE('',*,*,#1632,.T.);
#836=ORIENTED_EDGE('',*,*,#1633,.T.);
#837=ORIENTED_EDGE('',*,*,#1381,.F.);
#838=ORIENTED_EDGE('',*,*,#1633,.F.);
#839=ORIENTED_EDGE('',*,*,#1634,.T.);
#840=ORIENTED_EDGE('',*,*,#1635,.T.);
#841=ORIENTED_EDGE('',*,*,#1382,.F.);
#842=ORIENTED_EDGE('',*,*,#1635,.F.);
#843=ORIENTED_EDGE('',*,*,#1636,.T.);
#844=ORIENTED_EDGE('',*,*,#1637,.T.);
#845=ORIENTED_EDGE('',*,*,#1383,.F.);
#846=ORIENTED_EDGE('',*,*,#1637,.F.);
#847=ORIENTED_EDGE('',*,*,#1638,.T.);
#848=ORIENTED_EDGE('',*,*,#1639,.T.);
#849=ORIENTED_EDGE('',*,*,#1384,.F.);
#850=ORIENTED_EDGE('',*,*,#1639,.F.);
#851=ORIENTED_EDGE('',*,*,#1640,.T.);
#852=ORIENTED_EDGE('',*,*,#1641,.T.);
#853=ORIENTED_EDGE('',*,*,#1385,.F.);
#854=ORIENTED_EDGE('',*,*,#1641,.F.);
#855=ORIENTED_EDGE('',*,*,#1642,.T.);
#856=ORIENTED_EDGE('',*,*,#1643,.T.);
#857=ORIENTED_EDGE('',*,*,#1386,.F.);
#858=ORIENTED_EDGE('',*,*,#1643,.F.);
#859=ORIENTED_EDGE('',*,*,#1644,.T.);
#860=ORIENTED_EDGE('',*,*,#1645,.T.);
#861=ORIENTED_EDGE('',*,*,#1387,.F.);
#862=ORIENTED_EDGE('',*,*,#1645,.F.);
#863=ORIENTED_EDGE('',*,*,#1646,.T.);
#864=ORIENTED_EDGE('',*,*,#1647,.T.);
#865=ORIENTED_EDGE('',*,*,#1388,.F.);
#866=ORIENTED_EDGE('',*,*,#1647,.F.);
#867=ORIENTED_EDGE('',*,*,#1648,.T.);
#868=ORIENTED_EDGE('',*,*,#1649,.T.);
#869=ORIENTED_EDGE('',*,*,#1389,.F.);
#870=ORIENTED_EDGE('',*,*,#1649,.F.);
#871=ORIENTED_EDGE('',*,*,#1650,.T.);
#872=ORIENTED_EDGE('',*,*,#1651,.T.);
#873=ORIENTED_EDGE('',*,*,#1390,.F.);
#874=ORIENTED_EDGE('',*,*,#1651,.F.);
#875=ORIENTED_EDGE('',*,*,#1652,.T.);
#876=ORIENTED_EDGE('',*,*,#1653,.T.);
#877=ORIENTED_EDGE('',*,*,#1391,.F.);
#878=ORIENTED_EDGE('',*,*,#1653,.F.);
#879=ORIENTED_EDGE('',*,*,#1654,.T.);
#880=ORIENTED_EDGE('',*,*,#1655,.T.);
#881=ORIENTED_EDGE('',*,*,#1392,.F.);
#882=ORIENTED_EDGE('',*,*,#1655,.F.);
#883=ORIENTED_EDGE('',*,*,#1656,.T.);
#884=ORIENTED_EDGE('',*,*,#1657,.T.);
#885=ORIENTED_EDGE('',*,*,#1393,.F.);
#886=ORIENTED_EDGE('',*,*,#1657,.F.);
#887=ORIENTED_EDGE('',*,*,#1658,.T.);
#888=ORIENTED_EDGE('',*,*,#1565,.T.);
#889=ORIENTED_EDGE('',*,*,#1566,.F.);
#890=ORIENTED_EDGE('',*,*,#1658,.F.);
#891=ORIENTED_EDGE('',*,*,#1656,.F.);
#892=ORIENTED_EDGE('',*,*,#1654,.F.);
#893=ORIENTED_EDGE('',*,*,#1652,.F.);
#894=ORIENTED_EDGE('',*,*,#1650,.F.);
#895=ORIENTED_EDGE('',*,*,#1648,.F.);
#896=ORIENTED_EDGE('',*,*,#1646,.F.);
#897=ORIENTED_EDGE('',*,*,#1644,.F.);
#898=ORIENTED_EDGE('',*,*,#1642,.F.);
#899=ORIENTED_EDGE('',*,*,#1640,.F.);
#900=ORIENTED_EDGE('',*,*,#1638,.F.);
#901=ORIENTED_EDGE('',*,*,#1636,.F.);
#902=ORIENTED_EDGE('',*,*,#1634,.F.);
#903=ORIENTED_EDGE('',*,*,#1632,.F.);
#904=ORIENTED_EDGE('',*,*,#1630,.F.);
#905=ORIENTED_EDGE('',*,*,#1628,.F.);
#906=ORIENTED_EDGE('',*,*,#1626,.F.);
#907=ORIENTED_EDGE('',*,*,#1624,.F.);
#908=ORIENTED_EDGE('',*,*,#1622,.F.);
#909=ORIENTED_EDGE('',*,*,#1620,.F.);
#910=ORIENTED_EDGE('',*,*,#1618,.F.);
#911=ORIENTED_EDGE('',*,*,#1616,.F.);
#912=ORIENTED_EDGE('',*,*,#1614,.F.);
#913=ORIENTED_EDGE('',*,*,#1612,.F.);
#914=ORIENTED_EDGE('',*,*,#1610,.F.);
#915=ORIENTED_EDGE('',*,*,#1608,.F.);
#916=ORIENTED_EDGE('',*,*,#1606,.F.);
#917=ORIENTED_EDGE('',*,*,#1604,.F.);
#918=ORIENTED_EDGE('',*,*,#1602,.F.);
#919=ORIENTED_EDGE('',*,*,#1600,.F.);
#920=ORIENTED_EDGE('',*,*,#1598,.F.);
#921=ORIENTED_EDGE('',*,*,#1596,.F.);
#922=ORIENTED_EDGE('',*,*,#1594,.F.);
#923=ORIENTED_EDGE('',*,*,#1592,.F.);
#924=ORIENTED_EDGE('',*,*,#1590,.F.);
#925=ORIENTED_EDGE('',*,*,#1588,.F.);
#926=ORIENTED_EDGE('',*,*,#1586,.F.);
#927=ORIENTED_EDGE('',*,*,#1584,.F.);
#928=ORIENTED_EDGE('',*,*,#1582,.F.);
#929=ORIENTED_EDGE('',*,*,#1580,.F.);
#930=ORIENTED_EDGE('',*,*,#1578,.F.);
#931=ORIENTED_EDGE('',*,*,#1576,.F.);
#932=ORIENTED_EDGE('',*,*,#1574,.F.);
#933=ORIENTED_EDGE('',*,*,#1572,.F.);
#934=ORIENTED_EDGE('',*,*,#1570,.F.);
#935=ORIENTED_EDGE('',*,*,#1568,.F.);
#936=ORIENTED_EDGE('',*,*,#1416,.F.);
#937=ORIENTED_EDGE('',*,*,#1659,.F.);
#938=ORIENTED_EDGE('',*,*,#1660,.T.);
#939=ORIENTED_EDGE('',*,*,#1661,.T.);
#940=ORIENTED_EDGE('',*,*,#1417,.F.);
#941=ORIENTED_EDGE('',*,*,#1661,.F.);
#942=ORIENTED_EDGE('',*,*,#1662,.T.);
#943=ORIENTED_EDGE('',*,*,#1663,.T.);
#944=ORIENTED_EDGE('',*,*,#1418,.F.);
#945=ORIENTED_EDGE('',*,*,#1663,.F.);
#946=ORIENTED_EDGE('',*,*,#1664,.T.);
#947=ORIENTED_EDGE('',*,*,#1665,.T.);
#948=ORIENTED_EDGE('',*,*,#1419,.F.);
#949=ORIENTED_EDGE('',*,*,#1665,.F.);
#950=ORIENTED_EDGE('',*,*,#1666,.T.);
#951=ORIENTED_EDGE('',*,*,#1667,.T.);
#952=ORIENTED_EDGE('',*,*,#1420,.F.);
#953=ORIENTED_EDGE('',*,*,#1667,.F.);
#954=ORIENTED_EDGE('',*,*,#1668,.T.);
#955=ORIENTED_EDGE('',*,*,#1669,.T.);
#956=ORIENTED_EDGE('',*,*,#1421,.F.);
#957=ORIENTED_EDGE('',*,*,#1669,.F.);
#958=ORIENTED_EDGE('',*,*,#1670,.T.);
#959=ORIENTED_EDGE('',*,*,#1671,.T.);
#960=ORIENTED_EDGE('',*,*,#1422,.F.);
#961=ORIENTED_EDGE('',*,*,#1671,.F.);
#962=ORIENTED_EDGE('',*,*,#1672,.T.);
#963=ORIENTED_EDGE('',*,*,#1673,.T.);
#964=ORIENTED_EDGE('',*,*,#1423,.F.);
#965=ORIENTED_EDGE('',*,*,#1673,.F.);
#966=ORIENTED_EDGE('',*,*,#1674,.T.);
#967=ORIENTED_EDGE('',*,*,#1675,.T.);
#968=ORIENTED_EDGE('',*,*,#1424,.F.);
#969=ORIENTED_EDGE('',*,*,#1675,.F.);
#970=ORIENTED_EDGE('',*,*,#1676,.T.);
#971=ORIENTED_EDGE('',*,*,#1677,.T.);
#972=ORIENTED_EDGE('',*,*,#1425,.F.);
#973=ORIENTED_EDGE('',*,*,#1677,.F.);
#974=ORIENTED_EDGE('',*,*,#1678,.T.);
#975=ORIENTED_EDGE('',*,*,#1679,.T.);
#976=ORIENTED_EDGE('',*,*,#1426,.F.);
#977=ORIENTED_EDGE('',*,*,#1679,.F.);
#978=ORIENTED_EDGE('',*,*,#1680,.T.);
#979=ORIENTED_EDGE('',*,*,#1681,.T.);
#980=ORIENTED_EDGE('',*,*,#1427,.F.);
#981=ORIENTED_EDGE('',*,*,#1681,.F.);
#982=ORIENTED_EDGE('',*,*,#1682,.T.);
#983=ORIENTED_EDGE('',*,*,#1683,.T.);
#984=ORIENTED_EDGE('',*,*,#1428,.F.);
#985=ORIENTED_EDGE('',*,*,#1683,.F.);
#986=ORIENTED_EDGE('',*,*,#1684,.T.);
#987=ORIENTED_EDGE('',*,*,#1685,.T.);
#988=ORIENTED_EDGE('',*,*,#1429,.F.);
#989=ORIENTED_EDGE('',*,*,#1685,.F.);
#990=ORIENTED_EDGE('',*,*,#1686,.T.);
#991=ORIENTED_EDGE('',*,*,#1687,.T.);
#992=ORIENTED_EDGE('',*,*,#1430,.F.);
#993=ORIENTED_EDGE('',*,*,#1687,.F.);
#994=ORIENTED_EDGE('',*,*,#1688,.T.);
#995=ORIENTED_EDGE('',*,*,#1689,.T.);
#996=ORIENTED_EDGE('',*,*,#1431,.F.);
#997=ORIENTED_EDGE('',*,*,#1689,.F.);
#998=ORIENTED_EDGE('',*,*,#1690,.T.);
#999=ORIENTED_EDGE('',*,*,#1691,.T.);
#1000=ORIENTED_EDGE('',*,*,#1432,.F.);
#1001=ORIENTED_EDGE('',*,*,#1691,.F.);
#1002=ORIENTED_EDGE('',*,*,#1692,.T.);
#1003=ORIENTED_EDGE('',*,*,#1693,.T.);
#1004=ORIENTED_EDGE('',*,*,#1433,.F.);
#1005=ORIENTED_EDGE('',*,*,#1693,.F.);
#1006=ORIENTED_EDGE('',*,*,#1694,.T.);
#1007=ORIENTED_EDGE('',*,*,#1695,.T.);
#1008=ORIENTED_EDGE('',*,*,#1434,.F.);
#1009=ORIENTED_EDGE('',*,*,#1695,.F.);
#1010=ORIENTED_EDGE('',*,*,#1696,.T.);
#1011=ORIENTED_EDGE('',*,*,#1697,.T.);
#1012=ORIENTED_EDGE('',*,*,#1435,.F.);
#1013=ORIENTED_EDGE('',*,*,#1697,.F.);
#1014=ORIENTED_EDGE('',*,*,#1698,.T.);
#1015=ORIENTED_EDGE('',*,*,#1699,.T.);
#1016=ORIENTED_EDGE('',*,*,#1436,.F.);
#1017=ORIENTED_EDGE('',*,*,#1699,.F.);
#1018=ORIENTED_EDGE('',*,*,#1700,.T.);
#1019=ORIENTED_EDGE('',*,*,#1701,.T.);
#1020=ORIENTED_EDGE('',*,*,#1437,.F.);
#1021=ORIENTED_EDGE('',*,*,#1701,.F.);
#1022=ORIENTED_EDGE('',*,*,#1702,.T.);
#1023=ORIENTED_EDGE('',*,*,#1703,.T.);
#1024=ORIENTED_EDGE('',*,*,#1438,.F.);
#1025=ORIENTED_EDGE('',*,*,#1703,.F.);
#1026=ORIENTED_EDGE('',*,*,#1704,.T.);
#1027=ORIENTED_EDGE('',*,*,#1705,.T.);
#1028=ORIENTED_EDGE('',*,*,#1439,.F.);
#1029=ORIENTED_EDGE('',*,*,#1705,.F.);
#1030=ORIENTED_EDGE('',*,*,#1706,.T.);
#1031=ORIENTED_EDGE('',*,*,#1659,.T.);
#1032=ORIENTED_EDGE('',*,*,#1660,.F.);
#1033=ORIENTED_EDGE('',*,*,#1706,.F.);
#1034=ORIENTED_EDGE('',*,*,#1704,.F.);
#1035=ORIENTED_EDGE('',*,*,#1702,.F.);
#1036=ORIENTED_EDGE('',*,*,#1700,.F.);
#1037=ORIENTED_EDGE('',*,*,#1698,.F.);
#1038=ORIENTED_EDGE('',*,*,#1696,.F.);
#1039=ORIENTED_EDGE('',*,*,#1694,.F.);
#1040=ORIENTED_EDGE('',*,*,#1692,.F.);
#1041=ORIENTED_EDGE('',*,*,#1690,.F.);
#1042=ORIENTED_EDGE('',*,*,#1688,.F.);
#1043=ORIENTED_EDGE('',*,*,#1686,.F.);
#1044=ORIENTED_EDGE('',*,*,#1684,.F.);
#1045=ORIENTED_EDGE('',*,*,#1682,.F.);
#1046=ORIENTED_EDGE('',*,*,#1680,.F.);
#1047=ORIENTED_EDGE('',*,*,#1678,.F.);
#1048=ORIENTED_EDGE('',*,*,#1676,.F.);
#1049=ORIENTED_EDGE('',*,*,#1674,.F.);
#1050=ORIENTED_EDGE('',*,*,#1672,.F.);
#1051=ORIENTED_EDGE('',*,*,#1670,.F.);
#1052=ORIENTED_EDGE('',*,*,#1668,.F.);
#1053=ORIENTED_EDGE('',*,*,#1666,.F.);
#1054=ORIENTED_EDGE('',*,*,#1664,.F.);
#1055=ORIENTED_EDGE('',*,*,#1662,.F.);
#1056=ORIENTED_EDGE('',*,*,#1343,.F.);
#1057=ORIENTED_EDGE('',*,*,#1707,.F.);
#1058=ORIENTED_EDGE('',*,*,#1708,.T.);
#1059=ORIENTED_EDGE('',*,*,#1709,.T.);
#1060=ORIENTED_EDGE('',*,*,#1344,.F.);
#1061=ORIENTED_EDGE('',*,*,#1709,.F.);
#1062=ORIENTED_EDGE('',*,*,#1710,.T.);
#1063=ORIENTED_EDGE('',*,*,#1711,.T.);
#1064=ORIENTED_EDGE('',*,*,#1345,.F.);
#1065=ORIENTED_EDGE('',*,*,#1711,.F.);
#1066=ORIENTED_EDGE('',*,*,#1712,.T.);
#1067=ORIENTED_EDGE('',*,*,#1713,.T.);
#1068=ORIENTED_EDGE('',*,*,#1346,.F.);
#1069=ORIENTED_EDGE('',*,*,#1713,.F.);
#1070=ORIENTED_EDGE('',*,*,#1714,.T.);
#1071=ORIENTED_EDGE('',*,*,#1707,.T.);
#1072=ORIENTED_EDGE('',*,*,#1708,.F.);
#1073=ORIENTED_EDGE('',*,*,#1714,.F.);
#1074=ORIENTED_EDGE('',*,*,#1712,.F.);
#1075=ORIENTED_EDGE('',*,*,#1710,.F.);
#1076=ORIENTED_EDGE('',*,*,#1440,.F.);
#1077=ORIENTED_EDGE('',*,*,#1715,.F.);
#1078=ORIENTED_EDGE('',*,*,#1716,.T.);
#1079=ORIENTED_EDGE('',*,*,#1717,.T.);
#1080=ORIENTED_EDGE('',*,*,#1441,.F.);
#1081=ORIENTED_EDGE('',*,*,#1717,.F.);
#1082=ORIENTED_EDGE('',*,*,#1718,.T.);
#1083=ORIENTED_EDGE('',*,*,#1719,.T.);
#1084=ORIENTED_EDGE('',*,*,#1442,.F.);
#1085=ORIENTED_EDGE('',*,*,#1719,.F.);
#1086=ORIENTED_EDGE('',*,*,#1720,.T.);
#1087=ORIENTED_EDGE('',*,*,#1721,.T.);
#1088=ORIENTED_EDGE('',*,*,#1443,.F.);
#1089=ORIENTED_EDGE('',*,*,#1721,.F.);
#1090=ORIENTED_EDGE('',*,*,#1722,.T.);
#1091=ORIENTED_EDGE('',*,*,#1723,.T.);
#1092=ORIENTED_EDGE('',*,*,#1444,.F.);
#1093=ORIENTED_EDGE('',*,*,#1723,.F.);
#1094=ORIENTED_EDGE('',*,*,#1724,.T.);
#1095=ORIENTED_EDGE('',*,*,#1725,.T.);
#1096=ORIENTED_EDGE('',*,*,#1445,.F.);
#1097=ORIENTED_EDGE('',*,*,#1725,.F.);
#1098=ORIENTED_EDGE('',*,*,#1726,.T.);
#1099=ORIENTED_EDGE('',*,*,#1727,.T.);
#1100=ORIENTED_EDGE('',*,*,#1446,.F.);
#1101=ORIENTED_EDGE('',*,*,#1727,.F.);
#1102=ORIENTED_EDGE('',*,*,#1728,.T.);
#1103=ORIENTED_EDGE('',*,*,#1729,.T.);
#1104=ORIENTED_EDGE('',*,*,#1447,.F.);
#1105=ORIENTED_EDGE('',*,*,#1729,.F.);
#1106=ORIENTED_EDGE('',*,*,#1730,.T.);
#1107=ORIENTED_EDGE('',*,*,#1731,.T.);
#1108=ORIENTED_EDGE('',*,*,#1448,.F.);
#1109=ORIENTED_EDGE('',*,*,#1731,.F.);
#1110=ORIENTED_EDGE('',*,*,#1732,.T.);
#1111=ORIENTED_EDGE('',*,*,#1733,.T.);
#1112=ORIENTED_EDGE('',*,*,#1449,.F.);
#1113=ORIENTED_EDGE('',*,*,#1733,.F.);
#1114=ORIENTED_EDGE('',*,*,#1734,.T.);
#1115=ORIENTED_EDGE('',*,*,#1735,.T.);
#1116=ORIENTED_EDGE('',*,*,#1450,.F.);
#1117=ORIENTED_EDGE('',*,*,#1735,.F.);
#1118=ORIENTED_EDGE('',*,*,#1736,.T.);
#1119=ORIENTED_EDGE('',*,*,#1737,.T.);
#1120=ORIENTED_EDGE('',*,*,#1451,.F.);
#1121=ORIENTED_EDGE('',*,*,#1737,.F.);
#1122=ORIENTED_EDGE('',*,*,#1738,.T.);
#1123=ORIENTED_EDGE('',*,*,#1739,.T.);
#1124=ORIENTED_EDGE('',*,*,#1452,.F.);
#1125=ORIENTED_EDGE('',*,*,#1739,.F.);
#1126=ORIENTED_EDGE('',*,*,#1740,.T.);
#1127=ORIENTED_EDGE('',*,*,#1741,.T.);
#1128=ORIENTED_EDGE('',*,*,#1453,.F.);
#1129=ORIENTED_EDGE('',*,*,#1741,.F.);
#1130=ORIENTED_EDGE('',*,*,#1742,.T.);
#1131=ORIENTED_EDGE('',*,*,#1743,.T.);
#1132=ORIENTED_EDGE('',*,*,#1454,.F.);
#1133=ORIENTED_EDGE('',*,*,#1743,.F.);
#1134=ORIENTED_EDGE('',*,*,#1744,.T.);
#1135=ORIENTED_EDGE('',*,*,#1745,.T.);
#1136=ORIENTED_EDGE('',*,*,#1455,.F.);
#1137=ORIENTED_EDGE('',*,*,#1745,.F.);
#1138=ORIENTED_EDGE('',*,*,#1746,.T.);
#1139=ORIENTED_EDGE('',*,*,#1747,.T.);
#1140=ORIENTED_EDGE('',*,*,#1456,.F.);
#1141=ORIENTED_EDGE('',*,*,#1747,.F.);
#1142=ORIENTED_EDGE('',*,*,#1748,.T.);
#1143=ORIENTED_EDGE('',*,*,#1749,.T.);
#1144=ORIENTED_EDGE('',*,*,#1457,.F.);
#1145=ORIENTED_EDGE('',*,*,#1749,.F.);
#1146=ORIENTED_EDGE('',*,*,#1750,.T.);
#1147=ORIENTED_EDGE('',*,*,#1751,.T.);
#1148=ORIENTED_EDGE('',*,*,#1458,.F.);
#1149=ORIENTED_EDGE('',*,*,#1751,.F.);
#1150=ORIENTED_EDGE('',*,*,#1752,.T.);
#1151=ORIENTED_EDGE('',*,*,#1753,.T.);
#1152=ORIENTED_EDGE('',*,*,#1459,.F.);
#1153=ORIENTED_EDGE('',*,*,#1753,.F.);
#1154=ORIENTED_EDGE('',*,*,#1754,.T.);
#1155=ORIENTED_EDGE('',*,*,#1755,.T.);
#1156=ORIENTED_EDGE('',*,*,#1460,.F.);
#1157=ORIENTED_EDGE('',*,*,#1755,.F.);
#1158=ORIENTED_EDGE('',*,*,#1756,.T.);
#1159=ORIENTED_EDGE('',*,*,#1757,.T.);
#1160=ORIENTED_EDGE('',*,*,#1461,.F.);
#1161=ORIENTED_EDGE('',*,*,#1757,.F.);
#1162=ORIENTED_EDGE('',*,*,#1758,.T.);
#1163=ORIENTED_EDGE('',*,*,#1759,.T.);
#1164=ORIENTED_EDGE('',*,*,#1462,.F.);
#1165=ORIENTED_EDGE('',*,*,#1759,.F.);
#1166=ORIENTED_EDGE('',*,*,#1760,.T.);
#1167=ORIENTED_EDGE('',*,*,#1761,.T.);
#1168=ORIENTED_EDGE('',*,*,#1463,.F.);
#1169=ORIENTED_EDGE('',*,*,#1761,.F.);
#1170=ORIENTED_EDGE('',*,*,#1762,.T.);
#1171=ORIENTED_EDGE('',*,*,#1715,.T.);
#1172=ORIENTED_EDGE('',*,*,#1716,.F.);
#1173=ORIENTED_EDGE('',*,*,#1762,.F.);
#1174=ORIENTED_EDGE('',*,*,#1760,.F.);
#1175=ORIENTED_EDGE('',*,*,#1758,.F.);
#1176=ORIENTED_EDGE('',*,*,#1756,.F.);
#1177=ORIENTED_EDGE('',*,*,#1754,.F.);
#1178=ORIENTED_EDGE('',*,*,#1752,.F.);
#1179=ORIENTED_EDGE('',*,*,#1750,.F.);
#1180=ORIENTED_EDGE('',*,*,#1748,.F.);
#1181=ORIENTED_EDGE('',*,*,#1746,.F.);
#1182=ORIENTED_EDGE('',*,*,#1744,.F.);
#1183=ORIENTED_EDGE('',*,*,#1742,.F.);
#1184=ORIENTED_EDGE('',*,*,#1740,.F.);
#1185=ORIENTED_EDGE('',*,*,#1738,.F.);
#1186=ORIENTED_EDGE('',*,*,#1736,.F.);
#1187=ORIENTED_EDGE('',*,*,#1734,.F.);
#1188=ORIENTED_EDGE('',*,*,#1732,.F.);
#1189=ORIENTED_EDGE('',*,*,#1730,.F.);
#1190=ORIENTED_EDGE('',*,*,#1728,.F.);
#1191=ORIENTED_EDGE('',*,*,#1726,.F.);
#1192=ORIENTED_EDGE('',*,*,#1724,.F.);
#1193=ORIENTED_EDGE('',*,*,#1722,.F.);
#1194=ORIENTED_EDGE('',*,*,#1720,.F.);
#1195=ORIENTED_EDGE('',*,*,#1718,.F.);
#1196=ORIENTED_EDGE('',*,*,#1334,.F.);
#1197=ORIENTED_EDGE('',*,*,#1763,.F.);
#1198=ORIENTED_EDGE('',*,*,#1764,.T.);
#1199=ORIENTED_EDGE('',*,*,#1765,.T.);
#1200=ORIENTED_EDGE('',*,*,#1335,.F.);
#1201=ORIENTED_EDGE('',*,*,#1765,.F.);
#1202=ORIENTED_EDGE('',*,*,#1766,.T.);
#1203=ORIENTED_EDGE('',*,*,#1767,.T.);
#1204=ORIENTED_EDGE('',*,*,#1336,.F.);
#1205=ORIENTED_EDGE('',*,*,#1767,.F.);
#1206=ORIENTED_EDGE('',*,*,#1768,.T.);
#1207=ORIENTED_EDGE('',*,*,#1769,.T.);
#1208=ORIENTED_EDGE('',*,*,#1337,.F.);
#1209=ORIENTED_EDGE('',*,*,#1769,.F.);
#1210=ORIENTED_EDGE('',*,*,#1770,.T.);
#1211=ORIENTED_EDGE('',*,*,#1771,.T.);
#1212=ORIENTED_EDGE('',*,*,#1338,.F.);
#1213=ORIENTED_EDGE('',*,*,#1771,.F.);
#1214=ORIENTED_EDGE('',*,*,#1772,.T.);
#1215=ORIENTED_EDGE('',*,*,#1773,.T.);
#1216=ORIENTED_EDGE('',*,*,#1339,.F.);
#1217=ORIENTED_EDGE('',*,*,#1773,.F.);
#1218=ORIENTED_EDGE('',*,*,#1774,.T.);
#1219=ORIENTED_EDGE('',*,*,#1775,.T.);
#1220=ORIENTED_EDGE('',*,*,#1340,.F.);
#1221=ORIENTED_EDGE('',*,*,#1775,.F.);
#1222=ORIENTED_EDGE('',*,*,#1776,.T.);
#1223=ORIENTED_EDGE('',*,*,#1777,.T.);
#1224=ORIENTED_EDGE('',*,*,#1341,.F.);
#1225=ORIENTED_EDGE('',*,*,#1777,.F.);
#1226=ORIENTED_EDGE('',*,*,#1778,.T.);
#1227=ORIENTED_EDGE('',*,*,#1779,.T.);
#1228=ORIENTED_EDGE('',*,*,#1342,.F.);
#1229=ORIENTED_EDGE('',*,*,#1779,.F.);
#1230=ORIENTED_EDGE('',*,*,#1780,.T.);
#1231=ORIENTED_EDGE('',*,*,#1763,.T.);
#1232=ORIENTED_EDGE('',*,*,#1781,.F.);
#1233=ORIENTED_EDGE('',*,*,#1782,.F.);
#1234=ORIENTED_EDGE('',*,*,#1783,.F.);
#1235=ORIENTED_EDGE('',*,*,#1784,.F.);
#1236=ORIENTED_EDGE('',*,*,#1764,.F.);
#1237=ORIENTED_EDGE('',*,*,#1780,.F.);
#1238=ORIENTED_EDGE('',*,*,#1778,.F.);
#1239=ORIENTED_EDGE('',*,*,#1776,.F.);
#1240=ORIENTED_EDGE('',*,*,#1774,.F.);
#1241=ORIENTED_EDGE('',*,*,#1772,.F.);
#1242=ORIENTED_EDGE('',*,*,#1770,.F.);
#1243=ORIENTED_EDGE('',*,*,#1768,.F.);
#1244=ORIENTED_EDGE('',*,*,#1766,.F.);
#1245=ORIENTED_EDGE('',*,*,#1785,.F.);
#1246=ORIENTED_EDGE('',*,*,#1786,.F.);
#1247=ORIENTED_EDGE('',*,*,#1784,.T.);
#1248=ORIENTED_EDGE('',*,*,#1787,.T.);
#1249=ORIENTED_EDGE('',*,*,#1788,.F.);
#1250=ORIENTED_EDGE('',*,*,#1789,.F.);
#1251=ORIENTED_EDGE('',*,*,#1781,.T.);
#1252=ORIENTED_EDGE('',*,*,#1786,.T.);
#1253=ORIENTED_EDGE('',*,*,#1790,.F.);
#1254=ORIENTED_EDGE('',*,*,#1791,.F.);
#1255=ORIENTED_EDGE('',*,*,#1782,.T.);
#1256=ORIENTED_EDGE('',*,*,#1789,.T.);
#1257=ORIENTED_EDGE('',*,*,#1792,.F.);
#1258=ORIENTED_EDGE('',*,*,#1787,.F.);
#1259=ORIENTED_EDGE('',*,*,#1783,.T.);
#1260=ORIENTED_EDGE('',*,*,#1791,.T.);
#1261=ORIENTED_EDGE('',*,*,#1464,.F.);
#1262=ORIENTED_EDGE('',*,*,#1793,.F.);
#1263=ORIENTED_EDGE('',*,*,#1794,.T.);
#1264=ORIENTED_EDGE('',*,*,#1795,.T.);
#1265=ORIENTED_EDGE('',*,*,#1465,.F.);
#1266=ORIENTED_EDGE('',*,*,#1795,.F.);
#1267=ORIENTED_EDGE('',*,*,#1796,.T.);
#1268=ORIENTED_EDGE('',*,*,#1797,.T.);
#1269=ORIENTED_EDGE('',*,*,#1466,.F.);
#1270=ORIENTED_EDGE('',*,*,#1797,.F.);
#1271=ORIENTED_EDGE('',*,*,#1798,.T.);
#1272=ORIENTED_EDGE('',*,*,#1799,.T.);
#1273=ORIENTED_EDGE('',*,*,#1467,.F.);
#1274=ORIENTED_EDGE('',*,*,#1799,.F.);
#1275=ORIENTED_EDGE('',*,*,#1800,.T.);
#1276=ORIENTED_EDGE('',*,*,#1801,.T.);
#1277=ORIENTED_EDGE('',*,*,#1468,.F.);
#1278=ORIENTED_EDGE('',*,*,#1801,.F.);
#1279=ORIENTED_EDGE('',*,*,#1802,.T.);
#1280=ORIENTED_EDGE('',*,*,#1803,.T.);
#1281=ORIENTED_EDGE('',*,*,#1469,.F.);
#1282=ORIENTED_EDGE('',*,*,#1803,.F.);
#1283=ORIENTED_EDGE('',*,*,#1804,.T.);
#1284=ORIENTED_EDGE('',*,*,#1805,.T.);
#1285=ORIENTED_EDGE('',*,*,#1470,.F.);
#1286=ORIENTED_EDGE('',*,*,#1805,.F.);
#1287=ORIENTED_EDGE('',*,*,#1806,.T.);
#1288=ORIENTED_EDGE('',*,*,#1807,.T.);
#1289=ORIENTED_EDGE('',*,*,#1471,.F.);
#1290=ORIENTED_EDGE('',*,*,#1807,.F.);
#1291=ORIENTED_EDGE('',*,*,#1808,.T.);
#1292=ORIENTED_EDGE('',*,*,#1809,.T.);
#1293=ORIENTED_EDGE('',*,*,#1472,.F.);
#1294=ORIENTED_EDGE('',*,*,#1809,.F.);
#1295=ORIENTED_EDGE('',*,*,#1810,.T.);
#1296=ORIENTED_EDGE('',*,*,#1793,.T.);
#1297=ORIENTED_EDGE('',*,*,#1811,.F.);
#1298=ORIENTED_EDGE('',*,*,#1812,.F.);
#1299=ORIENTED_EDGE('',*,*,#1813,.F.);
#1300=ORIENTED_EDGE('',*,*,#1814,.F.);
#1301=ORIENTED_EDGE('',*,*,#1794,.F.);
#1302=ORIENTED_EDGE('',*,*,#1810,.F.);
#1303=ORIENTED_EDGE('',*,*,#1808,.F.);
#1304=ORIENTED_EDGE('',*,*,#1806,.F.);
#1305=ORIENTED_EDGE('',*,*,#1804,.F.);
#1306=ORIENTED_EDGE('',*,*,#1802,.F.);
#1307=ORIENTED_EDGE('',*,*,#1800,.F.);
#1308=ORIENTED_EDGE('',*,*,#1798,.F.);
#1309=ORIENTED_EDGE('',*,*,#1796,.F.);
#1310=ORIENTED_EDGE('',*,*,#1815,.F.);
#1311=ORIENTED_EDGE('',*,*,#1816,.F.);
#1312=ORIENTED_EDGE('',*,*,#1814,.T.);
#1313=ORIENTED_EDGE('',*,*,#1817,.T.);
#1314=ORIENTED_EDGE('',*,*,#1818,.F.);
#1315=ORIENTED_EDGE('',*,*,#1819,.F.);
#1316=ORIENTED_EDGE('',*,*,#1811,.T.);
#1317=ORIENTED_EDGE('',*,*,#1816,.T.);
#1318=ORIENTED_EDGE('',*,*,#1820,.F.);
#1319=ORIENTED_EDGE('',*,*,#1821,.F.);
#1320=ORIENTED_EDGE('',*,*,#1812,.T.);
#1321=ORIENTED_EDGE('',*,*,#1819,.T.);
#1322=ORIENTED_EDGE('',*,*,#1822,.F.);
#1323=ORIENTED_EDGE('',*,*,#1817,.F.);
#1324=ORIENTED_EDGE('',*,*,#1813,.T.);
#1325=ORIENTED_EDGE('',*,*,#1821,.T.);
#1326=ORIENTED_EDGE('',*,*,#1785,.T.);
#1327=ORIENTED_EDGE('',*,*,#1792,.T.);
#1328=ORIENTED_EDGE('',*,*,#1790,.T.);
#1329=ORIENTED_EDGE('',*,*,#1788,.T.);
#1330=ORIENTED_EDGE('',*,*,#1815,.T.);
#1331=ORIENTED_EDGE('',*,*,#1822,.T.);
#1332=ORIENTED_EDGE('',*,*,#1820,.T.);
#1333=ORIENTED_EDGE('',*,*,#1818,.T.);
#1334=EDGE_CURVE('',#1823,#1824,#2149,.T.);
#1335=EDGE_CURVE('',#1824,#1825,#122,.T.);
#1336=EDGE_CURVE('',#1825,#1826,#123,.T.);
#1337=EDGE_CURVE('',#1826,#1827,#124,.T.);
#1338=EDGE_CURVE('',#1827,#1828,#125,.T.);
#1339=EDGE_CURVE('',#1828,#1829,#126,.T.);
#1340=EDGE_CURVE('',#1829,#1830,#2150,.T.);
#1341=EDGE_CURVE('',#1830,#1831,#127,.T.);
#1342=EDGE_CURVE('',#1831,#1823,#128,.T.);
#1343=EDGE_CURVE('',#1832,#1833,#129,.T.);
#1344=EDGE_CURVE('',#1833,#1834,#130,.T.);
#1345=EDGE_CURVE('',#1834,#1835,#131,.T.);
#1346=EDGE_CURVE('',#1835,#1832,#132,.T.);
#1347=EDGE_CURVE('',#1836,#1837,#2151,.T.);
#1348=EDGE_CURVE('',#1837,#1838,#133,.T.);
#1349=EDGE_CURVE('',#1838,#1839,#134,.T.);
#1350=EDGE_CURVE('',#1839,#1840,#2152,.T.);
#1351=EDGE_CURVE('',#1840,#1841,#2153,.T.);
#1352=EDGE_CURVE('',#1841,#1842,#135,.T.);
#1353=EDGE_CURVE('',#1842,#1843,#136,.T.);
#1354=EDGE_CURVE('',#1843,#1844,#2154,.T.);
#1355=EDGE_CURVE('',#1844,#1845,#137,.T.);
#1356=EDGE_CURVE('',#1845,#1846,#138,.T.);
#1357=EDGE_CURVE('',#1846,#1847,#2155,.T.);
#1358=EDGE_CURVE('',#1847,#1848,#2156,.T.);
#1359=EDGE_CURVE('',#1848,#1849,#139,.T.);
#1360=EDGE_CURVE('',#1849,#1850,#140,.T.);
#1361=EDGE_CURVE('',#1850,#1851,#2157,.T.);
#1362=EDGE_CURVE('',#1851,#1852,#2158,.T.);
#1363=EDGE_CURVE('',#1852,#1853,#141,.T.);
#1364=EDGE_CURVE('',#1853,#1854,#142,.T.);
#1365=EDGE_CURVE('',#1854,#1855,#2159,.T.);
#1366=EDGE_CURVE('',#1855,#1856,#143,.T.);
#1367=EDGE_CURVE('',#1856,#1857,#144,.T.);
#1368=EDGE_CURVE('',#1857,#1858,#2160,.T.);
#1369=EDGE_CURVE('',#1858,#1859,#2161,.T.);
#1370=EDGE_CURVE('',#1859,#1860,#2162,.T.);
#1371=EDGE_CURVE('',#1860,#1861,#145,.T.);
#1372=EDGE_CURVE('',#1861,#1862,#146,.T.);
#1373=EDGE_CURVE('',#1862,#1863,#2163,.T.);
#1374=EDGE_CURVE('',#1863,#1864,#147,.T.);
#1375=EDGE_CURVE('',#1864,#1865,#148,.T.);
#1376=EDGE_CURVE('',#1865,#1866,#2164,.T.);
#1377=EDGE_CURVE('',#1866,#1867,#2165,.T.);
#1378=EDGE_CURVE('',#1867,#1868,#149,.T.);
#1379=EDGE_CURVE('',#1868,#1869,#150,.T.);
#1380=EDGE_CURVE('',#1869,#1870,#2166,.T.);
#1381=EDGE_CURVE('',#1870,#1871,#2167,.T.);
#1382=EDGE_CURVE('',#1871,#1872,#151,.T.);
#1383=EDGE_CURVE('',#1872,#1873,#152,.T.);
#1384=EDGE_CURVE('',#1873,#1874,#2168,.T.);
#1385=EDGE_CURVE('',#1874,#1875,#153,.T.);
#1386=EDGE_CURVE('',#1875,#1876,#154,.T.);
#1387=EDGE_CURVE('',#1876,#1877,#2169,.T.);
#1388=EDGE_CURVE('',#1877,#1878,#2170,.T.);
#1389=EDGE_CURVE('',#1878,#1879,#155,.T.);
#1390=EDGE_CURVE('',#1879,#1880,#156,.T.);
#1391=EDGE_CURVE('',#1880,#1881,#2171,.T.);
#1392=EDGE_CURVE('',#1881,#1882,#157,.T.);
#1393=EDGE_CURVE('',#1882,#1836,#158,.T.);
#1394=EDGE_CURVE('',#1883,#1884,#2172,.T.);
#1395=EDGE_CURVE('',#1884,#1885,#94,.F.);
#1396=EDGE_CURVE('',#1886,#1885,#2173,.T.);
#1397=EDGE_CURVE('',#1886,#1887,#95,.F.);
#1398=EDGE_CURVE('',#1887,#1888,#2174,.T.);
#1399=EDGE_CURVE('',#1888,#1889,#2175,.T.);
#1400=EDGE_CURVE('',#1889,#1890,#2176,.T.);
#1401=EDGE_CURVE('',#1890,#1891,#2177,.T.);
#1402=EDGE_CURVE('',#1891,#1892,#2178,.T.);
#1403=EDGE_CURVE('',#1892,#1893,#2179,.T.);
#1404=EDGE_CURVE('',#1893,#1894,#2180,.T.);
#1405=EDGE_CURVE('',#1894,#1895,#2181,.T.);
#1406=EDGE_CURVE('',#1895,#1896,#2182,.T.);
#1407=EDGE_CURVE('',#1896,#1897,#2183,.T.);
#1408=EDGE_CURVE('',#1897,#1898,#2184,.T.);
#1409=EDGE_CURVE('',#1898,#1899,#2185,.T.);
#1410=EDGE_CURVE('',#1900,#1899,#2186,.T.);
#1411=EDGE_CURVE('',#1900,#1901,#2187,.T.);
#1412=EDGE_CURVE('',#1901,#1902,#2188,.T.);
#1413=EDGE_CURVE('',#1902,#1903,#2189,.T.);
#1414=EDGE_CURVE('',#1904,#1903,#2190,.T.);
#1415=EDGE_CURVE('',#1904,#1883,#2191,.T.);
#1416=EDGE_CURVE('',#1905,#1906,#2192,.T.);
#1417=EDGE_CURVE('',#1906,#1907,#159,.T.);
#1418=EDGE_CURVE('',#1907,#1908,#2193,.T.);
#1419=EDGE_CURVE('',#1908,#1909,#2194,.T.);
#1420=EDGE_CURVE('',#1909,#1910,#160,.T.);
#1421=EDGE_CURVE('',#1910,#1911,#2195,.T.);
#1422=EDGE_CURVE('',#1911,#1912,#161,.T.);
#1423=EDGE_CURVE('',#1912,#1913,#2196,.T.);
#1424=EDGE_CURVE('',#1913,#1914,#162,.T.);
#1425=EDGE_CURVE('',#1914,#1915,#163,.T.);
#1426=EDGE_CURVE('',#1915,#1916,#2197,.T.);
#1427=EDGE_CURVE('',#1916,#1917,#164,.T.);
#1428=EDGE_CURVE('',#1917,#1918,#165,.T.);
#1429=EDGE_CURVE('',#1918,#1919,#2198,.T.);
#1430=EDGE_CURVE('',#1919,#1920,#2199,.T.);
#1431=EDGE_CURVE('',#1920,#1921,#166,.T.);
#1432=EDGE_CURVE('',#1921,#1922,#167,.T.);
#1433=EDGE_CURVE('',#1922,#1923,#2200,.T.);
#1434=EDGE_CURVE('',#1923,#1924,#2201,.T.);
#1435=EDGE_CURVE('',#1924,#1925,#168,.T.);
#1436=EDGE_CURVE('',#1925,#1926,#169,.T.);
#1437=EDGE_CURVE('',#1926,#1927,#2202,.T.);
#1438=EDGE_CURVE('',#1927,#1928,#170,.T.);
#1439=EDGE_CURVE('',#1928,#1905,#2203,.T.);
#1440=EDGE_CURVE('',#1929,#1930,#171,.T.);
#1441=EDGE_CURVE('',#1930,#1931,#2204,.T.);
#1442=EDGE_CURVE('',#1931,#1932,#172,.T.);
#1443=EDGE_CURVE('',#1932,#1933,#2205,.T.);
#1444=EDGE_CURVE('',#1933,#1934,#2206,.T.);
#1445=EDGE_CURVE('',#1934,#1935,#2207,.T.);
#1446=EDGE_CURVE('',#1935,#1936,#2208,.T.);
#1447=EDGE_CURVE('',#1936,#1937,#2209,.T.);
#1448=EDGE_CURVE('',#1937,#1938,#173,.T.);
#1449=EDGE_CURVE('',#1938,#1939,#2210,.T.);
#1450=EDGE_CURVE('',#1939,#1940,#2211,.T.);
#1451=EDGE_CURVE('',#1940,#1941,#2212,.T.);
#1452=EDGE_CURVE('',#1941,#1942,#174,.T.);
#1453=EDGE_CURVE('',#1942,#1943,#175,.T.);
#1454=EDGE_CURVE('',#1943,#1944,#2213,.T.);
#1455=EDGE_CURVE('',#1944,#1945,#176,.T.);
#1456=EDGE_CURVE('',#1945,#1946,#177,.T.);
#1457=EDGE_CURVE('',#1946,#1947,#2214,.T.);
#1458=EDGE_CURVE('',#1947,#1948,#2215,.T.);
#1459=EDGE_CURVE('',#1948,#1949,#178,.T.);
#1460=EDGE_CURVE('',#1949,#1950,#179,.T.);
#1461=EDGE_CURVE('',#1950,#1951,#2216,.T.);
#1462=EDGE_CURVE('',#1951,#1952,#2217,.T.);
#1463=EDGE_CURVE('',#1952,#1929,#180,.T.);
#1464=EDGE_CURVE('',#1953,#1954,#2218,.T.);
#1465=EDGE_CURVE('',#1954,#1955,#181,.T.);
#1466=EDGE_CURVE('',#1955,#1956,#182,.T.);
#1467=EDGE_CURVE('',#1956,#1957,#183,.T.);
#1468=EDGE_CURVE('',#1957,#1958,#184,.T.);
#1469=EDGE_CURVE('',#1958,#1959,#185,.T.);
#1470=EDGE_CURVE('',#1959,#1960,#2219,.T.);
#1471=EDGE_CURVE('',#1960,#1961,#186,.T.);
#1472=EDGE_CURVE('',#1961,#1953,#187,.T.);
#1473=EDGE_CURVE('',#1962,#1963,#2220,.T.);
#1474=EDGE_CURVE('',#1962,#1964,#96,.F.);
#1475=EDGE_CURVE('',#1964,#1965,#2221,.T.);
#1476=EDGE_CURVE('',#1965,#1963,#97,.F.);
#1477=EDGE_CURVE('',#1966,#1967,#2222,.T.);
#1478=EDGE_CURVE('',#1966,#1962,#2223,.T.);
#1479=EDGE_CURVE('',#1963,#1967,#2224,.T.);
#1480=EDGE_CURVE('',#1968,#1966,#98,.T.);
#1481=EDGE_CURVE('',#1967,#1969,#99,.T.);
#1482=EDGE_CURVE('',#1968,#1969,#2225,.T.);
#1483=EDGE_CURVE('',#1970,#1971,#100,.T.);
#1484=EDGE_CURVE('',#1972,#1971,#2226,.T.);
#1485=EDGE_CURVE('',#1972,#1973,#101,.T.);
#1486=EDGE_CURVE('',#1973,#1970,#2227,.T.);
#1487=EDGE_CURVE('',#1971,#1974,#2228,.T.);
#1488=EDGE_CURVE('',#1975,#1974,#2229,.T.);
#1489=EDGE_CURVE('',#1975,#1972,#2230,.T.);
#1490=EDGE_CURVE('',#1974,#1976,#102,.F.);
#1491=EDGE_CURVE('',#1977,#1976,#2231,.T.);
#1492=EDGE_CURVE('',#1977,#1975,#103,.F.);
#1493=EDGE_CURVE('',#1976,#1978,#2232,.T.);
#1494=EDGE_CURVE('',#1979,#1978,#2233,.T.);
#1495=EDGE_CURVE('',#1979,#1977,#2234,.T.);
#1496=EDGE_CURVE('',#1978,#1890,#104,.T.);
#1497=EDGE_CURVE('',#1889,#1979,#105,.T.);
#1498=EDGE_CURVE('',#1980,#1981,#2235,.T.);
#1499=EDGE_CURVE('',#1980,#1904,#106,.T.);
#1500=EDGE_CURVE('',#1903,#1981,#107,.T.);
#1501=EDGE_CURVE('',#1964,#1980,#2236,.T.);
#1502=EDGE_CURVE('',#1981,#1965,#2237,.T.);
#1503=EDGE_CURVE('',#1982,#1983,#2238,.T.);
#1504=EDGE_CURVE('',#1982,#1984,#108,.F.);
#1505=EDGE_CURVE('',#1984,#1985,#2239,.T.);
#1506=EDGE_CURVE('',#1985,#1983,#109,.F.);
#1507=EDGE_CURVE('',#1986,#1987,#2240,.T.);
#1508=EDGE_CURVE('',#1986,#1982,#2241,.T.);
#1509=EDGE_CURVE('',#1983,#1987,#2242,.T.);
#1510=EDGE_CURVE('',#1988,#1986,#110,.T.);
#1511=EDGE_CURVE('',#1987,#1989,#111,.T.);
#1512=EDGE_CURVE('',#1988,#1989,#2243,.T.);
#1513=EDGE_CURVE('',#1990,#1991,#2244,.T.);
#1514=EDGE_CURVE('',#1990,#1992,#112,.F.);
#1515=EDGE_CURVE('',#1992,#1993,#2245,.T.);
#1516=EDGE_CURVE('',#1993,#1968,#2246,.T.);
#1517=EDGE_CURVE('',#1969,#1994,#2247,.T.);
#1518=EDGE_CURVE('',#1994,#1995,#2248,.T.);
#1519=EDGE_CURVE('',#1995,#1988,#2249,.T.);
#1520=EDGE_CURVE('',#1989,#1996,#2250,.T.);
#1521=EDGE_CURVE('',#1996,#1997,#2251,.T.);
#1522=EDGE_CURVE('',#1997,#1998,#2252,.T.);
#1523=EDGE_CURVE('',#1998,#1999,#2253,.T.);
#1524=EDGE_CURVE('',#1999,#2000,#2254,.T.);
#1525=EDGE_CURVE('',#2001,#2000,#2255,.T.);
#1526=EDGE_CURVE('',#2001,#2002,#2256,.T.);
#1527=EDGE_CURVE('',#2002,#2003,#2257,.T.);
#1528=EDGE_CURVE('',#2003,#1970,#2258,.T.);
#1529=EDGE_CURVE('',#1973,#2004,#2259,.T.);
#1530=EDGE_CURVE('',#2004,#2005,#2260,.T.);
#1531=EDGE_CURVE('',#2005,#1991,#113,.F.);
#1532=EDGE_CURVE('',#2000,#2006,#114,.T.);
#1533=EDGE_CURVE('',#2007,#2006,#2261,.T.);
#1534=EDGE_CURVE('',#2007,#2001,#115,.T.);
#1535=EDGE_CURVE('',#2006,#2008,#2262,.T.);
#1536=EDGE_CURVE('',#2009,#2008,#2263,.T.);
#1537=EDGE_CURVE('',#2009,#2007,#2264,.T.);
#1538=EDGE_CURVE('',#2008,#2010,#116,.F.);
#1539=EDGE_CURVE('',#2011,#2010,#2265,.T.);
#1540=EDGE_CURVE('',#2011,#2009,#117,.F.);
#1541=EDGE_CURVE('',#2010,#2012,#2266,.T.);
#1542=EDGE_CURVE('',#2013,#2012,#2267,.T.);
#1543=EDGE_CURVE('',#2013,#2011,#2268,.T.);
#1544=EDGE_CURVE('',#2012,#1894,#118,.T.);
#1545=EDGE_CURVE('',#1893,#2013,#119,.T.);
#1546=EDGE_CURVE('',#2014,#2015,#2269,.T.);
#1547=EDGE_CURVE('',#2014,#1900,#120,.T.);
#1548=EDGE_CURVE('',#1899,#2015,#121,.T.);
#1549=EDGE_CURVE('',#1984,#2014,#2270,.T.);
#1550=EDGE_CURVE('',#2015,#1985,#2271,.T.);
#1551=EDGE_CURVE('',#1885,#1990,#2272,.F.);
#1552=EDGE_CURVE('',#1991,#1886,#2273,.F.);
#1553=EDGE_CURVE('',#1997,#1897,#2274,.T.);
#1554=EDGE_CURVE('',#1896,#1998,#2275,.T.);
#1555=EDGE_CURVE('',#1895,#1999,#2276,.T.);
#1556=EDGE_CURVE('',#1898,#1996,#2277,.T.);
#1557=EDGE_CURVE('',#1888,#2004,#2278,.T.);
#1558=EDGE_CURVE('',#1887,#2005,#2279,.T.);
#1559=EDGE_CURVE('',#1883,#1993,#2280,.T.);
#1560=EDGE_CURVE('',#1992,#1884,#2281,.T.);
#1561=EDGE_CURVE('',#1902,#1994,#2282,.T.);
#1562=EDGE_CURVE('',#1901,#1995,#2283,.T.);
#1563=EDGE_CURVE('',#1891,#2003,#2284,.T.);
#1564=EDGE_CURVE('',#1892,#2002,#2285,.T.);
#1565=EDGE_CURVE('',#2016,#1836,#188,.F.);
#1566=EDGE_CURVE('',#2016,#2017,#2286,.T.);
#1567=EDGE_CURVE('',#2017,#1837,#189,.T.);
#1568=EDGE_CURVE('',#2017,#2018,#190,.F.);
#1569=EDGE_CURVE('',#2018,#1838,#191,.T.);
#1570=EDGE_CURVE('',#2018,#2019,#192,.F.);
#1571=EDGE_CURVE('',#2019,#1839,#193,.F.);
#1572=EDGE_CURVE('',#2019,#2020,#2287,.T.);
#1573=EDGE_CURVE('',#2020,#1840,#2288,.T.);
#1574=EDGE_CURVE('',#2020,#2021,#2289,.T.);
#1575=EDGE_CURVE('',#2021,#1841,#194,.T.);
#1576=EDGE_CURVE('',#2021,#2022,#195,.F.);
#1577=EDGE_CURVE('',#2022,#1842,#196,.T.);
#1578=EDGE_CURVE('',#2022,#2023,#197,.F.);
#1579=EDGE_CURVE('',#2023,#1843,#198,.F.);
#1580=EDGE_CURVE('',#2023,#2024,#2290,.T.);
#1581=EDGE_CURVE('',#2024,#1844,#199,.T.);
#1582=EDGE_CURVE('',#2024,#2025,#200,.F.);
#1583=EDGE_CURVE('',#2025,#1845,#201,.T.);
#1584=EDGE_CURVE('',#2025,#2026,#202,.F.);
#1585=EDGE_CURVE('',#2026,#1846,#203,.F.);
#1586=EDGE_CURVE('',#2026,#2027,#2291,.T.);
#1587=EDGE_CURVE('',#2027,#1847,#2292,.T.);
#1588=EDGE_CURVE('',#2027,#2028,#2293,.T.);
#1589=EDGE_CURVE('',#2028,#1848,#204,.T.);
#1590=EDGE_CURVE('',#2028,#2029,#205,.F.);
#1591=EDGE_CURVE('',#2029,#1849,#206,.T.);
#1592=EDGE_CURVE('',#2029,#2030,#207,.F.);
#1593=EDGE_CURVE('',#2030,#1850,#208,.F.);
#1594=EDGE_CURVE('',#2030,#2031,#2294,.T.);
#1595=EDGE_CURVE('',#2031,#1851,#2295,.T.);
#1596=EDGE_CURVE('',#2031,#2032,#2296,.T.);
#1597=EDGE_CURVE('',#2032,#1852,#209,.T.);
#1598=EDGE_CURVE('',#2032,#2033,#210,.F.);
#1599=EDGE_CURVE('',#2033,#1853,#211,.F.);
#1600=EDGE_CURVE('',#2033,#2034,#212,.T.);
#1601=EDGE_CURVE('',#2034,#1854,#213,.T.);
#1602=EDGE_CURVE('',#2034,#2035,#2297,.T.);
#1603=EDGE_CURVE('',#2035,#1855,#214,.T.);
#1604=EDGE_CURVE('',#2035,#2036,#215,.F.);
#1605=EDGE_CURVE('',#2036,#1856,#216,.T.);
#1606=EDGE_CURVE('',#2036,#2037,#217,.F.);
#1607=EDGE_CURVE('',#2037,#1857,#218,.F.);
#1608=EDGE_CURVE('',#2037,#2038,#2298,.T.);
#1609=EDGE_CURVE('',#2038,#1858,#2299,.T.);
#1610=EDGE_CURVE('',#2038,#2039,#2300,.T.);
#1611=EDGE_CURVE('',#2039,#1859,#2301,.T.);
#1612=EDGE_CURVE('',#2039,#2040,#2302,.T.);
#1613=EDGE_CURVE('',#2040,#1860,#219,.T.);
#1614=EDGE_CURVE('',#2040,#2041,#220,.F.);
#1615=EDGE_CURVE('',#2041,#1861,#221,.F.);
#1616=EDGE_CURVE('',#2041,#2042,#222,.T.);
#1617=EDGE_CURVE('',#2042,#1862,#223,.T.);
#1618=EDGE_CURVE('',#2042,#2043,#2303,.T.);
#1619=EDGE_CURVE('',#2043,#1863,#224,.T.);
#1620=EDGE_CURVE('',#2043,#2044,#225,.F.);
#1621=EDGE_CURVE('',#2044,#1864,#226,.T.);
#1622=EDGE_CURVE('',#2044,#2045,#227,.F.);
#1623=EDGE_CURVE('',#2045,#1865,#228,.F.);
#1624=EDGE_CURVE('',#2045,#2046,#2304,.T.);
#1625=EDGE_CURVE('',#2046,#1866,#2305,.T.);
#1626=EDGE_CURVE('',#2046,#2047,#2306,.T.);
#1627=EDGE_CURVE('',#2047,#1867,#229,.T.);
#1628=EDGE_CURVE('',#2047,#2048,#230,.F.);
#1629=EDGE_CURVE('',#2048,#1868,#231,.T.);
#1630=EDGE_CURVE('',#2048,#2049,#232,.F.);
#1631=EDGE_CURVE('',#2049,#1869,#233,.F.);
#1632=EDGE_CURVE('',#2049,#2050,#2307,.T.);
#1633=EDGE_CURVE('',#2050,#1870,#2308,.T.);
#1634=EDGE_CURVE('',#2050,#2051,#2309,.T.);
#1635=EDGE_CURVE('',#2051,#1871,#234,.T.);
#1636=EDGE_CURVE('',#2051,#2052,#235,.F.);
#1637=EDGE_CURVE('',#2052,#1872,#236,.T.);
#1638=EDGE_CURVE('',#2052,#2053,#237,.F.);
#1639=EDGE_CURVE('',#2053,#1873,#238,.F.);
#1640=EDGE_CURVE('',#2053,#2054,#2310,.T.);
#1641=EDGE_CURVE('',#2054,#1874,#239,.T.);
#1642=EDGE_CURVE('',#2054,#2055,#240,.F.);
#1643=EDGE_CURVE('',#2055,#1875,#241,.T.);
#1644=EDGE_CURVE('',#2055,#2056,#242,.F.);
#1645=EDGE_CURVE('',#2056,#1876,#243,.F.);
#1646=EDGE_CURVE('',#2056,#2057,#2311,.T.);
#1647=EDGE_CURVE('',#2057,#1877,#2312,.T.);
#1648=EDGE_CURVE('',#2057,#2058,#2313,.T.);
#1649=EDGE_CURVE('',#2058,#1878,#244,.T.);
#1650=EDGE_CURVE('',#2058,#2059,#245,.F.);
#1651=EDGE_CURVE('',#2059,#1879,#246,.T.);
#1652=EDGE_CURVE('',#2059,#2060,#247,.F.);
#1653=EDGE_CURVE('',#2060,#1880,#248,.F.);
#1654=EDGE_CURVE('',#2060,#2061,#2314,.T.);
#1655=EDGE_CURVE('',#2061,#1881,#249,.T.);
#1656=EDGE_CURVE('',#2061,#2062,#250,.F.);
#1657=EDGE_CURVE('',#2062,#1882,#251,.T.);
#1658=EDGE_CURVE('',#2062,#2016,#252,.F.);
#1659=EDGE_CURVE('',#2063,#1905,#2315,.T.);
#1660=EDGE_CURVE('',#2063,#2064,#2316,.T.);
#1661=EDGE_CURVE('',#2064,#1906,#253,.T.);
#1662=EDGE_CURVE('',#2064,#2065,#254,.F.);
#1663=EDGE_CURVE('',#2065,#1907,#255,.F.);
#1664=EDGE_CURVE('',#2065,#2066,#2317,.T.);
#1665=EDGE_CURVE('',#2066,#1908,#2318,.T.);
#1666=EDGE_CURVE('',#2066,#2067,#2319,.T.);
#1667=EDGE_CURVE('',#2067,#1909,#256,.T.);
#1668=EDGE_CURVE('',#2067,#2068,#257,.F.);
#1669=EDGE_CURVE('',#2068,#1910,#258,.F.);
#1670=EDGE_CURVE('',#2068,#2069,#2320,.T.);
#1671=EDGE_CURVE('',#2069,#1911,#259,.T.);
#1672=EDGE_CURVE('',#2069,#2070,#260,.F.);
#1673=EDGE_CURVE('',#2070,#1912,#261,.F.);
#1674=EDGE_CURVE('',#2070,#2071,#2321,.T.);
#1675=EDGE_CURVE('',#2071,#1913,#2322,.T.);
#1676=EDGE_CURVE('',#2071,#2072,#262,.T.);
#1677=EDGE_CURVE('',#2072,#1914,#263,.F.);
#1678=EDGE_CURVE('',#2072,#2073,#264,.F.);
#1679=EDGE_CURVE('',#2073,#1915,#265,.F.);
#1680=EDGE_CURVE('',#2073,#2074,#2323,.T.);
#1681=EDGE_CURVE('',#2074,#1916,#266,.T.);
#1682=EDGE_CURVE('',#2074,#2075,#267,.F.);
#1683=EDGE_CURVE('',#2075,#1917,#268,.T.);
#1684=EDGE_CURVE('',#2075,#2076,#269,.F.);
#1685=EDGE_CURVE('',#2076,#1918,#270,.F.);
#1686=EDGE_CURVE('',#2076,#2077,#2324,.T.);
#1687=EDGE_CURVE('',#2077,#1919,#2325,.T.);
#1688=EDGE_CURVE('',#2077,#2078,#2326,.T.);
#1689=EDGE_CURVE('',#2078,#1920,#271,.T.);
#1690=EDGE_CURVE('',#2078,#2079,#272,.F.);
#1691=EDGE_CURVE('',#2079,#1921,#273,.T.);
#1692=EDGE_CURVE('',#2079,#2080,#274,.F.);
#1693=EDGE_CURVE('',#2080,#1922,#275,.F.);
#1694=EDGE_CURVE('',#2080,#2081,#2327,.T.);
#1695=EDGE_CURVE('',#2081,#1923,#2328,.T.);
#1696=EDGE_CURVE('',#2081,#2082,#2329,.T.);
#1697=EDGE_CURVE('',#2082,#1924,#276,.T.);
#1698=EDGE_CURVE('',#2082,#2083,#277,.F.);
#1699=EDGE_CURVE('',#2083,#1925,#278,.T.);
#1700=EDGE_CURVE('',#2083,#2084,#279,.F.);
#1701=EDGE_CURVE('',#2084,#1926,#280,.F.);
#1702=EDGE_CURVE('',#2084,#2085,#2330,.T.);
#1703=EDGE_CURVE('',#2085,#1927,#281,.T.);
#1704=EDGE_CURVE('',#2085,#2086,#282,.F.);
#1705=EDGE_CURVE('',#2086,#1928,#283,.F.);
#1706=EDGE_CURVE('',#2086,#2063,#2331,.T.);
#1707=EDGE_CURVE('',#2087,#1832,#284,.F.);
#1708=EDGE_CURVE('',#2087,#2088,#285,.F.);
#1709=EDGE_CURVE('',#2088,#1833,#286,.T.);
#1710=EDGE_CURVE('',#2088,#2089,#287,.F.);
#1711=EDGE_CURVE('',#2089,#1834,#288,.T.);
#1712=EDGE_CURVE('',#2089,#2090,#289,.F.);
#1713=EDGE_CURVE('',#2090,#1835,#290,.T.);
#1714=EDGE_CURVE('',#2090,#2087,#291,.F.);
#1715=EDGE_CURVE('',#2091,#1929,#292,.F.);
#1716=EDGE_CURVE('',#2091,#2092,#293,.F.);
#1717=EDGE_CURVE('',#2092,#1930,#294,.F.);
#1718=EDGE_CURVE('',#2092,#2093,#2332,.T.);
#1719=EDGE_CURVE('',#2093,#1931,#295,.T.);
#1720=EDGE_CURVE('',#2093,#2094,#296,.F.);
#1721=EDGE_CURVE('',#2094,#1932,#297,.F.);
#1722=EDGE_CURVE('',#2094,#2095,#2333,.T.);
#1723=EDGE_CURVE('',#2095,#1933,#2334,.T.);
#1724=EDGE_CURVE('',#2095,#2096,#2335,.T.);
#1725=EDGE_CURVE('',#2096,#1934,#2336,.T.);
#1726=EDGE_CURVE('',#2096,#2097,#2337,.T.);
#1727=EDGE_CURVE('',#2097,#1935,#2338,.T.);
#1728=EDGE_CURVE('',#2097,#2098,#2339,.T.);
#1729=EDGE_CURVE('',#2098,#1936,#2340,.T.);
#1730=EDGE_CURVE('',#2098,#2099,#2341,.T.);
#1731=EDGE_CURVE('',#2099,#1937,#298,.T.);
#1732=EDGE_CURVE('',#2099,#2100,#299,.F.);
#1733=EDGE_CURVE('',#2100,#1938,#300,.F.);
#1734=EDGE_CURVE('',#2100,#2101,#2342,.T.);
#1735=EDGE_CURVE('',#2101,#1939,#2343,.T.);
#1736=EDGE_CURVE('',#2101,#2102,#2344,.T.);
#1737=EDGE_CURVE('',#2102,#1940,#2345,.T.);
#1738=EDGE_CURVE('',#2102,#2103,#2346,.T.);
#1739=EDGE_CURVE('',#2103,#1941,#301,.T.);
#1740=EDGE_CURVE('',#2103,#2104,#302,.F.);
#1741=EDGE_CURVE('',#2104,#1942,#303,.T.);
#1742=EDGE_CURVE('',#2104,#2105,#304,.F.);
#1743=EDGE_CURVE('',#2105,#1943,#305,.F.);
#1744=EDGE_CURVE('',#2105,#2106,#2347,.T.);
#1745=EDGE_CURVE('',#2106,#1944,#306,.T.);
#1746=EDGE_CURVE('',#2106,#2107,#307,.F.);
#1747=EDGE_CURVE('',#2107,#1945,#308,.T.);
#1748=EDGE_CURVE('',#2107,#2108,#309,.F.);
#1749=EDGE_CURVE('',#2108,#1946,#310,.F.);
#1750=EDGE_CURVE('',#2108,#2109,#2348,.T.);
#1751=EDGE_CURVE('',#2109,#1947,#2349,.T.);
#1752=EDGE_CURVE('',#2109,#2110,#2350,.T.);
#1753=EDGE_CURVE('',#2110,#1948,#311,.T.);
#1754=EDGE_CURVE('',#2110,#2111,#312,.F.);
#1755=EDGE_CURVE('',#2111,#1949,#313,.T.);
#1756=EDGE_CURVE('',#2111,#2112,#314,.F.);
#1757=EDGE_CURVE('',#2112,#1950,#315,.F.);
#1758=EDGE_CURVE('',#2112,#2113,#2351,.T.);
#1759=EDGE_CURVE('',#2113,#1951,#2352,.T.);
#1760=EDGE_CURVE('',#2113,#2114,#2353,.T.);
#1761=EDGE_CURVE('',#2114,#1952,#316,.T.);
#1762=EDGE_CURVE('',#2114,#2091,#317,.F.);
#1763=EDGE_CURVE('',#2115,#1823,#318,.F.);
#1764=EDGE_CURVE('',#2115,#2116,#2354,.T.);
#1765=EDGE_CURVE('',#2116,#1824,#319,.T.);
#1766=EDGE_CURVE('',#2116,#2117,#320,.F.);
#1767=EDGE_CURVE('',#2117,#1825,#321,.T.);
#1768=EDGE_CURVE('',#2117,#2118,#322,.T.);
#1769=EDGE_CURVE('',#2118,#1826,#323,.F.);
#1770=EDGE_CURVE('',#2118,#2119,#324,.F.);
#1771=EDGE_CURVE('',#2119,#1827,#325,.T.);
#1772=EDGE_CURVE('',#2119,#2120,#326,.T.);
#1773=EDGE_CURVE('',#2120,#1828,#327,.F.);
#1774=EDGE_CURVE('',#2120,#2121,#328,.F.);
#1775=EDGE_CURVE('',#2121,#1829,#329,.F.);
#1776=EDGE_CURVE('',#2121,#2122,#2355,.T.);
#1777=EDGE_CURVE('',#2122,#1830,#2356,.T.);
#1778=EDGE_CURVE('',#2122,#2123,#330,.T.);
#1779=EDGE_CURVE('',#2123,#1831,#331,.F.);
#1780=EDGE_CURVE('',#2123,#2115,#332,.F.);
#1781=EDGE_CURVE('',#2124,#2125,#333,.T.);
#1782=EDGE_CURVE('',#2126,#2124,#334,.T.);
#1783=EDGE_CURVE('',#2127,#2126,#2357,.T.);
#1784=EDGE_CURVE('',#2125,#2127,#2358,.T.);
#1785=EDGE_CURVE('',#2128,#2129,#2359,.T.);
#1786=EDGE_CURVE('',#2125,#2128,#2360,.T.);
#1787=EDGE_CURVE('',#2127,#2129,#2361,.T.);
#1788=EDGE_CURVE('',#2130,#2128,#335,.T.);
#1789=EDGE_CURVE('',#2124,#2130,#2362,.T.);
#1790=EDGE_CURVE('',#2131,#2130,#336,.T.);
#1791=EDGE_CURVE('',#2126,#2131,#2363,.T.);
#1792=EDGE_CURVE('',#2129,#2131,#2364,.T.);
#1793=EDGE_CURVE('',#2132,#1953,#337,.F.);
#1794=EDGE_CURVE('',#2132,#2133,#2365,.T.);
#1795=EDGE_CURVE('',#2133,#1954,#338,.T.);
#1796=EDGE_CURVE('',#2133,#2134,#339,.F.);
#1797=EDGE_CURVE('',#2134,#1955,#340,.T.);
#1798=EDGE_CURVE('',#2134,#2135,#341,.T.);
#1799=EDGE_CURVE('',#2135,#1956,#342,.F.);
#1800=EDGE_CURVE('',#2135,#2136,#343,.F.);
#1801=EDGE_CURVE('',#2136,#1957,#344,.T.);
#1802=EDGE_CURVE('',#2136,#2137,#345,.T.);
#1803=EDGE_CURVE('',#2137,#1958,#346,.F.);
#1804=EDGE_CURVE('',#2137,#2138,#347,.F.);
#1805=EDGE_CURVE('',#2138,#1959,#348,.F.);
#1806=EDGE_CURVE('',#2138,#2139,#2366,.T.);
#1807=EDGE_CURVE('',#2139,#1960,#2367,.T.);
#1808=EDGE_CURVE('',#2139,#2140,#349,.T.);
#1809=EDGE_CURVE('',#2140,#1961,#350,.F.);
#1810=EDGE_CURVE('',#2140,#2132,#351,.F.);
#1811=EDGE_CURVE('',#2141,#2142,#352,.T.);
#1812=EDGE_CURVE('',#2143,#2141,#353,.T.);
#1813=EDGE_CURVE('',#2144,#2143,#2368,.T.);
#1814=EDGE_CURVE('',#2142,#2144,#2369,.T.);
#1815=EDGE_CURVE('',#2145,#2146,#2370,.T.);
#1816=EDGE_CURVE('',#2142,#2145,#2371,.T.);
#1817=EDGE_CURVE('',#2144,#2146,#2372,.T.);
#1818=EDGE_CURVE('',#2147,#2145,#354,.T.);
#1819=EDGE_CURVE('',#2141,#2147,#2373,.T.);
#1820=EDGE_CURVE('',#2148,#2147,#355,.T.);
#1821=EDGE_CURVE('',#2143,#2148,#2374,.T.);
#1822=EDGE_CURVE('',#2146,#2148,#2375,.T.);
#1823=VERTEX_POINT('',#4036);
#1824=VERTEX_POINT('',#4037);
#1825=VERTEX_POINT('',#4045);
#1826=VERTEX_POINT('',#4065);
#1827=VERTEX_POINT('',#4070);
#1828=VERTEX_POINT('',#4090);
#1829=VERTEX_POINT('',#4095);
#1830=VERTEX_POINT('',#4097);
#1831=VERTEX_POINT('',#4117);
#1832=VERTEX_POINT('',#4126);
#1833=VERTEX_POINT('',#4127);
#1834=VERTEX_POINT('',#4132);
#1835=VERTEX_POINT('',#4140);
#1836=VERTEX_POINT('',#4146);
#1837=VERTEX_POINT('',#4147);
#1838=VERTEX_POINT('',#4155);
#1839=VERTEX_POINT('',#4162);
#1840=VERTEX_POINT('',#4164);
#1841=VERTEX_POINT('',#4166);
#1842=VERTEX_POINT('',#4171);
#1843=VERTEX_POINT('',#4176);
#1844=VERTEX_POINT('',#4178);
#1845=VERTEX_POINT('',#4183);
#1846=VERTEX_POINT('',#4188);
#1847=VERTEX_POINT('',#4190);
#1848=VERTEX_POINT('',#4192);
#1849=VERTEX_POINT('',#4197);
#1850=VERTEX_POINT('',#4202);
#1851=VERTEX_POINT('',#4204);
#1852=VERTEX_POINT('',#4206);
#1853=VERTEX_POINT('',#4211);
#1854=VERTEX_POINT('',#4216);
#1855=VERTEX_POINT('',#4218);
#1856=VERTEX_POINT('',#4223);
#1857=VERTEX_POINT('',#4228);
#1858=VERTEX_POINT('',#4230);
#1859=VERTEX_POINT('',#4232);
#1860=VERTEX_POINT('',#4234);
#1861=VERTEX_POINT('',#4239);
#1862=VERTEX_POINT('',#4244);
#1863=VERTEX_POINT('',#4246);
#1864=VERTEX_POINT('',#4251);
#1865=VERTEX_POINT('',#4256);
#1866=VERTEX_POINT('',#4258);
#1867=VERTEX_POINT('',#4260);
#1868=VERTEX_POINT('',#4265);
#1869=VERTEX_POINT('',#4270);
#1870=VERTEX_POINT('',#4272);
#1871=VERTEX_POINT('',#4274);
#1872=VERTEX_POINT('',#4279);
#1873=VERTEX_POINT('',#4284);
#1874=VERTEX_POINT('',#4286);
#1875=VERTEX_POINT('',#4291);
#1876=VERTEX_POINT('',#4296);
#1877=VERTEX_POINT('',#4298);
#1878=VERTEX_POINT('',#4300);
#1879=VERTEX_POINT('',#4305);
#1880=VERTEX_POINT('',#4310);
#1881=VERTEX_POINT('',#4312);
#1882=VERTEX_POINT('',#4317);
#1883=VERTEX_POINT('',#4323);
#1884=VERTEX_POINT('',#4324);
#1885=VERTEX_POINT('',#4326);
#1886=VERTEX_POINT('',#4328);
#1887=VERTEX_POINT('',#4330);
#1888=VERTEX_POINT('',#4332);
#1889=VERTEX_POINT('',#4334);
#1890=VERTEX_POINT('',#4336);
#1891=VERTEX_POINT('',#4338);
#1892=VERTEX_POINT('',#4340);
#1893=VERTEX_POINT('',#4342);
#1894=VERTEX_POINT('',#4344);
#1895=VERTEX_POINT('',#4346);
#1896=VERTEX_POINT('',#4348);
#1897=VERTEX_POINT('',#4350);
#1898=VERTEX_POINT('',#4352);
#1899=VERTEX_POINT('',#4354);
#1900=VERTEX_POINT('',#4356);
#1901=VERTEX_POINT('',#4358);
#1902=VERTEX_POINT('',#4360);
#1903=VERTEX_POINT('',#4362);
#1904=VERTEX_POINT('',#4364);
#1905=VERTEX_POINT('',#4367);
#1906=VERTEX_POINT('',#4368);
#1907=VERTEX_POINT('',#4374);
#1908=VERTEX_POINT('',#4376);
#1909=VERTEX_POINT('',#4378);
#1910=VERTEX_POINT('',#4383);
#1911=VERTEX_POINT('',#4385);
#1912=VERTEX_POINT('',#4390);
#1913=VERTEX_POINT('',#4392);
#1914=VERTEX_POINT('',#4404);
#1915=VERTEX_POINT('',#4409);
#1916=VERTEX_POINT('',#4411);
#1917=VERTEX_POINT('',#4416);
#1918=VERTEX_POINT('',#4421);
#1919=VERTEX_POINT('',#4423);
#1920=VERTEX_POINT('',#4425);
#1921=VERTEX_POINT('',#4430);
#1922=VERTEX_POINT('',#4435);
#1923=VERTEX_POINT('',#4437);
#1924=VERTEX_POINT('',#4439);
#1925=VERTEX_POINT('',#4444);
#1926=VERTEX_POINT('',#4449);
#1927=VERTEX_POINT('',#4451);
#1928=VERTEX_POINT('',#4456);
#1929=VERTEX_POINT('',#4462);
#1930=VERTEX_POINT('',#4463);
#1931=VERTEX_POINT('',#4465);
#1932=VERTEX_POINT('',#4470);
#1933=VERTEX_POINT('',#4472);
#1934=VERTEX_POINT('',#4474);
#1935=VERTEX_POINT('',#4476);
#1936=VERTEX_POINT('',#4478);
#1937=VERTEX_POINT('',#4480);
#1938=VERTEX_POINT('',#4485);
#1939=VERTEX_POINT('',#4487);
#1940=VERTEX_POINT('',#4489);
#1941=VERTEX_POINT('',#4491);
#1942=VERTEX_POINT('',#4496);
#1943=VERTEX_POINT('',#4501);
#1944=VERTEX_POINT('',#4503);
#1945=VERTEX_POINT('',#4508);
#1946=VERTEX_POINT('',#4513);
#1947=VERTEX_POINT('',#4515);
#1948=VERTEX_POINT('',#4517);
#1949=VERTEX_POINT('',#4522);
#1950=VERTEX_POINT('',#4527);
#1951=VERTEX_POINT('',#4529);
#1952=VERTEX_POINT('',#4531);
#1953=VERTEX_POINT('',#4537);
#1954=VERTEX_POINT('',#4538);
#1955=VERTEX_POINT('',#4546);
#1956=VERTEX_POINT('',#4566);
#1957=VERTEX_POINT('',#4571);
#1958=VERTEX_POINT('',#4591);
#1959=VERTEX_POINT('',#4596);
#1960=VERTEX_POINT('',#4598);
#1961=VERTEX_POINT('',#4618);
#1962=VERTEX_POINT('',#4625);
#1963=VERTEX_POINT('',#4626);
#1964=VERTEX_POINT('',#4628);
#1965=VERTEX_POINT('',#4630);
#1966=VERTEX_POINT('',#4634);
#1967=VERTEX_POINT('',#4635);
#1968=VERTEX_POINT('',#4640);
#1969=VERTEX_POINT('',#4642);
#1970=VERTEX_POINT('',#4646);
#1971=VERTEX_POINT('',#4647);
#1972=VERTEX_POINT('',#4649);
#1973=VERTEX_POINT('',#4651);
#1974=VERTEX_POINT('',#4655);
#1975=VERTEX_POINT('',#4657);
#1976=VERTEX_POINT('',#4661);
#1977=VERTEX_POINT('',#4663);
#1978=VERTEX_POINT('',#4667);
#1979=VERTEX_POINT('',#4669);
#1980=VERTEX_POINT('',#4676);
#1981=VERTEX_POINT('',#4677);
#1982=VERTEX_POINT('',#4685);
#1983=VERTEX_POINT('',#4686);
#1984=VERTEX_POINT('',#4688);
#1985=VERTEX_POINT('',#4690);
#1986=VERTEX_POINT('',#4694);
#1987=VERTEX_POINT('',#4695);
#1988=VERTEX_POINT('',#4700);
#1989=VERTEX_POINT('',#4702);
#1990=VERTEX_POINT('',#4706);
#1991=VERTEX_POINT('',#4707);
#1992=VERTEX_POINT('',#4709);
#1993=VERTEX_POINT('',#4711);
#1994=VERTEX_POINT('',#4714);
#1995=VERTEX_POINT('',#4716);
#1996=VERTEX_POINT('',#4719);
#1997=VERTEX_POINT('',#4721);
#1998=VERTEX_POINT('',#4723);
#1999=VERTEX_POINT('',#4725);
#2000=VERTEX_POINT('',#4727);
#2001=VERTEX_POINT('',#4729);
#2002=VERTEX_POINT('',#4731);
#2003=VERTEX_POINT('',#4733);
#2004=VERTEX_POINT('',#4736);
#2005=VERTEX_POINT('',#4738);
#2006=VERTEX_POINT('',#4742);
#2007=VERTEX_POINT('',#4744);
#2008=VERTEX_POINT('',#4748);
#2009=VERTEX_POINT('',#4750);
#2010=VERTEX_POINT('',#4754);
#2011=VERTEX_POINT('',#4756);
#2012=VERTEX_POINT('',#4760);
#2013=VERTEX_POINT('',#4762);
#2014=VERTEX_POINT('',#4769);
#2015=VERTEX_POINT('',#4770);
#2016=VERTEX_POINT('',#4813);
#2017=VERTEX_POINT('',#4815);
#2018=VERTEX_POINT('',#4827);
#2019=VERTEX_POINT('',#4839);
#2020=VERTEX_POINT('',#4846);
#2021=VERTEX_POINT('',#4850);
#2022=VERTEX_POINT('',#4860);
#2023=VERTEX_POINT('',#4870);
#2024=VERTEX_POINT('',#4877);
#2025=VERTEX_POINT('',#4887);
#2026=VERTEX_POINT('',#4897);
#2027=VERTEX_POINT('',#4904);
#2028=VERTEX_POINT('',#4908);
#2029=VERTEX_POINT('',#4918);
#2030=VERTEX_POINT('',#4928);
#2031=VERTEX_POINT('',#4935);
#2032=VERTEX_POINT('',#4939);
#2033=VERTEX_POINT('',#4949);
#2034=VERTEX_POINT('',#4959);
#2035=VERTEX_POINT('',#4966);
#2036=VERTEX_POINT('',#4976);
#2037=VERTEX_POINT('',#4986);
#2038=VERTEX_POINT('',#4993);
#2039=VERTEX_POINT('',#4997);
#2040=VERTEX_POINT('',#5001);
#2041=VERTEX_POINT('',#5011);
#2042=VERTEX_POINT('',#5021);
#2043=VERTEX_POINT('',#5028);
#2044=VERTEX_POINT('',#5038);
#2045=VERTEX_POINT('',#5048);
#2046=VERTEX_POINT('',#5055);
#2047=VERTEX_POINT('',#5059);
#2048=VERTEX_POINT('',#5069);
#2049=VERTEX_POINT('',#5079);
#2050=VERTEX_POINT('',#5086);
#2051=VERTEX_POINT('',#5090);
#2052=VERTEX_POINT('',#5100);
#2053=VERTEX_POINT('',#5110);
#2054=VERTEX_POINT('',#5117);
#2055=VERTEX_POINT('',#5127);
#2056=VERTEX_POINT('',#5137);
#2057=VERTEX_POINT('',#5144);
#2058=VERTEX_POINT('',#5148);
#2059=VERTEX_POINT('',#5158);
#2060=VERTEX_POINT('',#5168);
#2061=VERTEX_POINT('',#5175);
#2062=VERTEX_POINT('',#5185);
#2063=VERTEX_POINT('',#5198);
#2064=VERTEX_POINT('',#5200);
#2065=VERTEX_POINT('',#5212);
#2066=VERTEX_POINT('',#5219);
#2067=VERTEX_POINT('',#5223);
#2068=VERTEX_POINT('',#5233);
#2069=VERTEX_POINT('',#5240);
#2070=VERTEX_POINT('',#5250);
#2071=VERTEX_POINT('',#5257);
#2072=VERTEX_POINT('',#5292);
#2073=VERTEX_POINT('',#5302);
#2074=VERTEX_POINT('',#5309);
#2075=VERTEX_POINT('',#5319);
#2076=VERTEX_POINT('',#5329);
#2077=VERTEX_POINT('',#5336);
#2078=VERTEX_POINT('',#5340);
#2079=VERTEX_POINT('',#5350);
#2080=VERTEX_POINT('',#5360);
#2081=VERTEX_POINT('',#5367);
#2082=VERTEX_POINT('',#5371);
#2083=VERTEX_POINT('',#5381);
#2084=VERTEX_POINT('',#5391);
#2085=VERTEX_POINT('',#5398);
#2086=VERTEX_POINT('',#5408);
#2087=VERTEX_POINT('',#5421);
#2088=VERTEX_POINT('',#5426);
#2089=VERTEX_POINT('',#5436);
#2090=VERTEX_POINT('',#5449);
#2091=VERTEX_POINT('',#5465);
#2092=VERTEX_POINT('',#5471);
#2093=VERTEX_POINT('',#5478);
#2094=VERTEX_POINT('',#5488);
#2095=VERTEX_POINT('',#5495);
#2096=VERTEX_POINT('',#5499);
#2097=VERTEX_POINT('',#5503);
#2098=VERTEX_POINT('',#5507);
#2099=VERTEX_POINT('',#5511);
#2100=VERTEX_POINT('',#5521);
#2101=VERTEX_POINT('',#5528);
#2102=VERTEX_POINT('',#5532);
#2103=VERTEX_POINT('',#5536);
#2104=VERTEX_POINT('',#5546);
#2105=VERTEX_POINT('',#5556);
#2106=VERTEX_POINT('',#5563);
#2107=VERTEX_POINT('',#5573);
#2108=VERTEX_POINT('',#5583);
#2109=VERTEX_POINT('',#5590);
#2110=VERTEX_POINT('',#5594);
#2111=VERTEX_POINT('',#5604);
#2112=VERTEX_POINT('',#5614);
#2113=VERTEX_POINT('',#5621);
#2114=VERTEX_POINT('',#5625);
#2115=VERTEX_POINT('',#5641);
#2116=VERTEX_POINT('',#5643);
#2117=VERTEX_POINT('',#5655);
#2118=VERTEX_POINT('',#5717);
#2119=VERTEX_POINT('',#5727);
#2120=VERTEX_POINT('',#5789);
#2121=VERTEX_POINT('',#5799);
#2122=VERTEX_POINT('',#5806);
#2123=VERTEX_POINT('',#5865);
#2124=VERTEX_POINT('',#5891);
#2125=VERTEX_POINT('',#5892);
#2126=VERTEX_POINT('',#5908);
#2127=VERTEX_POINT('',#5910);
#2128=VERTEX_POINT('',#5914);
#2129=VERTEX_POINT('',#5915);
#2130=VERTEX_POINT('',#5963);
#2131=VERTEX_POINT('',#6010);
#2132=VERTEX_POINT('',#6019);
#2133=VERTEX_POINT('',#6021);
#2134=VERTEX_POINT('',#6033);
#2135=VERTEX_POINT('',#6095);
#2136=VERTEX_POINT('',#6105);
#2137=VERTEX_POINT('',#6167);
#2138=VERTEX_POINT('',#6177);
#2139=VERTEX_POINT('',#6184);
#2140=VERTEX_POINT('',#6243);
#2141=VERTEX_POINT('',#6269);
#2142=VERTEX_POINT('',#6270);
#2143=VERTEX_POINT('',#6286);
#2144=VERTEX_POINT('',#6288);
#2145=VERTEX_POINT('',#6292);
#2146=VERTEX_POINT('',#6293);
#2147=VERTEX_POINT('',#6341);
#2148=VERTEX_POINT('',#6388);
#2149=LINE('',#4035,#2376);
#2150=LINE('',#4096,#2377);
#2151=LINE('',#4145,#2378);
#2152=LINE('',#4163,#2379);
#2153=LINE('',#4165,#2380);
#2154=LINE('',#4177,#2381);
#2155=LINE('',#4189,#2382);
#2156=LINE('',#4191,#2383);
#2157=LINE('',#4203,#2384);
#2158=LINE('',#4205,#2385);
#2159=LINE('',#4217,#2386);
#2160=LINE('',#4229,#2387);
#2161=LINE('',#4231,#2388);
#2162=LINE('',#4233,#2389);
#2163=LINE('',#4245,#2390);
#2164=LINE('',#4257,#2391);
#2165=LINE('',#4259,#2392);
#2166=LINE('',#4271,#2393);
#2167=LINE('',#4273,#2394);
#2168=LINE('',#4285,#2395);
#2169=LINE('',#4297,#2396);
#2170=LINE('',#4299,#2397);
#2171=LINE('',#4311,#2398);
#2172=LINE('',#4322,#2399);
#2173=LINE('',#4327,#2400);
#2174=LINE('',#4331,#2401);
#2175=LINE('',#4333,#2402);
#2176=LINE('',#4335,#2403);
#2177=LINE('',#4337,#2404);
#2178=LINE('',#4339,#2405);
#2179=LINE('',#4341,#2406);
#2180=LINE('',#4343,#2407);
#2181=LINE('',#4345,#2408);
#2182=LINE('',#4347,#2409);
#2183=LINE('',#4349,#2410);
#2184=LINE('',#4351,#2411);
#2185=LINE('',#4353,#2412);
#2186=LINE('',#4355,#2413);
#2187=LINE('',#4357,#2414);
#2188=LINE('',#4359,#2415);
#2189=LINE('',#4361,#2416);
#2190=LINE('',#4363,#2417);
#2191=LINE('',#4365,#2418);
#2192=LINE('',#4366,#2419);
#2193=LINE('',#4375,#2420);
#2194=LINE('',#4377,#2421);
#2195=LINE('',#4384,#2422);
#2196=LINE('',#4391,#2423);
#2197=LINE('',#4410,#2424);
#2198=LINE('',#4422,#2425);
#2199=LINE('',#4424,#2426);
#2200=LINE('',#4436,#2427);
#2201=LINE('',#4438,#2428);
#2202=LINE('',#4450,#2429);
#2203=LINE('',#4457,#2430);
#2204=LINE('',#4464,#2431);
#2205=LINE('',#4471,#2432);
#2206=LINE('',#4473,#2433);
#2207=LINE('',#4475,#2434);
#2208=LINE('',#4477,#2435);
#2209=LINE('',#4479,#2436);
#2210=LINE('',#4486,#2437);
#2211=LINE('',#4488,#2438);
#2212=LINE('',#4490,#2439);
#2213=LINE('',#4502,#2440);
#2214=LINE('',#4514,#2441);
#2215=LINE('',#4516,#2442);
#2216=LINE('',#4528,#2443);
#2217=LINE('',#4530,#2444);
#2218=LINE('',#4536,#2445);
#2219=LINE('',#4597,#2446);
#2220=LINE('',#4624,#2447);
#2221=LINE('',#4629,#2448);
#2222=LINE('',#4633,#2449);
#2223=LINE('',#4636,#2450);
#2224=LINE('',#4637,#2451);
#2225=LINE('',#4643,#2452);
#2226=LINE('',#4648,#2453);
#2227=LINE('',#4652,#2454);
#2228=LINE('',#4654,#2455);
#2229=LINE('',#4656,#2456);
#2230=LINE('',#4658,#2457);
#2231=LINE('',#4662,#2458);
#2232=LINE('',#4666,#2459);
#2233=LINE('',#4668,#2460);
#2234=LINE('',#4670,#2461);
#2235=LINE('',#4675,#2462);
#2236=LINE('',#4681,#2463);
#2237=LINE('',#4682,#2464);
#2238=LINE('',#4684,#2465);
#2239=LINE('',#4689,#2466);
#2240=LINE('',#4693,#2467);
#2241=LINE('',#4696,#2468);
#2242=LINE('',#4697,#2469);
#2243=LINE('',#4703,#2470);
#2244=LINE('',#4705,#2471);
#2245=LINE('',#4710,#2472);
#2246=LINE('',#4712,#2473);
#2247=LINE('',#4713,#2474);
#2248=LINE('',#4715,#2475);
#2249=LINE('',#4717,#2476);
#2250=LINE('',#4718,#2477);
#2251=LINE('',#4720,#2478);
#2252=LINE('',#4722,#2479);
#2253=LINE('',#4724,#2480);
#2254=LINE('',#4726,#2481);
#2255=LINE('',#4728,#2482);
#2256=LINE('',#4730,#2483);
#2257=LINE('',#4732,#2484);
#2258=LINE('',#4734,#2485);
#2259=LINE('',#4735,#2486);
#2260=LINE('',#4737,#2487);
#2261=LINE('',#4743,#2488);
#2262=LINE('',#4747,#2489);
#2263=LINE('',#4749,#2490);
#2264=LINE('',#4751,#2491);
#2265=LINE('',#4755,#2492);
#2266=LINE('',#4759,#2493);
#2267=LINE('',#4761,#2494);
#2268=LINE('',#4763,#2495);
#2269=LINE('',#4768,#2496);
#2270=LINE('',#4774,#2497);
#2271=LINE('',#4775,#2498);
#2272=LINE('',#4777,#2499);
#2273=LINE('',#4778,#2500);
#2274=LINE('',#4780,#2501);
#2275=LINE('',#4781,#2502);
#2276=LINE('',#4783,#2503);
#2277=LINE('',#4786,#2504);
#2278=LINE('',#4789,#2505);
#2279=LINE('',#4791,#2506);
#2280=LINE('',#4793,#2507);
#2281=LINE('',#4795,#2508);
#2282=LINE('',#4797,#2509);
#2283=LINE('',#4798,#2510);
#2284=LINE('',#4802,#2511);
#2285=LINE('',#4804,#2512);
#2286=LINE('',#4814,#2513);
#2287=LINE('',#4845,#2514);
#2288=LINE('',#4847,#2515);
#2289=LINE('',#4849,#2516);
#2290=LINE('',#4876,#2517);
#2291=LINE('',#4903,#2518);
#2292=LINE('',#4905,#2519);
#2293=LINE('',#4907,#2520);
#2294=LINE('',#4934,#2521);
#2295=LINE('',#4936,#2522);
#2296=LINE('',#4938,#2523);
#2297=LINE('',#4965,#2524);
#2298=LINE('',#4992,#2525);
#2299=LINE('',#4994,#2526);
#2300=LINE('',#4996,#2527);
#2301=LINE('',#4998,#2528);
#2302=LINE('',#5000,#2529);
#2303=LINE('',#5027,#2530);
#2304=LINE('',#5054,#2531);
#2305=LINE('',#5056,#2532);
#2306=LINE('',#5058,#2533);
#2307=LINE('',#5085,#2534);
#2308=LINE('',#5087,#2535);
#2309=LINE('',#5089,#2536);
#2310=LINE('',#5116,#2537);
#2311=LINE('',#5143,#2538);
#2312=LINE('',#5145,#2539);
#2313=LINE('',#5147,#2540);
#2314=LINE('',#5174,#2541);
#2315=LINE('',#5197,#2542);
#2316=LINE('',#5199,#2543);
#2317=LINE('',#5218,#2544);
#2318=LINE('',#5220,#2545);
#2319=LINE('',#5222,#2546);
#2320=LINE('',#5239,#2547);
#2321=LINE('',#5256,#2548);
#2322=LINE('',#5258,#2549);
#2323=LINE('',#5308,#2550);
#2324=LINE('',#5335,#2551);
#2325=LINE('',#5337,#2552);
#2326=LINE('',#5339,#2553);
#2327=LINE('',#5366,#2554);
#2328=LINE('',#5368,#2555);
#2329=LINE('',#5370,#2556);
#2330=LINE('',#5397,#2557);
#2331=LINE('',#5414,#2558);
#2332=LINE('',#5477,#2559);
#2333=LINE('',#5494,#2560);
#2334=LINE('',#5496,#2561);
#2335=LINE('',#5498,#2562);
#2336=LINE('',#5500,#2563);
#2337=LINE('',#5502,#2564);
#2338=LINE('',#5504,#2565);
#2339=LINE('',#5506,#2566);
#2340=LINE('',#5508,#2567);
#2341=LINE('',#5510,#2568);
#2342=LINE('',#5527,#2569);
#2343=LINE('',#5529,#2570);
#2344=LINE('',#5531,#2571);
#2345=LINE('',#5533,#2572);
#2346=LINE('',#5535,#2573);
#2347=LINE('',#5562,#2574);
#2348=LINE('',#5589,#2575);
#2349=LINE('',#5591,#2576);
#2350=LINE('',#5593,#2577);
#2351=LINE('',#5620,#2578);
#2352=LINE('',#5622,#2579);
#2353=LINE('',#5624,#2580);
#2354=LINE('',#5642,#2581);
#2355=LINE('',#5805,#2582);
#2356=LINE('',#5807,#2583);
#2357=LINE('',#5909,#2584);
#2358=LINE('',#5911,#2585);
#2359=LINE('',#5913,#2586);
#2360=LINE('',#5916,#2587);
#2361=LINE('',#5917,#2588);
#2362=LINE('',#5964,#2589);
#2363=LINE('',#6011,#2590);
#2364=LINE('',#6013,#2591);
#2365=LINE('',#6020,#2592);
#2366=LINE('',#6183,#2593);
#2367=LINE('',#6185,#2594);
#2368=LINE('',#6287,#2595);
#2369=LINE('',#6289,#2596);
#2370=LINE('',#6291,#2597);
#2371=LINE('',#6294,#2598);
#2372=LINE('',#6295,#2599);
#2373=LINE('',#6342,#2600);
#2374=LINE('',#6389,#2601);
#2375=LINE('',#6391,#2602);
#2376=VECTOR('',#3428,1.);
#2377=VECTOR('',#3429,1.);
#2378=VECTOR('',#3430,1.);
#2379=VECTOR('',#3431,1.);
#2380=VECTOR('',#3432,1.);
#2381=VECTOR('',#3433,1.);
#2382=VECTOR('',#3434,1.);
#2383=VECTOR('',#3435,1.);
#2384=VECTOR('',#3436,1.);
#2385=VECTOR('',#3437,1.);
#2386=VECTOR('',#3438,1.);
#2387=VECTOR('',#3439,1.);
#2388=VECTOR('',#3440,1.);
#2389=VECTOR('',#3441,1.);
#2390=VECTOR('',#3442,1.);
#2391=VECTOR('',#3443,1.);
#2392=VECTOR('',#3444,1.);
#2393=VECTOR('',#3445,1.);
#2394=VECTOR('',#3446,1.);
#2395=VECTOR('',#3447,1.);
#2396=VECTOR('',#3448,1.);
#2397=VECTOR('',#3449,1.);
#2398=VECTOR('',#3450,1.);
#2399=VECTOR('',#3451,1.);
#2400=VECTOR('',#3454,1.);
#2401=VECTOR('',#3457,1.);
#2402=VECTOR('',#3458,1.);
#2403=VECTOR('',#3459,1.);
#2404=VECTOR('',#3460,1.);
#2405=VECTOR('',#3461,1.);
#2406=VECTOR('',#3462,1.);
#2407=VECTOR('',#3463,1.);
#2408=VECTOR('',#3464,1.);
#2409=VECTOR('',#3465,1.);
#2410=VECTOR('',#3466,1.);
#2411=VECTOR('',#3467,1.);
#2412=VECTOR('',#3468,1.);
#2413=VECTOR('',#3469,1.);
#2414=VECTOR('',#3470,1.);
#2415=VECTOR('',#3471,1.);
#2416=VECTOR('',#3472,1.);
#2417=VECTOR('',#3473,1.);
#2418=VECTOR('',#3474,1.);
#2419=VECTOR('',#3475,1.);
#2420=VECTOR('',#3476,1.);
#2421=VECTOR('',#3477,1.);
#2422=VECTOR('',#3478,1.);
#2423=VECTOR('',#3479,1.);
#2424=VECTOR('',#3480,1.);
#2425=VECTOR('',#3481,1.);
#2426=VECTOR('',#3482,1.);
#2427=VECTOR('',#3483,1.);
#2428=VECTOR('',#3484,1.);
#2429=VECTOR('',#3485,1.);
#2430=VECTOR('',#3486,1.);
#2431=VECTOR('',#3487,1.);
#2432=VECTOR('',#3488,1.);
#2433=VECTOR('',#3489,1.);
#2434=VECTOR('',#3490,1.);
#2435=VECTOR('',#3491,1.);
#2436=VECTOR('',#3492,1.);
#2437=VECTOR('',#3493,1.);
#2438=VECTOR('',#3494,1.);
#2439=VECTOR('',#3495,1.);
#2440=VECTOR('',#3496,1.);
#2441=VECTOR('',#3497,1.);
#2442=VECTOR('',#3498,1.);
#2443=VECTOR('',#3499,1.);
#2444=VECTOR('',#3500,1.);
#2445=VECTOR('',#3501,1.);
#2446=VECTOR('',#3502,1.);
#2447=VECTOR('',#3505,1.);
#2448=VECTOR('',#3508,1.);
#2449=VECTOR('',#3513,1.);
#2450=VECTOR('',#3514,1.);
#2451=VECTOR('',#3515,1.);
#2452=VECTOR('',#3522,1.);
#2453=VECTOR('',#3527,1.);
#2454=VECTOR('',#3530,1.);
#2455=VECTOR('',#3533,1.);
#2456=VECTOR('',#3534,1.);
#2457=VECTOR('',#3535,1.);
#2458=VECTOR('',#3540,1.);
#2459=VECTOR('',#3545,1.);
#2460=VECTOR('',#3546,1.);
#2461=VECTOR('',#3547,1.);
#2462=VECTOR('',#3556,1.);
#2463=VECTOR('',#3563,1.);
#2464=VECTOR('',#3564,1.);
#2465=VECTOR('',#3567,1.);
#2466=VECTOR('',#3570,1.);
#2467=VECTOR('',#3575,1.);
#2468=VECTOR('',#3576,1.);
#2469=VECTOR('',#3577,1.);
#2470=VECTOR('',#3584,1.);
#2471=VECTOR('',#3587,1.);
#2472=VECTOR('',#3590,1.);
#2473=VECTOR('',#3591,1.);
#2474=VECTOR('',#3592,1.);
#2475=VECTOR('',#3593,1.);
#2476=VECTOR('',#3594,1.);
#2477=VECTOR('',#3595,1.);
#2478=VECTOR('',#3596,1.);
#2479=VECTOR('',#3597,1.);
#2480=VECTOR('',#3598,1.);
#2481=VECTOR('',#3599,1.);
#2482=VECTOR('',#3600,1.);
#2483=VECTOR('',#3601,1.);
#2484=VECTOR('',#3602,1.);
#2485=VECTOR('',#3603,1.);
#2486=VECTOR('',#3604,1.);
#2487=VECTOR('',#3605,1.);
#2488=VECTOR('',#3612,1.);
#2489=VECTOR('',#3617,1.);
#2490=VECTOR('',#3618,1.);
#2491=VECTOR('',#3619,1.);
#2492=VECTOR('',#3624,1.);
#2493=VECTOR('',#3629,1.);
#2494=VECTOR('',#3630,1.);
#2495=VECTOR('',#3631,1.);
#2496=VECTOR('',#3640,1.);
#2497=VECTOR('',#3647,1.);
#2498=VECTOR('',#3648,1.);
#2499=VECTOR('',#3651,1.);
#2500=VECTOR('',#3652,1.);
#2501=VECTOR('',#3655,1.);
#2502=VECTOR('',#3656,1.);
#2503=VECTOR('',#3659,1.);
#2504=VECTOR('',#3664,1.);
#2505=VECTOR('',#3669,1.);
#2506=VECTOR('',#3672,1.);
#2507=VECTOR('',#3675,1.);
#2508=VECTOR('',#3678,1.);
#2509=VECTOR('',#3681,1.);
#2510=VECTOR('',#3682,1.);
#2511=VECTOR('',#3689,1.);
#2512=VECTOR('',#3692,1.);
#2513=VECTOR('',#3701,1.);
#2514=VECTOR('',#3708,1.);
#2515=VECTOR('',#3709,1.);
#2516=VECTOR('',#3712,1.);
#2517=VECTOR('',#3719,1.);
#2518=VECTOR('',#3726,1.);
#2519=VECTOR('',#3727,1.);
#2520=VECTOR('',#3730,1.);
#2521=VECTOR('',#3737,1.);
#2522=VECTOR('',#3738,1.);
#2523=VECTOR('',#3741,1.);
#2524=VECTOR('',#3748,1.);
#2525=VECTOR('',#3755,1.);
#2526=VECTOR('',#3756,1.);
#2527=VECTOR('',#3759,1.);
#2528=VECTOR('',#3760,1.);
#2529=VECTOR('',#3763,1.);
#2530=VECTOR('',#3770,1.);
#2531=VECTOR('',#3777,1.);
#2532=VECTOR('',#3778,1.);
#2533=VECTOR('',#3781,1.);
#2534=VECTOR('',#3788,1.);
#2535=VECTOR('',#3789,1.);
#2536=VECTOR('',#3792,1.);
#2537=VECTOR('',#3799,1.);
#2538=VECTOR('',#3806,1.);
#2539=VECTOR('',#3807,1.);
#2540=VECTOR('',#3810,1.);
#2541=VECTOR('',#3817,1.);
#2542=VECTOR('',#3826,1.);
#2543=VECTOR('',#3827,1.);
#2544=VECTOR('',#3832,1.);
#2545=VECTOR('',#3833,1.);
#2546=VECTOR('',#3836,1.);
#2547=VECTOR('',#3841,1.);
#2548=VECTOR('',#3846,1.);
#2549=VECTOR('',#3847,1.);
#2550=VECTOR('',#3852,1.);
#2551=VECTOR('',#3859,1.);
#2552=VECTOR('',#3860,1.);
#2553=VECTOR('',#3863,1.);
#2554=VECTOR('',#3870,1.);
#2555=VECTOR('',#3871,1.);
#2556=VECTOR('',#3874,1.);
#2557=VECTOR('',#3881,1.);
#2558=VECTOR('',#3886,1.);
#2559=VECTOR('',#3903,1.);
#2560=VECTOR('',#3908,1.);
#2561=VECTOR('',#3909,1.);
#2562=VECTOR('',#3912,1.);
#2563=VECTOR('',#3913,1.);
#2564=VECTOR('',#3916,1.);
#2565=VECTOR('',#3917,1.);
#2566=VECTOR('',#3920,1.);
#2567=VECTOR('',#3921,1.);
#2568=VECTOR('',#3924,1.);
#2569=VECTOR('',#3929,1.);
#2570=VECTOR('',#3930,1.);
#2571=VECTOR('',#3933,1.);
#2572=VECTOR('',#3934,1.);
#2573=VECTOR('',#3937,1.);
#2574=VECTOR('',#3944,1.);
#2575=VECTOR('',#3951,1.);
#2576=VECTOR('',#3952,1.);
#2577=VECTOR('',#3955,1.);
#2578=VECTOR('',#3962,1.);
#2579=VECTOR('',#3963,1.);
#2580=VECTOR('',#3966,1.);
#2581=VECTOR('',#3973,1.);
#2582=VECTOR('',#3982,1.);
#2583=VECTOR('',#3983,1.);
#2584=VECTOR('',#3988,1.);
#2585=VECTOR('',#3989,1.);
#2586=VECTOR('',#3992,1.);
#2587=VECTOR('',#3993,1.);
#2588=VECTOR('',#3994,1.);
#2589=VECTOR('',#3995,1.);
#2590=VECTOR('',#3996,1.);
#2591=VECTOR('',#3999,1.);
#2592=VECTOR('',#4002,1.);
#2593=VECTOR('',#4011,1.);
#2594=VECTOR('',#4012,1.);
#2595=VECTOR('',#4017,1.);
#2596=VECTOR('',#4018,1.);
#2597=VECTOR('',#4021,1.);
#2598=VECTOR('',#4022,1.);
#2599=VECTOR('',#4023,1.);
#2600=VECTOR('',#4024,1.);
#2601=VECTOR('',#4025,1.);
#2602=VECTOR('',#4028,1.);
#2603=EDGE_LOOP('',(#356,#357,#358,#359,#360,#361,#362,#363,#364));
#2604=EDGE_LOOP('',(#365,#366,#367,#368));
#2605=EDGE_LOOP('',(#369,#370,#371,#372,#373,#374,#375,#376,#377,#378,#379,
#380,#381,#382,#383,#384,#385,#386,#387,#388,#389,#390,#391,#392,#393,#394,
#395,#396,#397,#398,#399,#400,#401,#402,#403,#404,#405,#406,#407,#408,#409,
#410,#411,#412,#413,#414,#415));
#2606=EDGE_LOOP('',(#416,#417,#418,#419,#420,#421,#422,#423,#424,#425,#426,
#427,#428,#429,#430,#431,#432,#433,#434,#435,#436,#437));
#2607=EDGE_LOOP('',(#438,#439,#440,#441,#442,#443,#444,#445,#446,#447,#448,
#449,#450,#451,#452,#453,#454,#455,#456,#457,#458,#459,#460,#461));
#2608=EDGE_LOOP('',(#462,#463,#464,#465,#466,#467,#468,#469,#470,#471,#472,
#473,#474,#475,#476,#477,#478,#479,#480,#481,#482,#483,#484,#485));
#2609=EDGE_LOOP('',(#486,#487,#488,#489,#490,#491,#492,#493,#494));
#2610=EDGE_LOOP('',(#495,#496,#497,#498));
#2611=EDGE_LOOP('',(#499,#500,#501,#502));
#2612=EDGE_LOOP('',(#503,#504,#505,#506));
#2613=EDGE_LOOP('',(#507,#508,#509,#510));
#2614=EDGE_LOOP('',(#511,#512,#513,#514));
#2615=EDGE_LOOP('',(#515,#516,#517,#518));
#2616=EDGE_LOOP('',(#519,#520,#521,#522));
#2617=EDGE_LOOP('',(#523,#524,#525,#526));
#2618=EDGE_LOOP('',(#527,#528,#529,#530));
#2619=EDGE_LOOP('',(#531,#532,#533,#534));
#2620=EDGE_LOOP('',(#535,#536,#537,#538));
#2621=EDGE_LOOP('',(#539,#540,#541,#542));
#2622=EDGE_LOOP('',(#543,#544,#545,#546));
#2623=EDGE_LOOP('',(#547,#548,#549,#550,#551,#552,#553,#554,#555,#556,#557,
#558,#559,#560,#561,#562,#563,#564,#565,#566,#567,#568));
#2624=EDGE_LOOP('',(#569,#570,#571,#572));
#2625=EDGE_LOOP('',(#573,#574,#575,#576));
#2626=EDGE_LOOP('',(#577,#578,#579,#580));
#2627=EDGE_LOOP('',(#581,#582,#583,#584));
#2628=EDGE_LOOP('',(#585,#586,#587,#588));
#2629=EDGE_LOOP('',(#589,#590,#591,#592));
#2630=EDGE_LOOP('',(#593,#594,#595,#596));
#2631=EDGE_LOOP('',(#597,#598,#599,#600));
#2632=EDGE_LOOP('',(#601,#602,#603,#604));
#2633=EDGE_LOOP('',(#605,#606,#607,#608,#609,#610,#611,#612));
#2634=EDGE_LOOP('',(#613,#614,#615,#616));
#2635=EDGE_LOOP('',(#617,#618,#619,#620,#621,#622,#623,#624));
#2636=EDGE_LOOP('',(#625,#626,#627,#628));
#2637=EDGE_LOOP('',(#629,#630,#631,#632,#633,#634,#635,#636));
#2638=EDGE_LOOP('',(#637,#638,#639,#640));
#2639=EDGE_LOOP('',(#641,#642,#643,#644,#645,#646,#647,#648));
#2640=EDGE_LOOP('',(#649,#650,#651,#652));
#2641=EDGE_LOOP('',(#653,#654,#655,#656));
#2642=EDGE_LOOP('',(#657,#658,#659,#660,#661,#662,#663,#664));
#2643=EDGE_LOOP('',(#665,#666,#667,#668,#669,#670,#671,#672));
#2644=EDGE_LOOP('',(#673,#674,#675,#676,#677,#678,#679,#680));
#2645=EDGE_LOOP('',(#681,#682,#683,#684,#685,#686,#687,#688));
#2646=EDGE_LOOP('',(#689,#690,#691,#692));
#2647=EDGE_LOOP('',(#693,#694,#695,#696));
#2648=EDGE_LOOP('',(#697,#698,#699,#700));
#2649=EDGE_LOOP('',(#701,#702,#703,#704));
#2650=EDGE_LOOP('',(#705,#706,#707,#708));
#2651=EDGE_LOOP('',(#709,#710,#711,#712));
#2652=EDGE_LOOP('',(#713,#714,#715,#716));
#2653=EDGE_LOOP('',(#717,#718,#719,#720));
#2654=EDGE_LOOP('',(#721,#722,#723,#724));
#2655=EDGE_LOOP('',(#725,#726,#727,#728));
#2656=EDGE_LOOP('',(#729,#730,#731,#732));
#2657=EDGE_LOOP('',(#733,#734,#735,#736));
#2658=EDGE_LOOP('',(#737,#738,#739,#740));
#2659=EDGE_LOOP('',(#741,#742,#743,#744));
#2660=EDGE_LOOP('',(#745,#746,#747,#748));
#2661=EDGE_LOOP('',(#749,#750,#751,#752));
#2662=EDGE_LOOP('',(#753,#754,#755,#756));
#2663=EDGE_LOOP('',(#757,#758,#759,#760));
#2664=EDGE_LOOP('',(#761,#762,#763,#764));
#2665=EDGE_LOOP('',(#765,#766,#767,#768));
#2666=EDGE_LOOP('',(#769,#770,#771,#772));
#2667=EDGE_LOOP('',(#773,#774,#775,#776));
#2668=EDGE_LOOP('',(#777,#778,#779,#780));
#2669=EDGE_LOOP('',(#781,#782,#783,#784));
#2670=EDGE_LOOP('',(#785,#786,#787,#788));
#2671=EDGE_LOOP('',(#789,#790,#791,#792));
#2672=EDGE_LOOP('',(#793,#794,#795,#796));
#2673=EDGE_LOOP('',(#797,#798,#799,#800));
#2674=EDGE_LOOP('',(#801,#802,#803,#804));
#2675=EDGE_LOOP('',(#805,#806,#807,#808));
#2676=EDGE_LOOP('',(#809,#810,#811,#812));
#2677=EDGE_LOOP('',(#813,#814,#815,#816));
#2678=EDGE_LOOP('',(#817,#818,#819,#820));
#2679=EDGE_LOOP('',(#821,#822,#823,#824));
#2680=EDGE_LOOP('',(#825,#826,#827,#828));
#2681=EDGE_LOOP('',(#829,#830,#831,#832));
#2682=EDGE_LOOP('',(#833,#834,#835,#836));
#2683=EDGE_LOOP('',(#837,#838,#839,#840));
#2684=EDGE_LOOP('',(#841,#842,#843,#844));
#2685=EDGE_LOOP('',(#845,#846,#847,#848));
#2686=EDGE_LOOP('',(#849,#850,#851,#852));
#2687=EDGE_LOOP('',(#853,#854,#855,#856));
#2688=EDGE_LOOP('',(#857,#858,#859,#860));
#2689=EDGE_LOOP('',(#861,#862,#863,#864));
#2690=EDGE_LOOP('',(#865,#866,#867,#868));
#2691=EDGE_LOOP('',(#869,#870,#871,#872));
#2692=EDGE_LOOP('',(#873,#874,#875,#876));
#2693=EDGE_LOOP('',(#877,#878,#879,#880));
#2694=EDGE_LOOP('',(#881,#882,#883,#884));
#2695=EDGE_LOOP('',(#885,#886,#887,#888));
#2696=EDGE_LOOP('',(#889,#890,#891,#892,#893,#894,#895,#896,#897,#898,#899,
#900,#901,#902,#903,#904,#905,#906,#907,#908,#909,#910,#911,#912,#913,#914,
#915,#916,#917,#918,#919,#920,#921,#922,#923,#924,#925,#926,#927,#928,#929,
#930,#931,#932,#933,#934,#935));
#2697=EDGE_LOOP('',(#936,#937,#938,#939));
#2698=EDGE_LOOP('',(#940,#941,#942,#943));
#2699=EDGE_LOOP('',(#944,#945,#946,#947));
#2700=EDGE_LOOP('',(#948,#949,#950,#951));
#2701=EDGE_LOOP('',(#952,#953,#954,#955));
#2702=EDGE_LOOP('',(#956,#957,#958,#959));
#2703=EDGE_LOOP('',(#960,#961,#962,#963));
#2704=EDGE_LOOP('',(#964,#965,#966,#967));
#2705=EDGE_LOOP('',(#968,#969,#970,#971));
#2706=EDGE_LOOP('',(#972,#973,#974,#975));
#2707=EDGE_LOOP('',(#976,#977,#978,#979));
#2708=EDGE_LOOP('',(#980,#981,#982,#983));
#2709=EDGE_LOOP('',(#984,#985,#986,#987));
#2710=EDGE_LOOP('',(#988,#989,#990,#991));
#2711=EDGE_LOOP('',(#992,#993,#994,#995));
#2712=EDGE_LOOP('',(#996,#997,#998,#999));
#2713=EDGE_LOOP('',(#1000,#1001,#1002,#1003));
#2714=EDGE_LOOP('',(#1004,#1005,#1006,#1007));
#2715=EDGE_LOOP('',(#1008,#1009,#1010,#1011));
#2716=EDGE_LOOP('',(#1012,#1013,#1014,#1015));
#2717=EDGE_LOOP('',(#1016,#1017,#1018,#1019));
#2718=EDGE_LOOP('',(#1020,#1021,#1022,#1023));
#2719=EDGE_LOOP('',(#1024,#1025,#1026,#1027));
#2720=EDGE_LOOP('',(#1028,#1029,#1030,#1031));
#2721=EDGE_LOOP('',(#1032,#1033,#1034,#1035,#1036,#1037,#1038,#1039,#1040,
#1041,#1042,#1043,#1044,#1045,#1046,#1047,#1048,#1049,#1050,#1051,#1052,
#1053,#1054,#1055));
#2722=EDGE_LOOP('',(#1056,#1057,#1058,#1059));
#2723=EDGE_LOOP('',(#1060,#1061,#1062,#1063));
#2724=EDGE_LOOP('',(#1064,#1065,#1066,#1067));
#2725=EDGE_LOOP('',(#1068,#1069,#1070,#1071));
#2726=EDGE_LOOP('',(#1072,#1073,#1074,#1075));
#2727=EDGE_LOOP('',(#1076,#1077,#1078,#1079));
#2728=EDGE_LOOP('',(#1080,#1081,#1082,#1083));
#2729=EDGE_LOOP('',(#1084,#1085,#1086,#1087));
#2730=EDGE_LOOP('',(#1088,#1089,#1090,#1091));
#2731=EDGE_LOOP('',(#1092,#1093,#1094,#1095));
#2732=EDGE_LOOP('',(#1096,#1097,#1098,#1099));
#2733=EDGE_LOOP('',(#1100,#1101,#1102,#1103));
#2734=EDGE_LOOP('',(#1104,#1105,#1106,#1107));
#2735=EDGE_LOOP('',(#1108,#1109,#1110,#1111));
#2736=EDGE_LOOP('',(#1112,#1113,#1114,#1115));
#2737=EDGE_LOOP('',(#1116,#1117,#1118,#1119));
#2738=EDGE_LOOP('',(#1120,#1121,#1122,#1123));
#2739=EDGE_LOOP('',(#1124,#1125,#1126,#1127));
#2740=EDGE_LOOP('',(#1128,#1129,#1130,#1131));
#2741=EDGE_LOOP('',(#1132,#1133,#1134,#1135));
#2742=EDGE_LOOP('',(#1136,#1137,#1138,#1139));
#2743=EDGE_LOOP('',(#1140,#1141,#1142,#1143));
#2744=EDGE_LOOP('',(#1144,#1145,#1146,#1147));
#2745=EDGE_LOOP('',(#1148,#1149,#1150,#1151));
#2746=EDGE_LOOP('',(#1152,#1153,#1154,#1155));
#2747=EDGE_LOOP('',(#1156,#1157,#1158,#1159));
#2748=EDGE_LOOP('',(#1160,#1161,#1162,#1163));
#2749=EDGE_LOOP('',(#1164,#1165,#1166,#1167));
#2750=EDGE_LOOP('',(#1168,#1169,#1170,#1171));
#2751=EDGE_LOOP('',(#1172,#1173,#1174,#1175,#1176,#1177,#1178,#1179,#1180,
#1181,#1182,#1183,#1184,#1185,#1186,#1187,#1188,#1189,#1190,#1191,#1192,
#1193,#1194,#1195));
#2752=EDGE_LOOP('',(#1196,#1197,#1198,#1199));
#2753=EDGE_LOOP('',(#1200,#1201,#1202,#1203));
#2754=EDGE_LOOP('',(#1204,#1205,#1206,#1207));
#2755=EDGE_LOOP('',(#1208,#1209,#1210,#1211));
#2756=EDGE_LOOP('',(#1212,#1213,#1214,#1215));
#2757=EDGE_LOOP('',(#1216,#1217,#1218,#1219));
#2758=EDGE_LOOP('',(#1220,#1221,#1222,#1223));
#2759=EDGE_LOOP('',(#1224,#1225,#1226,#1227));
#2760=EDGE_LOOP('',(#1228,#1229,#1230,#1231));
#2761=EDGE_LOOP('',(#1232,#1233,#1234,#1235));
#2762=EDGE_LOOP('',(#1236,#1237,#1238,#1239,#1240,#1241,#1242,#1243,#1244));
#2763=EDGE_LOOP('',(#1245,#1246,#1247,#1248));
#2764=EDGE_LOOP('',(#1249,#1250,#1251,#1252));
#2765=EDGE_LOOP('',(#1253,#1254,#1255,#1256));
#2766=EDGE_LOOP('',(#1257,#1258,#1259,#1260));
#2767=EDGE_LOOP('',(#1261,#1262,#1263,#1264));
#2768=EDGE_LOOP('',(#1265,#1266,#1267,#1268));
#2769=EDGE_LOOP('',(#1269,#1270,#1271,#1272));
#2770=EDGE_LOOP('',(#1273,#1274,#1275,#1276));
#2771=EDGE_LOOP('',(#1277,#1278,#1279,#1280));
#2772=EDGE_LOOP('',(#1281,#1282,#1283,#1284));
#2773=EDGE_LOOP('',(#1285,#1286,#1287,#1288));
#2774=EDGE_LOOP('',(#1289,#1290,#1291,#1292));
#2775=EDGE_LOOP('',(#1293,#1294,#1295,#1296));
#2776=EDGE_LOOP('',(#1297,#1298,#1299,#1300));
#2777=EDGE_LOOP('',(#1301,#1302,#1303,#1304,#1305,#1306,#1307,#1308,#1309));
#2778=EDGE_LOOP('',(#1310,#1311,#1312,#1313));
#2779=EDGE_LOOP('',(#1314,#1315,#1316,#1317));
#2780=EDGE_LOOP('',(#1318,#1319,#1320,#1321));
#2781=EDGE_LOOP('',(#1322,#1323,#1324,#1325));
#2782=EDGE_LOOP('',(#1326,#1327,#1328,#1329));
#2783=EDGE_LOOP('',(#1330,#1331,#1332,#1333));
#2784=FACE_BOUND('',#2603,.T.);
#2785=FACE_BOUND('',#2604,.T.);
#2786=FACE_BOUND('',#2605,.T.);
#2787=FACE_BOUND('',#2606,.T.);
#2788=FACE_BOUND('',#2607,.T.);
#2789=FACE_BOUND('',#2608,.T.);
#2790=FACE_BOUND('',#2609,.T.);
#2791=FACE_BOUND('',#2610,.T.);
#2792=FACE_BOUND('',#2611,.T.);
#2793=FACE_BOUND('',#2612,.T.);
#2794=FACE_BOUND('',#2613,.T.);
#2795=FACE_BOUND('',#2614,.T.);
#2796=FACE_BOUND('',#2615,.T.);
#2797=FACE_BOUND('',#2616,.T.);
#2798=FACE_BOUND('',#2617,.T.);
#2799=FACE_BOUND('',#2618,.T.);
#2800=FACE_BOUND('',#2619,.T.);
#2801=FACE_BOUND('',#2620,.T.);
#2802=FACE_BOUND('',#2621,.T.);
#2803=FACE_BOUND('',#2622,.T.);
#2804=FACE_BOUND('',#2623,.T.);
#2805=FACE_BOUND('',#2624,.T.);
#2806=FACE_BOUND('',#2625,.T.);
#2807=FACE_BOUND('',#2626,.T.);
#2808=FACE_BOUND('',#2627,.T.);
#2809=FACE_BOUND('',#2628,.T.);
#2810=FACE_BOUND('',#2629,.T.);
#2811=FACE_BOUND('',#2630,.T.);
#2812=FACE_BOUND('',#2631,.T.);
#2813=FACE_BOUND('',#2632,.T.);
#2814=FACE_BOUND('',#2633,.T.);
#2815=FACE_BOUND('',#2634,.T.);
#2816=FACE_BOUND('',#2635,.T.);
#2817=FACE_BOUND('',#2636,.T.);
#2818=FACE_BOUND('',#2637,.T.);
#2819=FACE_BOUND('',#2638,.T.);
#2820=FACE_BOUND('',#2639,.T.);
#2821=FACE_BOUND('',#2640,.T.);
#2822=FACE_BOUND('',#2641,.T.);
#2823=FACE_BOUND('',#2642,.T.);
#2824=FACE_BOUND('',#2643,.T.);
#2825=FACE_BOUND('',#2644,.T.);
#2826=FACE_BOUND('',#2645,.T.);
#2827=FACE_BOUND('',#2646,.T.);
#2828=FACE_BOUND('',#2647,.T.);
#2829=FACE_BOUND('',#2648,.T.);
#2830=FACE_BOUND('',#2649,.T.);
#2831=FACE_BOUND('',#2650,.T.);
#2832=FACE_BOUND('',#2651,.T.);
#2833=FACE_BOUND('',#2652,.T.);
#2834=FACE_BOUND('',#2653,.T.);
#2835=FACE_BOUND('',#2654,.T.);
#2836=FACE_BOUND('',#2655,.T.);
#2837=FACE_BOUND('',#2656,.T.);
#2838=FACE_BOUND('',#2657,.T.);
#2839=FACE_BOUND('',#2658,.T.);
#2840=FACE_BOUND('',#2659,.T.);
#2841=FACE_BOUND('',#2660,.T.);
#2842=FACE_BOUND('',#2661,.T.);
#2843=FACE_BOUND('',#2662,.T.);
#2844=FACE_BOUND('',#2663,.T.);
#2845=FACE_BOUND('',#2664,.T.);
#2846=FACE_BOUND('',#2665,.T.);
#2847=FACE_BOUND('',#2666,.T.);
#2848=FACE_BOUND('',#2667,.T.);
#2849=FACE_BOUND('',#2668,.T.);
#2850=FACE_BOUND('',#2669,.T.);
#2851=FACE_BOUND('',#2670,.T.);
#2852=FACE_BOUND('',#2671,.T.);
#2853=FACE_BOUND('',#2672,.T.);
#2854=FACE_BOUND('',#2673,.T.);
#2855=FACE_BOUND('',#2674,.T.);
#2856=FACE_BOUND('',#2675,.T.);
#2857=FACE_BOUND('',#2676,.T.);
#2858=FACE_BOUND('',#2677,.T.);
#2859=FACE_BOUND('',#2678,.T.);
#2860=FACE_BOUND('',#2679,.T.);
#2861=FACE_BOUND('',#2680,.T.);
#2862=FACE_BOUND('',#2681,.T.);
#2863=FACE_BOUND('',#2682,.T.);
#2864=FACE_BOUND('',#2683,.T.);
#2865=FACE_BOUND('',#2684,.T.);
#2866=FACE_BOUND('',#2685,.T.);
#2867=FACE_BOUND('',#2686,.T.);
#2868=FACE_BOUND('',#2687,.T.);
#2869=FACE_BOUND('',#2688,.T.);
#2870=FACE_BOUND('',#2689,.T.);
#2871=FACE_BOUND('',#2690,.T.);
#2872=FACE_BOUND('',#2691,.T.);
#2873=FACE_BOUND('',#2692,.T.);
#2874=FACE_BOUND('',#2693,.T.);
#2875=FACE_BOUND('',#2694,.T.);
#2876=FACE_BOUND('',#2695,.T.);
#2877=FACE_BOUND('',#2696,.T.);
#2878=FACE_BOUND('',#2697,.T.);
#2879=FACE_BOUND('',#2698,.T.);
#2880=FACE_BOUND('',#2699,.T.);
#2881=FACE_BOUND('',#2700,.T.);
#2882=FACE_BOUND('',#2701,.T.);
#2883=FACE_BOUND('',#2702,.T.);
#2884=FACE_BOUND('',#2703,.T.);
#2885=FACE_BOUND('',#2704,.T.);
#2886=FACE_BOUND('',#2705,.T.);
#2887=FACE_BOUND('',#2706,.T.);
#2888=FACE_BOUND('',#2707,.T.);
#2889=FACE_BOUND('',#2708,.T.);
#2890=FACE_BOUND('',#2709,.T.);
#2891=FACE_BOUND('',#2710,.T.);
#2892=FACE_BOUND('',#2711,.T.);
#2893=FACE_BOUND('',#2712,.T.);
#2894=FACE_BOUND('',#2713,.T.);
#2895=FACE_BOUND('',#2714,.T.);
#2896=FACE_BOUND('',#2715,.T.);
#2897=FACE_BOUND('',#2716,.T.);
#2898=FACE_BOUND('',#2717,.T.);
#2899=FACE_BOUND('',#2718,.T.);
#2900=FACE_BOUND('',#2719,.T.);
#2901=FACE_BOUND('',#2720,.T.);
#2902=FACE_BOUND('',#2721,.T.);
#2903=FACE_BOUND('',#2722,.T.);
#2904=FACE_BOUND('',#2723,.T.);
#2905=FACE_BOUND('',#2724,.T.);
#2906=FACE_BOUND('',#2725,.T.);
#2907=FACE_BOUND('',#2726,.T.);
#2908=FACE_BOUND('',#2727,.T.);
#2909=FACE_BOUND('',#2728,.T.);
#2910=FACE_BOUND('',#2729,.T.);
#2911=FACE_BOUND('',#2730,.T.);
#2912=FACE_BOUND('',#2731,.T.);
#2913=FACE_BOUND('',#2732,.T.);
#2914=FACE_BOUND('',#2733,.T.);
#2915=FACE_BOUND('',#2734,.T.);
#2916=FACE_BOUND('',#2735,.T.);
#2917=FACE_BOUND('',#2736,.T.);
#2918=FACE_BOUND('',#2737,.T.);
#2919=FACE_BOUND('',#2738,.T.);
#2920=FACE_BOUND('',#2739,.T.);
#2921=FACE_BOUND('',#2740,.T.);
#2922=FACE_BOUND('',#2741,.T.);
#2923=FACE_BOUND('',#2742,.T.);
#2924=FACE_BOUND('',#2743,.T.);
#2925=FACE_BOUND('',#2744,.T.);
#2926=FACE_BOUND('',#2745,.T.);
#2927=FACE_BOUND('',#2746,.T.);
#2928=FACE_BOUND('',#2747,.T.);
#2929=FACE_BOUND('',#2748,.T.);
#2930=FACE_BOUND('',#2749,.T.);
#2931=FACE_BOUND('',#2750,.T.);
#2932=FACE_BOUND('',#2751,.T.);
#2933=FACE_BOUND('',#2752,.T.);
#2934=FACE_BOUND('',#2753,.T.);
#2935=FACE_BOUND('',#2754,.T.);
#2936=FACE_BOUND('',#2755,.T.);
#2937=FACE_BOUND('',#2756,.T.);
#2938=FACE_BOUND('',#2757,.T.);
#2939=FACE_BOUND('',#2758,.T.);
#2940=FACE_BOUND('',#2759,.T.);
#2941=FACE_BOUND('',#2760,.T.);
#2942=FACE_BOUND('',#2761,.T.);
#2943=FACE_BOUND('',#2762,.T.);
#2944=FACE_BOUND('',#2763,.T.);
#2945=FACE_BOUND('',#2764,.T.);
#2946=FACE_BOUND('',#2765,.T.);
#2947=FACE_BOUND('',#2766,.T.);
#2948=FACE_BOUND('',#2767,.T.);
#2949=FACE_BOUND('',#2768,.T.);
#2950=FACE_BOUND('',#2769,.T.);
#2951=FACE_BOUND('',#2770,.T.);
#2952=FACE_BOUND('',#2771,.T.);
#2953=FACE_BOUND('',#2772,.T.);
#2954=FACE_BOUND('',#2773,.T.);
#2955=FACE_BOUND('',#2774,.T.);
#2956=FACE_BOUND('',#2775,.T.);
#2957=FACE_BOUND('',#2776,.T.);
#2958=FACE_BOUND('',#2777,.T.);
#2959=FACE_BOUND('',#2778,.T.);
#2960=FACE_BOUND('',#2779,.T.);
#2961=FACE_BOUND('',#2780,.T.);
#2962=FACE_BOUND('',#2781,.T.);
#2963=FACE_BOUND('',#2782,.T.);
#2964=FACE_BOUND('',#2783,.T.);
#2965=PLANE('',#3234);
#2966=PLANE('',#3240);
#2967=PLANE('',#3247);
#2968=PLANE('',#3251);
#2969=PLANE('',#3258);
#2970=PLANE('',#3262);
#2971=PLANE('',#3266);
#2972=PLANE('',#3272);
#2973=PLANE('',#3276);
#2974=PLANE('',#3283);
#2975=PLANE('',#3284);
#2976=PLANE('',#3285);
#2977=PLANE('',#3286);
#2978=PLANE('',#3287);
#2979=PLANE('',#3288);
#2980=PLANE('',#3289);
#2981=PLANE('',#3290);
#2982=PLANE('',#3291);
#2983=PLANE('',#3292);
#2984=PLANE('',#3293);
#2985=PLANE('',#3294);
#2986=PLANE('',#3295);
#2987=PLANE('',#3296);
#2988=PLANE('',#3297);
#2989=PLANE('',#3298);
#2990=PLANE('',#3299);
#2991=PLANE('',#3302);
#2992=PLANE('',#3305);
#2993=PLANE('',#3306);
#2994=PLANE('',#3309);
#2995=PLANE('',#3312);
#2996=PLANE('',#3313);
#2997=PLANE('',#3316);
#2998=PLANE('',#3317);
#2999=PLANE('',#3319);
#3000=PLANE('',#3320);
#3001=PLANE('',#3323);
#3002=PLANE('',#3324);
#3003=PLANE('',#3325);
#3004=PLANE('',#3327);
#3005=PLANE('',#3328);
#3006=PLANE('',#3331);
#3007=PLANE('',#3332);
#3008=PLANE('',#3335);
#3009=PLANE('',#3336);
#3010=PLANE('',#3339);
#3011=PLANE('',#3342);
#3012=PLANE('',#3343);
#3013=PLANE('',#3346);
#3014=PLANE('',#3349);
#3015=PLANE('',#3350);
#3016=PLANE('',#3352);
#3017=PLANE('',#3353);
#3018=PLANE('',#3355);
#3019=PLANE('',#3357);
#3020=PLANE('',#3359);
#3021=PLANE('',#3362);
#3022=PLANE('',#3363);
#3023=PLANE('',#3366);
#3024=PLANE('',#3367);
#3025=PLANE('',#3370);
#3026=PLANE('',#3372);
#3027=PLANE('',#3373);
#3028=PLANE('',#3378);
#3029=PLANE('',#3380);
#3030=PLANE('',#3382);
#3031=PLANE('',#3383);
#3032=PLANE('',#3384);
#3033=PLANE('',#3385);
#3034=PLANE('',#3386);
#3035=PLANE('',#3388);
#3036=PLANE('',#3389);
#3037=PLANE('',#3390);
#3038=PLANE('',#3393);
#3039=PLANE('',#3396);
#3040=PLANE('',#3397);
#3041=PLANE('',#3400);
#3042=PLANE('',#3401);
#3043=PLANE('',#3403);
#3044=PLANE('',#3404);
#3045=PLANE('',#3408);
#3046=PLANE('',#3410);
#3047=PLANE('',#3411);
#3048=PLANE('',#3412);
#3049=PLANE('',#3413);
#3050=PLANE('',#3417);
#3051=PLANE('',#3419);
#3052=PLANE('',#3420);
#3053=PLANE('',#3421);
#3054=PLANE('',#3422);
#3055=PLANE('',#3423);
#3056=ADVANCED_FACE('',(#2784,#2785,#2786,#2787,#2788,#2789,#2790),#2965,
 .F.);
#3057=ADVANCED_FACE('',(#2791),#23,.F.);
#3058=ADVANCED_FACE('',(#2792),#2966,.F.);
#3059=ADVANCED_FACE('',(#2793),#24,.T.);
#3060=ADVANCED_FACE('',(#2794),#25,.T.);
#3061=ADVANCED_FACE('',(#2795),#2967,.F.);
#3062=ADVANCED_FACE('',(#2796),#26,.F.);
#3063=ADVANCED_FACE('',(#2797),#2968,.F.);
#3064=ADVANCED_FACE('',(#2798),#27,.T.);
#3065=ADVANCED_FACE('',(#2799),#28,.T.);
#3066=ADVANCED_FACE('',(#2800),#2969,.F.);
#3067=ADVANCED_FACE('',(#2801),#29,.F.);
#3068=ADVANCED_FACE('',(#2802),#2970,.F.);
#3069=ADVANCED_FACE('',(#2803),#30,.T.);
#3070=ADVANCED_FACE('',(#2804),#2971,.F.);
#3071=ADVANCED_FACE('',(#2805),#31,.T.);
#3072=ADVANCED_FACE('',(#2806),#2972,.F.);
#3073=ADVANCED_FACE('',(#2807),#32,.F.);
#3074=ADVANCED_FACE('',(#2808),#2973,.F.);
#3075=ADVANCED_FACE('',(#2809),#33,.T.);
#3076=ADVANCED_FACE('',(#2810),#34,.T.);
#3077=ADVANCED_FACE('',(#2811),#2974,.F.);
#3078=ADVANCED_FACE('',(#2812),#2975,.T.);
#3079=ADVANCED_FACE('',(#2813),#2976,.F.);
#3080=ADVANCED_FACE('',(#2814),#2977,.F.);
#3081=ADVANCED_FACE('',(#2815),#2978,.F.);
#3082=ADVANCED_FACE('',(#2816),#2979,.F.);
#3083=ADVANCED_FACE('',(#2817),#2980,.F.);
#3084=ADVANCED_FACE('',(#2818),#2981,.F.);
#3085=ADVANCED_FACE('',(#2819),#2982,.F.);
#3086=ADVANCED_FACE('',(#2820),#2983,.F.);
#3087=ADVANCED_FACE('',(#2821),#2984,.F.);
#3088=ADVANCED_FACE('',(#2822),#2985,.F.);
#3089=ADVANCED_FACE('',(#2823),#2986,.F.);
#3090=ADVANCED_FACE('',(#2824),#2987,.F.);
#3091=ADVANCED_FACE('',(#2825),#2988,.F.);
#3092=ADVANCED_FACE('',(#2826),#2989,.F.);
#3093=ADVANCED_FACE('',(#2827),#2990,.F.);
#3094=ADVANCED_FACE('',(#2828),#35,.T.);
#3095=ADVANCED_FACE('',(#2829),#36,.T.);
#3096=ADVANCED_FACE('',(#2830),#2991,.T.);
#3097=ADVANCED_FACE('',(#2831),#37,.T.);
#3098=ADVANCED_FACE('',(#2832),#38,.T.);
#3099=ADVANCED_FACE('',(#2833),#2992,.T.);
#3100=ADVANCED_FACE('',(#2834),#2993,.T.);
#3101=ADVANCED_FACE('',(#2835),#39,.T.);
#3102=ADVANCED_FACE('',(#2836),#40,.T.);
#3103=ADVANCED_FACE('',(#2837),#2994,.T.);
#3104=ADVANCED_FACE('',(#2838),#41,.T.);
#3105=ADVANCED_FACE('',(#2839),#42,.T.);
#3106=ADVANCED_FACE('',(#2840),#2995,.T.);
#3107=ADVANCED_FACE('',(#2841),#2996,.T.);
#3108=ADVANCED_FACE('',(#2842),#43,.T.);
#3109=ADVANCED_FACE('',(#2843),#44,.T.);
#3110=ADVANCED_FACE('',(#2844),#2997,.T.);
#3111=ADVANCED_FACE('',(#2845),#2998,.T.);
#3112=ADVANCED_FACE('',(#2846),#45,.T.);
#3113=ADVANCED_FACE('',(#2847),#2999,.T.);
#3114=ADVANCED_FACE('',(#2848),#3000,.T.);
#3115=ADVANCED_FACE('',(#2849),#46,.F.);
#3116=ADVANCED_FACE('',(#2850),#47,.F.);
#3117=ADVANCED_FACE('',(#2851),#3001,.T.);
#3118=ADVANCED_FACE('',(#2852),#3002,.T.);
#3119=ADVANCED_FACE('',(#2853),#3003,.T.);
#3120=ADVANCED_FACE('',(#2854),#48,.F.);
#3121=ADVANCED_FACE('',(#2855),#3004,.T.);
#3122=ADVANCED_FACE('',(#2856),#3005,.T.);
#3123=ADVANCED_FACE('',(#2857),#49,.T.);
#3124=ADVANCED_FACE('',(#2858),#50,.T.);
#3125=ADVANCED_FACE('',(#2859),#3006,.T.);
#3126=ADVANCED_FACE('',(#2860),#3007,.T.);
#3127=ADVANCED_FACE('',(#2861),#51,.T.);
#3128=ADVANCED_FACE('',(#2862),#52,.T.);
#3129=ADVANCED_FACE('',(#2863),#3008,.T.);
#3130=ADVANCED_FACE('',(#2864),#3009,.T.);
#3131=ADVANCED_FACE('',(#2865),#53,.T.);
#3132=ADVANCED_FACE('',(#2866),#54,.T.);
#3133=ADVANCED_FACE('',(#2867),#3010,.T.);
#3134=ADVANCED_FACE('',(#2868),#55,.T.);
#3135=ADVANCED_FACE('',(#2869),#56,.T.);
#3136=ADVANCED_FACE('',(#2870),#3011,.T.);
#3137=ADVANCED_FACE('',(#2871),#3012,.T.);
#3138=ADVANCED_FACE('',(#2872),#57,.T.);
#3139=ADVANCED_FACE('',(#2873),#58,.T.);
#3140=ADVANCED_FACE('',(#2874),#3013,.T.);
#3141=ADVANCED_FACE('',(#2875),#59,.F.);
#3142=ADVANCED_FACE('',(#2876),#60,.T.);
#3143=ADVANCED_FACE('',(#2877),#3014,.T.);
#3144=ADVANCED_FACE('',(#2878),#3015,.T.);
#3145=ADVANCED_FACE('',(#2879),#61,.T.);
#3146=ADVANCED_FACE('',(#2880),#3016,.T.);
#3147=ADVANCED_FACE('',(#2881),#3017,.T.);
#3148=ADVANCED_FACE('',(#2882),#62,.F.);
#3149=ADVANCED_FACE('',(#2883),#3018,.T.);
#3150=ADVANCED_FACE('',(#2884),#63,.T.);
#3151=ADVANCED_FACE('',(#2885),#3019,.T.);
#3152=ADVANCED_FACE('',(#2886),#12,.T.);
#3153=ADVANCED_FACE('',(#2887),#64,.T.);
#3154=ADVANCED_FACE('',(#2888),#3020,.T.);
#3155=ADVANCED_FACE('',(#2889),#65,.T.);
#3156=ADVANCED_FACE('',(#2890),#66,.T.);
#3157=ADVANCED_FACE('',(#2891),#3021,.T.);
#3158=ADVANCED_FACE('',(#2892),#3022,.T.);
#3159=ADVANCED_FACE('',(#2893),#67,.T.);
#3160=ADVANCED_FACE('',(#2894),#68,.T.);
#3161=ADVANCED_FACE('',(#2895),#3023,.T.);
#3162=ADVANCED_FACE('',(#2896),#3024,.T.);
#3163=ADVANCED_FACE('',(#2897),#69,.T.);
#3164=ADVANCED_FACE('',(#2898),#70,.T.);
#3165=ADVANCED_FACE('',(#2899),#3025,.T.);
#3166=ADVANCED_FACE('',(#2900),#71,.T.);
#3167=ADVANCED_FACE('',(#2901),#3026,.T.);
#3168=ADVANCED_FACE('',(#2902),#3027,.F.);
#3169=ADVANCED_FACE('',(#2903),#72,.F.);
#3170=ADVANCED_FACE('',(#2904),#73,.F.);
#3171=ADVANCED_FACE('',(#2905),#74,.F.);
#3172=ADVANCED_FACE('',(#2906),#75,.F.);
#3173=ADVANCED_FACE('',(#2907),#3028,.T.);
#3174=ADVANCED_FACE('',(#2908),#76,.T.);
#3175=ADVANCED_FACE('',(#2909),#3029,.T.);
#3176=ADVANCED_FACE('',(#2910),#77,.T.);
#3177=ADVANCED_FACE('',(#2911),#3030,.T.);
#3178=ADVANCED_FACE('',(#2912),#3031,.T.);
#3179=ADVANCED_FACE('',(#2913),#3032,.T.);
#3180=ADVANCED_FACE('',(#2914),#3033,.T.);
#3181=ADVANCED_FACE('',(#2915),#3034,.T.);
#3182=ADVANCED_FACE('',(#2916),#78,.T.);
#3183=ADVANCED_FACE('',(#2917),#3035,.T.);
#3184=ADVANCED_FACE('',(#2918),#3036,.T.);
#3185=ADVANCED_FACE('',(#2919),#3037,.T.);
#3186=ADVANCED_FACE('',(#2920),#79,.T.);
#3187=ADVANCED_FACE('',(#2921),#80,.T.);
#3188=ADVANCED_FACE('',(#2922),#3038,.T.);
#3189=ADVANCED_FACE('',(#2923),#81,.T.);
#3190=ADVANCED_FACE('',(#2924),#82,.T.);
#3191=ADVANCED_FACE('',(#2925),#3039,.T.);
#3192=ADVANCED_FACE('',(#2926),#3040,.T.);
#3193=ADVANCED_FACE('',(#2927),#83,.T.);
#3194=ADVANCED_FACE('',(#2928),#84,.T.);
#3195=ADVANCED_FACE('',(#2929),#3041,.T.);
#3196=ADVANCED_FACE('',(#2930),#3042,.T.);
#3197=ADVANCED_FACE('',(#2931),#85,.T.);
#3198=ADVANCED_FACE('',(#2932),#3043,.T.);
#3199=ADVANCED_FACE('',(#2933),#3044,.T.);
#3200=ADVANCED_FACE('',(#2934),#86,.F.);
#3201=ADVANCED_FACE('',(#2935),#13,.T.);
#3202=ADVANCED_FACE('',(#2936),#87,.F.);
#3203=ADVANCED_FACE('',(#2937),#14,.T.);
#3204=ADVANCED_FACE('',(#2938),#88,.F.);
#3205=ADVANCED_FACE('',(#2939),#3045,.T.);
#3206=ADVANCED_FACE('',(#2940),#15,.T.);
#3207=ADVANCED_FACE('',(#2941),#89,.T.);
#3208=ADVANCED_FACE('',(#2942,#2943),#3046,.T.);
#3209=ADVANCED_FACE('',(#2944),#3047,.T.);
#3210=ADVANCED_FACE('',(#2945),#16,.T.);
#3211=ADVANCED_FACE('',(#2946),#17,.T.);
#3212=ADVANCED_FACE('',(#2947),#3048,.T.);
#3213=ADVANCED_FACE('',(#2948),#3049,.T.);
#3214=ADVANCED_FACE('',(#2949),#90,.F.);
#3215=ADVANCED_FACE('',(#2950),#18,.T.);
#3216=ADVANCED_FACE('',(#2951),#91,.F.);
#3217=ADVANCED_FACE('',(#2952),#19,.T.);
#3218=ADVANCED_FACE('',(#2953),#92,.F.);
#3219=ADVANCED_FACE('',(#2954),#3050,.T.);
#3220=ADVANCED_FACE('',(#2955),#20,.T.);
#3221=ADVANCED_FACE('',(#2956),#93,.T.);
#3222=ADVANCED_FACE('',(#2957,#2958),#3051,.T.);
#3223=ADVANCED_FACE('',(#2959),#3052,.T.);
#3224=ADVANCED_FACE('',(#2960),#21,.T.);
#3225=ADVANCED_FACE('',(#2961),#22,.T.);
#3226=ADVANCED_FACE('',(#2962),#3053,.T.);
#3227=ADVANCED_FACE('',(#2963),#3054,.F.);
#3228=ADVANCED_FACE('',(#2964),#3055,.F.);
#3229=CLOSED_SHELL('',(#3056,#3057,#3058,#3059,#3060,#3061,#3062,#3063,
#3064,#3065,#3066,#3067,#3068,#3069,#3070,#3071,#3072,#3073,#3074,#3075,
#3076,#3077,#3078,#3079,#3080,#3081,#3082,#3083,#3084,#3085,#3086,#3087,
#3088,#3089,#3090,#3091,#3092,#3093,#3094,#3095,#3096,#3097,#3098,#3099,
#3100,#3101,#3102,#3103,#3104,#3105,#3106,#3107,#3108,#3109,#3110,#3111,
#3112,#3113,#3114,#3115,#3116,#3117,#3118,#3119,#3120,#3121,#3122,#3123,
#3124,#3125,#3126,#3127,#3128,#3129,#3130,#3131,#3132,#3133,#3134,#3135,
#3136,#3137,#3138,#3139,#3140,#3141,#3142,#3143,#3144,#3145,#3146,#3147,
#3148,#3149,#3150,#3151,#3152,#3153,#3154,#3155,#3156,#3157,#3158,#3159,
#3160,#3161,#3162,#3163,#3164,#3165,#3166,#3167,#3168,#3169,#3170,#3171,
#3172,#3173,#3174,#3175,#3176,#3177,#3178,#3179,#3180,#3181,#3182,#3183,
#3184,#3185,#3186,#3187,#3188,#3189,#3190,#3191,#3192,#3193,#3194,#3195,
#3196,#3197,#3198,#3199,#3200,#3201,#3202,#3203,#3204,#3205,#3206,#3207,
#3208,#3209,#3210,#3211,#3212,#3213,#3214,#3215,#3216,#3217,#3218,#3219,
#3220,#3221,#3222,#3223,#3224,#3225,#3226,#3227,#3228));
#3230=MANIFOLD_SOLID_BREP($,#3229);
#3231=SHAPE_DEFINITION_REPRESENTATION(#6399,#3232);
#3232=SHAPE_REPRESENTATION('id2',(#3233),#6394);
#3233=AXIS2_PLACEMENT_3D('',#4033,#3424,#3425);
#3234=AXIS2_PLACEMENT_3D('',#4034,#3426,#3427);
#3235=AXIS2_PLACEMENT_3D('',#4325,#3452,#3453);
#3236=AXIS2_PLACEMENT_3D('',#4329,#3455,#3456);
#3237=AXIS2_PLACEMENT_3D('',#4623,#3503,#3504);
#3238=AXIS2_PLACEMENT_3D('',#4627,#3506,#3507);
#3239=AXIS2_PLACEMENT_3D('',#4631,#3509,#3510);
#3240=AXIS2_PLACEMENT_3D('',#4632,#3511,#3512);
#3241=AXIS2_PLACEMENT_3D('',#4638,#3516,#3517);
#3242=AXIS2_PLACEMENT_3D('',#4639,#3518,#3519);
#3243=AXIS2_PLACEMENT_3D('',#4641,#3520,#3521);
#3244=AXIS2_PLACEMENT_3D('',#4644,#3523,#3524);
#3245=AXIS2_PLACEMENT_3D('',#4645,#3525,#3526);
#3246=AXIS2_PLACEMENT_3D('',#4650,#3528,#3529);
#3247=AXIS2_PLACEMENT_3D('',#4653,#3531,#3532);
#3248=AXIS2_PLACEMENT_3D('',#4659,#3536,#3537);
#3249=AXIS2_PLACEMENT_3D('',#4660,#3538,#3539);
#3250=AXIS2_PLACEMENT_3D('',#4664,#3541,#3542);
#3251=AXIS2_PLACEMENT_3D('',#4665,#3543,#3544);
#3252=AXIS2_PLACEMENT_3D('',#4671,#3548,#3549);
#3253=AXIS2_PLACEMENT_3D('',#4672,#3550,#3551);
#3254=AXIS2_PLACEMENT_3D('',#4673,#3552,#3553);
#3255=AXIS2_PLACEMENT_3D('',#4674,#3554,#3555);
#3256=AXIS2_PLACEMENT_3D('',#4678,#3557,#3558);
#3257=AXIS2_PLACEMENT_3D('',#4679,#3559,#3560);
#3258=AXIS2_PLACEMENT_3D('',#4680,#3561,#3562);
#3259=AXIS2_PLACEMENT_3D('',#4683,#3565,#3566);
#3260=AXIS2_PLACEMENT_3D('',#4687,#3568,#3569);
#3261=AXIS2_PLACEMENT_3D('',#4691,#3571,#3572);
#3262=AXIS2_PLACEMENT_3D('',#4692,#3573,#3574);
#3263=AXIS2_PLACEMENT_3D('',#4698,#3578,#3579);
#3264=AXIS2_PLACEMENT_3D('',#4699,#3580,#3581);
#3265=AXIS2_PLACEMENT_3D('',#4701,#3582,#3583);
#3266=AXIS2_PLACEMENT_3D('',#4704,#3585,#3586);
#3267=AXIS2_PLACEMENT_3D('',#4708,#3588,#3589);
#3268=AXIS2_PLACEMENT_3D('',#4739,#3606,#3607);
#3269=AXIS2_PLACEMENT_3D('',#4740,#3608,#3609);
#3270=AXIS2_PLACEMENT_3D('',#4741,#3610,#3611);
#3271=AXIS2_PLACEMENT_3D('',#4745,#3613,#3614);
#3272=AXIS2_PLACEMENT_3D('',#4746,#3615,#3616);
#3273=AXIS2_PLACEMENT_3D('',#4752,#3620,#3621);
#3274=AXIS2_PLACEMENT_3D('',#4753,#3622,#3623);
#3275=AXIS2_PLACEMENT_3D('',#4757,#3625,#3626);
#3276=AXIS2_PLACEMENT_3D('',#4758,#3627,#3628);
#3277=AXIS2_PLACEMENT_3D('',#4764,#3632,#3633);
#3278=AXIS2_PLACEMENT_3D('',#4765,#3634,#3635);
#3279=AXIS2_PLACEMENT_3D('',#4766,#3636,#3637);
#3280=AXIS2_PLACEMENT_3D('',#4767,#3638,#3639);
#3281=AXIS2_PLACEMENT_3D('',#4771,#3641,#3642);
#3282=AXIS2_PLACEMENT_3D('',#4772,#3643,#3644);
#3283=AXIS2_PLACEMENT_3D('',#4773,#3645,#3646);
#3284=AXIS2_PLACEMENT_3D('',#4776,#3649,#3650);
#3285=AXIS2_PLACEMENT_3D('',#4779,#3653,#3654);
#3286=AXIS2_PLACEMENT_3D('',#4782,#3657,#3658);
#3287=AXIS2_PLACEMENT_3D('',#4784,#3660,#3661);
#3288=AXIS2_PLACEMENT_3D('',#4785,#3662,#3663);
#3289=AXIS2_PLACEMENT_3D('',#4787,#3665,#3666);
#3290=AXIS2_PLACEMENT_3D('',#4788,#3667,#3668);
#3291=AXIS2_PLACEMENT_3D('',#4790,#3670,#3671);
#3292=AXIS2_PLACEMENT_3D('',#4792,#3673,#3674);
#3293=AXIS2_PLACEMENT_3D('',#4794,#3676,#3677);
#3294=AXIS2_PLACEMENT_3D('',#4796,#3679,#3680);
#3295=AXIS2_PLACEMENT_3D('',#4799,#3683,#3684);
#3296=AXIS2_PLACEMENT_3D('',#4800,#3685,#3686);
#3297=AXIS2_PLACEMENT_3D('',#4801,#3687,#3688);
#3298=AXIS2_PLACEMENT_3D('',#4803,#3690,#3691);
#3299=AXIS2_PLACEMENT_3D('',#4805,#3693,#3694);
#3300=AXIS2_PLACEMENT_3D('',#4806,#3695,#3696);
#3301=AXIS2_PLACEMENT_3D('',#4807,#3697,#3698);
#3302=AXIS2_PLACEMENT_3D('',#4808,#3699,#3700);
#3303=AXIS2_PLACEMENT_3D('',#4820,#3702,#3703);
#3304=AXIS2_PLACEMENT_3D('',#4832,#3704,#3705);
#3305=AXIS2_PLACEMENT_3D('',#4844,#3706,#3707);
#3306=AXIS2_PLACEMENT_3D('',#4848,#3710,#3711);
#3307=AXIS2_PLACEMENT_3D('',#4855,#3713,#3714);
#3308=AXIS2_PLACEMENT_3D('',#4865,#3715,#3716);
#3309=AXIS2_PLACEMENT_3D('',#4875,#3717,#3718);
#3310=AXIS2_PLACEMENT_3D('',#4882,#3720,#3721);
#3311=AXIS2_PLACEMENT_3D('',#4892,#3722,#3723);
#3312=AXIS2_PLACEMENT_3D('',#4902,#3724,#3725);
#3313=AXIS2_PLACEMENT_3D('',#4906,#3728,#3729);
#3314=AXIS2_PLACEMENT_3D('',#4913,#3731,#3732);
#3315=AXIS2_PLACEMENT_3D('',#4923,#3733,#3734);
#3316=AXIS2_PLACEMENT_3D('',#4933,#3735,#3736);
#3317=AXIS2_PLACEMENT_3D('',#4937,#3739,#3740);
#3318=AXIS2_PLACEMENT_3D('',#4944,#3742,#3743);
#3319=AXIS2_PLACEMENT_3D('',#4954,#3744,#3745);
#3320=AXIS2_PLACEMENT_3D('',#4964,#3746,#3747);
#3321=AXIS2_PLACEMENT_3D('',#4971,#3749,#3750);
#3322=AXIS2_PLACEMENT_3D('',#4981,#3751,#3752);
#3323=AXIS2_PLACEMENT_3D('',#4991,#3753,#3754);
#3324=AXIS2_PLACEMENT_3D('',#4995,#3757,#3758);
#3325=AXIS2_PLACEMENT_3D('',#4999,#3761,#3762);
#3326=AXIS2_PLACEMENT_3D('',#5006,#3764,#3765);
#3327=AXIS2_PLACEMENT_3D('',#5016,#3766,#3767);
#3328=AXIS2_PLACEMENT_3D('',#5026,#3768,#3769);
#3329=AXIS2_PLACEMENT_3D('',#5033,#3771,#3772);
#3330=AXIS2_PLACEMENT_3D('',#5043,#3773,#3774);
#3331=AXIS2_PLACEMENT_3D('',#5053,#3775,#3776);
#3332=AXIS2_PLACEMENT_3D('',#5057,#3779,#3780);
#3333=AXIS2_PLACEMENT_3D('',#5064,#3782,#3783);
#3334=AXIS2_PLACEMENT_3D('',#5074,#3784,#3785);
#3335=AXIS2_PLACEMENT_3D('',#5084,#3786,#3787);
#3336=AXIS2_PLACEMENT_3D('',#5088,#3790,#3791);
#3337=AXIS2_PLACEMENT_3D('',#5095,#3793,#3794);
#3338=AXIS2_PLACEMENT_3D('',#5105,#3795,#3796);
#3339=AXIS2_PLACEMENT_3D('',#5115,#3797,#3798);
#3340=AXIS2_PLACEMENT_3D('',#5122,#3800,#3801);
#3341=AXIS2_PLACEMENT_3D('',#5132,#3802,#3803);
#3342=AXIS2_PLACEMENT_3D('',#5142,#3804,#3805);
#3343=AXIS2_PLACEMENT_3D('',#5146,#3808,#3809);
#3344=AXIS2_PLACEMENT_3D('',#5153,#3811,#3812);
#3345=AXIS2_PLACEMENT_3D('',#5163,#3813,#3814);
#3346=AXIS2_PLACEMENT_3D('',#5173,#3815,#3816);
#3347=AXIS2_PLACEMENT_3D('',#5180,#3818,#3819);
#3348=AXIS2_PLACEMENT_3D('',#5190,#3820,#3821);
#3349=AXIS2_PLACEMENT_3D('',#5195,#3822,#3823);
#3350=AXIS2_PLACEMENT_3D('',#5196,#3824,#3825);
#3351=AXIS2_PLACEMENT_3D('',#5205,#3828,#3829);
#3352=AXIS2_PLACEMENT_3D('',#5217,#3830,#3831);
#3353=AXIS2_PLACEMENT_3D('',#5221,#3834,#3835);
#3354=AXIS2_PLACEMENT_3D('',#5228,#3837,#3838);
#3355=AXIS2_PLACEMENT_3D('',#5238,#3839,#3840);
#3356=AXIS2_PLACEMENT_3D('',#5245,#3842,#3843);
#3357=AXIS2_PLACEMENT_3D('',#5255,#3844,#3845);
#3358=AXIS2_PLACEMENT_3D('',#5297,#3848,#3849);
#3359=AXIS2_PLACEMENT_3D('',#5307,#3850,#3851);
#3360=AXIS2_PLACEMENT_3D('',#5314,#3853,#3854);
#3361=AXIS2_PLACEMENT_3D('',#5324,#3855,#3856);
#3362=AXIS2_PLACEMENT_3D('',#5334,#3857,#3858);
#3363=AXIS2_PLACEMENT_3D('',#5338,#3861,#3862);
#3364=AXIS2_PLACEMENT_3D('',#5345,#3864,#3865);
#3365=AXIS2_PLACEMENT_3D('',#5355,#3866,#3867);
#3366=AXIS2_PLACEMENT_3D('',#5365,#3868,#3869);
#3367=AXIS2_PLACEMENT_3D('',#5369,#3872,#3873);
#3368=AXIS2_PLACEMENT_3D('',#5376,#3875,#3876);
#3369=AXIS2_PLACEMENT_3D('',#5386,#3877,#3878);
#3370=AXIS2_PLACEMENT_3D('',#5396,#3879,#3880);
#3371=AXIS2_PLACEMENT_3D('',#5403,#3882,#3883);
#3372=AXIS2_PLACEMENT_3D('',#5413,#3884,#3885);
#3373=AXIS2_PLACEMENT_3D('',#5415,#3887,#3888);
#3374=AXIS2_PLACEMENT_3D('',#5416,#3889,#3890);
#3375=AXIS2_PLACEMENT_3D('',#5431,#3891,#3892);
#3376=AXIS2_PLACEMENT_3D('',#5441,#3893,#3894);
#3377=AXIS2_PLACEMENT_3D('',#5454,#3895,#3896);
#3378=AXIS2_PLACEMENT_3D('',#5459,#3897,#3898);
#3379=AXIS2_PLACEMENT_3D('',#5460,#3899,#3900);
#3380=AXIS2_PLACEMENT_3D('',#5476,#3901,#3902);
#3381=AXIS2_PLACEMENT_3D('',#5483,#3904,#3905);
#3382=AXIS2_PLACEMENT_3D('',#5493,#3906,#3907);
#3383=AXIS2_PLACEMENT_3D('',#5497,#3910,#3911);
#3384=AXIS2_PLACEMENT_3D('',#5501,#3914,#3915);
#3385=AXIS2_PLACEMENT_3D('',#5505,#3918,#3919);
#3386=AXIS2_PLACEMENT_3D('',#5509,#3922,#3923);
#3387=AXIS2_PLACEMENT_3D('',#5516,#3925,#3926);
#3388=AXIS2_PLACEMENT_3D('',#5526,#3927,#3928);
#3389=AXIS2_PLACEMENT_3D('',#5530,#3931,#3932);
#3390=AXIS2_PLACEMENT_3D('',#5534,#3935,#3936);
#3391=AXIS2_PLACEMENT_3D('',#5541,#3938,#3939);
#3392=AXIS2_PLACEMENT_3D('',#5551,#3940,#3941);
#3393=AXIS2_PLACEMENT_3D('',#5561,#3942,#3943);
#3394=AXIS2_PLACEMENT_3D('',#5568,#3945,#3946);
#3395=AXIS2_PLACEMENT_3D('',#5578,#3947,#3948);
#3396=AXIS2_PLACEMENT_3D('',#5588,#3949,#3950);
#3397=AXIS2_PLACEMENT_3D('',#5592,#3953,#3954);
#3398=AXIS2_PLACEMENT_3D('',#5599,#3956,#3957);
#3399=AXIS2_PLACEMENT_3D('',#5609,#3958,#3959);
#3400=AXIS2_PLACEMENT_3D('',#5619,#3960,#3961);
#3401=AXIS2_PLACEMENT_3D('',#5623,#3964,#3965);
#3402=AXIS2_PLACEMENT_3D('',#5630,#3967,#3968);
#3403=AXIS2_PLACEMENT_3D('',#5635,#3969,#3970);
#3404=AXIS2_PLACEMENT_3D('',#5636,#3971,#3972);
#3405=AXIS2_PLACEMENT_3D('',#5648,#3974,#3975);
#3406=AXIS2_PLACEMENT_3D('',#5722,#3976,#3977);
#3407=AXIS2_PLACEMENT_3D('',#5794,#3978,#3979);
#3408=AXIS2_PLACEMENT_3D('',#5804,#3980,#3981);
#3409=AXIS2_PLACEMENT_3D('',#5870,#3984,#3985);
#3410=AXIS2_PLACEMENT_3D('',#5875,#3986,#3987);
#3411=AXIS2_PLACEMENT_3D('',#5912,#3990,#3991);
#3412=AXIS2_PLACEMENT_3D('',#6012,#3997,#3998);
#3413=AXIS2_PLACEMENT_3D('',#6014,#4000,#4001);
#3414=AXIS2_PLACEMENT_3D('',#6026,#4003,#4004);
#3415=AXIS2_PLACEMENT_3D('',#6100,#4005,#4006);
#3416=AXIS2_PLACEMENT_3D('',#6172,#4007,#4008);
#3417=AXIS2_PLACEMENT_3D('',#6182,#4009,#4010);
#3418=AXIS2_PLACEMENT_3D('',#6248,#4013,#4014);
#3419=AXIS2_PLACEMENT_3D('',#6253,#4015,#4016);
#3420=AXIS2_PLACEMENT_3D('',#6290,#4019,#4020);
#3421=AXIS2_PLACEMENT_3D('',#6390,#4026,#4027);
#3422=AXIS2_PLACEMENT_3D('',#6392,#4029,#4030);
#3423=AXIS2_PLACEMENT_3D('',#6393,#4031,#4032);
#3424=DIRECTION('',(0.,0.,1.));
#3425=DIRECTION('',(1.,0.,0.));
#3426=DIRECTION('',(1.,0.,0.));
#3427=DIRECTION('',(0.,1.,0.));
#3428=DIRECTION('',(0.,-0.991600411186218,0.129339184067794));
#3429=DIRECTION('',(0.,0.,-1.));
#3430=DIRECTION('',(0.,0.927669766216767,0.37340166690486));
#3431=DIRECTION('',(0.,-0.994071691754378,0.108726591285609));
#3432=DIRECTION('',(0.,-0.274172424804161,-0.961680550638832));
#3433=DIRECTION('',(0.,-1.,0.));
#3434=DIRECTION('',(0.,-0.273852953749326,0.961771573567638));
#3435=DIRECTION('',(0.,-0.997352133906083,0.0727235930973007));
#3436=DIRECTION('',(0.,0.996103084493614,-0.0881966272728575));
#3437=DIRECTION('',(0.,0.293219986692963,0.956044998629133));
#3438=DIRECTION('',(0.,1.,0.));
#3439=DIRECTION('',(0.,-0.92792051123047,-0.372778117434196));
#3440=DIRECTION('',(0.,-0.0884675480551287,-0.996079059583683));
#3441=DIRECTION('',(0.,0.930088250727161,-0.367336148315531));
#3442=DIRECTION('',(0.,-1.,0.));
#3443=DIRECTION('',(0.,-0.30542755435931,0.952215316531976));
#3444=DIRECTION('',(0.,-0.998646416445549,0.0520128341898667));
#3445=DIRECTION('',(0.,0.996103084493614,-0.0881966272728575));
#3446=DIRECTION('',(0.,0.26654390940971,0.963822776425515));
#3447=DIRECTION('',(0.,1.,0.));
#3448=DIRECTION('',(0.,0.279755840393123,-0.960071179530944));
#3449=DIRECTION('',(0.,0.998646416445549,-0.0520128341898668));
#3450=DIRECTION('',(0.,-0.93115179866152,0.364631770214029));
#3451=DIRECTION('',(0.,-1.,0.));
#3452=DIRECTION('',(1.,0.,0.));
#3453=DIRECTION('',(0.,1.,0.));
#3454=DIRECTION('',(0.,0.,-1.));
#3455=DIRECTION('',(1.,0.,0.));
#3456=DIRECTION('',(0.,1.,0.));
#3457=DIRECTION('',(0.,1.,0.));
#3458=DIRECTION('',(0.,-5.78241158658934E-16,1.));
#3459=DIRECTION('',(0.,1.,0.));
#3460=DIRECTION('',(0.,2.89120579329468E-16,-1.));
#3461=DIRECTION('',(0.,1.,0.));
#3462=DIRECTION('',(0.,-5.78241158658933E-16,1.));
#3463=DIRECTION('',(0.,1.,0.));
#3464=DIRECTION('',(0.,5.78241158658933E-16,-1.));
#3465=DIRECTION('',(0.,1.,2.68602344667377E-15));
#3466=DIRECTION('',(0.,0.,-1.));
#3467=DIRECTION('',(0.,-1.,2.68602344667377E-15));
#3468=DIRECTION('',(0.,-5.78241158658933E-16,-1.));
#3469=DIRECTION('',(0.,1.,0.));
#3470=DIRECTION('',(0.,5.78241158658933E-16,1.));
#3471=DIRECTION('',(0.,-1.,0.));
#3472=DIRECTION('',(0.,-2.89120579329468E-16,-1.));
#3473=DIRECTION('',(0.,1.,0.));
#3474=DIRECTION('',(0.,5.78241158658934E-16,1.));
#3475=DIRECTION('',(0.,0.994618408890779,-0.103606084259445));
#3476=DIRECTION('',(0.,-0.440157217023083,0.897920722726954));
#3477=DIRECTION('',(0.,-1.,0.));
#3478=DIRECTION('',(0.,0.,1.));
#3479=DIRECTION('',(0.,-0.171767564962786,-0.985137504933578));
#3480=DIRECTION('',(0.,-1.,0.));
#3481=DIRECTION('',(0.,-0.252912128459667,0.967489253313959));
#3482=DIRECTION('',(0.,-0.998646416445549,0.0520128341898667));
#3483=DIRECTION('',(0.,0.996103084493614,-0.0881966272728575));
#3484=DIRECTION('',(0.,0.255271590948579,0.966869388725582));
#3485=DIRECTION('',(0.,1.,0.));
#3486=DIRECTION('',(0.,0.239223165208301,-0.970964611727802));
#3487=DIRECTION('',(0.,-1.,0.));
#3488=DIRECTION('',(0.,0.,1.));
#3489=DIRECTION('',(0.,0.910458431621255,0.413600585456264));
#3490=DIRECTION('',(0.,0.148809905116938,0.988865821099651));
#3491=DIRECTION('',(0.,-0.998081155281272,-0.0619193626614662));
#3492=DIRECTION('',(0.,-0.707106781186477,-0.707106781186618));
#3493=DIRECTION('',(0.,3.58290563024464E-15,-1.));
#3494=DIRECTION('',(0.,0.996103084493614,-0.0881966272728575));
#3495=DIRECTION('',(0.,0.28587881255758,0.958265779693018));
#3496=DIRECTION('',(0.,1.,0.));
#3497=DIRECTION('',(0.,0.301131367937099,-0.953582665134141));
#3498=DIRECTION('',(0.,0.998362861592309,-0.0571978722787546));
#3499=DIRECTION('',(0.,-0.996103084493614,0.0881966272728578));
#3500=DIRECTION('',(0.,-0.292799638301171,-0.956173818827259));
#3501=DIRECTION('',(0.,-0.991600411186218,0.129339184067794));
#3502=DIRECTION('',(0.,0.,-1.));
#3503=DIRECTION('',(0.,1.,0.));
#3504=DIRECTION('',(-1.,0.,0.));
#3505=DIRECTION('',(0.,1.,0.));
#3506=DIRECTION('',(-2.90436636279199E-33,1.,-5.78241158658934E-16));
#3507=DIRECTION('',(0.,5.78241158658934E-16,1.));
#3508=DIRECTION('',(0.,1.,0.));
#3509=DIRECTION('',(1.452183181396E-33,-1.,2.89120579329468E-16));
#3510=DIRECTION('',(0.,-2.89120579329468E-16,-1.));
#3511=DIRECTION('',(0.,0.,1.));
#3512=DIRECTION('',(0.,-1.,0.));
#3513=DIRECTION('',(0.,1.,0.));
#3514=DIRECTION('',(-1.,-2.90436636279199E-33,0.));
#3515=DIRECTION('',(1.,1.452183181396E-33,0.));
#3516=DIRECTION('',(0.,1.,0.));
#3517=DIRECTION('',(-1.,0.,0.));
#3518=DIRECTION('',(-2.90436636279199E-33,1.,-5.78241158658934E-16));
#3519=DIRECTION('',(0.,5.78241158658934E-16,1.));
#3520=DIRECTION('',(1.452183181396E-33,-1.,2.89120579329468E-16));
#3521=DIRECTION('',(0.,-2.89120579329468E-16,-1.));
#3522=DIRECTION('',(0.,1.,0.));
#3523=DIRECTION('',(0.,1.,0.));
#3524=DIRECTION('',(-1.,0.,0.));
#3525=DIRECTION('',(-1.452183181396E-33,-1.,-2.89120579329468E-16));
#3526=DIRECTION('',(0.,2.89120579329468E-16,-1.));
#3527=DIRECTION('',(0.,1.,0.));
#3528=DIRECTION('',(2.90436636279199E-33,1.,5.78241158658934E-16));
#3529=DIRECTION('',(0.,-5.78241158658934E-16,1.));
#3530=DIRECTION('',(0.,1.,0.));
#3531=DIRECTION('',(0.,0.,-1.));
#3532=DIRECTION('',(0.,1.,0.));
#3533=DIRECTION('',(-1.,1.452183181396E-33,0.));
#3534=DIRECTION('',(0.,1.,0.));
#3535=DIRECTION('',(1.,-2.90436636279199E-33,0.));
#3536=DIRECTION('',(0.,1.,0.));
#3537=DIRECTION('',(-1.,0.,0.));
#3538=DIRECTION('',(-1.452183181396E-33,-1.,-2.89120579329468E-16));
#3539=DIRECTION('',(0.,2.89120579329468E-16,-1.));
#3540=DIRECTION('',(0.,1.,0.));
#3541=DIRECTION('',(2.90436636279199E-33,1.,5.78241158658934E-16));
#3542=DIRECTION('',(0.,-5.78241158658934E-16,1.));
#3543=DIRECTION('',(0.,0.,1.));
#3544=DIRECTION('',(0.,-1.,0.));
#3545=DIRECTION('',(1.,-1.452183181396E-33,0.));
#3546=DIRECTION('',(0.,1.,0.));
#3547=DIRECTION('',(-1.,2.90436636279199E-33,0.));
#3548=DIRECTION('',(0.,1.,0.));
#3549=DIRECTION('',(-1.,0.,0.));
#3550=DIRECTION('',(-1.452183181396E-33,-1.,-2.89120579329468E-16));
#3551=DIRECTION('',(0.,2.89120579329468E-16,-1.));
#3552=DIRECTION('',(2.90436636279199E-33,1.,5.78241158658934E-16));
#3553=DIRECTION('',(0.,-5.78241158658934E-16,1.));
#3554=DIRECTION('',(0.,1.,0.));
#3555=DIRECTION('',(-1.,0.,0.));
#3556=DIRECTION('',(0.,1.,0.));
#3557=DIRECTION('',(-2.90436636279199E-33,1.,-5.78241158658934E-16));
#3558=DIRECTION('',(0.,5.78241158658934E-16,1.));
#3559=DIRECTION('',(1.452183181396E-33,-1.,2.89120579329468E-16));
#3560=DIRECTION('',(0.,-2.89120579329468E-16,-1.));
#3561=DIRECTION('',(0.,0.,-1.));
#3562=DIRECTION('',(0.,1.,0.));
#3563=DIRECTION('',(1.,2.90436636279199E-33,0.));
#3564=DIRECTION('',(-1.,-1.452183181396E-33,0.));
#3565=DIRECTION('',(0.,1.,0.));
#3566=DIRECTION('',(-1.,0.,0.));
#3567=DIRECTION('',(0.,1.,0.));
#3568=DIRECTION('',(-2.90436636279198E-33,1.,-5.78241158658933E-16));
#3569=DIRECTION('',(0.,5.78241158658933E-16,1.));
#3570=DIRECTION('',(0.,1.,0.));
#3571=DIRECTION('',(2.90436636279198E-33,-1.,5.78241158658933E-16));
#3572=DIRECTION('',(0.,-5.78241158658933E-16,-1.));
#3573=DIRECTION('',(0.,0.,1.));
#3574=DIRECTION('',(0.,-1.,0.));
#3575=DIRECTION('',(0.,1.,0.));
#3576=DIRECTION('',(-1.,-2.90436636279198E-33,0.));
#3577=DIRECTION('',(1.,2.90436636279198E-33,0.));
#3578=DIRECTION('',(0.,1.,0.));
#3579=DIRECTION('',(-1.,0.,0.));
#3580=DIRECTION('',(-2.90436636279198E-33,1.,-5.78241158658933E-16));
#3581=DIRECTION('',(0.,5.78241158658933E-16,1.));
#3582=DIRECTION('',(2.90436636279198E-33,-1.,5.78241158658933E-16));
#3583=DIRECTION('',(0.,-5.78241158658933E-16,-1.));
#3584=DIRECTION('',(0.,1.,0.));
#3585=DIRECTION('',(-1.,0.,5.08161335254767E-18));
#3586=DIRECTION('',(-5.08161335254767E-18,0.,-1.));
#3587=DIRECTION('',(5.08161335254767E-18,0.,1.));
#3588=DIRECTION('',(-1.,0.,5.08161335254767E-18));
#3589=DIRECTION('',(-5.08161335254767E-18,0.,-1.));
#3590=DIRECTION('',(0.,1.,0.));
#3591=DIRECTION('',(-5.08161335254767E-18,-5.78241158658934E-16,-1.));
#3592=DIRECTION('',(5.08161335254767E-18,2.89120579329468E-16,1.));
#3593=DIRECTION('',(0.,1.,0.));
#3594=DIRECTION('',(-5.08161335254767E-18,-5.78241158658933E-16,-1.));
#3595=DIRECTION('',(5.08161335254767E-18,5.78241158658933E-16,1.));
#3596=DIRECTION('',(-1.36493326118735E-32,1.,-2.68602344667377E-15));
#3597=DIRECTION('',(5.08161335254767E-18,0.,1.));
#3598=DIRECTION('',(-1.36493326118735E-32,-1.,-2.68602344667377E-15));
#3599=DIRECTION('',(5.08161335254767E-18,-5.78241158658933E-16,1.));
#3600=DIRECTION('',(0.,1.,0.));
#3601=DIRECTION('',(-5.08161335254767E-18,5.78241158658933E-16,-1.));
#3602=DIRECTION('',(0.,-1.,0.));
#3603=DIRECTION('',(5.08161335254767E-18,-2.89120579329468E-16,1.));
#3604=DIRECTION('',(-5.08161335254767E-18,5.78241158658934E-16,-1.));
#3605=DIRECTION('',(0.,-1.,0.));
#3606=DIRECTION('',(-1.,0.,5.08161335254767E-18));
#3607=DIRECTION('',(-5.08161335254767E-18,0.,-1.));
#3608=DIRECTION('',(0.,1.,0.));
#3609=DIRECTION('',(-1.,0.,0.));
#3610=DIRECTION('',(-2.90436636279198E-33,-1.,-5.78241158658933E-16));
#3611=DIRECTION('',(0.,5.78241158658933E-16,-1.));
#3612=DIRECTION('',(0.,1.,0.));
#3613=DIRECTION('',(2.90436636279198E-33,1.,5.78241158658933E-16));
#3614=DIRECTION('',(0.,-5.78241158658933E-16,1.));
#3615=DIRECTION('',(0.,0.,-1.));
#3616=DIRECTION('',(0.,1.,0.));
#3617=DIRECTION('',(-1.,2.90436636279198E-33,0.));
#3618=DIRECTION('',(0.,1.,0.));
#3619=DIRECTION('',(1.,-2.90436636279198E-33,0.));
#3620=DIRECTION('',(0.,1.,0.));
#3621=DIRECTION('',(-1.,0.,0.));
#3622=DIRECTION('',(-2.90436636279198E-33,-1.,-5.78241158658933E-16));
#3623=DIRECTION('',(0.,5.78241158658933E-16,-1.));
#3624=DIRECTION('',(0.,1.,0.));
#3625=DIRECTION('',(2.90436636279198E-33,1.,5.78241158658933E-16));
#3626=DIRECTION('',(0.,-5.78241158658933E-16,1.));
#3627=DIRECTION('',(0.,0.,1.));
#3628=DIRECTION('',(0.,-1.,0.));
#3629=DIRECTION('',(1.,-2.90436636279198E-33,0.));
#3630=DIRECTION('',(0.,1.,0.));
#3631=DIRECTION('',(-1.,2.90436636279198E-33,0.));
#3632=DIRECTION('',(0.,1.,0.));
#3633=DIRECTION('',(-1.,0.,0.));
#3634=DIRECTION('',(-2.90436636279198E-33,-1.,-5.78241158658933E-16));
#3635=DIRECTION('',(0.,5.78241158658933E-16,-1.));
#3636=DIRECTION('',(2.90436636279198E-33,1.,5.78241158658933E-16));
#3637=DIRECTION('',(0.,-5.78241158658933E-16,1.));
#3638=DIRECTION('',(0.,1.,0.));
#3639=DIRECTION('',(-1.,0.,0.));
#3640=DIRECTION('',(0.,1.,0.));
#3641=DIRECTION('',(-2.90436636279198E-33,1.,-5.78241158658933E-16));
#3642=DIRECTION('',(0.,5.78241158658933E-16,1.));
#3643=DIRECTION('',(2.90436636279198E-33,-1.,5.78241158658933E-16));
#3644=DIRECTION('',(0.,-5.78241158658933E-16,-1.));
#3645=DIRECTION('',(0.,0.,-1.));
#3646=DIRECTION('',(0.,1.,0.));
#3647=DIRECTION('',(1.,2.90436636279198E-33,0.));
#3648=DIRECTION('',(-1.,-2.90436636279198E-33,0.));
#3649=DIRECTION('',(0.,-1.,0.));
#3650=DIRECTION('',(1.,0.,0.));
#3651=DIRECTION('',(-1.,0.,5.0227596553795E-18));
#3652=DIRECTION('',(1.,0.,-5.0227596553795E-18));
#3653=DIRECTION('',(0.,-1.,0.));
#3654=DIRECTION('',(1.,0.,0.));
#3655=DIRECTION('',(-1.,0.,5.0227596553795E-18));
#3656=DIRECTION('',(1.,0.,-5.0227596553795E-18));
#3657=DIRECTION('',(-2.90436636279198E-33,-1.,-5.78241158658933E-16));
#3658=DIRECTION('',(0.,5.78241158658933E-16,-1.));
#3659=DIRECTION('',(1.,0.,-5.0227596553795E-18));
#3660=DIRECTION('',(-5.0227596553795E-18,2.68602344667377E-15,-1.));
#3661=DIRECTION('',(0.,1.,2.68602344667377E-15));
#3662=DIRECTION('',(2.90436636279198E-33,-1.,5.78241158658933E-16));
#3663=DIRECTION('',(0.,-5.78241158658933E-16,-1.));
#3664=DIRECTION('',(1.,0.,-5.0227596553795E-18));
#3665=DIRECTION('',(5.0227596553795E-18,2.68602344667377E-15,1.));
#3666=DIRECTION('',(0.,-1.,2.68602344667377E-15));
#3667=DIRECTION('',(2.90436636279199E-33,1.,5.78241158658934E-16));
#3668=DIRECTION('',(0.,-5.78241158658934E-16,1.));
#3669=DIRECTION('',(1.,0.,-5.0227596553795E-18));
#3670=DIRECTION('',(-5.0227596553795E-18,0.,-1.));
#3671=DIRECTION('',(1.,0.,-5.0227596553795E-18));
#3672=DIRECTION('',(1.,0.,-5.0227596553795E-18));
#3673=DIRECTION('',(-2.90436636279199E-33,1.,-5.78241158658934E-16));
#3674=DIRECTION('',(0.,5.78241158658934E-16,1.));
#3675=DIRECTION('',(1.,0.,-5.0227596553795E-18));
#3676=DIRECTION('',(5.0227596553795E-18,0.,1.));
#3677=DIRECTION('',(-1.,0.,5.0227596553795E-18));
#3678=DIRECTION('',(-1.,0.,5.0227596553795E-18));
#3679=DIRECTION('',(5.0227596553795E-18,0.,1.));
#3680=DIRECTION('',(-1.,0.,5.0227596553795E-18));
#3681=DIRECTION('',(1.,0.,-5.0227596553795E-18));
#3682=DIRECTION('',(1.,0.,-5.0227596553795E-18));
#3683=DIRECTION('',(1.452183181396E-33,-1.,2.89120579329468E-16));
#3684=DIRECTION('',(0.,-2.89120579329468E-16,-1.));
#3685=DIRECTION('',(-2.90436636279198E-33,1.,-5.78241158658933E-16));
#3686=DIRECTION('',(0.,5.78241158658933E-16,1.));
#3687=DIRECTION('',(-1.452183181396E-33,-1.,-2.89120579329468E-16));
#3688=DIRECTION('',(0.,2.89120579329468E-16,-1.));
#3689=DIRECTION('',(1.,0.,-5.0227596553795E-18));
#3690=DIRECTION('',(2.90436636279198E-33,1.,5.78241158658933E-16));
#3691=DIRECTION('',(0.,-5.78241158658933E-16,1.));
#3692=DIRECTION('',(1.,0.,-5.0227596553795E-18));
#3693=DIRECTION('',(-5.0227596553795E-18,0.,-1.));
#3694=DIRECTION('',(1.,0.,-5.0227596553795E-18));
#3695=DIRECTION('',(1.,0.,-5.0227596553795E-18));
#3696=DIRECTION('',(5.0227596553795E-18,0.,1.));
#3697=DIRECTION('',(-1.,0.,5.0227596553795E-18));
#3698=DIRECTION('',(-5.0227596553795E-18,0.,-1.));
#3699=DIRECTION('',(0.,-0.37340166690486,0.927669766216767));
#3700=DIRECTION('',(0.,-0.927669766216767,-0.37340166690486));
#3701=DIRECTION('',(0.,0.927669766216767,0.37340166690486));
#3702=DIRECTION('',(1.,9.9579925010296E-17,1.85041368360526E-23));
#3703=DIRECTION('',(-9.9579925010296E-17,1.,0.));
#3704=DIRECTION('',(1.,9.9579925010296E-17,-7.48864512372164E-22));
#3705=DIRECTION('',(-9.9579925010296E-17,1.,0.));
#3706=DIRECTION('',(0.,-0.108726591285609,-0.994071691754379));
#3707=DIRECTION('',(0.,0.994071691754379,-0.108726591285609));
#3708=DIRECTION('',(0.,-0.994071691754378,0.108726591285609));
#3709=DIRECTION('',(-1.,0.,0.));
#3710=DIRECTION('',(0.,0.961680550638832,-0.274172424804161));
#3711=DIRECTION('',(0.,0.274172424804161,0.961680550638832));
#3712=DIRECTION('',(0.,-0.274172424804161,-0.961680550638832));
#3713=DIRECTION('',(1.,9.9579925010296E-17,1.26965722836201E-20));
#3714=DIRECTION('',(-9.9579925010296E-17,1.,0.));
#3715=DIRECTION('',(1.,9.9579925010296E-17,7.05480165074508E-23));
#3716=DIRECTION('',(-9.9579925010296E-17,1.,0.));
#3717=DIRECTION('',(0.,0.,-1.));
#3718=DIRECTION('',(0.,1.,0.));
#3719=DIRECTION('',(0.,-1.,0.));
#3720=DIRECTION('',(1.,9.9579925010296E-17,-1.16770192279938E-22));
#3721=DIRECTION('',(-9.9579925010296E-17,1.,0.));
#3722=DIRECTION('',(1.,9.9579925010296E-17,2.32260478426989E-20));
#3723=DIRECTION('',(-9.9579925010296E-17,1.,0.));
#3724=DIRECTION('',(0.,-0.961771573567638,-0.273852953749326));
#3725=DIRECTION('',(0.,0.273852953749326,-0.961771573567638));
#3726=DIRECTION('',(0.,-0.273852953749326,0.961771573567638));
#3727=DIRECTION('',(-1.,0.,0.));
#3728=DIRECTION('',(0.,-0.0727235930973007,-0.997352133906084));
#3729=DIRECTION('',(0.,0.997352133906084,-0.0727235930973007));
#3730=DIRECTION('',(0.,-0.997352133906083,0.0727235930973007));
#3731=DIRECTION('',(1.,9.9579925010296E-17,-5.83543321498155E-21));
#3732=DIRECTION('',(-9.9579925010296E-17,1.,0.));
#3733=DIRECTION('',(1.,9.9579925010296E-17,-3.20250685346875E-21));
#3734=DIRECTION('',(-9.9579925010296E-17,1.,0.));
#3735=DIRECTION('',(0.,0.0881966272728575,0.996103084493614));
#3736=DIRECTION('',(0.,-0.996103084493615,0.0881966272728575));
#3737=DIRECTION('',(0.,0.996103084493614,-0.0881966272728575));
#3738=DIRECTION('',(-1.,0.,0.));
#3739=DIRECTION('',(0.,-0.956044998629133,0.293219986692963));
#3740=DIRECTION('',(0.,-0.293219986692963,-0.956044998629133));
#3741=DIRECTION('',(0.,0.293219986692963,0.956044998629133));
#3742=DIRECTION('',(1.,9.9579925010296E-17,1.15384914896002E-20));
#3743=DIRECTION('',(-9.9579925010296E-17,1.,0.));
#3744=DIRECTION('',(4.3277563733384E-27,-0.0142211842132819,0.999898873846537));
#3745=DIRECTION('',(0.,-0.999898873846537,-0.0142211842132819));
#3746=DIRECTION('',(0.,0.,1.));
#3747=DIRECTION('',(0.,-1.,0.));
#3748=DIRECTION('',(0.,1.,0.));
#3749=DIRECTION('',(1.,9.9579925010296E-17,3.06416925752106E-22));
#3750=DIRECTION('',(-9.9579925010296E-17,1.,0.));
#3751=DIRECTION('',(1.,9.9579925010296E-17,1.1937593411673E-21));
#3752=DIRECTION('',(-9.9579925010296E-17,1.,0.));
#3753=DIRECTION('',(0.,0.372778117434196,-0.92792051123047));
#3754=DIRECTION('',(0.,0.92792051123047,0.372778117434196));
#3755=DIRECTION('',(0.,-0.92792051123047,-0.372778117434196));
#3756=DIRECTION('',(-1.,0.,0.));
#3757=DIRECTION('',(0.,0.996079059583683,-0.0884675480551287));
#3758=DIRECTION('',(0.,0.0884675480551287,0.996079059583683));
#3759=DIRECTION('',(0.,-0.0884675480551287,-0.996079059583683));
#3760=DIRECTION('',(-1.,0.,0.));
#3761=DIRECTION('',(0.,0.367336148315531,0.930088250727161));
#3762=DIRECTION('',(0.,-0.930088250727161,0.367336148315532));
#3763=DIRECTION('',(0.,0.930088250727161,-0.367336148315531));
#3764=DIRECTION('',(1.,9.9579925010296E-17,-6.92082626884091E-23));
#3765=DIRECTION('',(-9.9579925010296E-17,1.,0.));
#3766=DIRECTION('',(1.08571083518326E-26,-0.0104678467822597,-0.999945210590932));
#3767=DIRECTION('',(0.,0.999945210590932,-0.0104678467822597));
#3768=DIRECTION('',(0.,0.,-1.));
#3769=DIRECTION('',(0.,1.,0.));
#3770=DIRECTION('',(0.,-1.,0.));
#3771=DIRECTION('',(1.,9.9579925010296E-17,4.79791477935477E-23));
#3772=DIRECTION('',(-9.9579925010296E-17,1.,0.));
#3773=DIRECTION('',(1.,9.9579925010296E-17,-9.90984729081498E-21));
#3774=DIRECTION('',(-9.9579925010296E-17,1.,0.));
#3775=DIRECTION('',(0.,-0.952215316531976,-0.30542755435931));
#3776=DIRECTION('',(0.,0.30542755435931,-0.952215316531976));
#3777=DIRECTION('',(0.,-0.30542755435931,0.952215316531976));
#3778=DIRECTION('',(-1.,0.,0.));
#3779=DIRECTION('',(0.,-0.0520128341898667,-0.998646416445549));
#3780=DIRECTION('',(0.,0.998646416445549,-0.0520128341898667));
#3781=DIRECTION('',(0.,-0.998646416445549,0.0520128341898667));
#3782=DIRECTION('',(1.,9.9579925010296E-17,-5.76370487461135E-22));
#3783=DIRECTION('',(-9.9579925010296E-17,1.,0.));
#3784=DIRECTION('',(1.,9.9579925010296E-17,-7.37753313494808E-22));
#3785=DIRECTION('',(-9.9579925010296E-17,1.,0.));
#3786=DIRECTION('',(0.,0.0881966272728575,0.996103084493614));
#3787=DIRECTION('',(0.,-0.996103084493615,0.0881966272728575));
#3788=DIRECTION('',(0.,0.996103084493614,-0.0881966272728575));
#3789=DIRECTION('',(-1.,0.,0.));
#3790=DIRECTION('',(0.,-0.963822776425515,0.26654390940971));
#3791=DIRECTION('',(0.,-0.26654390940971,-0.963822776425515));
#3792=DIRECTION('',(0.,0.26654390940971,0.963822776425515));
#3793=DIRECTION('',(1.,9.9579925010296E-17,-2.36559911381018E-20));
#3794=DIRECTION('',(-9.9579925010296E-17,1.,0.));
#3795=DIRECTION('',(1.,9.9579925010296E-17,2.57564603100845E-22));
#3796=DIRECTION('',(-9.9579925010296E-17,1.,0.));
#3797=DIRECTION('',(0.,0.,1.));
#3798=DIRECTION('',(0.,-1.,0.));
#3799=DIRECTION('',(0.,1.,0.));
#3800=DIRECTION('',(1.,9.9579925010296E-17,-1.62116929073796E-23));
#3801=DIRECTION('',(-9.9579925010296E-17,1.,0.));
#3802=DIRECTION('',(1.,9.9579925010296E-17,-1.26964569549739E-20));
#3803=DIRECTION('',(-9.9579925010296E-17,1.,0.));
#3804=DIRECTION('',(0.,0.960071179530944,0.279755840393123));
#3805=DIRECTION('',(0.,-0.279755840393123,0.960071179530944));
#3806=DIRECTION('',(0.,0.279755840393123,-0.960071179530944));
#3807=DIRECTION('',(-1.,0.,0.));
#3808=DIRECTION('',(0.,0.0520128341898668,0.998646416445549));
#3809=DIRECTION('',(0.,-0.998646416445549,0.0520128341898668));
#3810=DIRECTION('',(0.,0.998646416445549,-0.0520128341898668));
#3811=DIRECTION('',(1.,9.9579925010296E-17,-5.67339329309042E-22));
#3812=DIRECTION('',(-9.9579925010296E-17,1.,0.));
#3813=DIRECTION('',(1.,9.9579925010296E-17,9.94860552045007E-23));
#3814=DIRECTION('',(-9.9579925010296E-17,1.,0.));
#3815=DIRECTION('',(0.,-0.364631770214029,-0.93115179866152));
#3816=DIRECTION('',(0.,0.93115179866152,-0.364631770214029));
#3817=DIRECTION('',(0.,-0.93115179866152,0.364631770214029));
#3818=DIRECTION('',(1.,9.9579925010296E-17,-4.09366132015373E-23));
#3819=DIRECTION('',(-9.9579925010296E-17,1.,0.));
#3820=DIRECTION('',(1.,9.9579925010296E-17,-3.29137462625935E-21));
#3821=DIRECTION('',(-9.9579925010296E-17,1.,0.));
#3822=DIRECTION('',(-1.,3.72568345660952E-11,9.79974120938971E-13));
#3823=DIRECTION('',(-3.72568345660952E-11,-1.,0.));
#3824=DIRECTION('',(0.,0.103606084259445,0.994618408890779));
#3825=DIRECTION('',(0.,-0.994618408890779,0.103606084259445));
#3826=DIRECTION('',(-1.,0.,0.));
#3827=DIRECTION('',(0.,0.994618408890779,-0.103606084259445));
#3828=DIRECTION('',(1.,9.9579925010296E-17,-3.56535838427682E-22));
#3829=DIRECTION('',(-9.9579925010296E-17,1.,0.));
#3830=DIRECTION('',(0.,-0.897920722726954,-0.440157217023083));
#3831=DIRECTION('',(0.,0.440157217023083,-0.897920722726954));
#3832=DIRECTION('',(0.,-0.440157217023083,0.897920722726954));
#3833=DIRECTION('',(-1.,0.,0.));
#3834=DIRECTION('',(0.,0.,-1.));
#3835=DIRECTION('',(0.,1.,0.));
#3836=DIRECTION('',(0.,-1.,0.));
#3837=DIRECTION('',(1.,9.9579925010296E-17,1.53821244608773E-21));
#3838=DIRECTION('',(-9.9579925010296E-17,1.,0.));
#3839=DIRECTION('',(0.,-1.,0.));
#3840=DIRECTION('',(1.,0.,0.));
#3841=DIRECTION('',(0.,0.,1.));
#3842=DIRECTION('',(1.,9.9579925010296E-17,-4.69025221258024E-23));
#3843=DIRECTION('',(-9.9579925010296E-17,1.,0.));
#3844=DIRECTION('',(0.,0.985137504933578,-0.171767564962786));
#3845=DIRECTION('',(0.,0.171767564962786,0.985137504933578));
#3846=DIRECTION('',(0.,-0.171767564962786,-0.985137504933578));
#3847=DIRECTION('',(-1.,0.,0.));
#3848=DIRECTION('',(1.,9.9579925010296E-17,2.41183618251941E-21));
#3849=DIRECTION('',(-9.9579925010296E-17,1.,0.));
#3850=DIRECTION('',(0.,0.,-1.));
#3851=DIRECTION('',(0.,1.,0.));
#3852=DIRECTION('',(0.,-1.,0.));
#3853=DIRECTION('',(1.,9.9579925010296E-17,-8.14393671755957E-24));
#3854=DIRECTION('',(-9.9579925010296E-17,1.,0.));
#3855=DIRECTION('',(1.,9.9579925010296E-17,-1.59394330690408E-20));
#3856=DIRECTION('',(-9.9579925010296E-17,1.,0.));
#3857=DIRECTION('',(0.,-0.967489253313959,-0.252912128459667));
#3858=DIRECTION('',(0.,0.252912128459667,-0.967489253313959));
#3859=DIRECTION('',(0.,-0.252912128459667,0.967489253313959));
#3860=DIRECTION('',(-1.,0.,0.));
#3861=DIRECTION('',(0.,-0.0520128341898667,-0.998646416445549));
#3862=DIRECTION('',(0.,0.998646416445549,-0.0520128341898667));
#3863=DIRECTION('',(0.,-0.998646416445549,0.0520128341898667));
#3864=DIRECTION('',(1.,9.9579925010296E-17,1.36498696099472E-21));
#3865=DIRECTION('',(-9.9579925010296E-17,1.,0.));
#3866=DIRECTION('',(1.,9.9579925010296E-17,-6.42261387729796E-21));
#3867=DIRECTION('',(-9.9579925010296E-17,1.,0.));
#3868=DIRECTION('',(0.,0.0881966272728575,0.996103084493614));
#3869=DIRECTION('',(0.,-0.996103084493615,0.0881966272728575));
#3870=DIRECTION('',(0.,0.996103084493614,-0.0881966272728575));
#3871=DIRECTION('',(-1.,0.,0.));
#3872=DIRECTION('',(0.,-0.966869388725582,0.255271590948579));
#3873=DIRECTION('',(0.,-0.255271590948579,-0.966869388725583));
#3874=DIRECTION('',(0.,0.255271590948579,0.966869388725582));
#3875=DIRECTION('',(1.,9.9579925010296E-17,-1.78698022787656E-20));
#3876=DIRECTION('',(-9.9579925010296E-17,1.,0.));
#3877=DIRECTION('',(1.,9.9579925010296E-17,2.30418021525168E-23));
#3878=DIRECTION('',(-9.9579925010296E-17,1.,0.));
#3879=DIRECTION('',(0.,0.,1.));
#3880=DIRECTION('',(0.,-1.,0.));
#3881=DIRECTION('',(0.,1.,0.));
#3882=DIRECTION('',(1.,9.9579925010296E-17,-5.21056276421008E-23));
#3883=DIRECTION('',(-9.9579925010296E-17,1.,0.));
#3884=DIRECTION('',(0.,0.970964611727802,0.239223165208301));
#3885=DIRECTION('',(0.,-0.239223165208301,0.970964611727802));
#3886=DIRECTION('',(0.,0.239223165208301,-0.970964611727802));
#3887=DIRECTION('',(1.,4.09663406651451E-13,-6.66050502352948E-14));
#3888=DIRECTION('',(-4.09663406651451E-13,1.,0.));
#3889=DIRECTION('',(1.,9.9579925010296E-17,-2.71827763930017E-20));
#3890=DIRECTION('',(-9.9579925010296E-17,1.,0.));
#3891=DIRECTION('',(1.,9.9579925010296E-17,2.31947622837838E-20));
#3892=DIRECTION('',(-9.9579925010296E-17,1.,0.));
#3893=DIRECTION('',(1.,9.9579925010296E-17,-1.37356687766964E-20));
#3894=DIRECTION('',(-9.9579925010296E-17,1.,0.));
#3895=DIRECTION('',(1.,9.9579925010296E-17,1.71077493336262E-20));
#3896=DIRECTION('',(-9.9579925010296E-17,1.,0.));
#3897=DIRECTION('',(-1.,1.88264481495102E-14,-6.31396019678251E-14));
#3898=DIRECTION('',(6.31396019678251E-14,0.,-1.));
#3899=DIRECTION('',(1.,9.9579925010296E-17,1.38091777959588E-22));
#3900=DIRECTION('',(-9.9579925010296E-17,1.,0.));
#3901=DIRECTION('',(0.,0.,-1.));
#3902=DIRECTION('',(0.,1.,0.));
#3903=DIRECTION('',(0.,-1.,0.));
#3904=DIRECTION('',(1.,9.9579925010296E-17,7.53927111666492E-24));
#3905=DIRECTION('',(-9.9579925010296E-17,1.,0.));
#3906=DIRECTION('',(0.,-1.,0.));
#3907=DIRECTION('',(1.,0.,0.));
#3908=DIRECTION('',(0.,0.,1.));
#3909=DIRECTION('',(-1.,0.,0.));
#3910=DIRECTION('',(0.,-0.413600585456264,0.910458431621255));
#3911=DIRECTION('',(0.,-0.910458431621255,-0.413600585456264));
#3912=DIRECTION('',(0.,0.910458431621255,0.413600585456264));
#3913=DIRECTION('',(-1.,0.,0.));
#3914=DIRECTION('',(0.,-0.988865821099652,0.148809905116938));
#3915=DIRECTION('',(0.,-0.148809905116938,-0.988865821099652));
#3916=DIRECTION('',(0.,0.148809905116938,0.988865821099651));
#3917=DIRECTION('',(-1.,0.,0.));
#3918=DIRECTION('',(0.,0.0619193626614662,-0.998081155281272));
#3919=DIRECTION('',(0.,0.998081155281272,0.0619193626614662));
#3920=DIRECTION('',(0.,-0.998081155281272,-0.0619193626614662));
#3921=DIRECTION('',(-1.,0.,0.));
#3922=DIRECTION('',(0.,0.707106781186618,-0.707106781186478));
#3923=DIRECTION('',(0.,0.707106781186478,0.707106781186618));
#3924=DIRECTION('',(0.,-0.707106781186477,-0.707106781186618));
#3925=DIRECTION('',(1.,9.9579925010296E-17,2.42386255005208E-20));
#3926=DIRECTION('',(-9.9579925010296E-17,1.,0.));
#3927=DIRECTION('',(0.,1.,3.58290563024464E-15));
#3928=DIRECTION('',(0.,-3.58290563024464E-15,1.));
#3929=DIRECTION('',(0.,0.,-1.));
#3930=DIRECTION('',(-1.,0.,0.));
#3931=DIRECTION('',(0.,0.0881966272728575,0.996103084493614));
#3932=DIRECTION('',(0.,-0.996103084493615,0.0881966272728575));
#3933=DIRECTION('',(0.,0.996103084493614,-0.0881966272728575));
#3934=DIRECTION('',(-1.,0.,0.));
#3935=DIRECTION('',(0.,-0.958265779693018,0.28587881255758));
#3936=DIRECTION('',(0.,-0.28587881255758,-0.958265779693018));
#3937=DIRECTION('',(0.,0.28587881255758,0.958265779693018));
#3938=DIRECTION('',(1.,9.9579925010296E-17,-1.74832827805246E-20));
#3939=DIRECTION('',(-9.9579925010296E-17,1.,0.));
#3940=DIRECTION('',(1.,9.9579925010296E-17,1.39437281755787E-22));
#3941=DIRECTION('',(-9.9579925010296E-17,1.,0.));
#3942=DIRECTION('',(0.,0.,1.));
#3943=DIRECTION('',(0.,-1.,0.));
#3944=DIRECTION('',(0.,1.,0.));
#3945=DIRECTION('',(1.,9.9579925010296E-17,-6.57598527423327E-23));
#3946=DIRECTION('',(-9.9579925010296E-17,1.,0.));
#3947=DIRECTION('',(1.,9.9579925010296E-17,-2.72364917519732E-21));
#3948=DIRECTION('',(-9.9579925010296E-17,1.,0.));
#3949=DIRECTION('',(0.,0.953582665134141,0.301131367937099));
#3950=DIRECTION('',(0.,-0.301131367937099,0.953582665134141));
#3951=DIRECTION('',(0.,0.301131367937099,-0.953582665134141));
#3952=DIRECTION('',(-1.,0.,0.));
#3953=DIRECTION('',(0.,0.0571978722787546,0.998362861592309));
#3954=DIRECTION('',(0.,-0.998362861592309,0.0571978722787546));
#3955=DIRECTION('',(0.,0.998362861592309,-0.0571978722787546));
#3956=DIRECTION('',(1.,9.9579925010296E-17,2.12690664611776E-22));
#3957=DIRECTION('',(-9.9579925010296E-17,1.,0.));
#3958=DIRECTION('',(1.,9.9579925010296E-17,-8.7700421798784E-22));
#3959=DIRECTION('',(-9.9579925010296E-17,1.,0.));
#3960=DIRECTION('',(0.,-0.0881966272728578,-0.996103084493614));
#3961=DIRECTION('',(0.,0.996103084493615,-0.0881966272728578));
#3962=DIRECTION('',(0.,-0.996103084493614,0.0881966272728578));
#3963=DIRECTION('',(-1.,0.,0.));
#3964=DIRECTION('',(0.,0.956173818827259,-0.292799638301171));
#3965=DIRECTION('',(0.,0.292799638301171,0.956173818827259));
#3966=DIRECTION('',(0.,-0.292799638301171,-0.956173818827259));
#3967=DIRECTION('',(1.,9.9579925010296E-17,-4.92463050087299E-21));
#3968=DIRECTION('',(-9.9579925010296E-17,1.,0.));
#3969=DIRECTION('',(-1.,-1.05951928813353E-13,4.85534517631175E-12));
#3970=DIRECTION('',(-4.85534517631175E-12,0.,-1.));
#3971=DIRECTION('',(0.,-0.129339184067794,-0.991600411186218));
#3972=DIRECTION('',(0.,0.991600411186218,-0.129339184067794));
#3973=DIRECTION('',(0.,-0.991600411186218,0.129339184067794));
#3974=DIRECTION('',(1.,9.9579925010296E-17,1.6253070123526E-22));
#3975=DIRECTION('',(-9.9579925010296E-17,1.,0.));
#3976=DIRECTION('',(1.,9.9579925010296E-17,-2.15747015503417E-20));
#3977=DIRECTION('',(-9.9579925010296E-17,1.,0.));
#3978=DIRECTION('',(1.,9.9579925010296E-17,1.10241623148153E-23));
#3979=DIRECTION('',(-9.9579925010296E-17,1.,0.));
#3980=DIRECTION('',(0.,1.,0.));
#3981=DIRECTION('',(-1.,0.,0.));
#3982=DIRECTION('',(0.,0.,-1.));
#3983=DIRECTION('',(-1.,0.,0.));
#3984=DIRECTION('',(1.,9.9579925010296E-17,-5.66675840270621E-23));
#3985=DIRECTION('',(-9.9579925010296E-17,1.,0.));
#3986=DIRECTION('',(-1.,-1.42697169506697E-13,6.6448082914528E-14));
#3987=DIRECTION('',(1.42697169506697E-13,-1.,0.));
#3988=DIRECTION('',(0.,1.,0.));
#3989=DIRECTION('',(0.,0.,1.));
#3990=DIRECTION('',(0.,-1.,0.));
#3991=DIRECTION('',(1.,0.,0.));
#3992=DIRECTION('',(0.,0.,1.));
#3993=DIRECTION('',(-1.,0.,0.));
#3994=DIRECTION('',(-1.,0.,0.));
#3995=DIRECTION('',(-1.,0.,0.));
#3996=DIRECTION('',(-1.,0.,0.));
#3997=DIRECTION('',(0.,0.,1.));
#3998=DIRECTION('',(0.,-1.,0.));
#3999=DIRECTION('',(0.,1.,0.));
#4000=DIRECTION('',(0.,-0.129339184067794,-0.991600411186218));
#4001=DIRECTION('',(0.,0.991600411186218,-0.129339184067794));
#4002=DIRECTION('',(0.,-0.991600411186218,0.129339184067794));
#4003=DIRECTION('',(1.,9.9579925010296E-17,1.46178032198564E-22));
#4004=DIRECTION('',(-9.9579925010296E-17,1.,0.));
#4005=DIRECTION('',(1.,9.9579925010296E-17,-2.15613539138465E-20));
#4006=DIRECTION('',(-9.9579925010296E-17,1.,0.));
#4007=DIRECTION('',(1.,9.9579925010296E-17,5.75390673126929E-23));
#4008=DIRECTION('',(-9.9579925010296E-17,1.,0.));
#4009=DIRECTION('',(0.,1.,0.));
#4010=DIRECTION('',(-1.,0.,0.));
#4011=DIRECTION('',(0.,0.,-1.));
#4012=DIRECTION('',(-1.,0.,0.));
#4013=DIRECTION('',(1.,9.9579925010296E-17,-4.91322372926486E-23));
#4014=DIRECTION('',(-9.9579925010296E-17,1.,0.));
#4015=DIRECTION('',(-1.,-1.42697169506697E-13,6.6448082914528E-14));
#4016=DIRECTION('',(1.42697169506697E-13,-1.,0.));
#4017=DIRECTION('',(0.,1.,0.));
#4018=DIRECTION('',(0.,0.,1.));
#4019=DIRECTION('',(0.,-1.,0.));
#4020=DIRECTION('',(1.,0.,0.));
#4021=DIRECTION('',(0.,0.,1.));
#4022=DIRECTION('',(-1.,0.,0.));
#4023=DIRECTION('',(-1.,0.,0.));
#4024=DIRECTION('',(-1.,0.,0.));
#4025=DIRECTION('',(-1.,0.,0.));
#4026=DIRECTION('',(0.,0.,1.));
#4027=DIRECTION('',(0.,-1.,0.));
#4028=DIRECTION('',(0.,1.,0.));
#4029=DIRECTION('',(1.,0.,0.));
#4030=DIRECTION('',(0.,1.,0.));
#4031=DIRECTION('',(1.,0.,0.));
#4032=DIRECTION('',(0.,1.,0.));
#4033=CARTESIAN_POINT('',(0.,0.,0.));
#4034=CARTESIAN_POINT('',(-0.003,-0.046,0.));
#4035=CARTESIAN_POINT('',(-0.003,0.00182666666666666,0.0559502083333333));
#4036=CARTESIAN_POINT('',(-0.003,0.00182666666666666,0.0559502083333333));
#4037=CARTESIAN_POINT('',(-0.003,0.00167572916666666,0.0559698958333333));
#4038=CARTESIAN_POINT('',(-0.003,0.0016757291666667,0.0559698958333333));
#4039=CARTESIAN_POINT('',(-0.003,0.00163544308503545,0.0558833815267176));
#4040=CARTESIAN_POINT('',(-0.003,0.00157412538456864,0.0557392217312691));
#4041=CARTESIAN_POINT('',(-0.003,0.00150441321813237,0.0555073095734663));
#4042=CARTESIAN_POINT('',(-0.003,0.00146140060925388,0.0552494859634716));
#4043=CARTESIAN_POINT('',(-0.003,0.0014552135457923,0.0551126230067489));
#4044=CARTESIAN_POINT('',(-0.003,0.0014533333333333,0.0550103125));
#4045=CARTESIAN_POINT('',(-0.003,0.00145333333333332,0.0550103125));
#4046=CARTESIAN_POINT('',(-0.003,0.00145333333333332,0.0550103125));
#4047=CARTESIAN_POINT('',(-0.003,0.0014540553048771,0.0549614203068401));
#4048=CARTESIAN_POINT('',(-0.003,0.00145546640810115,0.0548658598488226));
#4049=CARTESIAN_POINT('',(-0.003,0.00146994342468898,0.0547260517485116));
#4050=CARTESIAN_POINT('',(-0.003,0.00149199917849902,0.0545928404401353));
#4051=CARTESIAN_POINT('',(-0.003,0.00152425575955427,0.0544665989334958));
#4052=CARTESIAN_POINT('',(-0.003,0.00156477306812621,0.0543470406565169));
#4053=CARTESIAN_POINT('',(-0.003,0.0016155842217809,0.054235003701767));
#4054=CARTESIAN_POINT('',(-0.003,0.00167471323995614,0.0541293286421317));
#4055=CARTESIAN_POINT('',(-0.003,0.00174295487039665,0.0540310981790392));
#4056=CARTESIAN_POINT('',(-0.003,0.00181978011661404,0.0539416096030324));
#4057=CARTESIAN_POINT('',(-0.003,0.0019067675895901,0.0538643828599315));
#4058=CARTESIAN_POINT('',(-0.003,0.00200218427985857,0.053799208026515));
#4059=CARTESIAN_POINT('',(-0.003,0.00210613601984806,0.0537452813316817));
#4060=CARTESIAN_POINT('',(-0.003,0.00221895603822085,0.0537040650458378));
#4061=CARTESIAN_POINT('',(-0.003,0.00234037857663783,0.0536739209658465));
#4062=CARTESIAN_POINT('',(-0.003,0.00247050115849833,0.0536565387180345));
#4063=CARTESIAN_POINT('',(-0.003,0.00256015633954746,0.0536544200993267));
#4064=CARTESIAN_POINT('',(-0.003,0.00260614583333332,0.0536533333333333));
#4065=CARTESIAN_POINT('',(-0.003,0.00260614583333332,0.0536533333333333));
#4066=CARTESIAN_POINT('',(-0.003,0.0026061458333333,0.0536533333333333));
#4067=CARTESIAN_POINT('',(-0.003,0.00335861359715317,0.053672811900073));
#4068=CARTESIAN_POINT('',(-0.003,0.00381885444833743,0.0541878882985926));
#4069=CARTESIAN_POINT('',(-0.003,0.0038333333333333,0.0549461458333333));
#4070=CARTESIAN_POINT('',(-0.003,0.00383333333333332,0.0549461458333333));
#4071=CARTESIAN_POINT('',(-0.003,0.00383333333333332,0.0549461458333333));
#4072=CARTESIAN_POINT('',(-0.003,0.00383240496337018,0.0549862750122056));
#4073=CARTESIAN_POINT('',(-0.003,0.00383060043330284,0.0550642765770207));
#4074=CARTESIAN_POINT('',(-0.003,0.00381917057861652,0.0551779947751726));
#4075=CARTESIAN_POINT('',(-0.003,0.00379878316163365,0.0552845919793524));
#4076=CARTESIAN_POINT('',(-0.003,0.00377049202126226,0.0553842745338784));
#4077=CARTESIAN_POINT('',(-0.003,0.00373398959900371,0.055476687711774));
#4078=CARTESIAN_POINT('',(-0.003,0.00368931264921067,0.0555622165136544));
#4079=CARTESIAN_POINT('',(-0.003,0.00363586630024353,0.0556402414985946));
#4080=CARTESIAN_POINT('',(-0.003,0.00357504036894365,0.0557114300889327));
#4081=CARTESIAN_POINT('',(-0.003,0.00350726827502109,0.0557750572442744));
#4082=CARTESIAN_POINT('',(-0.003,0.00343251036575599,0.0558300012784233));
#4083=CARTESIAN_POINT('',(-0.003,0.00335124329551186,0.0558760217676234));
#4084=CARTESIAN_POINT('',(-0.003,0.00326464739743861,0.0559151739674449));
#4085=CARTESIAN_POINT('',(-0.003,0.00317115535188259,0.0559438445407757));
#4086=CARTESIAN_POINT('',(-0.003,0.00307216971146756,0.0559652568680989));
#4087=CARTESIAN_POINT('',(-0.003,0.00296666233391604,0.0559775444718371));
#4088=CARTESIAN_POINT('',(-0.003,0.00289419794613079,0.055979235585646));
#4089=CARTESIAN_POINT('',(-0.003,0.00285697916666666,0.0559801041666666));
#4090=CARTESIAN_POINT('',(-0.003,0.00285697916666666,0.0559801041666666));
#4091=CARTESIAN_POINT('',(-0.003,0.0028569791666667,0.0559801041666666));
#4092=CARTESIAN_POINT('',(-0.003,0.00279369222114816,0.0559797196741343));
#4093=CARTESIAN_POINT('',(-0.003,0.00277770603728557,0.0559789375636109));
#4094=CARTESIAN_POINT('',(-0.003,0.0027133333333333,0.0559728125));
#4095=CARTESIAN_POINT('',(-0.003,0.00271333333333332,0.0559728125));
#4096=CARTESIAN_POINT('',(-0.003,0.00271333333333332,0.0559728125));
#4097=CARTESIAN_POINT('',(-0.003,0.00271333333333332,0.0544));
#4098=CARTESIAN_POINT('',(-0.003,0.00271333333333332,0.0544));
#4099=CARTESIAN_POINT('',(-0.003,0.00267319532422617,0.054400563924961));
#4100=CARTESIAN_POINT('',(-0.003,0.00259589446677419,0.0544016499749171));
#4101=CARTESIAN_POINT('',(-0.003,0.00248427799027996,0.0544137420355289));
#4102=CARTESIAN_POINT('',(-0.003,0.00238151465693892,0.0544321893293883));
#4103=CARTESIAN_POINT('',(-0.003,0.00228706733014931,0.0544583264171008));
#4104=CARTESIAN_POINT('',(-0.003,0.00220149535550579,0.0544926040204041));
#4105=CARTESIAN_POINT('',(-0.003,0.0021242995642236,0.0545339660979121));
#4106=CARTESIAN_POINT('',(-0.003,0.00205615527648199,0.0545835696729797));
#4107=CARTESIAN_POINT('',(-0.003,0.00199619752361765,0.0546409696479974));
#4108=CARTESIAN_POINT('',(-0.003,0.00194479261781286,0.0547079084235888));
#4109=CARTESIAN_POINT('',(-0.003,0.00189984906251616,0.0547836317005585));
#4110=CARTESIAN_POINT('',(-0.003,0.00186313149471882,0.054869666414156));
#4111=CARTESIAN_POINT('',(-0.003,0.00183264025062888,0.0549649070369017));
#4112=CARTESIAN_POINT('',(-0.003,0.00180859044934859,0.0550695213839971));
#4113=CARTESIAN_POINT('',(-0.003,0.00179234894739815,0.055183923661848));
#4114=CARTESIAN_POINT('',(-0.003,0.00178205200370229,0.0553078673086733));
#4115=CARTESIAN_POINT('',(-0.003,0.00178069992241174,0.0553938323928483));
#4116=CARTESIAN_POINT('',(-0.003,0.00178,0.0554383333333333));
#4117=CARTESIAN_POINT('',(-0.003,0.00178,0.0554383333333333));
#4118=CARTESIAN_POINT('',(-0.003,0.00178,0.0554383333333333));
#4119=CARTESIAN_POINT('',(-0.003,0.0017824957284512,0.0556413168807374));
#4120=CARTESIAN_POINT('',(-0.003,0.0017921328733367,0.0557545082382392));
#4121=CARTESIAN_POINT('',(-0.003,0.0018266666666667,0.0559502083333333));
#4122=CARTESIAN_POINT('',(-0.003,0.0018288541666667,0.0482582291666667));
#4123=CARTESIAN_POINT('',(-0.003,0.00206571862907296,0.0482677982220882));
#4124=CARTESIAN_POINT('',(-0.003,0.00218943390685073,0.048398075999866));
#4125=CARTESIAN_POINT('',(-0.003,0.0022,0.0486490625));
#4126=CARTESIAN_POINT('',(-0.003,0.00182885416666666,0.0482582291666667));
#4127=CARTESIAN_POINT('',(-0.003,0.0022,0.0486490625));
#4128=CARTESIAN_POINT('',(-0.003,0.0022,0.0486490625));
#4129=CARTESIAN_POINT('',(-0.003,0.00218943295220893,0.0488833547181352));
#4130=CARTESIAN_POINT('',(-0.003,0.00206303661976257,0.0490259183051881));
#4131=CARTESIAN_POINT('',(-0.003,0.0018288541666667,0.0490355208333333));
#4132=CARTESIAN_POINT('',(-0.003,0.00182885416666666,0.0490355208333333));
#4133=CARTESIAN_POINT('',(-0.003,0.0018288541666667,0.0490355208333333));
#4134=CARTESIAN_POINT('',(-0.003,0.0017676407411061,0.0490329358464308));
#4135=CARTESIAN_POINT('',(-0.003,0.00168147574394415,0.0490214107258963));
#4136=CARTESIAN_POINT('',(-0.003,0.00154921516373813,0.0489325704068185));
#4137=CARTESIAN_POINT('',(-0.003,0.00146659749312856,0.0487952372666893));
#4138=CARTESIAN_POINT('',(-0.003,0.0014561032519485,0.0487121166907869));
#4139=CARTESIAN_POINT('',(-0.003,0.0014533333333333,0.0486490625));
#4140=CARTESIAN_POINT('',(-0.003,0.00145333333333332,0.0486490625));
#4141=CARTESIAN_POINT('',(-0.003,0.0014533333333333,0.0486490625));
#4142=CARTESIAN_POINT('',(-0.003,0.00146298584334917,0.0484133473368025));
#4143=CARTESIAN_POINT('',(-0.003,0.0015933304093227,0.0482680330516754));
#4144=CARTESIAN_POINT('',(-0.003,0.0018288541666667,0.0482582291666667));
#4145=CARTESIAN_POINT('',(-0.003,0.00275052083333332,0.043423125));
#4146=CARTESIAN_POINT('',(-0.003,0.00275052083333332,0.043423125));
#4147=CARTESIAN_POINT('',(-0.003,0.00495333333333332,0.0443097916666667));
#4148=CARTESIAN_POINT('',(-0.003,0.0049533333333333,0.0443097916666667));
#4149=CARTESIAN_POINT('',(-0.003,0.004951051490954,0.0443965431657265));
#4150=CARTESIAN_POINT('',(-0.003,0.00494737417649751,0.0445411452334624));
#4151=CARTESIAN_POINT('',(-0.003,0.00494548487763914,0.0446121891715793));
#4152=CARTESIAN_POINT('',(-0.003,0.00494431956584711,0.0447148430632168));
#4153=CARTESIAN_POINT('',(-0.003,0.00494350100598383,0.0448468521529452));
#4154=CARTESIAN_POINT('',(-0.003,0.004943125,0.0449252083333333));
#4155=CARTESIAN_POINT('',(-0.003,0.004943125,0.0449252083333333));
#4156=CARTESIAN_POINT('',(-0.003,0.004943125,0.0449252083333333));
#4157=CARTESIAN_POINT('',(-0.003,0.00494389744704907,0.0450694415319019));
#4158=CARTESIAN_POINT('',(-0.003,0.00494517419762862,0.0452059949300383));
#4159=CARTESIAN_POINT('',(-0.003,0.00494722212234878,0.045271157756884));
#4160=CARTESIAN_POINT('',(-0.003,0.00495098548533193,0.0454135447169404));
#4161=CARTESIAN_POINT('',(-0.003,0.0049533333333333,0.0454997916666667));
#4162=CARTESIAN_POINT('',(-0.003,0.00495333333333332,0.0454997916666667));
#4163=CARTESIAN_POINT('',(-0.003,0.00495333333333332,0.0454997916666667));
#4164=CARTESIAN_POINT('',(-0.003,0.00481333333333332,0.0455151041666667));
#4165=CARTESIAN_POINT('',(-0.003,0.00481333333333332,0.0455151041666667));
#4166=CARTESIAN_POINT('',(-0.003,0.00471708333333332,0.0451775));
#4167=CARTESIAN_POINT('',(-0.003,0.0047170833333333,0.0451775));
#4168=CARTESIAN_POINT('',(-0.003,0.0047007973126053,0.0451357393318268));
#4169=CARTESIAN_POINT('',(-0.003,0.00468267461736897,0.0451241230950115));
#4170=CARTESIAN_POINT('',(-0.003,0.0046354166666667,0.0451184375));
#4171=CARTESIAN_POINT('',(-0.003,0.00463541666666666,0.0451184375));
#4172=CARTESIAN_POINT('',(-0.003,0.0046354166666667,0.0451184375));
#4173=CARTESIAN_POINT('',(-0.003,0.0044949924587449,0.0451145168870025));
#4174=CARTESIAN_POINT('',(-0.003,0.0043581521809671,0.0451128154981136));
#4175=CARTESIAN_POINT('',(-0.003,0.0042248958333333,0.0451133333333333));
#4176=CARTESIAN_POINT('',(-0.003,0.00422489583333333,0.0451133333333333));
#4177=CARTESIAN_POINT('',(-0.003,0.00422489583333333,0.0451133333333333));
#4178=CARTESIAN_POINT('',(-0.003,0.00225395833333332,0.0451133333333333));
#4179=CARTESIAN_POINT('',(-0.003,0.0022539583333333,0.0451133333333333));
#4180=CARTESIAN_POINT('',(-0.003,0.00209688231938557,0.0451128196924316));
#4181=CARTESIAN_POINT('',(-0.003,0.00193281981938557,0.0451145210813205));
#4182=CARTESIAN_POINT('',(-0.003,0.0017617708333333,0.0451184375));
#4183=CARTESIAN_POINT('',(-0.003,0.00176177083333332,0.0451184375));
#4184=CARTESIAN_POINT('',(-0.003,0.0017617708333333,0.0451184375));
#4185=CARTESIAN_POINT('',(-0.003,0.00171852017785557,0.0451235461483609));
#4186=CARTESIAN_POINT('',(-0.003,0.00170126192237177,0.0451408535375994));
#4187=CARTESIAN_POINT('',(-0.003,0.0016844791666667,0.0451847916666667));
#4188=CARTESIAN_POINT('',(-0.003,0.00168447916666666,0.0451847916666667));
#4189=CARTESIAN_POINT('',(-0.003,0.00168447916666666,0.0451847916666667));
#4190=CARTESIAN_POINT('',(-0.003,0.00159333333333332,0.0455048958333333));
#4191=CARTESIAN_POINT('',(-0.003,0.00159333333333332,0.0455048958333333));
#4192=CARTESIAN_POINT('',(-0.003,0.00145333333333332,0.0455151041666667));
#4193=CARTESIAN_POINT('',(-0.003,0.0014533333333333,0.0455151041666667));
#4194=CARTESIAN_POINT('',(-0.003,0.00145745420999577,0.0452746581266678));
#4195=CARTESIAN_POINT('',(-0.003,0.00145988476555134,0.0450126442377789));
#4196=CARTESIAN_POINT('',(-0.003,0.001460625,0.0447290625));
#4197=CARTESIAN_POINT('',(-0.003,0.001460625,0.0447290625));
#4198=CARTESIAN_POINT('',(-0.003,0.001460625,0.0447290625));
#4199=CARTESIAN_POINT('',(-0.003,0.00145990405511833,0.0444587030455116));
#4200=CARTESIAN_POINT('',(-0.003,0.00145747349956276,0.0442248836010671));
#4201=CARTESIAN_POINT('',(-0.003,0.0014533333333333,0.0440276041666667));
#4202=CARTESIAN_POINT('',(-0.003,0.00145333333333332,0.0440276041666667));
#4203=CARTESIAN_POINT('',(-0.003,0.00145333333333332,0.0440276041666667));
#4204=CARTESIAN_POINT('',(-0.003,0.00159333333333332,0.0440152083333333));
#4205=CARTESIAN_POINT('',(-0.003,0.00159333333333332,0.0440152083333333));
#4206=CARTESIAN_POINT('',(-0.003,0.00168010416666666,0.044298125));
#4207=CARTESIAN_POINT('',(-0.003,0.0016801041666667,0.044298125));
#4208=CARTESIAN_POINT('',(-0.003,0.0016978200604167,0.0443433728373395));
#4209=CARTESIAN_POINT('',(-0.003,0.00171771179248387,0.0443552903058469));
#4210=CARTESIAN_POINT('',(-0.003,0.0017690625,0.044359375));
#4211=CARTESIAN_POINT('',(-0.003,0.00176906249999999,0.044359375));
#4212=CARTESIAN_POINT('',(-0.003,0.0017690625,0.044359375));
#4213=CARTESIAN_POINT('',(-0.003,0.00193118055555557,0.0443618055555556));
#4214=CARTESIAN_POINT('',(-0.003,0.00209329861111114,0.0443642361111111));
#4215=CARTESIAN_POINT('',(-0.003,0.0022554166666667,0.0443666666666667));
#4216=CARTESIAN_POINT('',(-0.003,0.00225541666666666,0.0443666666666667));
#4217=CARTESIAN_POINT('',(-0.003,0.00225541666666666,0.0443666666666667));
#4218=CARTESIAN_POINT('',(-0.003,0.00384208333333332,0.0443666666666667));
#4219=CARTESIAN_POINT('',(-0.003,0.0038420833333333,0.0443666666666667));
#4220=CARTESIAN_POINT('',(-0.003,0.00400663194444443,0.0443690972222222));
#4221=CARTESIAN_POINT('',(-0.003,0.00417118055555557,0.0443715277777778));
#4222=CARTESIAN_POINT('',(-0.003,0.0043357291666667,0.0443739583333334));
#4223=CARTESIAN_POINT('',(-0.003,0.00433572916666666,0.0443739583333334));
#4224=CARTESIAN_POINT('',(-0.003,0.0043357291666667,0.0443739583333334));
#4225=CARTESIAN_POINT('',(-0.003,0.00418798134107683,0.0443162014595374));
#4226=CARTESIAN_POINT('',(-0.003,0.00403971745218794,0.0442571389595373));
#4227=CARTESIAN_POINT('',(-0.003,0.0038909375,0.0441967708333334));
#4228=CARTESIAN_POINT('',(-0.003,0.00389093749999999,0.0441967708333334));
#4229=CARTESIAN_POINT('',(-0.003,0.00389093749999999,0.0441967708333334));
#4230=CARTESIAN_POINT('',(-0.003,0.00145333333333332,0.0432175));
#4231=CARTESIAN_POINT('',(-0.003,0.00145333333333332,0.0432175));
#4232=CARTESIAN_POINT('',(-0.003,0.00143364583333332,0.0429958333333334));
#4233=CARTESIAN_POINT('',(-0.003,0.00143364583333332,0.0429958333333334));
#4234=CARTESIAN_POINT('',(-0.003,0.00380052083333332,0.0420610416666667));
#4235=CARTESIAN_POINT('',(-0.003,0.0038005208333333,0.0420610416666667));
#4236=CARTESIAN_POINT('',(-0.003,0.00393483298653796,0.0420058523103198));
#4237=CARTESIAN_POINT('',(-0.003,0.00408577048653797,0.0419484911992087));
#4238=CARTESIAN_POINT('',(-0.003,0.0042533333333333,0.0418889583333334));
#4239=CARTESIAN_POINT('',(-0.003,0.00425333333333333,0.0418889583333334));
#4240=CARTESIAN_POINT('',(-0.003,0.0042533333333333,0.0418889583333334));
#4241=CARTESIAN_POINT('',(-0.003,0.00409874999999997,0.0418904166666667));
#4242=CARTESIAN_POINT('',(-0.003,0.00394416666666664,0.041891875));
#4243=CARTESIAN_POINT('',(-0.003,0.0037895833333333,0.0418933333333334));
#4244=CARTESIAN_POINT('',(-0.003,0.00378958333333332,0.0418933333333334));
#4245=CARTESIAN_POINT('',(-0.003,0.00378958333333332,0.0418933333333334));
#4246=CARTESIAN_POINT('',(-0.003,0.00225541666666666,0.0418933333333334));
#4247=CARTESIAN_POINT('',(-0.003,0.0022554166666667,0.0418933333333334));
#4248=CARTESIAN_POINT('',(-0.003,0.0020976027446211,0.041892813639496));
#4249=CARTESIAN_POINT('',(-0.003,0.00193548468906554,0.0418945150283849));
#4250=CARTESIAN_POINT('',(-0.003,0.0017690625,0.0418984375));
#4251=CARTESIAN_POINT('',(-0.003,0.00176906249999999,0.0418984375));
#4252=CARTESIAN_POINT('',(-0.003,0.0017690625,0.0418984375));
#4253=CARTESIAN_POINT('',(-0.003,0.00171839913391427,0.0419035895616889));
#4254=CARTESIAN_POINT('',(-0.003,0.0016980868973671,0.0419155009067616));
#4255=CARTESIAN_POINT('',(-0.003,0.0016801041666667,0.0419626041666667));
#4256=CARTESIAN_POINT('',(-0.003,0.00168010416666666,0.0419626041666667));
#4257=CARTESIAN_POINT('',(-0.003,0.00168010416666666,0.0419626041666667));
#4258=CARTESIAN_POINT('',(-0.003,0.00159333333333332,0.042233125));
#4259=CARTESIAN_POINT('',(-0.003,0.00159333333333332,0.042233125));
#4260=CARTESIAN_POINT('',(-0.003,0.00145333333333332,0.0422404166666666));
#4261=CARTESIAN_POINT('',(-0.003,0.0014533333333333,0.0422404166666666));
#4262=CARTESIAN_POINT('',(-0.003,0.00145740756129323,0.0420518017429525));
#4263=CARTESIAN_POINT('',(-0.003,0.0014598381168488,0.0418828781318414));
#4264=CARTESIAN_POINT('',(-0.003,0.001460625,0.0417336458333333));
#4265=CARTESIAN_POINT('',(-0.003,0.001460625,0.0417336458333333));
#4266=CARTESIAN_POINT('',(-0.003,0.001460625,0.0417336458333333));
#4267=CARTESIAN_POINT('',(-0.003,0.001459809553256,0.0415821223597817));
#4268=CARTESIAN_POINT('',(-0.003,0.00145737899770043,0.0413969140264483));
#4269=CARTESIAN_POINT('',(-0.003,0.0014533333333333,0.0411780208333333));
#4270=CARTESIAN_POINT('',(-0.003,0.00145333333333332,0.0411780208333333));
#4271=CARTESIAN_POINT('',(-0.003,0.00145333333333332,0.0411780208333333));
#4272=CARTESIAN_POINT('',(-0.003,0.00159333333333332,0.041165625));
#4273=CARTESIAN_POINT('',(-0.003,0.00159333333333332,0.041165625));
#4274=CARTESIAN_POINT('',(-0.003,0.00168447916666666,0.0414952083333334));
#4275=CARTESIAN_POINT('',(-0.003,0.0016844791666667,0.0414952083333334));
#4276=CARTESIAN_POINT('',(-0.003,0.00170044332946697,0.0415386628703396));
#4277=CARTESIAN_POINT('',(-0.003,0.00171754921773983,0.0415570708661614));
#4278=CARTESIAN_POINT('',(-0.003,0.0017617708333333,0.0415622916666667));
#4279=CARTESIAN_POINT('',(-0.003,0.00176177083333332,0.0415622916666667));
#4280=CARTESIAN_POINT('',(-0.003,0.0017617708333333,0.0415622916666667));
#4281=CARTESIAN_POINT('',(-0.003,0.00190207902054277,0.0415654403330071));
#4282=CARTESIAN_POINT('',(-0.003,0.00206614152054277,0.0415668986663404));
#4283=CARTESIAN_POINT('',(-0.003,0.0022539583333333,0.0415666666666667));
#4284=CARTESIAN_POINT('',(-0.003,0.00225395833333332,0.0415666666666667));
#4285=CARTESIAN_POINT('',(-0.003,0.00225395833333332,0.0415666666666667));
#4286=CARTESIAN_POINT('',(-0.003,0.00422489583333333,0.0415666666666667));
#4287=CARTESIAN_POINT('',(-0.003,0.0042248958333333,0.0415666666666667));
#4288=CARTESIAN_POINT('',(-0.003,0.00438358028130144,0.0415668991258959));
#4289=CARTESIAN_POINT('',(-0.003,0.00452042055907923,0.0415654407925626));
#4290=CARTESIAN_POINT('',(-0.003,0.0046354166666667,0.0415622916666667));
#4291=CARTESIAN_POINT('',(-0.003,0.00463541666666666,0.0415622916666667));
#4292=CARTESIAN_POINT('',(-0.003,0.0046354166666667,0.0415622916666667));
#4293=CARTESIAN_POINT('',(-0.003,0.0046816722362931,0.0415567266679308));
#4294=CARTESIAN_POINT('',(-0.003,0.0047004715458109,0.0415458251671308));
#4295=CARTESIAN_POINT('',(-0.003,0.0047170833333333,0.0415032291666666));
#4296=CARTESIAN_POINT('',(-0.003,0.00471708333333332,0.0415032291666666));
#4297=CARTESIAN_POINT('',(-0.003,0.00471708333333332,0.0415032291666666));
#4298=CARTESIAN_POINT('',(-0.003,0.00481333333333332,0.0411729166666666));
#4299=CARTESIAN_POINT('',(-0.003,0.00481333333333332,0.0411729166666666));
#4300=CARTESIAN_POINT('',(-0.003,0.00495333333333332,0.041165625));
#4301=CARTESIAN_POINT('',(-0.003,0.0049533333333333,0.041165625));
#4302=CARTESIAN_POINT('',(-0.003,0.00494626078292697,0.0414890036441348));
#4303=CARTESIAN_POINT('',(-0.003,0.0049428580051492,0.0416936564219126));
#4304=CARTESIAN_POINT('',(-0.003,0.004943125,0.0417795833333333));
#4305=CARTESIAN_POINT('',(-0.003,0.004943125,0.0417795833333333));
#4306=CARTESIAN_POINT('',(-0.003,0.004943125,0.0417795833333333));
#4307=CARTESIAN_POINT('',(-0.003,0.00494383262781467,0.0420338648729033));
#4308=CARTESIAN_POINT('',(-0.003,0.00494495329068369,0.0420978222397439));
#4309=CARTESIAN_POINT('',(-0.003,0.0049533333333333,0.0423548958333334));
#4310=CARTESIAN_POINT('',(-0.003,0.00495333333333332,0.0423548958333334));
#4311=CARTESIAN_POINT('',(-0.003,0.00495333333333332,0.0423548958333334));
#4312=CARTESIAN_POINT('',(-0.003,0.00275052083333332,0.0432175));
#4313=CARTESIAN_POINT('',(-0.003,0.0027505208333333,0.0432175));
#4314=CARTESIAN_POINT('',(-0.003,0.0026321275520441,0.043264487388756));
#4315=CARTESIAN_POINT('',(-0.003,0.0026020096893967,0.0432758815472408));
#4316=CARTESIAN_POINT('',(-0.003,0.0024807291666667,0.0433188541666666));
#4317=CARTESIAN_POINT('',(-0.003,0.00248072916666665,0.0433188541666666));
#4318=CARTESIAN_POINT('',(-0.003,0.0024807291666667,0.0433188541666666));
#4319=CARTESIAN_POINT('',(-0.003,0.00257065972222224,0.0433536111111111));
#4320=CARTESIAN_POINT('',(-0.003,0.00266059027777777,0.0433883680555555));
#4321=CARTESIAN_POINT('',(-0.003,0.0027505208333333,0.043423125));
#4322=CARTESIAN_POINT('',(-0.003,-0.046,0.003));
#4323=CARTESIAN_POINT('',(-0.003,-0.0275,0.003));
#4324=CARTESIAN_POINT('',(-0.003,-0.044,0.003));
#4325=CARTESIAN_POINT('',(-0.003,-0.044,0.005));
#4326=CARTESIAN_POINT('',(-0.003,-0.046,0.005));
#4327=CARTESIAN_POINT('',(-0.003,-0.046,0.));
#4328=CARTESIAN_POINT('',(-0.003,-0.046,0.086));
#4329=CARTESIAN_POINT('',(-0.003,-0.044,0.086));
#4330=CARTESIAN_POINT('',(-0.003,-0.044,0.088));
#4331=CARTESIAN_POINT('',(-0.003,-0.046,0.088));
#4332=CARTESIAN_POINT('',(-0.003,-0.0275,0.088));
#4333=CARTESIAN_POINT('',(-0.003,-0.0275,1.06974614351903E-17));
#4334=CARTESIAN_POINT('',(-0.003,-0.0275,0.091));
#4335=CARTESIAN_POINT('',(-0.003,-0.046,0.091));
#4336=CARTESIAN_POINT('',(-0.003,-0.0135,0.091));
#4337=CARTESIAN_POINT('',(-0.003,-0.0135,9.39641882820771E-18));
#4338=CARTESIAN_POINT('',(-0.003,-0.0135,0.088));
#4339=CARTESIAN_POINT('',(-0.003,-0.046,0.088));
#4340=CARTESIAN_POINT('',(-0.003,0.0165,0.088));
#4341=CARTESIAN_POINT('',(-0.003,0.0165,3.61400724161833E-17));
#4342=CARTESIAN_POINT('',(-0.003,0.0165,0.091));
#4343=CARTESIAN_POINT('',(-0.003,-0.046,0.091));
#4344=CARTESIAN_POINT('',(-0.003,0.0305,0.091));
#4345=CARTESIAN_POINT('',(-0.003,0.0305,4.42354486374083E-17));
#4346=CARTESIAN_POINT('',(-0.003,0.0305,0.088));
#4347=CARTESIAN_POINT('',(-0.003,-0.046,0.088));
#4348=CARTESIAN_POINT('',(-0.003,0.046,0.088));
#4349=CARTESIAN_POINT('',(-0.003,0.046,0.));
#4350=CARTESIAN_POINT('',(-0.003,0.046,0.00299999999999996));
#4351=CARTESIAN_POINT('',(-0.003,-0.046,0.00300000000000021));
#4352=CARTESIAN_POINT('',(-0.003,0.0305,0.003));
#4353=CARTESIAN_POINT('',(-0.003,0.0305,-4.42354486374083E-17));
#4354=CARTESIAN_POINT('',(-0.003,0.0305,3.67394039744206E-19));
#4355=CARTESIAN_POINT('',(-0.003,-0.046,3.67394039744206E-19));
#4356=CARTESIAN_POINT('',(-0.003,0.0165,3.67394039744206E-19));
#4357=CARTESIAN_POINT('',(-0.003,0.0165,-3.61400724161832E-17));
#4358=CARTESIAN_POINT('',(-0.003,0.0165,0.003));
#4359=CARTESIAN_POINT('',(-0.003,-0.046,0.003));
#4360=CARTESIAN_POINT('',(-0.003,-0.0135,0.003));
#4361=CARTESIAN_POINT('',(-0.003,-0.0135,-9.39641882820769E-18));
#4362=CARTESIAN_POINT('',(-0.003,-0.0135,3.67394039744206E-19));
#4363=CARTESIAN_POINT('',(-0.003,-0.046,3.67394039744206E-19));
#4364=CARTESIAN_POINT('',(-0.003,-0.0275,3.67394039744206E-19));
#4365=CARTESIAN_POINT('',(-0.003,-0.0275,-1.06974614351903E-17));
#4366=CARTESIAN_POINT('',(-0.003,0.00350666666666665,0.0458716666666667));
#4367=CARTESIAN_POINT('',(-0.003,0.00350666666666667,0.0458716666666667));
#4368=CARTESIAN_POINT('',(-0.003,0.00364666666666666,0.0458570833333333));
#4369=CARTESIAN_POINT('',(-0.003,0.0036466666666667,0.0458570833333333));
#4370=CARTESIAN_POINT('',(-0.003,0.0036789463776325,0.0460705893626555));
#4371=CARTESIAN_POINT('',(-0.003,0.00372685981859629,0.0463737399957939));
#4372=CARTESIAN_POINT('',(-0.003,0.0037906238337929,0.0466950043316186));
#4373=CARTESIAN_POINT('',(-0.003,0.0038333333333333,0.0468961458333333));
#4374=CARTESIAN_POINT('',(-0.003,0.00383333333333332,0.0468961458333333));
#4375=CARTESIAN_POINT('',(-0.003,0.00383333333333332,0.0468961458333333));
#4376=CARTESIAN_POINT('',(-0.003,0.00381510416666666,0.0469333333333333));
#4377=CARTESIAN_POINT('',(-0.003,0.00381510416666666,0.0469333333333333));
#4378=CARTESIAN_POINT('',(-0.003,0.00357302083333332,0.0469333333333333));
#4379=CARTESIAN_POINT('',(-0.003,0.0035730208333333,0.0469333333333333));
#4380=CARTESIAN_POINT('',(-0.003,0.00374974569260837,0.0472377908638421));
#4381=CARTESIAN_POINT('',(-0.003,0.00382477644422837,0.0474930696390437));
#4382=CARTESIAN_POINT('',(-0.003,0.0038333333333333,0.0478433333333333));
#4383=CARTESIAN_POINT('',(-0.003,0.00383333333333332,0.0478433333333333));
#4384=CARTESIAN_POINT('',(-0.003,0.00383333333333332,0.0478433333333333));
#4385=CARTESIAN_POINT('',(-0.003,0.00383333333333332,0.0478557291666667));
#4386=CARTESIAN_POINT('',(-0.003,0.0038333333333333,0.0478557291666667));
#4387=CARTESIAN_POINT('',(-0.003,0.00352967480948023,0.0477958549299851));
#4388=CARTESIAN_POINT('',(-0.003,0.0033219971441231,0.0477586586346013));
#4389=CARTESIAN_POINT('',(-0.003,0.0029991666666667,0.0477055208333333));
#4390=CARTESIAN_POINT('',(-0.003,0.00299916666666666,0.0477055208333333));
#4391=CARTESIAN_POINT('',(-0.003,0.00299916666666666,0.0477055208333333));
#4392=CARTESIAN_POINT('',(-0.003,0.002974375,0.0475633333333333));
#4393=CARTESIAN_POINT('',(-0.003,0.002974375,0.0475633333333333));
#4394=CARTESIAN_POINT('',(-0.003,0.00301139628090502,0.0475528951589802));
#4395=CARTESIAN_POINT('',(-0.003,0.003080897032223,0.0475332993767114));
#4396=CARTESIAN_POINT('',(-0.003,0.00317797387643593,0.047501775402369));
#4397=CARTESIAN_POINT('',(-0.003,0.00326144683070057,0.047470953970854));
#4398=CARTESIAN_POINT('',(-0.003,0.00333187476870057,0.0474402596147235));
#4399=CARTESIAN_POINT('',(-0.003,0.00338959294543163,0.047405888175023));
#4400=CARTESIAN_POINT('',(-0.003,0.00343074799163321,0.0473607410346003));
#4401=CARTESIAN_POINT('',(-0.003,0.00345593536922923,0.0473058107442125));
#4402=CARTESIAN_POINT('',(-0.003,0.00345860765592466,0.0472661047293218));
#4403=CARTESIAN_POINT('',(-0.003,0.00346,0.0472454166666667));
#4404=CARTESIAN_POINT('',(-0.003,0.00346,0.0472454166666667));
#4405=CARTESIAN_POINT('',(-0.003,0.00346,0.0472454166666667));
#4406=CARTESIAN_POINT('',(-0.003,0.00345602562416973,0.0471572600277747));
#4407=CARTESIAN_POINT('',(-0.003,0.00343415062416973,0.0470532322499969));
#4408=CARTESIAN_POINT('',(-0.003,0.003394375,0.0469333333333333));
#4409=CARTESIAN_POINT('',(-0.003,0.003394375,0.0469333333333333));
#4410=CARTESIAN_POINT('',(-0.003,0.003394375,0.0469333333333333));
#4411=CARTESIAN_POINT('',(-0.003,0.00235458333333332,0.0469333333333333));
#4412=CARTESIAN_POINT('',(-0.003,0.0023545833333333,0.0469333333333333));
#4413=CARTESIAN_POINT('',(-0.003,0.0022169619431919,0.0469334210287858));
#4414=CARTESIAN_POINT('',(-0.003,0.00203782999874747,0.0469348793621191));
#4415=CARTESIAN_POINT('',(-0.003,0.0018171875,0.0469377083333333));
#4416=CARTESIAN_POINT('',(-0.003,0.00181718749999999,0.0469377083333333));
#4417=CARTESIAN_POINT('',(-0.003,0.0018171875,0.0469377083333333));
#4418=CARTESIAN_POINT('',(-0.003,0.0017690529409724,0.0469429816235701));
#4419=CARTESIAN_POINT('',(-0.003,0.00174780486983053,0.0469551798013037));
#4420=CARTESIAN_POINT('',(-0.003,0.001731875,0.0469996875));
#4421=CARTESIAN_POINT('',(-0.003,0.001731875,0.0469996875));
#4422=CARTESIAN_POINT('',(-0.003,0.001731875,0.0469996875));
#4423=CARTESIAN_POINT('',(-0.003,0.00164,0.0473511458333333));
#4424=CARTESIAN_POINT('',(-0.003,0.00164,0.0473511458333333));
#4425=CARTESIAN_POINT('',(-0.003,0.0015,0.0473584375));
#4426=CARTESIAN_POINT('',(-0.003,0.0015,0.0473584375));
#4427=CARTESIAN_POINT('',(-0.003,0.00150382581050387,0.0470964335371992));
#4428=CARTESIAN_POINT('',(-0.003,0.00150625636605943,0.0468363640927548));
#4429=CARTESIAN_POINT('',(-0.003,0.0015072916666667,0.0465782291666667));
#4430=CARTESIAN_POINT('',(-0.003,0.00150729166666666,0.0465782291666667));
#4431=CARTESIAN_POINT('',(-0.003,0.0015072916666667,0.0465782291666667));
#4432=CARTESIAN_POINT('',(-0.003,0.00150631932440663,0.0463419674987652));
#4433=CARTESIAN_POINT('',(-0.003,0.00150388876885107,0.0461057174987652));
#4434=CARTESIAN_POINT('',(-0.003,0.0015,0.0458694791666667));
#4435=CARTESIAN_POINT('',(-0.003,0.0015,0.0458694791666667));
#4436=CARTESIAN_POINT('',(-0.003,0.0015,0.0458694791666667));
#4437=CARTESIAN_POINT('',(-0.003,0.00164,0.0458570833333333));
#4438=CARTESIAN_POINT('',(-0.003,0.00164,0.0458570833333333));
#4439=CARTESIAN_POINT('',(-0.003,0.00172239583333332,0.0461691666666667));
#4440=CARTESIAN_POINT('',(-0.003,0.0017223958333333,0.0461691666666667));
#4441=CARTESIAN_POINT('',(-0.003,0.00173509118612784,0.0462095189723608));
#4442=CARTESIAN_POINT('',(-0.003,0.00175097855097637,0.0462256730123242));
#4443=CARTESIAN_POINT('',(-0.003,0.0017923958333333,0.0462311458333333));
#4444=CARTESIAN_POINT('',(-0.003,0.00179239583333332,0.0462311458333333));
#4445=CARTESIAN_POINT('',(-0.003,0.0017923958333333,0.0462311458333333));
#4446=CARTESIAN_POINT('',(-0.003,0.00191230323035864,0.0462327956064615));
#4447=CARTESIAN_POINT('',(-0.003,0.00200855323035864,0.0462335247731282));
#4448=CARTESIAN_POINT('',(-0.003,0.0020811458333333,0.0462333333333333));
#4449=CARTESIAN_POINT('',(-0.003,0.00208114583333332,0.0462333333333333));
#4450=CARTESIAN_POINT('',(-0.003,0.00208114583333332,0.0462333333333333));
#4451=CARTESIAN_POINT('',(-0.003,0.00286427083333332,0.0462333333333333));
#4452=CARTESIAN_POINT('',(-0.003,0.0028642708333333,0.0462333333333333));
#4453=CARTESIAN_POINT('',(-0.003,0.00309007038615503,0.0462338479613242));
#4454=CARTESIAN_POINT('',(-0.003,0.00327527871948837,0.046230688239102));
#4455=CARTESIAN_POINT('',(-0.003,0.0034198958333333,0.0462238541666667));
#4456=CARTESIAN_POINT('',(-0.003,0.00341989583333333,0.0462238541666667));
#4457=CARTESIAN_POINT('',(-0.003,0.00341989583333333,0.0462238541666667));
#4458=CARTESIAN_POINT('',(-0.003,0.0046448958333333,0.0519317708333333));
#4459=CARTESIAN_POINT('',(-0.003,0.0045048919464733,0.051930206915986));
#4460=CARTESIAN_POINT('',(-0.003,0.0043436724120345,0.0519262631963243));
#4461=CARTESIAN_POINT('',(-0.003,0.0042248958333333,0.0519266666666667));
#4462=CARTESIAN_POINT('',(-0.003,0.00464489583333332,0.0519317708333333));
#4463=CARTESIAN_POINT('',(-0.003,0.00422489583333333,0.0519266666666667));
#4464=CARTESIAN_POINT('',(-0.003,0.00422489583333333,0.0519266666666667));
#4465=CARTESIAN_POINT('',(-0.003,0.002235,0.0519266666666667));
#4466=CARTESIAN_POINT('',(-0.003,0.002235,0.0519266666666667));
#4467=CARTESIAN_POINT('',(-0.003,0.00205189011323693,0.0519272637946278));
#4468=CARTESIAN_POINT('',(-0.003,0.00186911233545917,0.0519289651835166));
#4469=CARTESIAN_POINT('',(-0.003,0.0016866666666667,0.0519317708333333));
#4470=CARTESIAN_POINT('',(-0.003,0.00168666666666666,0.0519317708333333));
#4471=CARTESIAN_POINT('',(-0.003,0.00168666666666666,0.0519317708333333));
#4472=CARTESIAN_POINT('',(-0.003,0.00168666666666666,0.0528942708333333));
#4473=CARTESIAN_POINT('',(-0.003,0.00168666666666666,0.0528942708333333));
#4474=CARTESIAN_POINT('',(-0.003,0.00242822916666665,0.0532311458333333));
#4475=CARTESIAN_POINT('',(-0.003,0.00242822916666665,0.0532311458333333));
#4476=CARTESIAN_POINT('',(-0.003,0.00245083333333332,0.0533813541666667));
#4477=CARTESIAN_POINT('',(-0.003,0.00245083333333332,0.0533813541666667));
#4478=CARTESIAN_POINT('',(-0.003,0.00146354166666666,0.0533201041666667));
#4479=CARTESIAN_POINT('',(-0.003,0.00146354166666666,0.0533201041666667));
#4480=CARTESIAN_POINT('',(-0.003,0.00144604166666666,0.0533026041666667));
#4481=CARTESIAN_POINT('',(-0.003,0.0014460416666667,0.0533026041666667));
#4482=CARTESIAN_POINT('',(-0.003,0.00144989935445117,0.0529049720158972));
#4483=CARTESIAN_POINT('',(-0.003,0.0014523299100067,0.0525087914603416));
#4484=CARTESIAN_POINT('',(-0.003,0.0014533333333333,0.0521140625));
#4485=CARTESIAN_POINT('',(-0.003,0.00145333333333332,0.0521140625));
#4486=CARTESIAN_POINT('',(-0.003,0.00145333333333332,0.05115703125));
#4487=CARTESIAN_POINT('',(-0.003,0.00145333333333332,0.0508154166666667));
#4488=CARTESIAN_POINT('',(-0.003,0.00145333333333332,0.0508154166666667));
#4489=CARTESIAN_POINT('',(-0.003,0.00159333333333332,0.0508030208333333));
#4490=CARTESIAN_POINT('',(-0.003,0.00159333333333332,0.0508030208333333));
#4491=CARTESIAN_POINT('',(-0.003,0.00168447916666666,0.0511085416666667));
#4492=CARTESIAN_POINT('',(-0.003,0.0016844791666667,0.0511085416666667));
#4493=CARTESIAN_POINT('',(-0.003,0.0017010984582779,0.0511530216161484));
#4494=CARTESIAN_POINT('',(-0.003,0.00171547591990277,0.0511679096555009));
#4495=CARTESIAN_POINT('',(-0.003,0.0017617708333333,0.0511748958333333));
#4496=CARTESIAN_POINT('',(-0.003,0.00176177083333332,0.0511748958333333));
#4497=CARTESIAN_POINT('',(-0.003,0.0017617708333333,0.0511748958333333));
#4498=CARTESIAN_POINT('',(-0.003,0.00193064245621943,0.0511788168673285));
#4499=CARTESIAN_POINT('',(-0.003,0.00209470495621943,0.0511805182562174));
#4500=CARTESIAN_POINT('',(-0.003,0.0022539583333333,0.05118));
#4501=CARTESIAN_POINT('',(-0.003,0.00225395833333332,0.05118));
#4502=CARTESIAN_POINT('',(-0.003,0.00225395833333332,0.05118));
#4503=CARTESIAN_POINT('',(-0.003,0.00422489583333333,0.05118));
#4504=CARTESIAN_POINT('',(-0.003,0.0042248958333333,0.05118));
#4505=CARTESIAN_POINT('',(-0.003,0.00435466735266064,0.0511805051602499));
#4506=CARTESIAN_POINT('',(-0.003,0.00449150763043843,0.051178803771361));
#4507=CARTESIAN_POINT('',(-0.003,0.0046354166666667,0.0511748958333333));
#4508=CARTESIAN_POINT('',(-0.003,0.00463541666666666,0.0511748958333333));
#4509=CARTESIAN_POINT('',(-0.003,0.0046354166666667,0.0511748958333333));
#4510=CARTESIAN_POINT('',(-0.003,0.00467992368315083,0.0511712969220528));
#4511=CARTESIAN_POINT('',(-0.003,0.00470097753295063,0.0511573721323288));
#4512=CARTESIAN_POINT('',(-0.003,0.0047170833333333,0.0511158333333333));
#4513=CARTESIAN_POINT('',(-0.003,0.00471708333333332,0.0511158333333333));
#4514=CARTESIAN_POINT('',(-0.003,0.00471708333333332,0.0511158333333333));
#4515=CARTESIAN_POINT('',(-0.003,0.00481333333333332,0.0508110416666667));
#4516=CARTESIAN_POINT('',(-0.003,0.00481333333333332,0.0508110416666667));
#4517=CARTESIAN_POINT('',(-0.003,0.00495333333333332,0.0508030208333333));
#4518=CARTESIAN_POINT('',(-0.003,0.0049533333333333,0.0508030208333333));
#4519=CARTESIAN_POINT('',(-0.003,0.0049478982703479,0.050993675450182));
#4520=CARTESIAN_POINT('',(-0.003,0.0049447385481257,0.0512396476724042));
#4521=CARTESIAN_POINT('',(-0.003,0.0049438541666667,0.0515409375));
#4522=CARTESIAN_POINT('',(-0.003,0.00494385416666666,0.0515409375));
#4523=CARTESIAN_POINT('',(-0.003,0.0049438541666667,0.0515409375));
#4524=CARTESIAN_POINT('',(-0.003,0.0049447362731019,0.0518495899139457));
#4525=CARTESIAN_POINT('',(-0.003,0.0049478959953241,0.0520987218583901));
#4526=CARTESIAN_POINT('',(-0.003,0.0049533333333333,0.0522883333333333));
#4527=CARTESIAN_POINT('',(-0.003,0.00495333333333332,0.0522883333333333));
#4528=CARTESIAN_POINT('',(-0.003,0.00495333333333332,0.0522883333333333));
#4529=CARTESIAN_POINT('',(-0.003,0.00481333333333332,0.0523007291666667));
#4530=CARTESIAN_POINT('',(-0.003,0.00481333333333332,0.0523007291666667));
#4531=CARTESIAN_POINT('',(-0.003,0.00472,0.0519959375));
#4532=CARTESIAN_POINT('',(-0.003,0.00472,0.0519959375));
#4533=CARTESIAN_POINT('',(-0.003,0.00470637442149465,0.0519512671624832));
#4534=CARTESIAN_POINT('',(-0.003,0.00469330919777329,0.0519380178038973));
#4535=CARTESIAN_POINT('',(-0.003,0.0046448958333333,0.0519317708333333));
#4536=CARTESIAN_POINT('',(-0.003,0.00182666666666666,0.058656875));
#4537=CARTESIAN_POINT('',(-0.003,0.00182666666666666,0.058656875));
#4538=CARTESIAN_POINT('',(-0.003,0.00167572916666666,0.0586765625));
#4539=CARTESIAN_POINT('',(-0.003,0.0016757291666667,0.0586765625));
#4540=CARTESIAN_POINT('',(-0.003,0.00163544308503545,0.0585900481933844));
#4541=CARTESIAN_POINT('',(-0.003,0.00157412538456864,0.0584458883979358));
#4542=CARTESIAN_POINT('',(-0.003,0.00150441321813237,0.058213976240133));
#4543=CARTESIAN_POINT('',(-0.003,0.00146140060925388,0.0579561526301382));
#4544=CARTESIAN_POINT('',(-0.003,0.0014552135457923,0.0578192896734157));
#4545=CARTESIAN_POINT('',(-0.003,0.0014533333333333,0.0577169791666667));
#4546=CARTESIAN_POINT('',(-0.003,0.00145333333333332,0.0577169791666667));
#4547=CARTESIAN_POINT('',(-0.003,0.00145333333333332,0.0577169791666667));
#4548=CARTESIAN_POINT('',(-0.003,0.0014540553048771,0.0576680869735068));
#4549=CARTESIAN_POINT('',(-0.003,0.00145546640810115,0.0575725265154893));
#4550=CARTESIAN_POINT('',(-0.003,0.00146994342468898,0.0574327184151783));
#4551=CARTESIAN_POINT('',(-0.003,0.00149199917849902,0.057299507106802));
#4552=CARTESIAN_POINT('',(-0.003,0.00152425575955427,0.0571732656001625));
#4553=CARTESIAN_POINT('',(-0.003,0.00156477306812621,0.0570537073231835));
#4554=CARTESIAN_POINT('',(-0.003,0.0016155842217809,0.0569416703684336));
#4555=CARTESIAN_POINT('',(-0.003,0.00167471323995614,0.0568359953087984));
#4556=CARTESIAN_POINT('',(-0.003,0.00174295487039665,0.0567377648457059));
#4557=CARTESIAN_POINT('',(-0.003,0.00181978011661404,0.0566482762696991));
#4558=CARTESIAN_POINT('',(-0.003,0.0019067675895901,0.0565710495265982));
#4559=CARTESIAN_POINT('',(-0.003,0.00200218427985857,0.0565058746931817));
#4560=CARTESIAN_POINT('',(-0.003,0.00210613601984806,0.0564519479983484));
#4561=CARTESIAN_POINT('',(-0.003,0.00221895603822085,0.0564107317125045));
#4562=CARTESIAN_POINT('',(-0.003,0.00234037857663783,0.0563805876325132));
#4563=CARTESIAN_POINT('',(-0.003,0.00247050115849833,0.0563632053847012));
#4564=CARTESIAN_POINT('',(-0.003,0.00256015633954746,0.0563610867659934));
#4565=CARTESIAN_POINT('',(-0.003,0.00260614583333332,0.05636));
#4566=CARTESIAN_POINT('',(-0.003,0.00260614583333332,0.05636));
#4567=CARTESIAN_POINT('',(-0.003,0.0026061458333333,0.05636));
#4568=CARTESIAN_POINT('',(-0.003,0.00335861359714903,0.0563794785667397));
#4569=CARTESIAN_POINT('',(-0.003,0.00381885444833743,0.0568945549652548));
#4570=CARTESIAN_POINT('',(-0.003,0.0038333333333333,0.0576528125));
#4571=CARTESIAN_POINT('',(-0.003,0.00383333333333332,0.0576528125));
#4572=CARTESIAN_POINT('',(-0.003,0.00383333333333332,0.0576528125));
#4573=CARTESIAN_POINT('',(-0.003,0.00383240496337018,0.0576929416788723));
#4574=CARTESIAN_POINT('',(-0.003,0.00383060043330284,0.0577709432436874));
#4575=CARTESIAN_POINT('',(-0.003,0.00381917057861652,0.0578846614418393));
#4576=CARTESIAN_POINT('',(-0.003,0.00379878316163365,0.0579912586460191));
#4577=CARTESIAN_POINT('',(-0.003,0.00377049202126225,0.058090941200545));
#4578=CARTESIAN_POINT('',(-0.003,0.00373398959900371,0.0581833543784407));
#4579=CARTESIAN_POINT('',(-0.003,0.00368931264921068,0.0582688831803211));
#4580=CARTESIAN_POINT('',(-0.003,0.00363586630024352,0.0583469081652613));
#4581=CARTESIAN_POINT('',(-0.003,0.00357504036894365,0.0584180967555994));
#4582=CARTESIAN_POINT('',(-0.003,0.00350726827502109,0.0584817239109412));
#4583=CARTESIAN_POINT('',(-0.003,0.00343251036575599,0.05853666794509));
#4584=CARTESIAN_POINT('',(-0.003,0.00335124329551186,0.0585826884342901));
#4585=CARTESIAN_POINT('',(-0.003,0.00326464739743861,0.0586218406341115));
#4586=CARTESIAN_POINT('',(-0.003,0.00317115535188259,0.0586505112074424));
#4587=CARTESIAN_POINT('',(-0.003,0.00307216971146756,0.0586719235347656));
#4588=CARTESIAN_POINT('',(-0.003,0.00296666233391604,0.0586842111385038));
#4589=CARTESIAN_POINT('',(-0.003,0.00289419794613079,0.0586859022523127));
#4590=CARTESIAN_POINT('',(-0.003,0.00285697916666666,0.0586867708333333));
#4591=CARTESIAN_POINT('',(-0.003,0.00285697916666666,0.0586867708333333));
#4592=CARTESIAN_POINT('',(-0.003,0.0028569791666667,0.0586867708333333));
#4593=CARTESIAN_POINT('',(-0.003,0.00279369222113816,0.0586863863408009));
#4594=CARTESIAN_POINT('',(-0.003,0.00277770603727557,0.0586856042302767));
#4595=CARTESIAN_POINT('',(-0.003,0.0027133333333333,0.0586794791666667));
#4596=CARTESIAN_POINT('',(-0.003,0.00271333333333332,0.0586794791666667));
#4597=CARTESIAN_POINT('',(-0.003,0.00271333333333332,0.0586794791666667));
#4598=CARTESIAN_POINT('',(-0.003,0.00271333333333332,0.0571066666666667));
#4599=CARTESIAN_POINT('',(-0.003,0.00271333333333332,0.0571066666666667));
#4600=CARTESIAN_POINT('',(-0.003,0.00267319532422618,0.0571072305916277));
#4601=CARTESIAN_POINT('',(-0.003,0.00259589446677419,0.0571083166415838));
#4602=CARTESIAN_POINT('',(-0.003,0.00248427799027996,0.0571204087021956));
#4603=CARTESIAN_POINT('',(-0.003,0.00238151465693892,0.0571388559960549));
#4604=CARTESIAN_POINT('',(-0.003,0.00228706733014931,0.0571649930837675));
#4605=CARTESIAN_POINT('',(-0.003,0.00220149535550579,0.0571992706870708));
#4606=CARTESIAN_POINT('',(-0.003,0.0021242995642236,0.0572406327645788));
#4607=CARTESIAN_POINT('',(-0.003,0.00205615527648199,0.0572902363396464));
#4608=CARTESIAN_POINT('',(-0.003,0.00199619752361765,0.0573476363146641));
#4609=CARTESIAN_POINT('',(-0.003,0.00194479261781286,0.0574145750902555));
#4610=CARTESIAN_POINT('',(-0.003,0.00189984906251616,0.0574902983672252));
#4611=CARTESIAN_POINT('',(-0.003,0.00186313149471882,0.0575763330808227));
#4612=CARTESIAN_POINT('',(-0.003,0.00183264025062888,0.0576715737035684));
#4613=CARTESIAN_POINT('',(-0.003,0.00180859044934859,0.0577761880506638));
#4614=CARTESIAN_POINT('',(-0.003,0.00179234894739815,0.0578905903285147));
#4615=CARTESIAN_POINT('',(-0.003,0.00178205200370229,0.05801453397534));
#4616=CARTESIAN_POINT('',(-0.003,0.00178069992241174,0.058100499059515));
#4617=CARTESIAN_POINT('',(-0.003,0.00178,0.058145));
#4618=CARTESIAN_POINT('',(-0.003,0.00178,0.058145));
#4619=CARTESIAN_POINT('',(-0.003,0.00178,0.058145));
#4620=CARTESIAN_POINT('',(-0.003,0.0017824957284512,0.0583479835474033));
#4621=CARTESIAN_POINT('',(-0.003,0.00179213287333656,0.0584611749049053));
#4622=CARTESIAN_POINT('',(-0.003,0.0018266666666667,0.058656875));
#4623=CARTESIAN_POINT('',(0.,-0.046,0.));
#4624=CARTESIAN_POINT('',(0.00122474487139159,-0.046,0.00125));
#4625=CARTESIAN_POINT('',(0.00122474487139159,-0.0275,0.00125));
#4626=CARTESIAN_POINT('',(0.00122474487139159,-0.0135,0.00125));
#4627=CARTESIAN_POINT('',(0.,-0.0275,0.));
#4628=CARTESIAN_POINT('',(0.00122474487139159,-0.0275,-0.00125));
#4629=CARTESIAN_POINT('',(0.00122474487139159,-0.046,-0.00125));
#4630=CARTESIAN_POINT('',(0.00122474487139159,-0.0135,-0.00125));
#4631=CARTESIAN_POINT('',(0.,-0.0135,0.));
#4632=CARTESIAN_POINT('',(0.00122474487139159,-0.046,0.00125));
#4633=CARTESIAN_POINT('',(0.00272717802865893,-0.046,0.00125));
#4634=CARTESIAN_POINT('',(0.00272717802865893,-0.0275,0.00125));
#4635=CARTESIAN_POINT('',(0.00272717802865893,-0.0135,0.00125));
#4636=CARTESIAN_POINT('',(0.00122474487139159,-0.0275,0.00125));
#4637=CARTESIAN_POINT('',(0.00122474487139159,-0.0135,0.00125));
#4638=CARTESIAN_POINT('',(0.,-0.046,0.));
#4639=CARTESIAN_POINT('',(0.,-0.0275,0.));
#4640=CARTESIAN_POINT('',(-0.001,-0.0275,0.00282842712474619));
#4641=CARTESIAN_POINT('',(0.,-0.0135,0.));
#4642=CARTESIAN_POINT('',(-0.001,-0.0135,0.00282842712474619));
#4643=CARTESIAN_POINT('',(-0.001,-0.046,0.00282842712474619));
#4644=CARTESIAN_POINT('',(1.7347234759768E-18,-0.046,0.091));
#4645=CARTESIAN_POINT('',(1.7347234759768E-18,-0.0135,0.091));
#4646=CARTESIAN_POINT('',(-0.001,-0.0135,0.0881715728752538));
#4647=CARTESIAN_POINT('',(0.00274954541697351,-0.0135,0.0898));
#4648=CARTESIAN_POINT('',(0.00274954541697351,-0.046,0.0898));
#4649=CARTESIAN_POINT('',(0.00274954541697351,-0.0275,0.0898));
#4650=CARTESIAN_POINT('',(1.7347234759768E-18,-0.0275,0.091));
#4651=CARTESIAN_POINT('',(-0.001,-0.0275,0.0881715728752538));
#4652=CARTESIAN_POINT('',(-0.001,-0.046,0.0881715728752538));
#4653=CARTESIAN_POINT('',(0.0012737739202857,-0.046,0.0898));
#4654=CARTESIAN_POINT('',(0.0012737739202857,-0.0135,0.0898));
#4655=CARTESIAN_POINT('',(0.0012737739202857,-0.0135,0.0898));
#4656=CARTESIAN_POINT('',(0.0012737739202857,-0.046,0.0898));
#4657=CARTESIAN_POINT('',(0.0012737739202857,-0.0275,0.0898));
#4658=CARTESIAN_POINT('',(0.0012737739202857,-0.0275,0.0898));
#4659=CARTESIAN_POINT('',(1.7347234759768E-18,-0.046,0.091));
#4660=CARTESIAN_POINT('',(1.7347234759768E-18,-0.0135,0.091));
#4661=CARTESIAN_POINT('',(0.0012737739202857,-0.0135,0.0922));
#4662=CARTESIAN_POINT('',(0.0012737739202857,-0.046,0.0922));
#4663=CARTESIAN_POINT('',(0.0012737739202857,-0.0275,0.0922));
#4664=CARTESIAN_POINT('',(1.7347234759768E-18,-0.0275,0.091));
#4665=CARTESIAN_POINT('',(0.0012737739202857,-0.046,0.0922));
#4666=CARTESIAN_POINT('',(0.0012737739202857,-0.0135,0.0922));
#4667=CARTESIAN_POINT('',(0.00274954541697351,-0.0135,0.0922));
#4668=CARTESIAN_POINT('',(0.00274954541697351,-0.046,0.0922));
#4669=CARTESIAN_POINT('',(0.00274954541697351,-0.0275,0.0922));
#4670=CARTESIAN_POINT('',(0.0012737739202857,-0.0275,0.0922));
#4671=CARTESIAN_POINT('',(1.7347234759768E-18,-0.046,0.091));
#4672=CARTESIAN_POINT('',(1.7347234759768E-18,-0.0135,0.091));
#4673=CARTESIAN_POINT('',(1.7347234759768E-18,-0.0275,0.091));
#4674=CARTESIAN_POINT('',(0.,-0.046,0.));
#4675=CARTESIAN_POINT('',(0.00272717802865893,-0.046,-0.00125));
#4676=CARTESIAN_POINT('',(0.00272717802865893,-0.0275,-0.00125));
#4677=CARTESIAN_POINT('',(0.00272717802865893,-0.0135,-0.00125));
#4678=CARTESIAN_POINT('',(0.,-0.0275,0.));
#4679=CARTESIAN_POINT('',(0.,-0.0135,0.));
#4680=CARTESIAN_POINT('',(0.00122474487139159,-0.046,-0.00125));
#4681=CARTESIAN_POINT('',(0.00122474487139159,-0.0275,-0.00125));
#4682=CARTESIAN_POINT('',(0.00122474487139159,-0.0135,-0.00125));
#4683=CARTESIAN_POINT('',(0.,-0.046,0.));
#4684=CARTESIAN_POINT('',(0.00122474487139159,-0.046,0.00125));
#4685=CARTESIAN_POINT('',(0.00122474487139159,0.0165,0.00125));
#4686=CARTESIAN_POINT('',(0.00122474487139159,0.0305,0.00125));
#4687=CARTESIAN_POINT('',(0.,0.0165,0.));
#4688=CARTESIAN_POINT('',(0.00122474487139159,0.0165,-0.00125));
#4689=CARTESIAN_POINT('',(0.00122474487139159,-0.046,-0.00125));
#4690=CARTESIAN_POINT('',(0.00122474487139159,0.0305,-0.00125));
#4691=CARTESIAN_POINT('',(0.,0.0305,0.));
#4692=CARTESIAN_POINT('',(0.00122474487139159,-0.046,0.00125));
#4693=CARTESIAN_POINT('',(0.00272717802865893,-0.046,0.00125));
#4694=CARTESIAN_POINT('',(0.00272717802865893,0.0165,0.00125));
#4695=CARTESIAN_POINT('',(0.00272717802865893,0.0305,0.00125));
#4696=CARTESIAN_POINT('',(0.00122474487139159,0.0165,0.00125));
#4697=CARTESIAN_POINT('',(0.00122474487139159,0.0305,0.00125));
#4698=CARTESIAN_POINT('',(0.,-0.046,0.));
#4699=CARTESIAN_POINT('',(0.,0.0165,0.));
#4700=CARTESIAN_POINT('',(-0.001,0.0165,0.00282842712474619));
#4701=CARTESIAN_POINT('',(0.,0.0305,0.));
#4702=CARTESIAN_POINT('',(-0.001,0.0305,0.00282842712474619));
#4703=CARTESIAN_POINT('',(-0.001,-0.046,0.00282842712474619));
#4704=CARTESIAN_POINT('',(-0.001,-0.046,0.00282842712474619));
#4705=CARTESIAN_POINT('',(-0.001,-0.046,0.00282842712474619));
#4706=CARTESIAN_POINT('',(-0.001,-0.046,0.005));
#4707=CARTESIAN_POINT('',(-0.001,-0.046,0.086));
#4708=CARTESIAN_POINT('',(-0.001,-0.044,0.005));
#4709=CARTESIAN_POINT('',(-0.001,-0.044,0.003));
#4710=CARTESIAN_POINT('',(-0.001,-0.046,0.003));
#4711=CARTESIAN_POINT('',(-0.001,-0.0275,0.003));
#4712=CARTESIAN_POINT('',(-0.001,-0.0275,0.00282842712474618));
#4713=CARTESIAN_POINT('',(-0.001,-0.0135,0.00282842712474618));
#4714=CARTESIAN_POINT('',(-0.001,-0.0135,0.003));
#4715=CARTESIAN_POINT('',(-0.001,-0.046,0.003));
#4716=CARTESIAN_POINT('',(-0.001,0.0165,0.003));
#4717=CARTESIAN_POINT('',(-0.001,0.0165,0.00282842712474615));
#4718=CARTESIAN_POINT('',(-0.001,0.0305,0.00282842712474614));
#4719=CARTESIAN_POINT('',(-0.001,0.0305,0.003));
#4720=CARTESIAN_POINT('',(-0.001,-0.046,0.00300000000000021));
#4721=CARTESIAN_POINT('',(-0.001,0.046,0.00299999999999996));
#4722=CARTESIAN_POINT('',(-0.001,0.046,0.00282842712474619));
#4723=CARTESIAN_POINT('',(-0.001,0.046,0.088));
#4724=CARTESIAN_POINT('',(-0.001,-0.046,0.088));
#4725=CARTESIAN_POINT('',(-0.001,0.0305,0.088));
#4726=CARTESIAN_POINT('',(-0.001,0.0305,0.00282842712474624));
#4727=CARTESIAN_POINT('',(-0.001,0.0305,0.0881715728752538));
#4728=CARTESIAN_POINT('',(-0.001,-0.046,0.0881715728752538));
#4729=CARTESIAN_POINT('',(-0.001,0.0165,0.0881715728752538));
#4730=CARTESIAN_POINT('',(-0.001,0.0165,0.00282842712474623));
#4731=CARTESIAN_POINT('',(-0.001,0.0165,0.088));
#4732=CARTESIAN_POINT('',(-0.001,-0.046,0.088));
#4733=CARTESIAN_POINT('',(-0.001,-0.0135,0.088));
#4734=CARTESIAN_POINT('',(-0.001,-0.0135,0.0028284271247462));
#4735=CARTESIAN_POINT('',(-0.001,-0.0275,0.0028284271247462));
#4736=CARTESIAN_POINT('',(-0.001,-0.0275,0.088));
#4737=CARTESIAN_POINT('',(-0.001,-0.046,0.088));
#4738=CARTESIAN_POINT('',(-0.001,-0.044,0.088));
#4739=CARTESIAN_POINT('',(-0.001,-0.044,0.086));
#4740=CARTESIAN_POINT('',(1.7347234759768E-18,-0.046,0.091));
#4741=CARTESIAN_POINT('',(1.7347234759768E-18,0.0305,0.091));
#4742=CARTESIAN_POINT('',(0.00274954541697351,0.0305,0.0898));
#4743=CARTESIAN_POINT('',(0.00274954541697351,-0.046,0.0898));
#4744=CARTESIAN_POINT('',(0.00274954541697351,0.0165,0.0898));
#4745=CARTESIAN_POINT('',(1.7347234759768E-18,0.0165,0.091));
#4746=CARTESIAN_POINT('',(0.0012737739202857,-0.046,0.0898));
#4747=CARTESIAN_POINT('',(0.0012737739202857,0.0305,0.0898));
#4748=CARTESIAN_POINT('',(0.0012737739202857,0.0305,0.0898));
#4749=CARTESIAN_POINT('',(0.0012737739202857,-0.046,0.0898));
#4750=CARTESIAN_POINT('',(0.0012737739202857,0.0165,0.0898));
#4751=CARTESIAN_POINT('',(0.0012737739202857,0.0165,0.0898));
#4752=CARTESIAN_POINT('',(1.7347234759768E-18,-0.046,0.091));
#4753=CARTESIAN_POINT('',(1.7347234759768E-18,0.0305,0.091));
#4754=CARTESIAN_POINT('',(0.0012737739202857,0.0305,0.0922));
#4755=CARTESIAN_POINT('',(0.0012737739202857,-0.046,0.0922));
#4756=CARTESIAN_POINT('',(0.0012737739202857,0.0165,0.0922));
#4757=CARTESIAN_POINT('',(1.7347234759768E-18,0.0165,0.091));
#4758=CARTESIAN_POINT('',(0.0012737739202857,-0.046,0.0922));
#4759=CARTESIAN_POINT('',(0.0012737739202857,0.0305,0.0922));
#4760=CARTESIAN_POINT('',(0.00274954541697351,0.0305,0.0922));
#4761=CARTESIAN_POINT('',(0.00274954541697351,-0.046,0.0922));
#4762=CARTESIAN_POINT('',(0.00274954541697351,0.0165,0.0922));
#4763=CARTESIAN_POINT('',(0.0012737739202857,0.0165,0.0922));
#4764=CARTESIAN_POINT('',(1.7347234759768E-18,-0.046,0.091));
#4765=CARTESIAN_POINT('',(1.7347234759768E-18,0.0305,0.091));
#4766=CARTESIAN_POINT('',(1.7347234759768E-18,0.0165,0.091));
#4767=CARTESIAN_POINT('',(0.,-0.046,0.));
#4768=CARTESIAN_POINT('',(0.00272717802865893,-0.046,-0.00125));
#4769=CARTESIAN_POINT('',(0.00272717802865893,0.0165,-0.00125));
#4770=CARTESIAN_POINT('',(0.00272717802865893,0.0305,-0.00125));
#4771=CARTESIAN_POINT('',(0.,0.0165,0.));
#4772=CARTESIAN_POINT('',(0.,0.0305,0.));
#4773=CARTESIAN_POINT('',(0.00122474487139159,-0.046,-0.00125));
#4774=CARTESIAN_POINT('',(0.00122474487139159,0.0165,-0.00125));
#4775=CARTESIAN_POINT('',(0.00122474487139159,0.0305,-0.00125));
#4776=CARTESIAN_POINT('',(0.,-0.046,0.));
#4777=CARTESIAN_POINT('',(-0.001,-0.046,0.005));
#4778=CARTESIAN_POINT('',(-0.003,-0.046,0.086));
#4779=CARTESIAN_POINT('',(0.,0.046,0.));
#4780=CARTESIAN_POINT('',(1.50682789661383E-20,0.046,0.00299999999999996));
#4781=CARTESIAN_POINT('',(4.42002849673396E-19,0.046,0.088));
#4782=CARTESIAN_POINT('',(-0.005,0.0305,0.094));
#4783=CARTESIAN_POINT('',(-0.005,0.0305,0.088));
#4784=CARTESIAN_POINT('',(-0.005,0.046,0.088));
#4785=CARTESIAN_POINT('',(-0.005,0.0305,-0.003));
#4786=CARTESIAN_POINT('',(-0.005,0.0305,0.003));
#4787=CARTESIAN_POINT('',(-0.005,0.046,0.00299999999999996));
#4788=CARTESIAN_POINT('',(-0.005,-0.0275,0.094));
#4789=CARTESIAN_POINT('',(-0.005,-0.0275,0.088));
#4790=CARTESIAN_POINT('',(-0.005,-0.046,0.088));
#4791=CARTESIAN_POINT('',(-0.001,-0.044,0.088));
#4792=CARTESIAN_POINT('',(-0.005,-0.0275,-0.003));
#4793=CARTESIAN_POINT('',(-0.005,-0.0275,0.003));
#4794=CARTESIAN_POINT('',(-0.005,-0.046,0.003));
#4795=CARTESIAN_POINT('',(-0.003,-0.044,0.003));
#4796=CARTESIAN_POINT('',(-0.005,-0.0135,0.003));
#4797=CARTESIAN_POINT('',(-0.005,-0.0135,0.003));
#4798=CARTESIAN_POINT('',(-0.005,0.0165,0.003));
#4799=CARTESIAN_POINT('',(-0.005,-0.0135,-0.003));
#4800=CARTESIAN_POINT('',(-0.005,0.0165,-0.003));
#4801=CARTESIAN_POINT('',(-0.005,-0.0135,0.094));
#4802=CARTESIAN_POINT('',(-0.005,-0.0135,0.088));
#4803=CARTESIAN_POINT('',(-0.005,0.0165,0.094));
#4804=CARTESIAN_POINT('',(-0.005,0.0165,0.088));
#4805=CARTESIAN_POINT('',(-0.005,-0.0135,0.088));
#4806=CARTESIAN_POINT('',(-0.005,-0.044,0.005));
#4807=CARTESIAN_POINT('',(-0.005,-0.044,0.086));
#4808=CARTESIAN_POINT('',(-0.002,0.00275052083333332,0.043423125));
#4809=CARTESIAN_POINT('',(-0.003,0.00275052083333332,0.043423125));
#4810=CARTESIAN_POINT('',(-0.00266666666666667,0.00275052083333332,0.043423125));
#4811=CARTESIAN_POINT('',(-0.00233333333333333,0.00275052083333332,0.043423125));
#4812=CARTESIAN_POINT('',(-0.002,0.00275052083333332,0.043423125));
#4813=CARTESIAN_POINT('',(-0.002,0.00275052083333332,0.043423125));
#4814=CARTESIAN_POINT('',(-0.002,0.00275052083333332,0.043423125));
#4815=CARTESIAN_POINT('',(-0.002,0.00495333333333332,0.0443097916666667));
#4816=CARTESIAN_POINT('',(-0.002,0.00495333333333332,0.0443097916666667));
#4817=CARTESIAN_POINT('',(-0.00233333333333333,0.00495333333333332,0.0443097916666667));
#4818=CARTESIAN_POINT('',(-0.00266666666666667,0.00495333333333332,0.0443097916666667));
#4819=CARTESIAN_POINT('',(-0.003,0.00495333333333332,0.0443097916666667));
#4820=CARTESIAN_POINT('',(-0.0019999999972567,0.0230059398419338,0.0449228044815584));
#4821=CARTESIAN_POINT('',(-0.00199999999999979,0.00494312499999999,0.0449252083333333));
#4822=CARTESIAN_POINT('',(-0.00199999999999992,0.0049438701688437,0.0447699220164961));
#4823=CARTESIAN_POINT('',(-0.00200000000000001,0.00494492405585686,0.0446312748759483));
#4824=CARTESIAN_POINT('',(-0.00200000000000001,0.00494731981040787,0.0445436070260857));
#4825=CARTESIAN_POINT('',(-0.00200000000000001,0.00495103120235958,0.0443973145012044));
#4826=CARTESIAN_POINT('',(-0.00200000000000001,0.00495333333333333,0.0443097916666667));
#4827=CARTESIAN_POINT('',(-0.002,0.004943125,0.0449252083333333));
#4828=CARTESIAN_POINT('',(-0.002,0.00494322599611034,0.0449252083198925));
#4829=CARTESIAN_POINT('',(-0.00233333333333333,0.00494322599611034,0.0449252083198925));
#4830=CARTESIAN_POINT('',(-0.00266666666666667,0.00494322599611034,0.0449252083198925));
#4831=CARTESIAN_POINT('',(-0.003,0.00494322599611034,0.0449252083198925));
#4832=CARTESIAN_POINT('',(-0.0019999999972567,0.0213725451026429,0.0449131771776893));
#4833=CARTESIAN_POINT('',(-0.00199999999999885,0.00495333333333333,0.0454997916666667));
#4834=CARTESIAN_POINT('',(-0.00199999999999902,0.00495100104291257,0.0454141162164044));
#4835=CARTESIAN_POINT('',(-0.0019999999999993,0.00494725778382301,0.0452725132590281));
#4836=CARTESIAN_POINT('',(-0.00199999999999944,0.00494515146606356,0.0452049324139584));
#4837=CARTESIAN_POINT('',(-0.00199999999999962,0.00494390412045134,0.045070687605869));
#4838=CARTESIAN_POINT('',(-0.00199999999999979,0.00494312499999999,0.0449252083333333));
#4839=CARTESIAN_POINT('',(-0.002,0.00495333333333332,0.0454997916666667));
#4840=CARTESIAN_POINT('',(-0.003,0.00495333333333332,0.0454997916666667));
#4841=CARTESIAN_POINT('',(-0.00266666666666667,0.00495333333333332,0.0454997916666667));
#4842=CARTESIAN_POINT('',(-0.00233333333333333,0.00495333333333332,0.0454997916666667));
#4843=CARTESIAN_POINT('',(-0.002,0.00495333333333332,0.0454997916666667));
#4844=CARTESIAN_POINT('',(-0.002,0.00495333333333332,0.0454997916666667));
#4845=CARTESIAN_POINT('',(-0.002,0.00495333333333332,0.0454997916666667));
#4846=CARTESIAN_POINT('',(-0.002,0.00481333333333332,0.0455151041666667));
#4847=CARTESIAN_POINT('',(-0.002,0.00481333333333332,0.0455151041666667));
#4848=CARTESIAN_POINT('',(-0.002,0.00481333333333332,0.0455151041666667));
#4849=CARTESIAN_POINT('',(-0.002,0.00481333333333332,0.0455151041666667));
#4850=CARTESIAN_POINT('',(-0.002,0.00471708333333332,0.0451775));
#4851=CARTESIAN_POINT('',(-0.002,0.00471708333333332,0.0451775));
#4852=CARTESIAN_POINT('',(-0.00233333333333333,0.00471708333333332,0.0451775));
#4853=CARTESIAN_POINT('',(-0.00266666666666667,0.00471708333333332,0.0451775));
#4854=CARTESIAN_POINT('',(-0.003,0.00471708333333332,0.0451775));
#4855=CARTESIAN_POINT('',(-0.0019999999972567,0.00464077619309942,0.0451983014782903));
#4856=CARTESIAN_POINT('',(-0.00200000000001107,0.00463541666666666,0.0451184375));
#4857=CARTESIAN_POINT('',(-0.00200000000000934,0.00468167223629325,0.0451240024987359));
#4858=CARTESIAN_POINT('',(-0.00200000000000863,0.00470047154581098,0.045134903999536));
#4859=CARTESIAN_POINT('',(-0.00200000000000797,0.00471708333333332,0.0451775));
#4860=CARTESIAN_POINT('',(-0.002,0.00463541666666666,0.0451184375));
#4861=CARTESIAN_POINT('',(-0.002,0.00463548899139194,0.0451195152333338));
#4862=CARTESIAN_POINT('',(-0.00233333333333333,0.00463548899139194,0.0451195152333338));
#4863=CARTESIAN_POINT('',(-0.00266666666666667,0.00463548899139194,0.0451195152333338));
#4864=CARTESIAN_POINT('',(-0.003,0.00463548899139194,0.0451195152333338));
#4865=CARTESIAN_POINT('',(-0.0019999999972567,0.00424626031199542,0.059575093128176));
#4866=CARTESIAN_POINT('',(-0.00200000000002637,0.00422489583333333,0.0451133333333333));
#4867=CARTESIAN_POINT('',(-0.0020000000000214,0.00435815218096712,0.0451128154981137));
#4868=CARTESIAN_POINT('',(-0.0020000000000163,0.0044949924587449,0.0451145168870026));
#4869=CARTESIAN_POINT('',(-0.00200000000001107,0.00463541666666666,0.0451184375));
#4870=CARTESIAN_POINT('',(-0.002,0.00422489583333333,0.0451133333333333));
#4871=CARTESIAN_POINT('',(-0.003,0.00422489583333333,0.0451133333333333));
#4872=CARTESIAN_POINT('',(-0.00266666666666667,0.00422489583333333,0.0451133333333333));
#4873=CARTESIAN_POINT('',(-0.00233333333333333,0.00422489583333333,0.0451133333333333));
#4874=CARTESIAN_POINT('',(-0.002,0.00422489583333333,0.0451133333333333));
#4875=CARTESIAN_POINT('',(-0.002,0.00422489583333333,0.0451133333333333));
#4876=CARTESIAN_POINT('',(-0.002,0.00422489583333333,0.0451133333333333));
#4877=CARTESIAN_POINT('',(-0.002,0.00225395833333332,0.0451133333333333));
#4878=CARTESIAN_POINT('',(-0.002,0.00225395833333333,0.0451133333333333));
#4879=CARTESIAN_POINT('',(-0.00233333333333333,0.00225395833333333,0.0451133333333333));
#4880=CARTESIAN_POINT('',(-0.00266666666666667,0.00225395833333333,0.0451133333333333));
#4881=CARTESIAN_POINT('',(-0.003,0.00225395833333333,0.0451133333333333));
#4882=CARTESIAN_POINT('',(-0.0019999999972567,0.00223243202135316,0.0661984006352366));
#4883=CARTESIAN_POINT('',(-0.00200000000011813,0.00176177083333333,0.0451184375));
#4884=CARTESIAN_POINT('',(-0.00200000000011176,0.00193281981938558,0.0451145210813205));
#4885=CARTESIAN_POINT('',(-0.00200000000010565,0.00209688231938558,0.0451128196924316));
#4886=CARTESIAN_POINT('',(-0.0020000000000998,0.00225395833333333,0.0451133333333333));
#4887=CARTESIAN_POINT('',(-0.002,0.00176177083333332,0.0451184375));
#4888=CARTESIAN_POINT('',(-0.002,0.00176177044068881,0.0451184199142459));
#4889=CARTESIAN_POINT('',(-0.00233333333333333,0.00176177044068881,0.0451184199142459));
#4890=CARTESIAN_POINT('',(-0.00266666666666667,0.00176177044068881,0.0451184199142459));
#4891=CARTESIAN_POINT('',(-0.003,0.00176177044068881,0.0451184199142459));
#4892=CARTESIAN_POINT('',(-0.0019999999972567,0.00176577421720264,0.0451996240991331));
#4893=CARTESIAN_POINT('',(-0.00200000000012094,0.00168447916666666,0.0451847916666667));
#4894=CARTESIAN_POINT('',(-0.00200000000012037,0.00170092782964101,0.0451417282097796));
#4895=CARTESIAN_POINT('',(-0.00200000000011976,0.00171773036914341,0.0451236394383917));
#4896=CARTESIAN_POINT('',(-0.00200000000011813,0.00176177083333333,0.0451184375));
#4897=CARTESIAN_POINT('',(-0.002,0.00168447916666666,0.0451847916666667));
#4898=CARTESIAN_POINT('',(-0.003,0.00168447916666666,0.0451847916666667));
#4899=CARTESIAN_POINT('',(-0.00266666666666667,0.00168447916666666,0.0451847916666667));
#4900=CARTESIAN_POINT('',(-0.00233333333333333,0.00168447916666666,0.0451847916666667));
#4901=CARTESIAN_POINT('',(-0.002,0.00168447916666666,0.0451847916666667));
#4902=CARTESIAN_POINT('',(-0.002,0.00168447916666666,0.0451847916666667));
#4903=CARTESIAN_POINT('',(-0.002,0.00168447916666666,0.0451847916666667));
#4904=CARTESIAN_POINT('',(-0.002,0.00159333333333332,0.0455048958333333));
#4905=CARTESIAN_POINT('',(-0.002,0.00159333333333332,0.0455048958333333));
#4906=CARTESIAN_POINT('',(-0.002,0.00159333333333332,0.0455048958333333));
#4907=CARTESIAN_POINT('',(-0.002,0.00159333333333332,0.0455048958333333));
#4908=CARTESIAN_POINT('',(-0.002,0.00145333333333332,0.0455151041666667));
#4909=CARTESIAN_POINT('',(-0.002,0.00145333333333332,0.0455151041666666));
#4910=CARTESIAN_POINT('',(-0.00233333333333333,0.00145333333333332,0.0455151041666666));
#4911=CARTESIAN_POINT('',(-0.00266666666666667,0.00145333333333332,0.0455151041666666));
#4912=CARTESIAN_POINT('',(-0.003,0.00145333333333332,0.0455151041666666));
#4913=CARTESIAN_POINT('',(-0.0019999999972567,-0.04470809905138,0.0447005960058683));
#4914=CARTESIAN_POINT('',(-0.00200000000012973,0.00146062499999999,0.0447290625));
#4915=CARTESIAN_POINT('',(-0.00200000000012948,0.00145988476555133,0.0450126442377789));
#4916=CARTESIAN_POINT('',(-0.00200000000012931,0.00145745420999577,0.0452746581266678));
#4917=CARTESIAN_POINT('',(-0.00200000000012923,0.00145333333333333,0.0455151041666667));
#4918=CARTESIAN_POINT('',(-0.002,0.001460625,0.0447290625));
#4919=CARTESIAN_POINT('',(-0.002,0.00146054437731671,0.0447290624502901));
#4920=CARTESIAN_POINT('',(-0.00233333333333333,0.00146054437731671,0.04472906245029));
#4921=CARTESIAN_POINT('',(-0.00266666666666667,0.00146054437731671,0.04472906245029));
#4922=CARTESIAN_POINT('',(-0.003,0.00146054437731671,0.0447290624502901));
#4923=CARTESIAN_POINT('',(-0.0019999999972567,-0.032093156153965,0.0447154997916105));
#4924=CARTESIAN_POINT('',(-0.00200000000013069,0.00145333333333333,0.0440276041666667));
#4925=CARTESIAN_POINT('',(-0.00200000000013034,0.0014574734995628,0.0442248836010671));
#4926=CARTESIAN_POINT('',(-0.00200000000013002,0.00145990405511835,0.0444587030455116));
#4927=CARTESIAN_POINT('',(-0.00200000000012973,0.00146062499999999,0.0447290625));
#4928=CARTESIAN_POINT('',(-0.002,0.00145333333333332,0.0440276041666667));
#4929=CARTESIAN_POINT('',(-0.003,0.00145333333333332,0.0440276041666667));
#4930=CARTESIAN_POINT('',(-0.00266666666666667,0.00145333333333332,0.0440276041666667));
#4931=CARTESIAN_POINT('',(-0.00233333333333333,0.00145333333333332,0.0440276041666667));
#4932=CARTESIAN_POINT('',(-0.002,0.00145333333333332,0.0440276041666667));
#4933=CARTESIAN_POINT('',(-0.002,0.00145333333333332,0.0440276041666667));
#4934=CARTESIAN_POINT('',(-0.002,0.00145333333333332,0.0440276041666667));
#4935=CARTESIAN_POINT('',(-0.002,0.00159333333333332,0.0440152083333333));
#4936=CARTESIAN_POINT('',(-0.002,0.00159333333333332,0.0440152083333333));
#4937=CARTESIAN_POINT('',(-0.002,0.00159333333333332,0.0440152083333333));
#4938=CARTESIAN_POINT('',(-0.002,0.00159333333333332,0.0440152083333333));
#4939=CARTESIAN_POINT('',(-0.002,0.00168010416666666,0.044298125));
#4940=CARTESIAN_POINT('',(-0.002,0.00168010416666665,0.044298125));
#4941=CARTESIAN_POINT('',(-0.00233333333333333,0.00168010416666665,0.044298125));
#4942=CARTESIAN_POINT('',(-0.00266666666666667,0.00168010416666665,0.044298125));
#4943=CARTESIAN_POINT('',(-0.003,0.00168010416666665,0.044298125));
#4944=CARTESIAN_POINT('',(-0.0019999999972567,0.00175931277488043,0.0442768283755339));
#4945=CARTESIAN_POINT('',(-0.0020000000001186,0.00176906249999999,0.044359375));
#4946=CARTESIAN_POINT('',(-0.00200000000012048,0.00171881278001728,0.0443553778839457));
#4947=CARTESIAN_POINT('',(-0.00200000000012126,0.00169817461962005,0.0443442784104587));
#4948=CARTESIAN_POINT('',(-0.00200000000012198,0.00168010416666666,0.044298125));
#4949=CARTESIAN_POINT('',(-0.002,0.00176906249999999,0.044359375));
#4950=CARTESIAN_POINT('',(-0.003,0.00176904126055096,0.0443608683567308));
#4951=CARTESIAN_POINT('',(-0.00266666666666667,0.00176904126055096,0.0443608683567308));
#4952=CARTESIAN_POINT('',(-0.00233333333333333,0.00176904126055096,0.0443608683567308));
#4953=CARTESIAN_POINT('',(-0.002,0.00176904126055096,0.0443608683567308));
#4954=CARTESIAN_POINT('',(-0.00199999999739702,0.00201221819915212,0.0443643269705274));
#4955=CARTESIAN_POINT('',(-0.002,0.00176904126055096,0.0443608683567308));
#4956=CARTESIAN_POINT('',(-0.002,0.00193116109089652,0.0443631741258764));
#4957=CARTESIAN_POINT('',(-0.002,0.00209328092124207,0.0443654798950219));
#4958=CARTESIAN_POINT('',(-0.002,0.00225540075158763,0.0443677856641674));
#4959=CARTESIAN_POINT('',(-0.002,0.00225541666666666,0.0443666666666667));
#4960=CARTESIAN_POINT('',(-0.002,0.00225540075158763,0.0443677856641674));
#4961=CARTESIAN_POINT('',(-0.00233333333333333,0.00225540075158763,0.0443677856641674));
#4962=CARTESIAN_POINT('',(-0.00266666666666667,0.00225540075158763,0.0443677856641674));
#4963=CARTESIAN_POINT('',(-0.003,0.00225540075158763,0.0443677856641674));
#4964=CARTESIAN_POINT('',(-0.002,0.00225541666666666,0.0443666666666667));
#4965=CARTESIAN_POINT('',(-0.002,0.00225541666666666,0.0443666666666667));
#4966=CARTESIAN_POINT('',(-0.002,0.00384208333333332,0.0443666666666667));
#4967=CARTESIAN_POINT('',(-0.002,0.00384208333333332,0.0443666666666667));
#4968=CARTESIAN_POINT('',(-0.00233333333333333,0.00384208333333332,0.0443666666666666));
#4969=CARTESIAN_POINT('',(-0.00266666666666667,0.00384208333333332,0.0443666666666666));
#4970=CARTESIAN_POINT('',(-0.003,0.00384208333333332,0.0443666666666667));
#4971=CARTESIAN_POINT('',(-0.0019999999972567,0.00339986718548676,0.0879306732654349));
#4972=CARTESIAN_POINT('',(-0.00200000000002296,0.00433572916666666,0.0443739583333333));
#4973=CARTESIAN_POINT('',(-0.00200000000002909,0.00417118055555555,0.0443715277777778));
#4974=CARTESIAN_POINT('',(-0.00200000000003523,0.00400663194444444,0.0443690972222222));
#4975=CARTESIAN_POINT('',(-0.00200000000004136,0.00384208333333332,0.0443666666666667));
#4976=CARTESIAN_POINT('',(-0.002,0.00433572916666666,0.0443739583333334));
#4977=CARTESIAN_POINT('',(-0.002,0.00433572441641378,0.0443741794187259));
#4978=CARTESIAN_POINT('',(-0.00233333333333333,0.00433572441641378,0.0443741794187259));
#4979=CARTESIAN_POINT('',(-0.00266666666666667,0.00433572441641378,0.0443741794187259));
#4980=CARTESIAN_POINT('',(-0.003,0.00433572441641378,0.0443741794187259));
#4981=CARTESIAN_POINT('',(-0.0019999999972567,0.0143977061532651,0.0184694917127656));
#4982=CARTESIAN_POINT('',(-0.00200000000003971,0.00389093749999999,0.0441967708333333));
#4983=CARTESIAN_POINT('',(-0.0020000000000341,0.00403971745218791,0.0442571389595373));
#4984=CARTESIAN_POINT('',(-0.00200000000002852,0.0041879813410768,0.0443162014595373));
#4985=CARTESIAN_POINT('',(-0.00200000000002296,0.00433572916666666,0.0443739583333333));
#4986=CARTESIAN_POINT('',(-0.002,0.00389093749999999,0.0441967708333334));
#4987=CARTESIAN_POINT('',(-0.003,0.00389093749999999,0.0441967708333334));
#4988=CARTESIAN_POINT('',(-0.00266666666666667,0.00389093749999999,0.0441967708333334));
#4989=CARTESIAN_POINT('',(-0.00233333333333333,0.00389093749999999,0.0441967708333334));
#4990=CARTESIAN_POINT('',(-0.002,0.00389093749999999,0.0441967708333334));
#4991=CARTESIAN_POINT('',(-0.002,0.00389093749999999,0.0441967708333334));
#4992=CARTESIAN_POINT('',(-0.002,0.00389093749999999,0.0441967708333334));
#4993=CARTESIAN_POINT('',(-0.002,0.00145333333333332,0.0432175));
#4994=CARTESIAN_POINT('',(-0.002,0.00145333333333332,0.0432175));
#4995=CARTESIAN_POINT('',(-0.002,0.00145333333333332,0.0432175));
#4996=CARTESIAN_POINT('',(-0.002,0.00145333333333332,0.0432175));
#4997=CARTESIAN_POINT('',(-0.002,0.00143364583333332,0.0429958333333334));
#4998=CARTESIAN_POINT('',(-0.002,0.00143364583333332,0.0429958333333334));
#4999=CARTESIAN_POINT('',(-0.002,0.00143364583333332,0.0429958333333334));
#5000=CARTESIAN_POINT('',(-0.002,0.00143364583333332,0.0429958333333334));
#5001=CARTESIAN_POINT('',(-0.002,0.00380052083333332,0.0420610416666667));
#5002=CARTESIAN_POINT('',(-0.002,0.00380052083333332,0.0420610416666667));
#5003=CARTESIAN_POINT('',(-0.00233333333333333,0.00380052083333332,0.0420610416666667));
#5004=CARTESIAN_POINT('',(-0.00266666666666667,0.00380052083333332,0.0420610416666667));
#5005=CARTESIAN_POINT('',(-0.003,0.00380052083333332,0.0420610416666667));
#5006=CARTESIAN_POINT('',(-0.0019999999972567,0.00751160229639609,0.0511601532377912));
#5007=CARTESIAN_POINT('',(-0.00200000000002847,0.00425333333333333,0.0418889583333333));
#5008=CARTESIAN_POINT('',(-0.00200000000003465,0.00408577048653799,0.0419484911992087));
#5009=CARTESIAN_POINT('',(-0.00200000000004022,0.00393483298653799,0.0420058523103198));
#5010=CARTESIAN_POINT('',(-0.00200000000004517,0.00380052083333332,0.0420610416666667));
#5011=CARTESIAN_POINT('',(-0.002,0.00425333333333333,0.0418889583333334));
#5012=CARTESIAN_POINT('',(-0.003,0.0042533350892091,0.0418891260640627));
#5013=CARTESIAN_POINT('',(-0.00266666666666667,0.0042533350892091,0.0418891260640627));
#5014=CARTESIAN_POINT('',(-0.00233333333333333,0.0042533350892091,0.0418891260640627));
#5015=CARTESIAN_POINT('',(-0.002,0.0042533350892091,0.0418891260640627));
#5016=CARTESIAN_POINT('',(-0.00199999999739702,0.00402146097430831,0.0418915534197637));
#5017=CARTESIAN_POINT('',(-0.002,0.0042533350892091,0.0418891260640627));
#5018=CARTESIAN_POINT('',(-0.002,0.0040987534296972,0.0418907442898515));
#5019=CARTESIAN_POINT('',(-0.002,0.0039441717701853,0.0418923625156402));
#5020=CARTESIAN_POINT('',(-0.002,0.0037895901106734,0.041893980741429));
#5021=CARTESIAN_POINT('',(-0.002,0.00378958333333332,0.0418933333333334));
#5022=CARTESIAN_POINT('',(-0.002,0.0037895901106734,0.041893980741429));
#5023=CARTESIAN_POINT('',(-0.00233333333333333,0.0037895901106734,0.041893980741429));
#5024=CARTESIAN_POINT('',(-0.00266666666666667,0.0037895901106734,0.041893980741429));
#5025=CARTESIAN_POINT('',(-0.003,0.0037895901106734,0.041893980741429));
#5026=CARTESIAN_POINT('',(-0.002,0.00378958333333332,0.0418933333333334));
#5027=CARTESIAN_POINT('',(-0.002,0.00378958333333332,0.0418933333333334));
#5028=CARTESIAN_POINT('',(-0.002,0.00225541666666666,0.0418933333333334));
#5029=CARTESIAN_POINT('',(-0.002,0.00225541666666666,0.0418933333333334));
#5030=CARTESIAN_POINT('',(-0.00233333333333333,0.00225541666666666,0.0418933333333334));
#5031=CARTESIAN_POINT('',(-0.00266666666666667,0.00225541666666666,0.0418933333333334));
#5032=CARTESIAN_POINT('',(-0.003,0.00225541666666666,0.0418933333333334));
#5033=CARTESIAN_POINT('',(-0.0019999999972567,0.00223042780035924,0.0622174060545436));
#5034=CARTESIAN_POINT('',(-0.00200000000012101,0.00176906249999999,0.0418984375));
#5035=CARTESIAN_POINT('',(-0.00200000000011482,0.00193548468906556,0.0418945150283849));
#5036=CARTESIAN_POINT('',(-0.00200000000010878,0.00209760274462111,0.041892813639496));
#5037=CARTESIAN_POINT('',(-0.0020000000001029,0.00225541666666666,0.0418933333333333));
#5038=CARTESIAN_POINT('',(-0.002,0.00176906249999999,0.0418984375));
#5039=CARTESIAN_POINT('',(-0.002,0.0017690618362692,0.0418984082686601));
#5040=CARTESIAN_POINT('',(-0.00233333333333333,0.0017690618362692,0.0418984082686601));
#5041=CARTESIAN_POINT('',(-0.00266666666666667,0.0017690618362692,0.0418984082686601));
#5042=CARTESIAN_POINT('',(-0.003,0.0017690618362692,0.0418984082686601));
#5043=CARTESIAN_POINT('',(-0.0019999999972567,0.00176169921792633,0.0419831708093785));
#5044=CARTESIAN_POINT('',(-0.00200000000012426,0.00168010416666666,0.0419626041666667));
#5045=CARTESIAN_POINT('',(-0.00200000000012365,0.00169773097940608,0.0419164331843172));
#5046=CARTESIAN_POINT('',(-0.00200000000012294,0.00171729480105252,0.0419037018635643));
#5047=CARTESIAN_POINT('',(-0.00200000000012101,0.00176906249999999,0.0418984375));
#5048=CARTESIAN_POINT('',(-0.002,0.00168010416666666,0.0419626041666667));
#5049=CARTESIAN_POINT('',(-0.003,0.00168010416666666,0.0419626041666667));
#5050=CARTESIAN_POINT('',(-0.00266666666666667,0.00168010416666666,0.0419626041666667));
#5051=CARTESIAN_POINT('',(-0.00233333333333333,0.00168010416666666,0.0419626041666667));
#5052=CARTESIAN_POINT('',(-0.002,0.00168010416666666,0.0419626041666667));
#5053=CARTESIAN_POINT('',(-0.002,0.00168010416666666,0.0419626041666667));
#5054=CARTESIAN_POINT('',(-0.002,0.00168010416666666,0.0419626041666667));
#5055=CARTESIAN_POINT('',(-0.002,0.00159333333333332,0.042233125));
#5056=CARTESIAN_POINT('',(-0.002,0.00159333333333332,0.042233125));
#5057=CARTESIAN_POINT('',(-0.002,0.00159333333333332,0.042233125));
#5058=CARTESIAN_POINT('',(-0.002,0.00159333333333332,0.042233125));
#5059=CARTESIAN_POINT('',(-0.002,0.00145333333333332,0.0422404166666666));
#5060=CARTESIAN_POINT('',(-0.002,0.00145333333333332,0.0422404166666667));
#5061=CARTESIAN_POINT('',(-0.00233333333333333,0.00145333333333332,0.0422404166666667));
#5062=CARTESIAN_POINT('',(-0.00266666666666667,0.00145333333333332,0.0422404166666667));
#5063=CARTESIAN_POINT('',(-0.003,0.00145333333333332,0.0422404166666667));
#5064=CARTESIAN_POINT('',(-0.0019999999972567,-0.0251982989909747,0.0415972789244439));
#5065=CARTESIAN_POINT('',(-0.00200000000013267,0.00146062499999999,0.0417336458333333));
#5066=CARTESIAN_POINT('',(-0.00200000000013255,0.00145983811684883,0.0418828781318413));
#5067=CARTESIAN_POINT('',(-0.00200000000013247,0.00145740756129328,0.0420518017429525));
#5068=CARTESIAN_POINT('',(-0.00200000000013244,0.00145333333333333,0.0422404166666667));
#5069=CARTESIAN_POINT('',(-0.002,0.001460625,0.0417336458333333));
#5070=CARTESIAN_POINT('',(-0.002,0.00146066912140823,0.0417336460590251));
#5071=CARTESIAN_POINT('',(-0.00233333333333333,0.00146066912140823,0.0417336460590251));
#5072=CARTESIAN_POINT('',(-0.00266666666666667,0.00146066912140823,0.0417336460590251));
#5073=CARTESIAN_POINT('',(-0.003,0.00146066912140823,0.0417336460590251));
#5074=CARTESIAN_POINT('',(-0.0019999999972567,-0.035726300677275,0.0419545357570368));
#5075=CARTESIAN_POINT('',(-0.00200000000013348,0.00145333333333333,0.0411780208333333));
#5076=CARTESIAN_POINT('',(-0.00200000000013312,0.00145737899770047,0.0413969140264483));
#5077=CARTESIAN_POINT('',(-0.00200000000013284,0.00145980955325602,0.0415821223597817));
#5078=CARTESIAN_POINT('',(-0.00200000000013267,0.00146062499999999,0.0417336458333333));
#5079=CARTESIAN_POINT('',(-0.002,0.00145333333333332,0.0411780208333333));
#5080=CARTESIAN_POINT('',(-0.003,0.00145333333333332,0.0411780208333333));
#5081=CARTESIAN_POINT('',(-0.00266666666666667,0.00145333333333332,0.0411780208333333));
#5082=CARTESIAN_POINT('',(-0.00233333333333333,0.00145333333333332,0.0411780208333333));
#5083=CARTESIAN_POINT('',(-0.002,0.00145333333333332,0.0411780208333333));
#5084=CARTESIAN_POINT('',(-0.002,0.00145333333333332,0.0411780208333333));
#5085=CARTESIAN_POINT('',(-0.002,0.00145333333333332,0.0411780208333333));
#5086=CARTESIAN_POINT('',(-0.002,0.00159333333333332,0.041165625));
#5087=CARTESIAN_POINT('',(-0.002,0.00159333333333332,0.041165625));
#5088=CARTESIAN_POINT('',(-0.002,0.00159333333333332,0.041165625));
#5089=CARTESIAN_POINT('',(-0.002,0.00159333333333332,0.041165625));
#5090=CARTESIAN_POINT('',(-0.002,0.00168447916666666,0.0414952083333334));
#5091=CARTESIAN_POINT('',(-0.002,0.00168447916666665,0.0414952083333333));
#5092=CARTESIAN_POINT('',(-0.00233333333333333,0.00168447916666665,0.0414952083333333));
#5093=CARTESIAN_POINT('',(-0.00266666666666667,0.00168447916666665,0.0414952083333333));
#5094=CARTESIAN_POINT('',(-0.003,0.00168447916666665,0.0414952083333333));
#5095=CARTESIAN_POINT('',(-0.0019999999972567,0.00176563829134667,0.041481376599557));
#5096=CARTESIAN_POINT('',(-0.00200000000012161,0.00176177083333333,0.0415622916666667));
#5097=CARTESIAN_POINT('',(-0.00200000000012324,0.0017183423964649,0.0415571645087801));
#5098=CARTESIAN_POINT('',(-0.00200000000012391,0.00170076345843318,0.0415395342631075));
#5099=CARTESIAN_POINT('',(-0.00200000000012456,0.00168447916666666,0.0414952083333333));
#5100=CARTESIAN_POINT('',(-0.002,0.00176177083333332,0.0415622916666667));
#5101=CARTESIAN_POINT('',(-0.002,0.00176176138468614,0.0415624893515332));
#5102=CARTESIAN_POINT('',(-0.00233333333333333,0.00176176138468614,0.0415624893515332));
#5103=CARTESIAN_POINT('',(-0.00266666666666667,0.00176176138468614,0.0415624893515332));
#5104=CARTESIAN_POINT('',(-0.003,0.00176176138468614,0.0415624893515332));
#5105=CARTESIAN_POINT('',(-0.0019999999972567,0.00216101039774657,0.0234912355301872));
#5106=CARTESIAN_POINT('',(-0.00200000000010327,0.00225395833333333,0.0415666666666667));
#5107=CARTESIAN_POINT('',(-0.00200000000011027,0.0020661415205428,0.0415668986663404));
#5108=CARTESIAN_POINT('',(-0.00200000000011638,0.0019020790205428,0.0415654403330071));
#5109=CARTESIAN_POINT('',(-0.00200000000012161,0.00176177083333333,0.0415622916666667));
#5110=CARTESIAN_POINT('',(-0.002,0.00225395833333332,0.0415666666666667));
#5111=CARTESIAN_POINT('',(-0.003,0.00225395833333332,0.0415666666666667));
#5112=CARTESIAN_POINT('',(-0.00266666666666667,0.00225395833333332,0.0415666666666667));
#5113=CARTESIAN_POINT('',(-0.00233333333333333,0.00225395833333332,0.0415666666666667));
#5114=CARTESIAN_POINT('',(-0.002,0.00225395833333332,0.0415666666666667));
#5115=CARTESIAN_POINT('',(-0.002,0.00225395833333332,0.0415666666666667));
#5116=CARTESIAN_POINT('',(-0.002,0.00225395833333332,0.0415666666666667));
#5117=CARTESIAN_POINT('',(-0.002,0.00422489583333333,0.0415666666666667));
#5118=CARTESIAN_POINT('',(-0.002,0.00422489583333332,0.0415666666666667));
#5119=CARTESIAN_POINT('',(-0.00233333333333333,0.00422489583333332,0.0415666666666667));
#5120=CARTESIAN_POINT('',(-0.00266666666666667,0.00422489583333332,0.0415666666666667));
#5121=CARTESIAN_POINT('',(-0.003,0.00422489583333332,0.0415666666666667));
#5122=CARTESIAN_POINT('',(-0.0019999999972567,0.0043041628957944,0.0290915114186103));
#5123=CARTESIAN_POINT('',(-0.00200000000001455,0.00463541666666666,0.0415622916666667));
#5124=CARTESIAN_POINT('',(-0.00200000000001883,0.0045204205590792,0.0415654407925625));
#5125=CARTESIAN_POINT('',(-0.00200000000002393,0.00438358028130142,0.0415668991258959));
#5126=CARTESIAN_POINT('',(-0.00200000000002984,0.00422489583333333,0.0415666666666667));
#5127=CARTESIAN_POINT('',(-0.002,0.00463541666666666,0.0415622916666667));
#5128=CARTESIAN_POINT('',(-0.002,0.00463541933567734,0.041562392147472));
#5129=CARTESIAN_POINT('',(-0.00233333333333333,0.00463541933567734,0.041562392147472));
#5130=CARTESIAN_POINT('',(-0.00266666666666667,0.00463541933567734,0.041562392147472));
#5131=CARTESIAN_POINT('',(-0.003,0.00463541933567734,0.041562392147472));
#5132=CARTESIAN_POINT('',(-0.0019999999972567,0.00464077619309942,0.0414824276883764));
#5133=CARTESIAN_POINT('',(-0.00200000000001157,0.00471708333333332,0.0415032291666667));
#5134=CARTESIAN_POINT('',(-0.00200000000001213,0.00470079731260532,0.04154498983484));
#5135=CARTESIAN_POINT('',(-0.0020000000000128,0.00468267461736894,0.0415566060716552));
#5136=CARTESIAN_POINT('',(-0.00200000000001455,0.00463541666666666,0.0415622916666667));
#5137=CARTESIAN_POINT('',(-0.002,0.00471708333333332,0.0415032291666666));
#5138=CARTESIAN_POINT('',(-0.003,0.00471708333333332,0.0415032291666666));
#5139=CARTESIAN_POINT('',(-0.00266666666666667,0.00471708333333332,0.0415032291666666));
#5140=CARTESIAN_POINT('',(-0.00233333333333333,0.00471708333333332,0.0415032291666666));
#5141=CARTESIAN_POINT('',(-0.002,0.00471708333333332,0.0415032291666666));
#5142=CARTESIAN_POINT('',(-0.002,0.00471708333333332,0.0415032291666666));
#5143=CARTESIAN_POINT('',(-0.002,0.00471708333333332,0.0415032291666666));
#5144=CARTESIAN_POINT('',(-0.002,0.00481333333333332,0.0411729166666666));
#5145=CARTESIAN_POINT('',(-0.002,0.00481333333333332,0.0411729166666666));
#5146=CARTESIAN_POINT('',(-0.002,0.00481333333333332,0.0411729166666666));
#5147=CARTESIAN_POINT('',(-0.002,0.00481333333333332,0.0411729166666666));
#5148=CARTESIAN_POINT('',(-0.002,0.00495333333333332,0.041165625));
#5149=CARTESIAN_POINT('',(-0.002,0.00495333333333332,0.041165625));
#5150=CARTESIAN_POINT('',(-0.00233333333333333,0.00495333333333332,0.041165625));
#5151=CARTESIAN_POINT('',(-0.00266666666666667,0.00495333333333332,0.041165625));
#5152=CARTESIAN_POINT('',(-0.003,0.00495333333333332,0.041165625));
#5153=CARTESIAN_POINT('',(-0.0019999999972567,0.0297310596640717,0.0419085410071744));
#5154=CARTESIAN_POINT('',(-0.00200000000000287,0.00494312499999999,0.0417795833333333));
#5155=CARTESIAN_POINT('',(-0.00200000000000297,0.00494285800514918,0.0416936564219125));
#5156=CARTESIAN_POINT('',(-0.00200000000000304,0.00494626078292696,0.0414890036441347));
#5157=CARTESIAN_POINT('',(-0.00200000000000309,0.00495333333333333,0.041165625));
#5158=CARTESIAN_POINT('',(-0.002,0.004943125,0.0417795833333333));
#5159=CARTESIAN_POINT('',(-0.002,0.00494290987861951,0.0417795822141778));
#5160=CARTESIAN_POINT('',(-0.00233333333333333,0.00494290987861951,0.0417795822141778));
#5161=CARTESIAN_POINT('',(-0.00266666666666667,0.00494290987861951,0.0417795822141778));
#5162=CARTESIAN_POINT('',(-0.003,0.00494290987861951,0.0417795822141778));
#5163=CARTESIAN_POINT('',(-0.0019999999972567,0.019294127338494,0.041812439722402));
#5164=CARTESIAN_POINT('',(-0.00200000000000193,0.00495333333333333,0.0423548958333333));
#5165=CARTESIAN_POINT('',(-0.00200000000000249,0.00494504828990488,0.0421007365198001));
#5166=CARTESIAN_POINT('',(-0.00200000000000259,0.00494384056177581,0.0420367158911919));
#5167=CARTESIAN_POINT('',(-0.00200000000000287,0.00494312499999999,0.0417795833333333));
#5168=CARTESIAN_POINT('',(-0.002,0.00495333333333332,0.0423548958333334));
#5169=CARTESIAN_POINT('',(-0.003,0.00495333333333332,0.0423548958333334));
#5170=CARTESIAN_POINT('',(-0.00266666666666667,0.00495333333333332,0.0423548958333334));
#5171=CARTESIAN_POINT('',(-0.00233333333333333,0.00495333333333332,0.0423548958333334));
#5172=CARTESIAN_POINT('',(-0.002,0.00495333333333332,0.0423548958333334));
#5173=CARTESIAN_POINT('',(-0.002,0.00495333333333332,0.0423548958333334));
#5174=CARTESIAN_POINT('',(-0.002,0.00495333333333332,0.0423548958333334));
#5175=CARTESIAN_POINT('',(-0.002,0.00275052083333332,0.0432175));
#5176=CARTESIAN_POINT('',(-0.002,0.00275052083333332,0.0432175));
#5177=CARTESIAN_POINT('',(-0.00233333333333333,0.00275052083333332,0.0432175));
#5178=CARTESIAN_POINT('',(-0.00266666666666667,0.00275052083333332,0.0432175));
#5179=CARTESIAN_POINT('',(-0.003,0.00275052083333332,0.0432175));
#5180=CARTESIAN_POINT('',(-0.0019999999972567,0.000594879924178771,0.0378901760000632));
#5181=CARTESIAN_POINT('',(-0.00200000000009311,0.00248072916666666,0.0433188541666667));
#5182=CARTESIAN_POINT('',(-0.00200000000008868,0.00260071242202855,0.0432763412004122));
#5183=CARTESIAN_POINT('',(-0.00200000000008757,0.00263077001308219,0.0432650261626649));
#5184=CARTESIAN_POINT('',(-0.00200000000008315,0.00275052083333333,0.0432175));
#5185=CARTESIAN_POINT('',(-0.002,0.00248072916666665,0.0433188541666666));
#5186=CARTESIAN_POINT('',(-0.002,0.00248070562005843,0.0433187863844945));
#5187=CARTESIAN_POINT('',(-0.00233333333333333,0.00248070562005843,0.0433187863844945));
#5188=CARTESIAN_POINT('',(-0.00266666666666667,0.00248070562005843,0.0433187863844945));
#5189=CARTESIAN_POINT('',(-0.003,0.00248070562005843,0.0433187863844945));
#5190=CARTESIAN_POINT('',(-0.0019999999972567,0.0153123354480154,0.0105185827803343));
#5191=CARTESIAN_POINT('',(-0.00200000000008295,0.00275052083333333,0.043423125));
#5192=CARTESIAN_POINT('',(-0.00200000000008634,0.00266059027777777,0.0433883680555555));
#5193=CARTESIAN_POINT('',(-0.00200000000008972,0.00257065972222222,0.0433536111111111));
#5194=CARTESIAN_POINT('',(-0.00200000000009311,0.00248072916666666,0.0433188541666667));
#5195=CARTESIAN_POINT('',(-0.002,0.00494560554215018,0.0446174574971661));
#5196=CARTESIAN_POINT('',(-0.002,0.00350666666666665,0.0458716666666667));
#5197=CARTESIAN_POINT('',(-0.002,0.00350666666666665,0.0458716666666667));
#5198=CARTESIAN_POINT('',(-0.002,0.00350666666666665,0.0458716666666667));
#5199=CARTESIAN_POINT('',(-0.002,0.00350666666666665,0.0458716666666667));
#5200=CARTESIAN_POINT('',(-0.002,0.00364666666666666,0.0458570833333333));
#5201=CARTESIAN_POINT('',(-0.002,0.00364666666666666,0.0458570833333334));
#5202=CARTESIAN_POINT('',(-0.00233333333333333,0.00364666666666666,0.0458570833333334));
#5203=CARTESIAN_POINT('',(-0.00266666666666667,0.00364666666666666,0.0458570833333334));
#5204=CARTESIAN_POINT('',(-0.003,0.00364666666666666,0.0458570833333334));
#5205=CARTESIAN_POINT('',(-0.0019999999972567,0.0182049105264161,0.0437850715493022));
#5206=CARTESIAN_POINT('',(-0.00200000000000001,0.00383333333333332,0.0468961458333334));
#5207=CARTESIAN_POINT('',(-0.002,0.00379099813335588,0.0466967671051703));
#5208=CARTESIAN_POINT('',(-0.002,0.00374082803809152,0.0464431879567754));
#5209=CARTESIAN_POINT('',(-0.002,0.00369408794519232,0.0461639029680474));
#5210=CARTESIAN_POINT('',(-0.002,0.00366296228397441,0.0459648665954082));
#5211=CARTESIAN_POINT('',(-0.002,0.00364666666666666,0.0458570833333334));
#5212=CARTESIAN_POINT('',(-0.002,0.00383333333333332,0.0468961458333333));
#5213=CARTESIAN_POINT('',(-0.003,0.00383333333333332,0.0468961458333333));
#5214=CARTESIAN_POINT('',(-0.00266666666666667,0.00383333333333332,0.0468961458333333));
#5215=CARTESIAN_POINT('',(-0.00233333333333333,0.00383333333333332,0.0468961458333333));
#5216=CARTESIAN_POINT('',(-0.002,0.00383333333333332,0.0468961458333333));
#5217=CARTESIAN_POINT('',(-0.002,0.00383333333333332,0.0468961458333333));
#5218=CARTESIAN_POINT('',(-0.002,0.00383333333333332,0.0468961458333333));
#5219=CARTESIAN_POINT('',(-0.002,0.00381510416666666,0.0469333333333333));
#5220=CARTESIAN_POINT('',(-0.002,0.00381510416666666,0.0469333333333333));
#5221=CARTESIAN_POINT('',(-0.002,0.00381510416666666,0.0469333333333333));
#5222=CARTESIAN_POINT('',(-0.002,0.00381510416666666,0.0469333333333333));
#5223=CARTESIAN_POINT('',(-0.002,0.00357302083333332,0.0469333333333333));
#5224=CARTESIAN_POINT('',(-0.002,0.00357302083333332,0.0469333333333333));
#5225=CARTESIAN_POINT('',(-0.00233333333333333,0.00357302083333332,0.0469333333333333));
#5226=CARTESIAN_POINT('',(-0.00266666666666667,0.00357302083333332,0.0469333333333333));
#5227=CARTESIAN_POINT('',(-0.003,0.00357302083333332,0.0469333333333333));
#5228=CARTESIAN_POINT('',(-0.0019999999972567,0.00209768489419207,0.0478501315064326));
#5229=CARTESIAN_POINT('',(-0.00199999999999994,0.00383333333333332,0.0478433333333334));
#5230=CARTESIAN_POINT('',(-0.00199999999999996,0.00382485463992377,0.0474962704650441));
#5231=CARTESIAN_POINT('',(-0.00199999999999995,0.00375139340067527,0.0472406294974736));
#5232=CARTESIAN_POINT('',(-0.0019999999999999,0.00357302083333332,0.0469333333333334));
#5233=CARTESIAN_POINT('',(-0.002,0.00383333333333332,0.0478433333333333));
#5234=CARTESIAN_POINT('',(-0.003,0.00383333333333332,0.0478433333333333));
#5235=CARTESIAN_POINT('',(-0.00266666666666667,0.00383333333333332,0.0478433333333333));
#5236=CARTESIAN_POINT('',(-0.00233333333333333,0.00383333333333332,0.0478433333333333));
#5237=CARTESIAN_POINT('',(-0.002,0.00383333333333332,0.0478433333333333));
#5238=CARTESIAN_POINT('',(-0.002,0.00383333333333332,0.0478433333333333));
#5239=CARTESIAN_POINT('',(-0.002,0.00383333333333332,0.0478433333333333));
#5240=CARTESIAN_POINT('',(-0.002,0.00383333333333332,0.0478557291666667));
#5241=CARTESIAN_POINT('',(-0.002,0.00383333333333332,0.0478557291666666));
#5242=CARTESIAN_POINT('',(-0.00233333333333333,0.00383333333333332,0.0478557291666666));
#5243=CARTESIAN_POINT('',(-0.00266666666666667,0.00383333333333332,0.0478557291666666));
#5244=CARTESIAN_POINT('',(-0.003,0.00383333333333332,0.0478557291666666));
#5245=CARTESIAN_POINT('',(-0.0019999999972567,-0.000727327956267059,0.0708153026017102));
#5246=CARTESIAN_POINT('',(-0.00199999999999961,0.00299916666666666,0.0477055208333334));
#5247=CARTESIAN_POINT('',(-0.00199999999999974,0.00331965638288685,0.0477582733459931));
#5248=CARTESIAN_POINT('',(-0.00199999999999982,0.00352755279229863,0.047795436518681));
#5249=CARTESIAN_POINT('',(-0.00199999999999994,0.00383333333333332,0.0478557291666667));
#5250=CARTESIAN_POINT('',(-0.002,0.00299916666666666,0.0477055208333333));
#5251=CARTESIAN_POINT('',(-0.003,0.00299916666666666,0.0477055208333333));
#5252=CARTESIAN_POINT('',(-0.00266666666666667,0.00299916666666666,0.0477055208333333));
#5253=CARTESIAN_POINT('',(-0.00233333333333333,0.00299916666666666,0.0477055208333333));
#5254=CARTESIAN_POINT('',(-0.002,0.00299916666666666,0.0477055208333333));
#5255=CARTESIAN_POINT('',(-0.002,0.00299916666666666,0.0477055208333333));
#5256=CARTESIAN_POINT('',(-0.002,0.00299916666666666,0.0477055208333333));
#5257=CARTESIAN_POINT('',(-0.002,0.002974375,0.0475633333333333));
#5258=CARTESIAN_POINT('',(-0.002,0.002974375,0.0475633333333333));
#5259=CARTESIAN_POINT('',(-0.002,0.002974375,0.0475633333333333));
#5260=CARTESIAN_POINT('',(-0.003,0.002974375,0.0475633333333333));
#5261=CARTESIAN_POINT('',(-0.002,0.00301139628090502,0.0475528951589802));
#5262=CARTESIAN_POINT('',(-0.003,0.00301139628090502,0.0475528951589802));
#5263=CARTESIAN_POINT('',(-0.002,0.003080897032223,0.0475332993767114));
#5264=CARTESIAN_POINT('',(-0.003,0.003080897032223,0.0475332993767114));
#5265=CARTESIAN_POINT('',(-0.002,0.00317797387643593,0.047501775402369));
#5266=CARTESIAN_POINT('',(-0.003,0.00317797387643593,0.047501775402369));
#5267=CARTESIAN_POINT('',(-0.002,0.00326144683070057,0.047470953970854));
#5268=CARTESIAN_POINT('',(-0.003,0.00326144683070057,0.047470953970854));
#5269=CARTESIAN_POINT('',(-0.002,0.00333187476870057,0.0474402596147235));
#5270=CARTESIAN_POINT('',(-0.003,0.00333187476870057,0.0474402596147235));
#5271=CARTESIAN_POINT('',(-0.002,0.00338959294543163,0.047405888175023));
#5272=CARTESIAN_POINT('',(-0.003,0.00338959294543163,0.047405888175023));
#5273=CARTESIAN_POINT('',(-0.002,0.00343074799163321,0.0473607410346003));
#5274=CARTESIAN_POINT('',(-0.003,0.00343074799163321,0.0473607410346003));
#5275=CARTESIAN_POINT('',(-0.002,0.00345593536922923,0.0473058107442125));
#5276=CARTESIAN_POINT('',(-0.003,0.00345593536922923,0.0473058107442125));
#5277=CARTESIAN_POINT('',(-0.002,0.00345860765592466,0.0472661047293218));
#5278=CARTESIAN_POINT('',(-0.003,0.00345860765592466,0.0472661047293218));
#5279=CARTESIAN_POINT('',(-0.002,0.00346,0.0472454166666667));
#5280=CARTESIAN_POINT('',(-0.003,0.00346,0.0472454166666667));
#5281=CARTESIAN_POINT('',(-0.002,0.002974375,0.0475633333333333));
#5282=CARTESIAN_POINT('',(-0.002,0.00301139628090502,0.0475528951589802));
#5283=CARTESIAN_POINT('',(-0.002,0.003080897032223,0.0475332993767114));
#5284=CARTESIAN_POINT('',(-0.002,0.00317797387643593,0.047501775402369));
#5285=CARTESIAN_POINT('',(-0.002,0.00326144683070057,0.047470953970854));
#5286=CARTESIAN_POINT('',(-0.002,0.00333187476870057,0.0474402596147235));
#5287=CARTESIAN_POINT('',(-0.002,0.00338959294543163,0.047405888175023));
#5288=CARTESIAN_POINT('',(-0.002,0.00343074799163321,0.0473607410346003));
#5289=CARTESIAN_POINT('',(-0.002,0.00345593536922923,0.0473058107442125));
#5290=CARTESIAN_POINT('',(-0.002,0.00345860765592466,0.0472661047293218));
#5291=CARTESIAN_POINT('',(-0.002,0.00346,0.0472454166666667));
#5292=CARTESIAN_POINT('',(-0.002,0.00346,0.0472454166666667));
#5293=CARTESIAN_POINT('',(-0.003,0.00346084491563903,0.0472453693999244));
#5294=CARTESIAN_POINT('',(-0.00266666666666667,0.00346084491563903,0.0472453693999244));
#5295=CARTESIAN_POINT('',(-0.00233333333333333,0.00346084491563903,0.0472453693999244));
#5296=CARTESIAN_POINT('',(-0.002,0.00346084491563903,0.0472453693999244));
#5297=CARTESIAN_POINT('',(-0.0019999999972567,0.00244459423714035,0.0473022210626735));
#5298=CARTESIAN_POINT('',(-0.00199999999999983,0.00339437499999999,0.0469333333333334));
#5299=CARTESIAN_POINT('',(-0.00199999999999983,0.00343415062416973,0.047053232249997));
#5300=CARTESIAN_POINT('',(-0.00199999999999984,0.00345602562416973,0.0471572600277748));
#5301=CARTESIAN_POINT('',(-0.00199999999999983,0.00345999999999999,0.0472454166666667));
#5302=CARTESIAN_POINT('',(-0.002,0.003394375,0.0469333333333333));
#5303=CARTESIAN_POINT('',(-0.003,0.003394375,0.0469333333333333));
#5304=CARTESIAN_POINT('',(-0.00266666666666667,0.003394375,0.0469333333333333));
#5305=CARTESIAN_POINT('',(-0.00233333333333333,0.003394375,0.0469333333333333));
#5306=CARTESIAN_POINT('',(-0.002,0.003394375,0.0469333333333333));
#5307=CARTESIAN_POINT('',(-0.002,0.003394375,0.0469333333333333));
#5308=CARTESIAN_POINT('',(-0.002,0.003394375,0.0469333333333333));
#5309=CARTESIAN_POINT('',(-0.002,0.00235458333333332,0.0469333333333333));
#5310=CARTESIAN_POINT('',(-0.002,0.00235458333333333,0.0469333333333333));
#5311=CARTESIAN_POINT('',(-0.00233333333333333,0.00235458333333333,0.0469333333333333));
#5312=CARTESIAN_POINT('',(-0.00266666666666667,0.00235458333333333,0.0469333333333333));
#5313=CARTESIAN_POINT('',(-0.003,0.00235458333333333,0.0469333333333333));
#5314=CARTESIAN_POINT('',(-0.0019999999972567,0.0022722548073565,0.0714950886225503));
#5315=CARTESIAN_POINT('',(-0.00199999999999918,0.00181718749999999,0.0469377083333334));
#5316=CARTESIAN_POINT('',(-0.00199999999999927,0.00203782999874747,0.0469348793621192));
#5317=CARTESIAN_POINT('',(-0.00199999999999934,0.00221696194319192,0.0469334210287859));
#5318=CARTESIAN_POINT('',(-0.0019999999999994,0.00235458333333332,0.0469333333333334));
#5319=CARTESIAN_POINT('',(-0.002,0.00181718749999999,0.0469377083333333));
#5320=CARTESIAN_POINT('',(-0.002,0.00181718374694214,0.0469375058022618));
#5321=CARTESIAN_POINT('',(-0.00233333333333333,0.00181718374694214,0.0469375058022618));
#5322=CARTESIAN_POINT('',(-0.00266666666666667,0.00181718374694214,0.0469375058022618));
#5323=CARTESIAN_POINT('',(-0.003,0.00181718374694214,0.0469375058022618));
#5324=CARTESIAN_POINT('',(-0.0019999999972567,0.00181054013102811,0.0470198418635858));
#5325=CARTESIAN_POINT('',(-0.00199999999999914,0.00173187499999999,0.0469996875));
#5326=CARTESIAN_POINT('',(-0.00199999999999915,0.00174750452728372,0.0469560189516373));
#5327=CARTESIAN_POINT('',(-0.00199999999999916,0.00176803753789946,0.0469430928641262));
#5328=CARTESIAN_POINT('',(-0.00199999999999918,0.00181718749999999,0.0469377083333334));
#5329=CARTESIAN_POINT('',(-0.002,0.001731875,0.0469996875));
#5330=CARTESIAN_POINT('',(-0.003,0.001731875,0.0469996875));
#5331=CARTESIAN_POINT('',(-0.00266666666666667,0.001731875,0.0469996875));
#5332=CARTESIAN_POINT('',(-0.00233333333333333,0.001731875,0.0469996875));
#5333=CARTESIAN_POINT('',(-0.002,0.001731875,0.0469996875));
#5334=CARTESIAN_POINT('',(-0.002,0.001731875,0.0469996875));
#5335=CARTESIAN_POINT('',(-0.002,0.001731875,0.0469996875));
#5336=CARTESIAN_POINT('',(-0.002,0.00164,0.0473511458333333));
#5337=CARTESIAN_POINT('',(-0.002,0.00164,0.0473511458333333));
#5338=CARTESIAN_POINT('',(-0.002,0.00164,0.0473511458333333));
#5339=CARTESIAN_POINT('',(-0.002,0.00164,0.0473511458333333));
#5340=CARTESIAN_POINT('',(-0.002,0.0015,0.0473584375));
#5341=CARTESIAN_POINT('',(-0.002,0.0015,0.0473584375));
#5342=CARTESIAN_POINT('',(-0.00233333333333333,0.0015,0.0473584375));
#5343=CARTESIAN_POINT('',(-0.00266666666666667,0.0015,0.0473584375));
#5344=CARTESIAN_POINT('',(-0.003,0.0015,0.0473584375));
#5345=CARTESIAN_POINT('',(-0.0019999999972567,-0.0532619790361186,0.0464558570476952));
#5346=CARTESIAN_POINT('',(-0.00199999999999908,0.00150729166666666,0.0465782291666667));
#5347=CARTESIAN_POINT('',(-0.00199999999999906,0.00150625636605943,0.0468363640927547));
#5348=CARTESIAN_POINT('',(-0.00199999999999904,0.00150382581050387,0.0470964335371991));
#5349=CARTESIAN_POINT('',(-0.00199999999999902,0.00149999999999999,0.0473584375));
#5350=CARTESIAN_POINT('',(-0.002,0.00150729166666666,0.0465782291666667));
#5351=CARTESIAN_POINT('',(-0.002,0.00150723455884495,0.0465782290390695));
#5352=CARTESIAN_POINT('',(-0.00233333333333333,0.00150723455884495,0.0465782290390695));
#5353=CARTESIAN_POINT('',(-0.00266666666666667,0.00150723455884495,0.0465782290390695));
#5354=CARTESIAN_POINT('',(-0.003,0.00150723455884495,0.0465782290390695));
#5355=CARTESIAN_POINT('',(-0.0019999999972567,-0.0411704312714366,0.0466628889912238));
#5356=CARTESIAN_POINT('',(-0.00199999999999912,0.00149999999999999,0.0458694791666667));
#5357=CARTESIAN_POINT('',(-0.00199999999999911,0.00150388876885106,0.0461057174987653));
#5358=CARTESIAN_POINT('',(-0.00199999999999909,0.00150631932440662,0.0463419674987653));
#5359=CARTESIAN_POINT('',(-0.00199999999999908,0.00150729166666666,0.0465782291666667));
#5360=CARTESIAN_POINT('',(-0.002,0.0015,0.0458694791666667));
#5361=CARTESIAN_POINT('',(-0.003,0.0015,0.0458694791666667));
#5362=CARTESIAN_POINT('',(-0.00266666666666667,0.0015,0.0458694791666667));
#5363=CARTESIAN_POINT('',(-0.00233333333333333,0.0015,0.0458694791666667));
#5364=CARTESIAN_POINT('',(-0.002,0.0015,0.0458694791666667));
#5365=CARTESIAN_POINT('',(-0.002,0.0015,0.0458694791666667));
#5366=CARTESIAN_POINT('',(-0.002,0.0015,0.0458694791666667));
#5367=CARTESIAN_POINT('',(-0.002,0.00164,0.0458570833333333));
#5368=CARTESIAN_POINT('',(-0.002,0.00164,0.0458570833333333));
#5369=CARTESIAN_POINT('',(-0.002,0.00164,0.0458570833333333));
#5370=CARTESIAN_POINT('',(-0.002,0.00164,0.0458570833333333));
#5371=CARTESIAN_POINT('',(-0.002,0.00172239583333332,0.0461691666666667));
#5372=CARTESIAN_POINT('',(-0.002,0.00172239583333333,0.0461691666666666));
#5373=CARTESIAN_POINT('',(-0.00233333333333333,0.00172239583333333,0.0461691666666666));
#5374=CARTESIAN_POINT('',(-0.00266666666666667,0.00172239583333333,0.0461691666666666));
#5375=CARTESIAN_POINT('',(-0.003,0.00172239583333333,0.0461691666666666));
#5376=CARTESIAN_POINT('',(-0.0019999999972567,0.0017941894716108,0.0461593843846988));
#5377=CARTESIAN_POINT('',(-0.00199999999999922,0.00179239583333333,0.0462311458333334));
#5378=CARTESIAN_POINT('',(-0.0019999999999992,0.00175175389460853,0.0462257754651333));
#5379=CARTESIAN_POINT('',(-0.00199999999999919,0.00173534442528597,0.0462103238955554));
#5380=CARTESIAN_POINT('',(-0.00199999999999919,0.00172239583333332,0.0461691666666667));
#5381=CARTESIAN_POINT('',(-0.002,0.00179239583333332,0.0462311458333333));
#5382=CARTESIAN_POINT('',(-0.002,0.00179239957458818,0.0462309961499374));
#5383=CARTESIAN_POINT('',(-0.00233333333333333,0.00179239957458818,0.0462309961499374));
#5384=CARTESIAN_POINT('',(-0.00266666666666667,0.00179239957458818,0.0462309961499374));
#5385=CARTESIAN_POINT('',(-0.003,0.00179239957458818,0.0462309961499374));
#5386=CARTESIAN_POINT('',(-0.0019999999972567,0.0020744931457023,0.0294545346594151));
#5387=CARTESIAN_POINT('',(-0.00199999999999933,0.00208114583333333,0.0462333333333334));
#5388=CARTESIAN_POINT('',(-0.0019999999999993,0.00200855323035864,0.0462335247731282));
#5389=CARTESIAN_POINT('',(-0.00199999999999926,0.00191230323035864,0.0462327956064615));
#5390=CARTESIAN_POINT('',(-0.00199999999999922,0.00179239583333333,0.0462311458333334));
#5391=CARTESIAN_POINT('',(-0.002,0.00208114583333332,0.0462333333333333));
#5392=CARTESIAN_POINT('',(-0.003,0.00208114583333332,0.0462333333333333));
#5393=CARTESIAN_POINT('',(-0.00266666666666667,0.00208114583333332,0.0462333333333333));
#5394=CARTESIAN_POINT('',(-0.00233333333333333,0.00208114583333332,0.0462333333333333));
#5395=CARTESIAN_POINT('',(-0.002,0.00208114583333332,0.0462333333333333));
#5396=CARTESIAN_POINT('',(-0.002,0.00208114583333332,0.0462333333333333));
#5397=CARTESIAN_POINT('',(-0.002,0.00208114583333332,0.0462333333333333));
#5398=CARTESIAN_POINT('',(-0.002,0.00286427083333332,0.0462333333333333));
#5399=CARTESIAN_POINT('',(-0.002,0.00286427083333332,0.0462333333333333));
#5400=CARTESIAN_POINT('',(-0.00233333333333333,0.00286427083333332,0.0462333333333333));
#5401=CARTESIAN_POINT('',(-0.00266666666666667,0.00286427083333332,0.0462333333333333));
#5402=CARTESIAN_POINT('',(-0.003,0.00286427083333332,0.0462333333333333));
#5403=CARTESIAN_POINT('',(-0.0019999999972567,0.00294656915433499,0.0336200157870963));
#5404=CARTESIAN_POINT('',(-0.00199999999999988,0.00341989583333333,0.0462238541666667));
#5405=CARTESIAN_POINT('',(-0.00199999999999982,0.00327527871948837,0.0462306882391021));
#5406=CARTESIAN_POINT('',(-0.00199999999999975,0.00309007038615503,0.0462338479613243));
#5407=CARTESIAN_POINT('',(-0.00199999999999965,0.00286427083333332,0.0462333333333334));
#5408=CARTESIAN_POINT('',(-0.002,0.00341989583333333,0.0462238541666667));
#5409=CARTESIAN_POINT('',(-0.003,0.00341989583333333,0.0462238541666667));
#5410=CARTESIAN_POINT('',(-0.00266666666666667,0.00341989583333333,0.0462238541666667));
#5411=CARTESIAN_POINT('',(-0.00233333333333333,0.00341989583333333,0.0462238541666667));
#5412=CARTESIAN_POINT('',(-0.002,0.00341989583333333,0.0462238541666667));
#5413=CARTESIAN_POINT('',(-0.002,0.00341989583333333,0.0462238541666667));
#5414=CARTESIAN_POINT('',(-0.002,0.00341989583333333,0.0462238541666667));
#5415=CARTESIAN_POINT('',(-0.002,0.00373082246215449,0.0463782684214655));
#5416=CARTESIAN_POINT('',(-0.0019999999972567,0.00184176596278411,0.0486143023830215));
#5417=CARTESIAN_POINT('',(-0.003,0.0018288528182985,0.0482581919822361));
#5418=CARTESIAN_POINT('',(-0.00266666666666667,0.0018288528182985,0.0482581919822361));
#5419=CARTESIAN_POINT('',(-0.00233333333333333,0.0018288528182985,0.0482581919822361));
#5420=CARTESIAN_POINT('',(-0.002,0.0018288528182985,0.0482581919822361));
#5421=CARTESIAN_POINT('',(-0.002,0.00182885416666666,0.0482582291666667));
#5422=CARTESIAN_POINT('',(-0.00200000000000002,0.00219999999999999,0.0486490625));
#5423=CARTESIAN_POINT('',(-0.002,0.00218943390685076,0.048398075999866));
#5424=CARTESIAN_POINT('',(-0.00199999999999999,0.00206571862907298,0.0482677982220882));
#5425=CARTESIAN_POINT('',(-0.002,0.00182885416666666,0.0482582291666667));
#5426=CARTESIAN_POINT('',(-0.002,0.0022,0.0486490625));
#5427=CARTESIAN_POINT('',(-0.002,0.00219644464187752,0.0486487175169682));
#5428=CARTESIAN_POINT('',(-0.00233333333333333,0.00219644464187752,0.0486487175169682));
#5429=CARTESIAN_POINT('',(-0.00266666666666667,0.00219644464187752,0.0486487175169682));
#5430=CARTESIAN_POINT('',(-0.003,0.00219644464187752,0.0486487175169682));
#5431=CARTESIAN_POINT('',(-0.0019999999972567,0.00184021174033355,0.048678003982189));
#5432=CARTESIAN_POINT('',(-0.00200000000000005,0.00182885416666666,0.0490355208333333));
#5433=CARTESIAN_POINT('',(-0.00200000000000004,0.00206059552014182,0.0490260184011923));
#5434=CARTESIAN_POINT('',(-0.00200000000000003,0.00218931738770269,0.0488859170103716));
#5435=CARTESIAN_POINT('',(-0.00200000000000002,0.00219999999999999,0.0486490625));
#5436=CARTESIAN_POINT('',(-0.002,0.00182885416666666,0.0490355208333333));
#5437=CARTESIAN_POINT('',(-0.002,0.00182884685479309,0.0490357509985156));
#5438=CARTESIAN_POINT('',(-0.00233333333333333,0.00182884685479309,0.0490357509985156));
#5439=CARTESIAN_POINT('',(-0.00266666666666667,0.00182884685479309,0.0490357509985156));
#5440=CARTESIAN_POINT('',(-0.003,0.00182884685479309,0.0490357509985156));
#5441=CARTESIAN_POINT('',(-0.0019999999972567,0.00181975561766022,0.0486707695102926));
#5442=CARTESIAN_POINT('',(-0.00200000000000003,0.00145333333333332,0.0486490625));
#5443=CARTESIAN_POINT('',(-0.00200000000000003,0.00145604874409101,0.0487108758785741));
#5444=CARTESIAN_POINT('',(-0.00200000000000004,0.00146666571543412,0.0487958151703386));
#5445=CARTESIAN_POINT('',(-0.00200000000000005,0.00154905814745481,0.0489324089623651));
#5446=CARTESIAN_POINT('',(-0.00200000000000005,0.00168203558677202,0.0490214786000604));
#5447=CARTESIAN_POINT('',(-0.00200000000000005,0.00176643911869644,0.0490328851030169));
#5448=CARTESIAN_POINT('',(-0.00200000000000005,0.00182885416666666,0.0490355208333333));
#5449=CARTESIAN_POINT('',(-0.002,0.00145333333333332,0.0486490625));
#5450=CARTESIAN_POINT('',(-0.002,0.00145528137890255,0.0486491779030392));
#5451=CARTESIAN_POINT('',(-0.00233333333333333,0.00145528137890255,0.0486491779030392));
#5452=CARTESIAN_POINT('',(-0.00266666666666667,0.00145528137890255,0.0486491779030392));
#5453=CARTESIAN_POINT('',(-0.003,0.00145528137890255,0.0486491779030392));
#5454=CARTESIAN_POINT('',(-0.0019999999972567,0.00181800450650806,0.048621280372492));
#5455=CARTESIAN_POINT('',(-0.002,0.00182885416666666,0.0482582291666667));
#5456=CARTESIAN_POINT('',(-0.002,0.00159585035082402,0.0482679281568784));
#5457=CARTESIAN_POINT('',(-0.00200000000000001,0.00146309301234492,0.0484107302602819));
#5458=CARTESIAN_POINT('',(-0.00200000000000003,0.00145333333333332,0.0486490625));
#5459=CARTESIAN_POINT('',(-0.002,0.00210165462434282,0.0483693706532689));
#5460=CARTESIAN_POINT('',(-0.0019999999972567,0.00415331733917309,0.076571551979685));
#5461=CARTESIAN_POINT('',(-0.003,0.00464489534043924,0.0519317955390561));
#5462=CARTESIAN_POINT('',(-0.00266666666666667,0.00464489534043924,0.0519317955390561));
#5463=CARTESIAN_POINT('',(-0.00233333333333333,0.00464489534043924,0.0519317955390561));
#5464=CARTESIAN_POINT('',(-0.002,0.00464489534043924,0.0519317955390561));
#5465=CARTESIAN_POINT('',(-0.002,0.00464489583333332,0.0519317708333333));
#5466=CARTESIAN_POINT('',(-0.00199999999999999,0.00422489583333332,0.0519266666666667));
#5467=CARTESIAN_POINT('',(-0.002,0.00429490619524161,0.0519264288495398));
#5468=CARTESIAN_POINT('',(-0.002,0.00444566092405545,0.0519286718508364));
#5469=CARTESIAN_POINT('',(-0.002,0.00455337950823456,0.0519307485476554));
#5470=CARTESIAN_POINT('',(-0.00200000000000001,0.00464489583333332,0.0519317708333333));
#5471=CARTESIAN_POINT('',(-0.002,0.00422489583333333,0.0519266666666667));
#5472=CARTESIAN_POINT('',(-0.003,0.00422489583333333,0.0519266666666667));
#5473=CARTESIAN_POINT('',(-0.00266666666666667,0.00422489583333333,0.0519266666666667));
#5474=CARTESIAN_POINT('',(-0.00233333333333333,0.00422489583333333,0.0519266666666667));
#5475=CARTESIAN_POINT('',(-0.002,0.00422489583333333,0.0519266666666667));
#5476=CARTESIAN_POINT('',(-0.002,0.00422489583333333,0.0519266666666667));
#5477=CARTESIAN_POINT('',(-0.002,0.00422489583333333,0.0519266666666667));
#5478=CARTESIAN_POINT('',(-0.002,0.002235,0.0519266666666667));
#5479=CARTESIAN_POINT('',(-0.002,0.00223499999999999,0.0519266666666667));
#5480=CARTESIAN_POINT('',(-0.00233333333333333,0.00223499999999999,0.0519266666666667));
#5481=CARTESIAN_POINT('',(-0.00266666666666667,0.00223499999999999,0.0519266666666667));
#5482=CARTESIAN_POINT('',(-0.003,0.00223499999999999,0.0519266666666667));
#5483=CARTESIAN_POINT('',(-0.0019999999972567,0.00227384784283725,0.085567424733137));
#5484=CARTESIAN_POINT('',(-0.00199999999999969,0.00168666666666666,0.0519317708333333));
#5485=CARTESIAN_POINT('',(-0.00199999999999973,0.00186911233545916,0.0519289651835167));
#5486=CARTESIAN_POINT('',(-0.00199999999999975,0.00205189011323693,0.0519272637946278));
#5487=CARTESIAN_POINT('',(-0.00199999999999978,0.00223499999999999,0.0519266666666667));
#5488=CARTESIAN_POINT('',(-0.002,0.00168666666666666,0.0519317708333333));
#5489=CARTESIAN_POINT('',(-0.003,0.00168666666666666,0.0519317708333333));
#5490=CARTESIAN_POINT('',(-0.00266666666666667,0.00168666666666666,0.0519317708333333));
#5491=CARTESIAN_POINT('',(-0.00233333333333333,0.00168666666666666,0.0519317708333333));
#5492=CARTESIAN_POINT('',(-0.002,0.00168666666666666,0.0519317708333333));
#5493=CARTESIAN_POINT('',(-0.002,0.00168666666666666,0.0519317708333333));
#5494=CARTESIAN_POINT('',(-0.002,0.00168666666666666,0.0519317708333333));
#5495=CARTESIAN_POINT('',(-0.002,0.00168666666666666,0.0528942708333333));
#5496=CARTESIAN_POINT('',(-0.002,0.00168666666666666,0.0528942708333333));
#5497=CARTESIAN_POINT('',(-0.002,0.00168666666666666,0.0528942708333333));
#5498=CARTESIAN_POINT('',(-0.002,0.00168666666666666,0.0528942708333333));
#5499=CARTESIAN_POINT('',(-0.002,0.00242822916666665,0.0532311458333333));
#5500=CARTESIAN_POINT('',(-0.002,0.00242822916666665,0.0532311458333333));
#5501=CARTESIAN_POINT('',(-0.002,0.00242822916666665,0.0532311458333333));
#5502=CARTESIAN_POINT('',(-0.002,0.00242822916666665,0.0532311458333333));
#5503=CARTESIAN_POINT('',(-0.002,0.00245083333333332,0.0533813541666667));
#5504=CARTESIAN_POINT('',(-0.002,0.00245083333333332,0.0533813541666667));
#5505=CARTESIAN_POINT('',(-0.002,0.00245083333333332,0.0533813541666667));
#5506=CARTESIAN_POINT('',(-0.002,0.00245083333333332,0.0533813541666667));
#5507=CARTESIAN_POINT('',(-0.002,0.00146354166666666,0.0533201041666667));
#5508=CARTESIAN_POINT('',(-0.002,0.00146354166666666,0.0533201041666667));
#5509=CARTESIAN_POINT('',(-0.002,0.00146354166666666,0.0533201041666667));
#5510=CARTESIAN_POINT('',(-0.002,0.00146354166666666,0.0533201041666667));
#5511=CARTESIAN_POINT('',(-0.002,0.00144604166666666,0.0533026041666667));
#5512=CARTESIAN_POINT('',(-0.002,0.00144604166666666,0.0533026041666667));
#5513=CARTESIAN_POINT('',(-0.00233333333333333,0.00144604166666666,0.0533026041666667));
#5514=CARTESIAN_POINT('',(-0.00266666666666667,0.00144604166666666,0.0533026041666667));
#5515=CARTESIAN_POINT('',(-0.003,0.00144604166666666,0.0533026041666667));
#5516=CARTESIAN_POINT('',(-0.0019999999972567,-0.121947369142581,0.0519508102490424));
#5517=CARTESIAN_POINT('',(-0.00199999999999878,0.00145333333333332,0.0521140625));
#5518=CARTESIAN_POINT('',(-0.00199999999999687,0.00145232991000674,0.0525087914603415));
#5519=CARTESIAN_POINT('',(-0.00199999999999494,0.00144989935445118,0.0529049720158971));
#5520=CARTESIAN_POINT('',(-0.00199999999999301,0.00144604166666666,0.0533026041666667));
#5521=CARTESIAN_POINT('',(-0.002,0.00145333333333332,0.0521140625));
#5522=CARTESIAN_POINT('',(-0.003,0.00145333333333332,0.0521140625));
#5523=CARTESIAN_POINT('',(-0.00266666666666667,0.00145333333333332,0.0521140625));
#5524=CARTESIAN_POINT('',(-0.00233333333333333,0.00145333333333332,0.0521140625));
#5525=CARTESIAN_POINT('',(-0.002,0.00145333333333332,0.0521140625));
#5526=CARTESIAN_POINT('',(-0.002,0.00145333333333332,0.05115703125));
#5527=CARTESIAN_POINT('',(-0.002,0.00145333333333332,0.0521140625));
#5528=CARTESIAN_POINT('',(-0.002,0.00145333333333332,0.0508154166666667));
#5529=CARTESIAN_POINT('',(-0.002,0.00145333333333332,0.0508154166666667));
#5530=CARTESIAN_POINT('',(-0.002,0.00145333333333332,0.0508154166666667));
#5531=CARTESIAN_POINT('',(-0.002,0.00145333333333332,0.0508154166666667));
#5532=CARTESIAN_POINT('',(-0.002,0.00159333333333332,0.0508030208333333));
#5533=CARTESIAN_POINT('',(-0.002,0.00159333333333332,0.0508030208333333));
#5534=CARTESIAN_POINT('',(-0.002,0.00159333333333332,0.0508030208333333));
#5535=CARTESIAN_POINT('',(-0.002,0.00159333333333332,0.0508030208333333));
#5536=CARTESIAN_POINT('',(-0.002,0.00168447916666666,0.0511085416666667));
#5537=CARTESIAN_POINT('',(-0.002,0.00168447916666665,0.0511085416666666));
#5538=CARTESIAN_POINT('',(-0.00233333333333333,0.00168447916666665,0.0511085416666666));
#5539=CARTESIAN_POINT('',(-0.00266666666666667,0.00168447916666665,0.0511085416666666));
#5540=CARTESIAN_POINT('',(-0.003,0.00168447916666665,0.0511085416666666));
#5541=CARTESIAN_POINT('',(-0.0019999999972567,0.00176430911715112,0.0510947274257623));
#5542=CARTESIAN_POINT('',(-0.00200000000000338,0.00176177083333332,0.0511748958333333));
#5543=CARTESIAN_POINT('',(-0.0020000000000034,0.00171642265427976,0.0511680525233502));
#5544=CARTESIAN_POINT('',(-0.00200000000000347,0.00170146776160207,0.0511540100212855));
#5545=CARTESIAN_POINT('',(-0.00200000000000369,0.00168447916666666,0.0511085416666667));
#5546=CARTESIAN_POINT('',(-0.002,0.00176177083333332,0.0511748958333333));
#5547=CARTESIAN_POINT('',(-0.002,0.00176177893527849,0.0511746399438864));
#5548=CARTESIAN_POINT('',(-0.00233333333333333,0.00176177893527849,0.0511746399438864));
#5549=CARTESIAN_POINT('',(-0.00266666666666667,0.00176177893527849,0.0511746399438864));
#5550=CARTESIAN_POINT('',(-0.003,0.00176177893527849,0.0511746399438864));
#5551=CARTESIAN_POINT('',(-0.0019999999972567,0.00222791673079721,0.0304535888849438));
#5552=CARTESIAN_POINT('',(-0.0020000000000034,0.00225395833333332,0.05118));
#5553=CARTESIAN_POINT('',(-0.00200000000000338,0.00209470495621941,0.0511805182562174));
#5554=CARTESIAN_POINT('',(-0.00200000000000338,0.00193064245621941,0.0511788168673285));
#5555=CARTESIAN_POINT('',(-0.00200000000000338,0.00176177083333332,0.0511748958333333));
#5556=CARTESIAN_POINT('',(-0.002,0.00225395833333332,0.05118));
#5557=CARTESIAN_POINT('',(-0.003,0.00225395833333332,0.05118));
#5558=CARTESIAN_POINT('',(-0.00266666666666667,0.00225395833333332,0.05118));
#5559=CARTESIAN_POINT('',(-0.00233333333333333,0.00225395833333332,0.05118));
#5560=CARTESIAN_POINT('',(-0.002,0.00225395833333332,0.05118));
#5561=CARTESIAN_POINT('',(-0.002,0.00225395833333332,0.05118));
#5562=CARTESIAN_POINT('',(-0.002,0.00225395833333332,0.05118));
#5563=CARTESIAN_POINT('',(-0.002,0.00422489583333333,0.05118));
#5564=CARTESIAN_POINT('',(-0.002,0.00422489583333332,0.05118));
#5565=CARTESIAN_POINT('',(-0.00233333333333333,0.00422489583333332,0.05118));
#5566=CARTESIAN_POINT('',(-0.00266666666666667,0.00422489583333332,0.05118));
#5567=CARTESIAN_POINT('',(-0.003,0.00422489583333332,0.05118));
#5568=CARTESIAN_POINT('',(-0.0019999999972567,0.00424287916867598,0.0365453171191846));
#5569=CARTESIAN_POINT('',(-0.00200000000000368,0.00463541666666666,0.0511748958333333));
#5570=CARTESIAN_POINT('',(-0.00200000000000365,0.00449150763043845,0.051178803771361));
#5571=CARTESIAN_POINT('',(-0.00200000000000362,0.00435466735266067,0.0511805051602499));
#5572=CARTESIAN_POINT('',(-0.00200000000000361,0.00422489583333332,0.05118));
#5573=CARTESIAN_POINT('',(-0.002,0.00463541666666666,0.0511748958333333));
#5574=CARTESIAN_POINT('',(-0.002,0.00463541684251389,0.0511749023870295));
#5575=CARTESIAN_POINT('',(-0.00233333333333333,0.00463541684251389,0.0511749023870295));
#5576=CARTESIAN_POINT('',(-0.00266666666666667,0.00463541684251389,0.0511749023870295));
#5577=CARTESIAN_POINT('',(-0.003,0.00463541684251389,0.0511749023870295));
#5578=CARTESIAN_POINT('',(-0.0019999999972567,0.00464064954959943,0.0510956072122424));
#5579=CARTESIAN_POINT('',(-0.00200000000000398,0.00471708333333332,0.0511158333333333));
#5580=CARTESIAN_POINT('',(-0.00200000000000378,0.00470127261773142,0.0511566110731386));
#5581=CARTESIAN_POINT('',(-0.0020000000000037,0.00468076768571461,0.0511712286746036));
#5582=CARTESIAN_POINT('',(-0.00200000000000368,0.00463541666666666,0.0511748958333333));
#5583=CARTESIAN_POINT('',(-0.002,0.00471708333333332,0.0511158333333333));
#5584=CARTESIAN_POINT('',(-0.003,0.00471708333333332,0.0511158333333333));
#5585=CARTESIAN_POINT('',(-0.00266666666666667,0.00471708333333332,0.0511158333333333));
#5586=CARTESIAN_POINT('',(-0.00233333333333333,0.00471708333333332,0.0511158333333333));
#5587=CARTESIAN_POINT('',(-0.002,0.00471708333333332,0.0511158333333333));
#5588=CARTESIAN_POINT('',(-0.002,0.00471708333333332,0.0511158333333333));
#5589=CARTESIAN_POINT('',(-0.002,0.00471708333333332,0.0511158333333333));
#5590=CARTESIAN_POINT('',(-0.002,0.00481333333333332,0.0508110416666667));
#5591=CARTESIAN_POINT('',(-0.002,0.00481333333333332,0.0508110416666667));
#5592=CARTESIAN_POINT('',(-0.002,0.00481333333333332,0.0508110416666667));
#5593=CARTESIAN_POINT('',(-0.002,0.00481333333333332,0.0508110416666667));
#5594=CARTESIAN_POINT('',(-0.002,0.00495333333333332,0.0508030208333333));
#5595=CARTESIAN_POINT('',(-0.002,0.00495333333333332,0.0508030208333334));
#5596=CARTESIAN_POINT('',(-0.00233333333333333,0.00495333333333332,0.0508030208333334));
#5597=CARTESIAN_POINT('',(-0.00266666666666667,0.00495333333333332,0.0508030208333334));
#5598=CARTESIAN_POINT('',(-0.003,0.00495333333333332,0.0508030208333334));
#5599=CARTESIAN_POINT('',(-0.0019999999972567,0.0287095196560683,0.0514594344675208));
#5600=CARTESIAN_POINT('',(-0.00200000000000194,0.00494385416666666,0.0515409375));
#5601=CARTESIAN_POINT('',(-0.0020000000000034,0.00494473854812568,0.0512396476724043));
#5602=CARTESIAN_POINT('',(-0.00200000000000459,0.00494789827034791,0.050993675450182));
#5603=CARTESIAN_POINT('',(-0.00200000000000552,0.00495333333333333,0.0508030208333333));
#5604=CARTESIAN_POINT('',(-0.002,0.00494385416666666,0.0515409375));
#5605=CARTESIAN_POINT('',(-0.002,0.0049441947475132,0.0515409363319968));
#5606=CARTESIAN_POINT('',(-0.00233333333333333,0.0049441947475132,0.0515409363319968));
#5607=CARTESIAN_POINT('',(-0.00266666666666667,0.0049441947475132,0.0515409363319968));
#5608=CARTESIAN_POINT('',(-0.003,0.0049441947475132,0.0515409363319968));
#5609=CARTESIAN_POINT('',(-0.0019999999972567,0.0290187866052246,0.0516285753613451));
#5610=CARTESIAN_POINT('',(-0.00199999999999831,0.00495333333333332,0.0522883333333333));
#5611=CARTESIAN_POINT('',(-0.00199999999999923,0.00494789599532414,0.0520987218583901));
#5612=CARTESIAN_POINT('',(-0.00200000000000044,0.00494473627310191,0.0518495899139457));
#5613=CARTESIAN_POINT('',(-0.00200000000000194,0.00494385416666666,0.0515409375));
#5614=CARTESIAN_POINT('',(-0.002,0.00495333333333332,0.0522883333333333));
#5615=CARTESIAN_POINT('',(-0.003,0.00495333333333332,0.0522883333333333));
#5616=CARTESIAN_POINT('',(-0.00266666666666667,0.00495333333333332,0.0522883333333333));
#5617=CARTESIAN_POINT('',(-0.00233333333333333,0.00495333333333332,0.0522883333333333));
#5618=CARTESIAN_POINT('',(-0.002,0.00495333333333332,0.0522883333333333));
#5619=CARTESIAN_POINT('',(-0.002,0.00495333333333332,0.0522883333333333));
#5620=CARTESIAN_POINT('',(-0.002,0.00495333333333332,0.0522883333333333));
#5621=CARTESIAN_POINT('',(-0.002,0.00481333333333332,0.0523007291666667));
#5622=CARTESIAN_POINT('',(-0.002,0.00481333333333332,0.0523007291666667));
#5623=CARTESIAN_POINT('',(-0.002,0.00481333333333332,0.0523007291666667));
#5624=CARTESIAN_POINT('',(-0.002,0.00481333333333332,0.0523007291666667));
#5625=CARTESIAN_POINT('',(-0.002,0.00472,0.0519959375));
#5626=CARTESIAN_POINT('',(-0.002,0.00471999999999998,0.0519959375));
#5627=CARTESIAN_POINT('',(-0.00233333333333333,0.00471999999999998,0.0519959375));
#5628=CARTESIAN_POINT('',(-0.00266666666666667,0.00471999999999998,0.0519959375));
#5629=CARTESIAN_POINT('',(-0.003,0.00471999999999998,0.0519959375));
#5630=CARTESIAN_POINT('',(-0.0019999999972567,0.00464330241213615,0.0520094742110713));
#5631=CARTESIAN_POINT('',(-0.00200000000000001,0.00464489583333332,0.0519317708333333));
#5632=CARTESIAN_POINT('',(-0.00199999999999998,0.0046912780921307,0.051937755722191));
#5633=CARTESIAN_POINT('',(-0.00199999999999993,0.00470577774961857,0.0519493110228532));
#5634=CARTESIAN_POINT('',(-0.0019999999999997,0.00471999999999999,0.0519959375));
#5635=CARTESIAN_POINT('',(-0.002,0.00443490188789676,0.051928630274717));
#5636=CARTESIAN_POINT('',(-0.002,0.00182666666666666,0.0559502083333333));
#5637=CARTESIAN_POINT('',(-0.003,0.00182666666666666,0.0559502083333333));
#5638=CARTESIAN_POINT('',(-0.00266666666666667,0.00182666666666666,0.0559502083333333));
#5639=CARTESIAN_POINT('',(-0.00233333333333333,0.00182666666666666,0.0559502083333333));
#5640=CARTESIAN_POINT('',(-0.002,0.00182666666666666,0.0559502083333333));
#5641=CARTESIAN_POINT('',(-0.002,0.00182666666666666,0.0559502083333333));
#5642=CARTESIAN_POINT('',(-0.002,0.00182666666666666,0.0559502083333333));
#5643=CARTESIAN_POINT('',(-0.002,0.00167572916666666,0.0559698958333333));
#5644=CARTESIAN_POINT('',(-0.002,0.00167572916666666,0.0559698958333333));
#5645=CARTESIAN_POINT('',(-0.00233333333333333,0.00167572916666666,0.0559698958333333));
#5646=CARTESIAN_POINT('',(-0.00266666666666667,0.00167572916666666,0.0559698958333333));
#5647=CARTESIAN_POINT('',(-0.003,0.00167572916666666,0.0559698958333333));
#5648=CARTESIAN_POINT('',(-0.0019999999972567,0.00359860377526586,0.0550181901336245));
#5649=CARTESIAN_POINT('',(-0.00200000000000002,0.00145333333333332,0.0550103125));
#5650=CARTESIAN_POINT('',(-0.00200000000000002,0.00145517750936418,0.0551106621085498));
#5651=CARTESIAN_POINT('',(-0.00200000000000001,0.00146120238149839,0.0552498688246569));
#5652=CARTESIAN_POINT('',(-0.002,0.00151981396605872,0.0555952582672695));
#5653=CARTESIAN_POINT('',(-0.00199999999999999,0.00159709132473896,0.0558010211725906));
#5654=CARTESIAN_POINT('',(-0.00199999999999999,0.00167572916666666,0.0559698958333333));
#5655=CARTESIAN_POINT('',(-0.002,0.00145333333333332,0.0550103125));
#5656=CARTESIAN_POINT('',(-0.002,0.00145363915838146,0.0550103136230181));
#5657=CARTESIAN_POINT('',(-0.00233333333333333,0.00145363915838146,0.0550103136230181));
#5658=CARTESIAN_POINT('',(-0.00266666666666667,0.00145363915838146,0.0550103136230181));
#5659=CARTESIAN_POINT('',(-0.003,0.00145363915838146,0.0550103136230181));
#5660=CARTESIAN_POINT('',(-0.002,0.00145333333333332,0.0550103125));
#5661=CARTESIAN_POINT('',(-0.003,0.00145333333333332,0.0550103125));
#5662=CARTESIAN_POINT('',(-0.002,0.0014540553048771,0.0549614203068401));
#5663=CARTESIAN_POINT('',(-0.003,0.0014540553048771,0.0549614203068401));
#5664=CARTESIAN_POINT('',(-0.002,0.00145546640810115,0.0548658598488226));
#5665=CARTESIAN_POINT('',(-0.003,0.00145546640810115,0.0548658598488226));
#5666=CARTESIAN_POINT('',(-0.002,0.00146994342468898,0.0547260517485116));
#5667=CARTESIAN_POINT('',(-0.003,0.00146994342468898,0.0547260517485116));
#5668=CARTESIAN_POINT('',(-0.002,0.00149199917849902,0.0545928404401353));
#5669=CARTESIAN_POINT('',(-0.003,0.00149199917849902,0.0545928404401353));
#5670=CARTESIAN_POINT('',(-0.002,0.00152425575955427,0.0544665989334958));
#5671=CARTESIAN_POINT('',(-0.003,0.00152425575955427,0.0544665989334958));
#5672=CARTESIAN_POINT('',(-0.002,0.00156477306812621,0.0543470406565169));
#5673=CARTESIAN_POINT('',(-0.003,0.00156477306812621,0.0543470406565169));
#5674=CARTESIAN_POINT('',(-0.002,0.0016155842217809,0.054235003701767));
#5675=CARTESIAN_POINT('',(-0.003,0.0016155842217809,0.054235003701767));
#5676=CARTESIAN_POINT('',(-0.002,0.00167471323995614,0.0541293286421317));
#5677=CARTESIAN_POINT('',(-0.003,0.00167471323995614,0.0541293286421317));
#5678=CARTESIAN_POINT('',(-0.002,0.00174295487039665,0.0540310981790392));
#5679=CARTESIAN_POINT('',(-0.003,0.00174295487039665,0.0540310981790392));
#5680=CARTESIAN_POINT('',(-0.002,0.00181978011661404,0.0539416096030324));
#5681=CARTESIAN_POINT('',(-0.003,0.00181978011661404,0.0539416096030324));
#5682=CARTESIAN_POINT('',(-0.002,0.0019067675895901,0.0538643828599315));
#5683=CARTESIAN_POINT('',(-0.003,0.0019067675895901,0.0538643828599315));
#5684=CARTESIAN_POINT('',(-0.002,0.00200218427985857,0.053799208026515));
#5685=CARTESIAN_POINT('',(-0.003,0.00200218427985857,0.053799208026515));
#5686=CARTESIAN_POINT('',(-0.002,0.00210613601984806,0.0537452813316817));
#5687=CARTESIAN_POINT('',(-0.003,0.00210613601984806,0.0537452813316817));
#5688=CARTESIAN_POINT('',(-0.002,0.00221895603822085,0.0537040650458378));
#5689=CARTESIAN_POINT('',(-0.003,0.00221895603822085,0.0537040650458378));
#5690=CARTESIAN_POINT('',(-0.002,0.00234037857663783,0.0536739209658465));
#5691=CARTESIAN_POINT('',(-0.003,0.00234037857663783,0.0536739209658465));
#5692=CARTESIAN_POINT('',(-0.002,0.00247050115849833,0.0536565387180345));
#5693=CARTESIAN_POINT('',(-0.003,0.00247050115849833,0.0536565387180345));
#5694=CARTESIAN_POINT('',(-0.002,0.00256015633954746,0.0536544200993267));
#5695=CARTESIAN_POINT('',(-0.003,0.00256015633954746,0.0536544200993267));
#5696=CARTESIAN_POINT('',(-0.002,0.00260614583333332,0.0536533333333333));
#5697=CARTESIAN_POINT('',(-0.003,0.00260614583333332,0.0536533333333333));
#5698=CARTESIAN_POINT('',(-0.002,0.00145333333333332,0.0550103125));
#5699=CARTESIAN_POINT('',(-0.002,0.0014540553048771,0.0549614203068401));
#5700=CARTESIAN_POINT('',(-0.002,0.00145546640810115,0.0548658598488226));
#5701=CARTESIAN_POINT('',(-0.002,0.00146994342468898,0.0547260517485116));
#5702=CARTESIAN_POINT('',(-0.002,0.00149199917849902,0.0545928404401353));
#5703=CARTESIAN_POINT('',(-0.002,0.00152425575955427,0.0544665989334958));
#5704=CARTESIAN_POINT('',(-0.002,0.00156477306812621,0.0543470406565169));
#5705=CARTESIAN_POINT('',(-0.002,0.0016155842217809,0.054235003701767));
#5706=CARTESIAN_POINT('',(-0.002,0.00167471323995614,0.0541293286421317));
#5707=CARTESIAN_POINT('',(-0.002,0.00174295487039665,0.0540310981790392));
#5708=CARTESIAN_POINT('',(-0.002,0.00181978011661404,0.0539416096030324));
#5709=CARTESIAN_POINT('',(-0.002,0.0019067675895901,0.0538643828599315));
#5710=CARTESIAN_POINT('',(-0.002,0.00200218427985857,0.053799208026515));
#5711=CARTESIAN_POINT('',(-0.002,0.00210613601984806,0.0537452813316817));
#5712=CARTESIAN_POINT('',(-0.002,0.00221895603822085,0.0537040650458378));
#5713=CARTESIAN_POINT('',(-0.002,0.00234037857663783,0.0536739209658465));
#5714=CARTESIAN_POINT('',(-0.002,0.00247050115849833,0.0536565387180345));
#5715=CARTESIAN_POINT('',(-0.002,0.00256015633954746,0.0536544200993267));
#5716=CARTESIAN_POINT('',(-0.002,0.00260614583333332,0.0536533333333333));
#5717=CARTESIAN_POINT('',(-0.002,0.00260614583333332,0.0536533333333333));
#5718=CARTESIAN_POINT('',(-0.003,0.0026061086733095,0.053651072770924));
#5719=CARTESIAN_POINT('',(-0.00266666666666667,0.0026061086733095,0.053651072770924));
#5720=CARTESIAN_POINT('',(-0.00233333333333333,0.0026061086733095,0.053651072770924));
#5721=CARTESIAN_POINT('',(-0.002,0.0026061086733095,0.053651072770924));
#5722=CARTESIAN_POINT('',(-0.0019999999972567,0.00262587532910528,0.0548535412961421));
#5723=CARTESIAN_POINT('',(-0.00200000000000037,0.00383333333333332,0.0549461458333333));
#5724=CARTESIAN_POINT('',(-0.00200000000000042,0.00381886928263577,0.0541886651690815));
#5725=CARTESIAN_POINT('',(-0.00200000000000039,0.00335934986747838,0.0536728309593489));
#5726=CARTESIAN_POINT('',(-0.00200000000000028,0.00260614583333332,0.0536533333333333));
#5727=CARTESIAN_POINT('',(-0.002,0.00383333333333332,0.0549461458333333));
#5728=CARTESIAN_POINT('',(-0.002,0.00382498493562087,0.0549455055630268));
#5729=CARTESIAN_POINT('',(-0.00233333333333333,0.00382498493562087,0.0549455055630268));
#5730=CARTESIAN_POINT('',(-0.00266666666666667,0.00382498493562087,0.0549455055630268));
#5731=CARTESIAN_POINT('',(-0.003,0.00382498493562087,0.0549455055630268));
#5732=CARTESIAN_POINT('',(-0.002,0.00383333333333332,0.0549461458333333));
#5733=CARTESIAN_POINT('',(-0.003,0.00383333333333332,0.0549461458333333));
#5734=CARTESIAN_POINT('',(-0.002,0.00383240496337018,0.0549862750122056));
#5735=CARTESIAN_POINT('',(-0.003,0.00383240496337018,0.0549862750122056));
#5736=CARTESIAN_POINT('',(-0.002,0.00383060043330284,0.0550642765770207));
#5737=CARTESIAN_POINT('',(-0.003,0.00383060043330284,0.0550642765770207));
#5738=CARTESIAN_POINT('',(-0.002,0.00381917057861652,0.0551779947751726));
#5739=CARTESIAN_POINT('',(-0.003,0.00381917057861652,0.0551779947751726));
#5740=CARTESIAN_POINT('',(-0.002,0.00379878316163365,0.0552845919793524));
#5741=CARTESIAN_POINT('',(-0.003,0.00379878316163365,0.0552845919793524));
#5742=CARTESIAN_POINT('',(-0.002,0.00377049202126226,0.0553842745338784));
#5743=CARTESIAN_POINT('',(-0.003,0.00377049202126226,0.0553842745338784));
#5744=CARTESIAN_POINT('',(-0.002,0.00373398959900371,0.055476687711774));
#5745=CARTESIAN_POINT('',(-0.003,0.00373398959900371,0.055476687711774));
#5746=CARTESIAN_POINT('',(-0.002,0.00368931264921067,0.0555622165136544));
#5747=CARTESIAN_POINT('',(-0.003,0.00368931264921067,0.0555622165136544));
#5748=CARTESIAN_POINT('',(-0.002,0.00363586630024353,0.0556402414985946));
#5749=CARTESIAN_POINT('',(-0.003,0.00363586630024353,0.0556402414985946));
#5750=CARTESIAN_POINT('',(-0.002,0.00357504036894365,0.0557114300889327));
#5751=CARTESIAN_POINT('',(-0.003,0.00357504036894365,0.0557114300889327));
#5752=CARTESIAN_POINT('',(-0.002,0.00350726827502109,0.0557750572442744));
#5753=CARTESIAN_POINT('',(-0.003,0.00350726827502109,0.0557750572442744));
#5754=CARTESIAN_POINT('',(-0.002,0.00343251036575599,0.0558300012784233));
#5755=CARTESIAN_POINT('',(-0.003,0.00343251036575599,0.0558300012784233));
#5756=CARTESIAN_POINT('',(-0.002,0.00335124329551186,0.0558760217676234));
#5757=CARTESIAN_POINT('',(-0.003,0.00335124329551186,0.0558760217676234));
#5758=CARTESIAN_POINT('',(-0.002,0.00326464739743861,0.0559151739674449));
#5759=CARTESIAN_POINT('',(-0.003,0.00326464739743861,0.0559151739674449));
#5760=CARTESIAN_POINT('',(-0.002,0.00317115535188259,0.0559438445407757));
#5761=CARTESIAN_POINT('',(-0.003,0.00317115535188259,0.0559438445407757));
#5762=CARTESIAN_POINT('',(-0.002,0.00307216971146756,0.0559652568680989));
#5763=CARTESIAN_POINT('',(-0.003,0.00307216971146756,0.0559652568680989));
#5764=CARTESIAN_POINT('',(-0.002,0.00296666233391604,0.0559775444718371));
#5765=CARTESIAN_POINT('',(-0.003,0.00296666233391604,0.0559775444718371));
#5766=CARTESIAN_POINT('',(-0.002,0.00289419794613079,0.055979235585646));
#5767=CARTESIAN_POINT('',(-0.003,0.00289419794613079,0.055979235585646));
#5768=CARTESIAN_POINT('',(-0.002,0.00285697916666666,0.0559801041666666));
#5769=CARTESIAN_POINT('',(-0.003,0.00285697916666666,0.0559801041666666));
#5770=CARTESIAN_POINT('',(-0.002,0.00383333333333332,0.0549461458333333));
#5771=CARTESIAN_POINT('',(-0.002,0.00383240496337018,0.0549862750122056));
#5772=CARTESIAN_POINT('',(-0.002,0.00383060043330284,0.0550642765770207));
#5773=CARTESIAN_POINT('',(-0.002,0.00381917057861652,0.0551779947751726));
#5774=CARTESIAN_POINT('',(-0.002,0.00379878316163365,0.0552845919793524));
#5775=CARTESIAN_POINT('',(-0.002,0.00377049202126226,0.0553842745338784));
#5776=CARTESIAN_POINT('',(-0.002,0.00373398959900371,0.055476687711774));
#5777=CARTESIAN_POINT('',(-0.002,0.00368931264921067,0.0555622165136544));
#5778=CARTESIAN_POINT('',(-0.002,0.00363586630024353,0.0556402414985946));
#5779=CARTESIAN_POINT('',(-0.002,0.00357504036894365,0.0557114300889327));
#5780=CARTESIAN_POINT('',(-0.002,0.00350726827502109,0.0557750572442744));
#5781=CARTESIAN_POINT('',(-0.002,0.00343251036575599,0.0558300012784233));
#5782=CARTESIAN_POINT('',(-0.002,0.00335124329551186,0.0558760217676234));
#5783=CARTESIAN_POINT('',(-0.002,0.00326464739743861,0.0559151739674449));
#5784=CARTESIAN_POINT('',(-0.002,0.00317115535188259,0.0559438445407757));
#5785=CARTESIAN_POINT('',(-0.002,0.00307216971146756,0.0559652568680989));
#5786=CARTESIAN_POINT('',(-0.002,0.00296666233391604,0.0559775444718371));
#5787=CARTESIAN_POINT('',(-0.002,0.00289419794613079,0.055979235585646));
#5788=CARTESIAN_POINT('',(-0.002,0.00285697916666666,0.0559801041666666));
#5789=CARTESIAN_POINT('',(-0.002,0.00285697916666666,0.0559801041666666));
#5790=CARTESIAN_POINT('',(-0.003,0.00285697835774482,0.0559800138175797));
#5791=CARTESIAN_POINT('',(-0.00266666666666667,0.00285697835774482,0.0559800138175797));
#5792=CARTESIAN_POINT('',(-0.00233333333333333,0.00285697835774482,0.0559800138175797));
#5793=CARTESIAN_POINT('',(-0.002,0.00285697835774482,0.0559800138175797));
#5794=CARTESIAN_POINT('',(-0.0019999999972567,0.00284619608458003,0.0547757336325802));
#5795=CARTESIAN_POINT('',(-0.00200000000000014,0.00271333333333332,0.0559728125));
#5796=CARTESIAN_POINT('',(-0.00200000000000015,0.00277634273085324,0.0559788078449863));
#5797=CARTESIAN_POINT('',(-0.00200000000000015,0.0027923656488393,0.0559797116146974));
#5798=CARTESIAN_POINT('',(-0.00200000000000016,0.00285697916666666,0.0559801041666667));
#5799=CARTESIAN_POINT('',(-0.002,0.00271333333333332,0.0559728125));
#5800=CARTESIAN_POINT('',(-0.003,0.00271333333333332,0.0559728125));
#5801=CARTESIAN_POINT('',(-0.00266666666666667,0.00271333333333332,0.0559728125));
#5802=CARTESIAN_POINT('',(-0.00233333333333333,0.00271333333333332,0.0559728125));
#5803=CARTESIAN_POINT('',(-0.002,0.00271333333333332,0.0559728125));
#5804=CARTESIAN_POINT('',(-0.002,0.00271333333333332,0.0559728125));
#5805=CARTESIAN_POINT('',(-0.002,0.00271333333333332,0.0559728125));
#5806=CARTESIAN_POINT('',(-0.002,0.00271333333333332,0.0544));
#5807=CARTESIAN_POINT('',(-0.002,0.00271333333333332,0.0544));
#5808=CARTESIAN_POINT('',(-0.002,0.00271333333333332,0.0544));
#5809=CARTESIAN_POINT('',(-0.003,0.00271333333333332,0.0544));
#5810=CARTESIAN_POINT('',(-0.002,0.00267319532422617,0.054400563924961));
#5811=CARTESIAN_POINT('',(-0.003,0.00267319532422617,0.054400563924961));
#5812=CARTESIAN_POINT('',(-0.002,0.00259589446677419,0.0544016499749171));
#5813=CARTESIAN_POINT('',(-0.003,0.00259589446677419,0.0544016499749171));
#5814=CARTESIAN_POINT('',(-0.002,0.00248427799027996,0.0544137420355289));
#5815=CARTESIAN_POINT('',(-0.003,0.00248427799027996,0.0544137420355289));
#5816=CARTESIAN_POINT('',(-0.002,0.00238151465693892,0.0544321893293883));
#5817=CARTESIAN_POINT('',(-0.003,0.00238151465693892,0.0544321893293883));
#5818=CARTESIAN_POINT('',(-0.002,0.00228706733014931,0.0544583264171008));
#5819=CARTESIAN_POINT('',(-0.003,0.00228706733014931,0.0544583264171008));
#5820=CARTESIAN_POINT('',(-0.002,0.00220149535550579,0.0544926040204041));
#5821=CARTESIAN_POINT('',(-0.003,0.00220149535550579,0.0544926040204041));
#5822=CARTESIAN_POINT('',(-0.002,0.0021242995642236,0.0545339660979121));
#5823=CARTESIAN_POINT('',(-0.003,0.0021242995642236,0.0545339660979121));
#5824=CARTESIAN_POINT('',(-0.002,0.00205615527648199,0.0545835696729797));
#5825=CARTESIAN_POINT('',(-0.003,0.00205615527648199,0.0545835696729797));
#5826=CARTESIAN_POINT('',(-0.002,0.00199619752361765,0.0546409696479974));
#5827=CARTESIAN_POINT('',(-0.003,0.00199619752361765,0.0546409696479974));
#5828=CARTESIAN_POINT('',(-0.002,0.00194479261781286,0.0547079084235888));
#5829=CARTESIAN_POINT('',(-0.003,0.00194479261781286,0.0547079084235888));
#5830=CARTESIAN_POINT('',(-0.002,0.00189984906251616,0.0547836317005585));
#5831=CARTESIAN_POINT('',(-0.003,0.00189984906251616,0.0547836317005585));
#5832=CARTESIAN_POINT('',(-0.002,0.00186313149471882,0.054869666414156));
#5833=CARTESIAN_POINT('',(-0.003,0.00186313149471882,0.054869666414156));
#5834=CARTESIAN_POINT('',(-0.002,0.00183264025062888,0.0549649070369017));
#5835=CARTESIAN_POINT('',(-0.003,0.00183264025062888,0.0549649070369017));
#5836=CARTESIAN_POINT('',(-0.002,0.00180859044934859,0.0550695213839971));
#5837=CARTESIAN_POINT('',(-0.003,0.00180859044934859,0.0550695213839971));
#5838=CARTESIAN_POINT('',(-0.002,0.00179234894739815,0.055183923661848));
#5839=CARTESIAN_POINT('',(-0.003,0.00179234894739815,0.055183923661848));
#5840=CARTESIAN_POINT('',(-0.002,0.00178205200370229,0.0553078673086733));
#5841=CARTESIAN_POINT('',(-0.003,0.00178205200370229,0.0553078673086733));
#5842=CARTESIAN_POINT('',(-0.002,0.00178069992241174,0.0553938323928483));
#5843=CARTESIAN_POINT('',(-0.003,0.00178069992241174,0.0553938323928483));
#5844=CARTESIAN_POINT('',(-0.002,0.00178,0.0554383333333333));
#5845=CARTESIAN_POINT('',(-0.003,0.00178,0.0554383333333333));
#5846=CARTESIAN_POINT('',(-0.002,0.00271333333333332,0.0544));
#5847=CARTESIAN_POINT('',(-0.002,0.00267319532422617,0.054400563924961));
#5848=CARTESIAN_POINT('',(-0.002,0.00259589446677419,0.0544016499749171));
#5849=CARTESIAN_POINT('',(-0.002,0.00248427799027996,0.0544137420355289));
#5850=CARTESIAN_POINT('',(-0.002,0.00238151465693892,0.0544321893293883));
#5851=CARTESIAN_POINT('',(-0.002,0.00228706733014931,0.0544583264171008));
#5852=CARTESIAN_POINT('',(-0.002,0.00220149535550579,0.0544926040204041));
#5853=CARTESIAN_POINT('',(-0.002,0.0021242995642236,0.0545339660979121));
#5854=CARTESIAN_POINT('',(-0.002,0.00205615527648199,0.0545835696729797));
#5855=CARTESIAN_POINT('',(-0.002,0.00199619752361765,0.0546409696479974));
#5856=CARTESIAN_POINT('',(-0.002,0.00194479261781286,0.0547079084235888));
#5857=CARTESIAN_POINT('',(-0.002,0.00189984906251616,0.0547836317005585));
#5858=CARTESIAN_POINT('',(-0.002,0.00186313149471882,0.054869666414156));
#5859=CARTESIAN_POINT('',(-0.002,0.00183264025062888,0.0549649070369017));
#5860=CARTESIAN_POINT('',(-0.002,0.00180859044934859,0.0550695213839971));
#5861=CARTESIAN_POINT('',(-0.002,0.00179234894739815,0.055183923661848));
#5862=CARTESIAN_POINT('',(-0.002,0.00178205200370229,0.0553078673086733));
#5863=CARTESIAN_POINT('',(-0.002,0.00178069992241174,0.0553938323928483));
#5864=CARTESIAN_POINT('',(-0.002,0.00178,0.0554383333333333));
#5865=CARTESIAN_POINT('',(-0.002,0.00178,0.0554383333333333));
#5866=CARTESIAN_POINT('',(-0.003,0.00178037896825371,0.0554383357544619));
#5867=CARTESIAN_POINT('',(-0.00266666666666667,0.00178037896825371,0.0554383357544619));
#5868=CARTESIAN_POINT('',(-0.00233333333333333,0.00178037896825371,0.0554383357544619));
#5869=CARTESIAN_POINT('',(-0.002,0.00178037896825371,0.0554383357544619));
#5870=CARTESIAN_POINT('',(-0.0019999999972567,0.00444269232256608,0.0554553445749568));
#5871=CARTESIAN_POINT('',(-0.00200000000000002,0.00182666666666666,0.0559502083333333));
#5872=CARTESIAN_POINT('',(-0.00200000000000002,0.00179241681566849,0.055756117315493));
#5873=CARTESIAN_POINT('',(-0.00200000000000003,0.00178251722446463,0.0556430652027746));
#5874=CARTESIAN_POINT('',(-0.00200000000000004,0.00177999999999999,0.0554383333333333));
#5875=CARTESIAN_POINT('',(-0.002,0.00150886314439197,0.055502990998101));
#5876=CARTESIAN_POINT('',(-0.002,0.0036,0.0548870833333333));
#5877=CARTESIAN_POINT('',(-0.002,0.00359945791050871,0.0548700327522434));
#5878=CARTESIAN_POINT('',(-0.002,0.00359839717468867,0.0548366689582469));
#5879=CARTESIAN_POINT('',(-0.002,0.0035894907006469,0.0547877813850044));
#5880=CARTESIAN_POINT('',(-0.002,0.00357410964162883,0.0547416999248164));
#5881=CARTESIAN_POINT('',(-0.002,0.00355268108326833,0.0546984993495417));
#5882=CARTESIAN_POINT('',(-0.002,0.00352609176296042,0.0546575895791934));
#5883=CARTESIAN_POINT('',(-0.002,0.00349304217209241,0.0546195004190605));
#5884=CARTESIAN_POINT('',(-0.002,0.00345340771222727,0.054584795202545));
#5885=CARTESIAN_POINT('',(-0.002,0.00339307719051524,0.0545415854659121));
#5886=CARTESIAN_POINT('',(-0.002,0.0033082853007305,0.0544954078424265));
#5887=CARTESIAN_POINT('',(-0.002,0.00319648940927109,0.0544535219962987));
#5888=CARTESIAN_POINT('',(-0.002,0.00307523436458359,0.0544225718996836));
#5889=CARTESIAN_POINT('',(-0.002,0.00299035667077798,0.0544144097328561));
#5890=CARTESIAN_POINT('',(-0.002,0.00294666666666666,0.0544102083333333));
#5891=CARTESIAN_POINT('',(-0.002,0.0036,0.0548870833333333));
#5892=CARTESIAN_POINT('',(-0.002,0.00294666666666666,0.0544102083333333));
#5893=CARTESIAN_POINT('',(-0.002,0.00300281249999999,0.0552319791666666));
#5894=CARTESIAN_POINT('',(-0.002,0.00302857941897522,0.0552316479462839));
#5895=CARTESIAN_POINT('',(-0.002,0.00307819532454952,0.0552310101595445));
#5896=CARTESIAN_POINT('',(-0.002,0.00314974536785163,0.0552276035293388));
#5897=CARTESIAN_POINT('',(-0.002,0.00321569521854706,0.055221036199923));
#5898=CARTESIAN_POINT('',(-0.002,0.00327592656149657,0.05521196755443));
#5899=CARTESIAN_POINT('',(-0.002,0.00333037135177559,0.0551992595710626));
#5900=CARTESIAN_POINT('',(-0.002,0.00337954553264904,0.0551850143840992));
#5901=CARTESIAN_POINT('',(-0.002,0.00342307185423386,0.0551677618127403));
#5902=CARTESIAN_POINT('',(-0.002,0.00347232239328554,0.0551420028236634));
#5903=CARTESIAN_POINT('',(-0.002,0.00352353896427844,0.0551019985770473));
#5904=CARTESIAN_POINT('',(-0.002,0.00356834440251895,0.0550404431566504));
#5905=CARTESIAN_POINT('',(-0.002,0.00359566925337543,0.0549672410647503));
#5906=CARTESIAN_POINT('',(-0.002,0.0035985161242349,0.0549145483700455));
#5907=CARTESIAN_POINT('',(-0.002,0.0036,0.0548870833333333));
#5908=CARTESIAN_POINT('',(-0.00200000000000023,0.00300281249999999,0.0552319791666666));
#5909=CARTESIAN_POINT('',(-0.002,0.00294666666666666,0.0552319791666666));
#5910=CARTESIAN_POINT('',(-0.002,0.00294666666666666,0.0552319791666666));
#5911=CARTESIAN_POINT('',(-0.002,0.00294666666666666,0.0544102083333333));
#5912=CARTESIAN_POINT('',(-0.002,0.00294666666666666,0.0544102083333333));
#5913=CARTESIAN_POINT('',(-0.003,0.00294666666666666,0.0544102083333333));
#5914=CARTESIAN_POINT('',(-0.003,0.00294666666666666,0.0544102083333333));
#5915=CARTESIAN_POINT('',(-0.00300000000000023,0.00294666666666666,0.0552319791666666));
#5916=CARTESIAN_POINT('',(-0.002,0.00294666666666666,0.0544102083333333));
#5917=CARTESIAN_POINT('',(-0.002,0.00294666666666666,0.0552319791666666));
#5918=CARTESIAN_POINT('',(-0.002,0.0036,0.0548870833333333));
#5919=CARTESIAN_POINT('',(-0.003,0.0036,0.0548870833333333));
#5920=CARTESIAN_POINT('',(-0.002,0.00359945791050871,0.0548700327522434));
#5921=CARTESIAN_POINT('',(-0.003,0.00359945791050871,0.0548700327522434));
#5922=CARTESIAN_POINT('',(-0.002,0.00359839717468867,0.0548366689582469));
#5923=CARTESIAN_POINT('',(-0.003,0.00359839717468867,0.0548366689582469));
#5924=CARTESIAN_POINT('',(-0.002,0.0035894907006469,0.0547877813850044));
#5925=CARTESIAN_POINT('',(-0.003,0.0035894907006469,0.0547877813850044));
#5926=CARTESIAN_POINT('',(-0.002,0.00357410964162883,0.0547416999248164));
#5927=CARTESIAN_POINT('',(-0.003,0.00357410964162883,0.0547416999248164));
#5928=CARTESIAN_POINT('',(-0.002,0.00355268108326833,0.0546984993495417));
#5929=CARTESIAN_POINT('',(-0.003,0.00355268108326833,0.0546984993495417));
#5930=CARTESIAN_POINT('',(-0.002,0.00352609176296042,0.0546575895791934));
#5931=CARTESIAN_POINT('',(-0.003,0.00352609176296042,0.0546575895791934));
#5932=CARTESIAN_POINT('',(-0.002,0.00349304217209241,0.0546195004190605));
#5933=CARTESIAN_POINT('',(-0.003,0.00349304217209241,0.0546195004190605));
#5934=CARTESIAN_POINT('',(-0.002,0.00345340771222727,0.054584795202545));
#5935=CARTESIAN_POINT('',(-0.003,0.00345340771222727,0.054584795202545));
#5936=CARTESIAN_POINT('',(-0.002,0.00339307719051524,0.0545415854659121));
#5937=CARTESIAN_POINT('',(-0.003,0.00339307719051524,0.0545415854659121));
#5938=CARTESIAN_POINT('',(-0.002,0.0033082853007305,0.0544954078424265));
#5939=CARTESIAN_POINT('',(-0.003,0.0033082853007305,0.0544954078424265));
#5940=CARTESIAN_POINT('',(-0.002,0.00319648940927109,0.0544535219962987));
#5941=CARTESIAN_POINT('',(-0.003,0.00319648940927109,0.0544535219962987));
#5942=CARTESIAN_POINT('',(-0.002,0.00307523436458359,0.0544225718996836));
#5943=CARTESIAN_POINT('',(-0.003,0.00307523436458359,0.0544225718996836));
#5944=CARTESIAN_POINT('',(-0.002,0.00299035667077798,0.0544144097328561));
#5945=CARTESIAN_POINT('',(-0.003,0.00299035667077798,0.0544144097328561));
#5946=CARTESIAN_POINT('',(-0.002,0.00294666666666666,0.0544102083333333));
#5947=CARTESIAN_POINT('',(-0.003,0.00294666666666666,0.0544102083333333));
#5948=CARTESIAN_POINT('',(-0.003,0.0036,0.0548870833333333));
#5949=CARTESIAN_POINT('',(-0.003,0.00359945791050871,0.0548700327522434));
#5950=CARTESIAN_POINT('',(-0.003,0.00359839717468867,0.0548366689582469));
#5951=CARTESIAN_POINT('',(-0.003,0.0035894907006469,0.0547877813850044));
#5952=CARTESIAN_POINT('',(-0.003,0.00357410964162883,0.0547416999248164));
#5953=CARTESIAN_POINT('',(-0.003,0.00355268108326833,0.0546984993495417));
#5954=CARTESIAN_POINT('',(-0.003,0.00352609176296042,0.0546575895791934));
#5955=CARTESIAN_POINT('',(-0.003,0.00349304217209241,0.0546195004190605));
#5956=CARTESIAN_POINT('',(-0.003,0.00345340771222727,0.054584795202545));
#5957=CARTESIAN_POINT('',(-0.003,0.00339307719051524,0.0545415854659121));
#5958=CARTESIAN_POINT('',(-0.003,0.0033082853007305,0.0544954078424265));
#5959=CARTESIAN_POINT('',(-0.003,0.00319648940927109,0.0544535219962987));
#5960=CARTESIAN_POINT('',(-0.003,0.00307523436458359,0.0544225718996836));
#5961=CARTESIAN_POINT('',(-0.003,0.00299035667077798,0.0544144097328561));
#5962=CARTESIAN_POINT('',(-0.003,0.00294666666666666,0.0544102083333333));
#5963=CARTESIAN_POINT('',(-0.003,0.0036,0.0548870833333333));
#5964=CARTESIAN_POINT('',(-0.002,0.0036,0.0548870833333333));
#5965=CARTESIAN_POINT('',(-0.002,0.00300281249999999,0.0552319791666666));
#5966=CARTESIAN_POINT('',(-0.003,0.00300281249999999,0.0552319791666666));
#5967=CARTESIAN_POINT('',(-0.002,0.00302857941897522,0.0552316479462839));
#5968=CARTESIAN_POINT('',(-0.003,0.00302857941897522,0.0552316479462839));
#5969=CARTESIAN_POINT('',(-0.002,0.00307819532454952,0.0552310101595445));
#5970=CARTESIAN_POINT('',(-0.003,0.00307819532454952,0.0552310101595445));
#5971=CARTESIAN_POINT('',(-0.002,0.00314974536785163,0.0552276035293388));
#5972=CARTESIAN_POINT('',(-0.003,0.00314974536785163,0.0552276035293388));
#5973=CARTESIAN_POINT('',(-0.002,0.00321569521854706,0.055221036199923));
#5974=CARTESIAN_POINT('',(-0.003,0.00321569521854706,0.055221036199923));
#5975=CARTESIAN_POINT('',(-0.002,0.00327592656149657,0.05521196755443));
#5976=CARTESIAN_POINT('',(-0.003,0.00327592656149657,0.05521196755443));
#5977=CARTESIAN_POINT('',(-0.002,0.00333037135177559,0.0551992595710626));
#5978=CARTESIAN_POINT('',(-0.003,0.00333037135177559,0.0551992595710626));
#5979=CARTESIAN_POINT('',(-0.002,0.00337954553264904,0.0551850143840992));
#5980=CARTESIAN_POINT('',(-0.003,0.00337954553264904,0.0551850143840992));
#5981=CARTESIAN_POINT('',(-0.002,0.00342307185423386,0.0551677618127403));
#5982=CARTESIAN_POINT('',(-0.003,0.00342307185423386,0.0551677618127403));
#5983=CARTESIAN_POINT('',(-0.002,0.00347232239328554,0.0551420028236634));
#5984=CARTESIAN_POINT('',(-0.003,0.00347232239328554,0.0551420028236634));
#5985=CARTESIAN_POINT('',(-0.002,0.00352353896427844,0.0551019985770473));
#5986=CARTESIAN_POINT('',(-0.003,0.00352353896427844,0.0551019985770473));
#5987=CARTESIAN_POINT('',(-0.002,0.00356834440251895,0.0550404431566504));
#5988=CARTESIAN_POINT('',(-0.003,0.00356834440251895,0.0550404431566504));
#5989=CARTESIAN_POINT('',(-0.002,0.00359566925337543,0.0549672410647503));
#5990=CARTESIAN_POINT('',(-0.003,0.00359566925337543,0.0549672410647503));
#5991=CARTESIAN_POINT('',(-0.002,0.0035985161242349,0.0549145483700455));
#5992=CARTESIAN_POINT('',(-0.003,0.0035985161242349,0.0549145483700455));
#5993=CARTESIAN_POINT('',(-0.002,0.0036,0.0548870833333333));
#5994=CARTESIAN_POINT('',(-0.003,0.0036,0.0548870833333333));
#5995=CARTESIAN_POINT('',(-0.003,0.00300281249999999,0.0552319791666666));
#5996=CARTESIAN_POINT('',(-0.003,0.00302857941897522,0.0552316479462839));
#5997=CARTESIAN_POINT('',(-0.003,0.00307819532454952,0.0552310101595445));
#5998=CARTESIAN_POINT('',(-0.003,0.00314974536785163,0.0552276035293388));
#5999=CARTESIAN_POINT('',(-0.003,0.00321569521854706,0.055221036199923));
#6000=CARTESIAN_POINT('',(-0.003,0.00327592656149657,0.05521196755443));
#6001=CARTESIAN_POINT('',(-0.003,0.00333037135177559,0.0551992595710626));
#6002=CARTESIAN_POINT('',(-0.003,0.00337954553264904,0.0551850143840992));
#6003=CARTESIAN_POINT('',(-0.003,0.00342307185423386,0.0551677618127403));
#6004=CARTESIAN_POINT('',(-0.003,0.00347232239328554,0.0551420028236634));
#6005=CARTESIAN_POINT('',(-0.003,0.00352353896427844,0.0551019985770473));
#6006=CARTESIAN_POINT('',(-0.003,0.00356834440251895,0.0550404431566504));
#6007=CARTESIAN_POINT('',(-0.003,0.00359566925337543,0.0549672410647503));
#6008=CARTESIAN_POINT('',(-0.003,0.0035985161242349,0.0549145483700455));
#6009=CARTESIAN_POINT('',(-0.003,0.0036,0.0548870833333333));
#6010=CARTESIAN_POINT('',(-0.003,0.00300281249999999,0.0552319791666666));
#6011=CARTESIAN_POINT('',(-0.002,0.00300281249999999,0.0552319791666666));
#6012=CARTESIAN_POINT('',(-0.002,0.00294666666666666,0.0552319791666666));
#6013=CARTESIAN_POINT('',(-0.003,0.00294666666666666,0.0552319791666666));
#6014=CARTESIAN_POINT('',(-0.002,0.00182666666666666,0.058656875));
#6015=CARTESIAN_POINT('',(-0.003,0.00182666666666665,0.058656875));
#6016=CARTESIAN_POINT('',(-0.00266666666666667,0.00182666666666665,0.058656875));
#6017=CARTESIAN_POINT('',(-0.00233333333333333,0.00182666666666665,0.058656875));
#6018=CARTESIAN_POINT('',(-0.002,0.00182666666666665,0.058656875));
#6019=CARTESIAN_POINT('',(-0.002,0.00182666666666666,0.058656875));
#6020=CARTESIAN_POINT('',(-0.002,0.00182666666666666,0.058656875));
#6021=CARTESIAN_POINT('',(-0.002,0.00167572916666666,0.0586765625));
#6022=CARTESIAN_POINT('',(-0.002,0.00167572916666666,0.0586765625));
#6023=CARTESIAN_POINT('',(-0.00233333333333333,0.00167572916666666,0.0586765625));
#6024=CARTESIAN_POINT('',(-0.00266666666666667,0.00167572916666666,0.0586765625));
#6025=CARTESIAN_POINT('',(-0.003,0.00167572916666666,0.0586765625));
#6026=CARTESIAN_POINT('',(-0.0019999999972567,0.0035986037752657,0.0577248568002912));
#6027=CARTESIAN_POINT('',(-0.00200000000000002,0.00145333333333332,0.0577169791666667));
#6028=CARTESIAN_POINT('',(-0.00200000000000002,0.00145517750936418,0.0578173287752164));
#6029=CARTESIAN_POINT('',(-0.00200000000000001,0.00146120238149838,0.0579565354913236));
#6030=CARTESIAN_POINT('',(-0.002,0.00151981396605874,0.0583019249339362));
#6031=CARTESIAN_POINT('',(-0.00199999999999999,0.0015970913247389,0.0585076878392572));
#6032=CARTESIAN_POINT('',(-0.00199999999999999,0.00167572916666666,0.0586765625));
#6033=CARTESIAN_POINT('',(-0.002,0.00145333333333332,0.0577169791666667));
#6034=CARTESIAN_POINT('',(-0.002,0.00145363915838146,0.0577169802896848));
#6035=CARTESIAN_POINT('',(-0.00233333333333333,0.00145363915838146,0.0577169802896848));
#6036=CARTESIAN_POINT('',(-0.00266666666666667,0.00145363915838146,0.0577169802896848));
#6037=CARTESIAN_POINT('',(-0.003,0.00145363915838146,0.0577169802896848));
#6038=CARTESIAN_POINT('',(-0.002,0.00145333333333332,0.0577169791666667));
#6039=CARTESIAN_POINT('',(-0.003,0.00145333333333332,0.0577169791666667));
#6040=CARTESIAN_POINT('',(-0.002,0.0014540553048771,0.0576680869735068));
#6041=CARTESIAN_POINT('',(-0.003,0.0014540553048771,0.0576680869735068));
#6042=CARTESIAN_POINT('',(-0.002,0.00145546640810115,0.0575725265154893));
#6043=CARTESIAN_POINT('',(-0.003,0.00145546640810115,0.0575725265154893));
#6044=CARTESIAN_POINT('',(-0.002,0.00146994342468898,0.0574327184151783));
#6045=CARTESIAN_POINT('',(-0.003,0.00146994342468898,0.0574327184151783));
#6046=CARTESIAN_POINT('',(-0.002,0.00149199917849902,0.057299507106802));
#6047=CARTESIAN_POINT('',(-0.003,0.00149199917849902,0.057299507106802));
#6048=CARTESIAN_POINT('',(-0.002,0.00152425575955427,0.0571732656001625));
#6049=CARTESIAN_POINT('',(-0.003,0.00152425575955427,0.0571732656001625));
#6050=CARTESIAN_POINT('',(-0.002,0.00156477306812621,0.0570537073231835));
#6051=CARTESIAN_POINT('',(-0.003,0.00156477306812621,0.0570537073231835));
#6052=CARTESIAN_POINT('',(-0.002,0.0016155842217809,0.0569416703684336));
#6053=CARTESIAN_POINT('',(-0.003,0.0016155842217809,0.0569416703684336));
#6054=CARTESIAN_POINT('',(-0.002,0.00167471323995614,0.0568359953087984));
#6055=CARTESIAN_POINT('',(-0.003,0.00167471323995614,0.0568359953087984));
#6056=CARTESIAN_POINT('',(-0.002,0.00174295487039665,0.0567377648457059));
#6057=CARTESIAN_POINT('',(-0.003,0.00174295487039665,0.0567377648457059));
#6058=CARTESIAN_POINT('',(-0.002,0.00181978011661404,0.0566482762696991));
#6059=CARTESIAN_POINT('',(-0.003,0.00181978011661404,0.0566482762696991));
#6060=CARTESIAN_POINT('',(-0.002,0.0019067675895901,0.0565710495265982));
#6061=CARTESIAN_POINT('',(-0.003,0.0019067675895901,0.0565710495265982));
#6062=CARTESIAN_POINT('',(-0.002,0.00200218427985857,0.0565058746931817));
#6063=CARTESIAN_POINT('',(-0.003,0.00200218427985857,0.0565058746931817));
#6064=CARTESIAN_POINT('',(-0.002,0.00210613601984806,0.0564519479983484));
#6065=CARTESIAN_POINT('',(-0.003,0.00210613601984806,0.0564519479983484));
#6066=CARTESIAN_POINT('',(-0.002,0.00221895603822085,0.0564107317125045));
#6067=CARTESIAN_POINT('',(-0.003,0.00221895603822085,0.0564107317125045));
#6068=CARTESIAN_POINT('',(-0.002,0.00234037857663783,0.0563805876325132));
#6069=CARTESIAN_POINT('',(-0.003,0.00234037857663783,0.0563805876325132));
#6070=CARTESIAN_POINT('',(-0.002,0.00247050115849833,0.0563632053847012));
#6071=CARTESIAN_POINT('',(-0.003,0.00247050115849833,0.0563632053847012));
#6072=CARTESIAN_POINT('',(-0.002,0.00256015633954746,0.0563610867659934));
#6073=CARTESIAN_POINT('',(-0.003,0.00256015633954746,0.0563610867659934));
#6074=CARTESIAN_POINT('',(-0.002,0.00260614583333332,0.05636));
#6075=CARTESIAN_POINT('',(-0.003,0.00260614583333332,0.05636));
#6076=CARTESIAN_POINT('',(-0.002,0.00145333333333332,0.0577169791666667));
#6077=CARTESIAN_POINT('',(-0.002,0.0014540553048771,0.0576680869735068));
#6078=CARTESIAN_POINT('',(-0.002,0.00145546640810115,0.0575725265154893));
#6079=CARTESIAN_POINT('',(-0.002,0.00146994342468898,0.0574327184151783));
#6080=CARTESIAN_POINT('',(-0.002,0.00149199917849902,0.057299507106802));
#6081=CARTESIAN_POINT('',(-0.002,0.00152425575955427,0.0571732656001625));
#6082=CARTESIAN_POINT('',(-0.002,0.00156477306812621,0.0570537073231835));
#6083=CARTESIAN_POINT('',(-0.002,0.0016155842217809,0.0569416703684336));
#6084=CARTESIAN_POINT('',(-0.002,0.00167471323995614,0.0568359953087984));
#6085=CARTESIAN_POINT('',(-0.002,0.00174295487039665,0.0567377648457059));
#6086=CARTESIAN_POINT('',(-0.002,0.00181978011661404,0.0566482762696991));
#6087=CARTESIAN_POINT('',(-0.002,0.0019067675895901,0.0565710495265982));
#6088=CARTESIAN_POINT('',(-0.002,0.00200218427985857,0.0565058746931817));
#6089=CARTESIAN_POINT('',(-0.002,0.00210613601984806,0.0564519479983484));
#6090=CARTESIAN_POINT('',(-0.002,0.00221895603822085,0.0564107317125045));
#6091=CARTESIAN_POINT('',(-0.002,0.00234037857663783,0.0563805876325132));
#6092=CARTESIAN_POINT('',(-0.002,0.00247050115849833,0.0563632053847012));
#6093=CARTESIAN_POINT('',(-0.002,0.00256015633954746,0.0563610867659934));
#6094=CARTESIAN_POINT('',(-0.002,0.00260614583333332,0.05636));
#6095=CARTESIAN_POINT('',(-0.002,0.00260614583333332,0.05636));
#6096=CARTESIAN_POINT('',(-0.003,0.0026061086733087,0.0563577394375451));
#6097=CARTESIAN_POINT('',(-0.00266666666666667,0.0026061086733087,0.0563577394375451));
#6098=CARTESIAN_POINT('',(-0.00233333333333333,0.0026061086733087,0.0563577394375451));
#6099=CARTESIAN_POINT('',(-0.002,0.0026061086733087,0.0563577394375451));
#6100=CARTESIAN_POINT('',(-0.0019999999972567,0.00262587532912506,0.0575602079626618));
#6101=CARTESIAN_POINT('',(-0.00200000000000037,0.00383333333333332,0.0576528125));
#6102=CARTESIAN_POINT('',(-0.00200000000000042,0.00381886928263603,0.0568953318357616));
#6103=CARTESIAN_POINT('',(-0.00200000000000039,0.00335934986749123,0.056379497626016));
#6104=CARTESIAN_POINT('',(-0.00200000000000028,0.00260614583333332,0.05636));
#6105=CARTESIAN_POINT('',(-0.002,0.00383333333333332,0.0576528125));
#6106=CARTESIAN_POINT('',(-0.002,0.00382498493552867,0.0576521722296854));
#6107=CARTESIAN_POINT('',(-0.00233333333333333,0.00382498493552867,0.0576521722296854));
#6108=CARTESIAN_POINT('',(-0.00266666666666667,0.00382498493552867,0.0576521722296854));
#6109=CARTESIAN_POINT('',(-0.003,0.00382498493552867,0.0576521722296854));
#6110=CARTESIAN_POINT('',(-0.002,0.00383333333333332,0.0576528125));
#6111=CARTESIAN_POINT('',(-0.003,0.00383333333333332,0.0576528125));
#6112=CARTESIAN_POINT('',(-0.002,0.00383240496337018,0.0576929416788723));
#6113=CARTESIAN_POINT('',(-0.003,0.00383240496337018,0.0576929416788723));
#6114=CARTESIAN_POINT('',(-0.002,0.00383060043330284,0.0577709432436874));
#6115=CARTESIAN_POINT('',(-0.003,0.00383060043330284,0.0577709432436874));
#6116=CARTESIAN_POINT('',(-0.002,0.00381917057861652,0.0578846614418393));
#6117=CARTESIAN_POINT('',(-0.003,0.00381917057861652,0.0578846614418393));
#6118=CARTESIAN_POINT('',(-0.002,0.00379878316163365,0.0579912586460191));
#6119=CARTESIAN_POINT('',(-0.003,0.00379878316163365,0.0579912586460191));
#6120=CARTESIAN_POINT('',(-0.002,0.00377049202126225,0.058090941200545));
#6121=CARTESIAN_POINT('',(-0.003,0.00377049202126225,0.058090941200545));
#6122=CARTESIAN_POINT('',(-0.002,0.00373398959900371,0.0581833543784407));
#6123=CARTESIAN_POINT('',(-0.003,0.00373398959900371,0.0581833543784407));
#6124=CARTESIAN_POINT('',(-0.002,0.00368931264921068,0.0582688831803211));
#6125=CARTESIAN_POINT('',(-0.003,0.00368931264921068,0.0582688831803211));
#6126=CARTESIAN_POINT('',(-0.002,0.00363586630024352,0.0583469081652613));
#6127=CARTESIAN_POINT('',(-0.003,0.00363586630024352,0.0583469081652613));
#6128=CARTESIAN_POINT('',(-0.002,0.00357504036894365,0.0584180967555994));
#6129=CARTESIAN_POINT('',(-0.003,0.00357504036894365,0.0584180967555994));
#6130=CARTESIAN_POINT('',(-0.002,0.00350726827502109,0.0584817239109412));
#6131=CARTESIAN_POINT('',(-0.003,0.00350726827502109,0.0584817239109412));
#6132=CARTESIAN_POINT('',(-0.002,0.00343251036575599,0.05853666794509));
#6133=CARTESIAN_POINT('',(-0.003,0.00343251036575599,0.05853666794509));
#6134=CARTESIAN_POINT('',(-0.002,0.00335124329551186,0.0585826884342901));
#6135=CARTESIAN_POINT('',(-0.003,0.00335124329551186,0.0585826884342901));
#6136=CARTESIAN_POINT('',(-0.002,0.00326464739743861,0.0586218406341115));
#6137=CARTESIAN_POINT('',(-0.003,0.00326464739743861,0.0586218406341115));
#6138=CARTESIAN_POINT('',(-0.002,0.00317115535188259,0.0586505112074424));
#6139=CARTESIAN_POINT('',(-0.003,0.00317115535188259,0.0586505112074424));
#6140=CARTESIAN_POINT('',(-0.002,0.00307216971146756,0.0586719235347656));
#6141=CARTESIAN_POINT('',(-0.003,0.00307216971146756,0.0586719235347656));
#6142=CARTESIAN_POINT('',(-0.002,0.00296666233391604,0.0586842111385038));
#6143=CARTESIAN_POINT('',(-0.003,0.00296666233391604,0.0586842111385038));
#6144=CARTESIAN_POINT('',(-0.002,0.00289419794613079,0.0586859022523127));
#6145=CARTESIAN_POINT('',(-0.003,0.00289419794613079,0.0586859022523127));
#6146=CARTESIAN_POINT('',(-0.002,0.00285697916666666,0.0586867708333333));
#6147=CARTESIAN_POINT('',(-0.003,0.00285697916666666,0.0586867708333333));
#6148=CARTESIAN_POINT('',(-0.002,0.00383333333333332,0.0576528125));
#6149=CARTESIAN_POINT('',(-0.002,0.00383240496337018,0.0576929416788723));
#6150=CARTESIAN_POINT('',(-0.002,0.00383060043330284,0.0577709432436874));
#6151=CARTESIAN_POINT('',(-0.002,0.00381917057861652,0.0578846614418393));
#6152=CARTESIAN_POINT('',(-0.002,0.00379878316163365,0.0579912586460191));
#6153=CARTESIAN_POINT('',(-0.002,0.00377049202126225,0.058090941200545));
#6154=CARTESIAN_POINT('',(-0.002,0.00373398959900371,0.0581833543784407));
#6155=CARTESIAN_POINT('',(-0.002,0.00368931264921068,0.0582688831803211));
#6156=CARTESIAN_POINT('',(-0.002,0.00363586630024352,0.0583469081652613));
#6157=CARTESIAN_POINT('',(-0.002,0.00357504036894365,0.0584180967555994));
#6158=CARTESIAN_POINT('',(-0.002,0.00350726827502109,0.0584817239109412));
#6159=CARTESIAN_POINT('',(-0.002,0.00343251036575599,0.05853666794509));
#6160=CARTESIAN_POINT('',(-0.002,0.00335124329551186,0.0585826884342901));
#6161=CARTESIAN_POINT('',(-0.002,0.00326464739743861,0.0586218406341115));
#6162=CARTESIAN_POINT('',(-0.002,0.00317115535188259,0.0586505112074424));
#6163=CARTESIAN_POINT('',(-0.002,0.00307216971146756,0.0586719235347656));
#6164=CARTESIAN_POINT('',(-0.002,0.00296666233391604,0.0586842111385038));
#6165=CARTESIAN_POINT('',(-0.002,0.00289419794613079,0.0586859022523127));
#6166=CARTESIAN_POINT('',(-0.002,0.00285697916666666,0.0586867708333333));
#6167=CARTESIAN_POINT('',(-0.002,0.00285697916666666,0.0586867708333333));
#6168=CARTESIAN_POINT('',(-0.003,0.00285697835774482,0.0586866804842457));
#6169=CARTESIAN_POINT('',(-0.00266666666666667,0.00285697835774482,0.0586866804842457));
#6170=CARTESIAN_POINT('',(-0.00233333333333333,0.00285697835774482,0.0586866804842457));
#6171=CARTESIAN_POINT('',(-0.002,0.00285697835774482,0.0586866804842457));
#6172=CARTESIAN_POINT('',(-0.0019999999972567,0.00284619608455209,0.0574824002998093));
#6173=CARTESIAN_POINT('',(-0.00200000000000014,0.00271333333333332,0.0586794791666667));
#6174=CARTESIAN_POINT('',(-0.00200000000000015,0.00277634273085261,0.058685474511653));
#6175=CARTESIAN_POINT('',(-0.00200000000000015,0.00279236564883928,0.058686378281364));
#6176=CARTESIAN_POINT('',(-0.00200000000000016,0.00285697916666666,0.0586867708333334));
#6177=CARTESIAN_POINT('',(-0.002,0.00271333333333332,0.0586794791666667));
#6178=CARTESIAN_POINT('',(-0.003,0.00271333333333332,0.0586794791666667));
#6179=CARTESIAN_POINT('',(-0.00266666666666667,0.00271333333333332,0.0586794791666667));
#6180=CARTESIAN_POINT('',(-0.00233333333333333,0.00271333333333332,0.0586794791666667));
#6181=CARTESIAN_POINT('',(-0.002,0.00271333333333332,0.0586794791666667));
#6182=CARTESIAN_POINT('',(-0.002,0.00271333333333332,0.0586794791666667));
#6183=CARTESIAN_POINT('',(-0.002,0.00271333333333332,0.0586794791666667));
#6184=CARTESIAN_POINT('',(-0.002,0.00271333333333332,0.0571066666666667));
#6185=CARTESIAN_POINT('',(-0.002,0.00271333333333332,0.0571066666666667));
#6186=CARTESIAN_POINT('',(-0.002,0.00271333333333332,0.0571066666666667));
#6187=CARTESIAN_POINT('',(-0.003,0.00271333333333332,0.0571066666666667));
#6188=CARTESIAN_POINT('',(-0.002,0.00267319532422618,0.0571072305916277));
#6189=CARTESIAN_POINT('',(-0.003,0.00267319532422618,0.0571072305916277));
#6190=CARTESIAN_POINT('',(-0.002,0.00259589446677419,0.0571083166415838));
#6191=CARTESIAN_POINT('',(-0.003,0.00259589446677419,0.0571083166415838));
#6192=CARTESIAN_POINT('',(-0.002,0.00248427799027996,0.0571204087021956));
#6193=CARTESIAN_POINT('',(-0.003,0.00248427799027996,0.0571204087021956));
#6194=CARTESIAN_POINT('',(-0.002,0.00238151465693892,0.0571388559960549));
#6195=CARTESIAN_POINT('',(-0.003,0.00238151465693892,0.0571388559960549));
#6196=CARTESIAN_POINT('',(-0.002,0.00228706733014931,0.0571649930837675));
#6197=CARTESIAN_POINT('',(-0.003,0.00228706733014931,0.0571649930837675));
#6198=CARTESIAN_POINT('',(-0.002,0.00220149535550579,0.0571992706870708));
#6199=CARTESIAN_POINT('',(-0.003,0.00220149535550579,0.0571992706870708));
#6200=CARTESIAN_POINT('',(-0.002,0.0021242995642236,0.0572406327645788));
#6201=CARTESIAN_POINT('',(-0.003,0.0021242995642236,0.0572406327645788));
#6202=CARTESIAN_POINT('',(-0.002,0.00205615527648199,0.0572902363396464));
#6203=CARTESIAN_POINT('',(-0.003,0.00205615527648199,0.0572902363396464));
#6204=CARTESIAN_POINT('',(-0.002,0.00199619752361765,0.0573476363146641));
#6205=CARTESIAN_POINT('',(-0.003,0.00199619752361765,0.0573476363146641));
#6206=CARTESIAN_POINT('',(-0.002,0.00194479261781286,0.0574145750902555));
#6207=CARTESIAN_POINT('',(-0.003,0.00194479261781286,0.0574145750902555));
#6208=CARTESIAN_POINT('',(-0.002,0.00189984906251616,0.0574902983672252));
#6209=CARTESIAN_POINT('',(-0.003,0.00189984906251616,0.0574902983672252));
#6210=CARTESIAN_POINT('',(-0.002,0.00186313149471882,0.0575763330808227));
#6211=CARTESIAN_POINT('',(-0.003,0.00186313149471882,0.0575763330808227));
#6212=CARTESIAN_POINT('',(-0.002,0.00183264025062888,0.0576715737035684));
#6213=CARTESIAN_POINT('',(-0.003,0.00183264025062888,0.0576715737035684));
#6214=CARTESIAN_POINT('',(-0.002,0.00180859044934859,0.0577761880506638));
#6215=CARTESIAN_POINT('',(-0.003,0.00180859044934859,0.0577761880506638));
#6216=CARTESIAN_POINT('',(-0.002,0.00179234894739815,0.0578905903285147));
#6217=CARTESIAN_POINT('',(-0.003,0.00179234894739815,0.0578905903285147));
#6218=CARTESIAN_POINT('',(-0.002,0.00178205200370229,0.05801453397534));
#6219=CARTESIAN_POINT('',(-0.003,0.00178205200370229,0.05801453397534));
#6220=CARTESIAN_POINT('',(-0.002,0.00178069992241174,0.058100499059515));
#6221=CARTESIAN_POINT('',(-0.003,0.00178069992241174,0.058100499059515));
#6222=CARTESIAN_POINT('',(-0.002,0.00178,0.058145));
#6223=CARTESIAN_POINT('',(-0.003,0.00178,0.058145));
#6224=CARTESIAN_POINT('',(-0.002,0.00271333333333332,0.0571066666666667));
#6225=CARTESIAN_POINT('',(-0.002,0.00267319532422618,0.0571072305916277));
#6226=CARTESIAN_POINT('',(-0.002,0.00259589446677419,0.0571083166415838));
#6227=CARTESIAN_POINT('',(-0.002,0.00248427799027996,0.0571204087021956));
#6228=CARTESIAN_POINT('',(-0.002,0.00238151465693892,0.0571388559960549));
#6229=CARTESIAN_POINT('',(-0.002,0.00228706733014931,0.0571649930837675));
#6230=CARTESIAN_POINT('',(-0.002,0.00220149535550579,0.0571992706870708));
#6231=CARTESIAN_POINT('',(-0.002,0.0021242995642236,0.0572406327645788));
#6232=CARTESIAN_POINT('',(-0.002,0.00205615527648199,0.0572902363396464));
#6233=CARTESIAN_POINT('',(-0.002,0.00199619752361765,0.0573476363146641));
#6234=CARTESIAN_POINT('',(-0.002,0.00194479261781286,0.0574145750902555));
#6235=CARTESIAN_POINT('',(-0.002,0.00189984906251616,0.0574902983672252));
#6236=CARTESIAN_POINT('',(-0.002,0.00186313149471882,0.0575763330808227));
#6237=CARTESIAN_POINT('',(-0.002,0.00183264025062888,0.0576715737035684));
#6238=CARTESIAN_POINT('',(-0.002,0.00180859044934859,0.0577761880506638));
#6239=CARTESIAN_POINT('',(-0.002,0.00179234894739815,0.0578905903285147));
#6240=CARTESIAN_POINT('',(-0.002,0.00178205200370229,0.05801453397534));
#6241=CARTESIAN_POINT('',(-0.002,0.00178069992241174,0.058100499059515));
#6242=CARTESIAN_POINT('',(-0.002,0.00178,0.058145));
#6243=CARTESIAN_POINT('',(-0.002,0.00178,0.058145));
#6244=CARTESIAN_POINT('',(-0.003,0.00178037896825371,0.0581450024211286));
#6245=CARTESIAN_POINT('',(-0.00266666666666667,0.00178037896825371,0.0581450024211286));
#6246=CARTESIAN_POINT('',(-0.00233333333333333,0.00178037896825371,0.0581450024211286));
#6247=CARTESIAN_POINT('',(-0.002,0.00178037896825371,0.0581450024211286));
#6248=CARTESIAN_POINT('',(-0.0019999999972567,0.00444269232256648,0.0581620112416235));
#6249=CARTESIAN_POINT('',(-0.00200000000000002,0.00182666666666666,0.058656875));
#6250=CARTESIAN_POINT('',(-0.00200000000000002,0.00179241681566863,0.0584627839821606));
#6251=CARTESIAN_POINT('',(-0.00200000000000003,0.00178251722446464,0.0583497318694421));
#6252=CARTESIAN_POINT('',(-0.00200000000000004,0.00177999999999999,0.058145));
#6253=CARTESIAN_POINT('',(-0.002,0.00150886314439197,0.0582096576647677));
#6254=CARTESIAN_POINT('',(-0.002,0.0036,0.05759375));
#6255=CARTESIAN_POINT('',(-0.002,0.00359945791050871,0.05757669941891));
#6256=CARTESIAN_POINT('',(-0.002,0.00359839717468867,0.0575433356249136));
#6257=CARTESIAN_POINT('',(-0.002,0.0035894907006469,0.0574944480516711));
#6258=CARTESIAN_POINT('',(-0.002,0.00357410964162883,0.0574483665914831));
#6259=CARTESIAN_POINT('',(-0.002,0.00355268108326833,0.0574051660162084));
#6260=CARTESIAN_POINT('',(-0.002,0.00352609176296042,0.0573642562458601));
#6261=CARTESIAN_POINT('',(-0.002,0.00349304217209241,0.0573261670857272));
#6262=CARTESIAN_POINT('',(-0.002,0.00345340771222727,0.0572914618692117));
#6263=CARTESIAN_POINT('',(-0.002,0.00339307719051524,0.0572482521325787));
#6264=CARTESIAN_POINT('',(-0.002,0.0033082853007305,0.0572020745090932));
#6265=CARTESIAN_POINT('',(-0.002,0.00319648940927109,0.0571601886629654));
#6266=CARTESIAN_POINT('',(-0.002,0.00307523436458359,0.0571292385663503));
#6267=CARTESIAN_POINT('',(-0.002,0.00299035667077798,0.0571210763995228));
#6268=CARTESIAN_POINT('',(-0.002,0.00294666666666666,0.057116875));
#6269=CARTESIAN_POINT('',(-0.002,0.0036,0.05759375));
#6270=CARTESIAN_POINT('',(-0.002,0.00294666666666666,0.057116875));
#6271=CARTESIAN_POINT('',(-0.002,0.00300281249999999,0.0579386458333333));
#6272=CARTESIAN_POINT('',(-0.002,0.00302857941897522,0.0579383146129506));
#6273=CARTESIAN_POINT('',(-0.002,0.00307819532454952,0.0579376768262112));
#6274=CARTESIAN_POINT('',(-0.002,0.00314974536785163,0.0579342701960055));
#6275=CARTESIAN_POINT('',(-0.002,0.00321569521854706,0.0579277028665896));
#6276=CARTESIAN_POINT('',(-0.002,0.00327592656149657,0.0579186342210968));
#6277=CARTESIAN_POINT('',(-0.002,0.00333037135177559,0.0579059262377293));
#6278=CARTESIAN_POINT('',(-0.002,0.00337954553264904,0.0578916810507658));
#6279=CARTESIAN_POINT('',(-0.002,0.00342307185423386,0.057874428479407));
#6280=CARTESIAN_POINT('',(-0.002,0.00347232239328554,0.0578486694903301));
#6281=CARTESIAN_POINT('',(-0.002,0.00352353896427844,0.057808665243714));
#6282=CARTESIAN_POINT('',(-0.002,0.00356834440251895,0.057747109823317));
#6283=CARTESIAN_POINT('',(-0.002,0.00359566925337543,0.057673907731417));
#6284=CARTESIAN_POINT('',(-0.002,0.0035985161242349,0.0576212150367121));
#6285=CARTESIAN_POINT('',(-0.002,0.0036,0.05759375));
#6286=CARTESIAN_POINT('',(-0.00200000000000023,0.00300281249999999,0.0579386458333333));
#6287=CARTESIAN_POINT('',(-0.002,0.00294666666666666,0.0579386458333333));
#6288=CARTESIAN_POINT('',(-0.002,0.00294666666666666,0.0579386458333333));
#6289=CARTESIAN_POINT('',(-0.002,0.00294666666666666,0.057116875));
#6290=CARTESIAN_POINT('',(-0.002,0.00294666666666666,0.057116875));
#6291=CARTESIAN_POINT('',(-0.003,0.00294666666666666,0.057116875));
#6292=CARTESIAN_POINT('',(-0.003,0.00294666666666666,0.057116875));
#6293=CARTESIAN_POINT('',(-0.00300000000000023,0.00294666666666666,0.0579386458333333));
#6294=CARTESIAN_POINT('',(-0.002,0.00294666666666666,0.057116875));
#6295=CARTESIAN_POINT('',(-0.002,0.00294666666666666,0.0579386458333333));
#6296=CARTESIAN_POINT('',(-0.002,0.0036,0.05759375));
#6297=CARTESIAN_POINT('',(-0.003,0.0036,0.05759375));
#6298=CARTESIAN_POINT('',(-0.002,0.00359945791050871,0.05757669941891));
#6299=CARTESIAN_POINT('',(-0.003,0.00359945791050871,0.05757669941891));
#6300=CARTESIAN_POINT('',(-0.002,0.00359839717468867,0.0575433356249136));
#6301=CARTESIAN_POINT('',(-0.003,0.00359839717468867,0.0575433356249136));
#6302=CARTESIAN_POINT('',(-0.002,0.0035894907006469,0.0574944480516711));
#6303=CARTESIAN_POINT('',(-0.003,0.0035894907006469,0.0574944480516711));
#6304=CARTESIAN_POINT('',(-0.002,0.00357410964162883,0.0574483665914831));
#6305=CARTESIAN_POINT('',(-0.003,0.00357410964162883,0.0574483665914831));
#6306=CARTESIAN_POINT('',(-0.002,0.00355268108326833,0.0574051660162084));
#6307=CARTESIAN_POINT('',(-0.003,0.00355268108326833,0.0574051660162084));
#6308=CARTESIAN_POINT('',(-0.002,0.00352609176296042,0.0573642562458601));
#6309=CARTESIAN_POINT('',(-0.003,0.00352609176296042,0.0573642562458601));
#6310=CARTESIAN_POINT('',(-0.002,0.00349304217209241,0.0573261670857272));
#6311=CARTESIAN_POINT('',(-0.003,0.00349304217209241,0.0573261670857272));
#6312=CARTESIAN_POINT('',(-0.002,0.00345340771222727,0.0572914618692117));
#6313=CARTESIAN_POINT('',(-0.003,0.00345340771222727,0.0572914618692117));
#6314=CARTESIAN_POINT('',(-0.002,0.00339307719051524,0.0572482521325787));
#6315=CARTESIAN_POINT('',(-0.003,0.00339307719051524,0.0572482521325787));
#6316=CARTESIAN_POINT('',(-0.002,0.0033082853007305,0.0572020745090932));
#6317=CARTESIAN_POINT('',(-0.003,0.0033082853007305,0.0572020745090932));
#6318=CARTESIAN_POINT('',(-0.002,0.00319648940927109,0.0571601886629654));
#6319=CARTESIAN_POINT('',(-0.003,0.00319648940927109,0.0571601886629654));
#6320=CARTESIAN_POINT('',(-0.002,0.00307523436458359,0.0571292385663503));
#6321=CARTESIAN_POINT('',(-0.003,0.00307523436458359,0.0571292385663503));
#6322=CARTESIAN_POINT('',(-0.002,0.00299035667077798,0.0571210763995228));
#6323=CARTESIAN_POINT('',(-0.003,0.00299035667077798,0.0571210763995228));
#6324=CARTESIAN_POINT('',(-0.002,0.00294666666666666,0.057116875));
#6325=CARTESIAN_POINT('',(-0.003,0.00294666666666666,0.057116875));
#6326=CARTESIAN_POINT('',(-0.003,0.0036,0.05759375));
#6327=CARTESIAN_POINT('',(-0.003,0.00359945791050871,0.05757669941891));
#6328=CARTESIAN_POINT('',(-0.003,0.00359839717468867,0.0575433356249136));
#6329=CARTESIAN_POINT('',(-0.003,0.0035894907006469,0.0574944480516711));
#6330=CARTESIAN_POINT('',(-0.003,0.00357410964162883,0.0574483665914831));
#6331=CARTESIAN_POINT('',(-0.003,0.00355268108326833,0.0574051660162084));
#6332=CARTESIAN_POINT('',(-0.003,0.00352609176296042,0.0573642562458601));
#6333=CARTESIAN_POINT('',(-0.003,0.00349304217209241,0.0573261670857272));
#6334=CARTESIAN_POINT('',(-0.003,0.00345340771222727,0.0572914618692117));
#6335=CARTESIAN_POINT('',(-0.003,0.00339307719051524,0.0572482521325787));
#6336=CARTESIAN_POINT('',(-0.003,0.0033082853007305,0.0572020745090932));
#6337=CARTESIAN_POINT('',(-0.003,0.00319648940927109,0.0571601886629654));
#6338=CARTESIAN_POINT('',(-0.003,0.00307523436458359,0.0571292385663503));
#6339=CARTESIAN_POINT('',(-0.003,0.00299035667077798,0.0571210763995228));
#6340=CARTESIAN_POINT('',(-0.003,0.00294666666666666,0.057116875));
#6341=CARTESIAN_POINT('',(-0.003,0.0036,0.05759375));
#6342=CARTESIAN_POINT('',(-0.002,0.0036,0.05759375));
#6343=CARTESIAN_POINT('',(-0.002,0.00300281249999999,0.0579386458333333));
#6344=CARTESIAN_POINT('',(-0.003,0.00300281249999999,0.0579386458333333));
#6345=CARTESIAN_POINT('',(-0.002,0.00302857941897522,0.0579383146129506));
#6346=CARTESIAN_POINT('',(-0.003,0.00302857941897522,0.0579383146129506));
#6347=CARTESIAN_POINT('',(-0.002,0.00307819532454952,0.0579376768262112));
#6348=CARTESIAN_POINT('',(-0.003,0.00307819532454952,0.0579376768262112));
#6349=CARTESIAN_POINT('',(-0.002,0.00314974536785163,0.0579342701960055));
#6350=CARTESIAN_POINT('',(-0.003,0.00314974536785163,0.0579342701960055));
#6351=CARTESIAN_POINT('',(-0.002,0.00321569521854706,0.0579277028665896));
#6352=CARTESIAN_POINT('',(-0.003,0.00321569521854706,0.0579277028665896));
#6353=CARTESIAN_POINT('',(-0.002,0.00327592656149657,0.0579186342210968));
#6354=CARTESIAN_POINT('',(-0.003,0.00327592656149657,0.0579186342210968));
#6355=CARTESIAN_POINT('',(-0.002,0.00333037135177559,0.0579059262377293));
#6356=CARTESIAN_POINT('',(-0.003,0.00333037135177559,0.0579059262377293));
#6357=CARTESIAN_POINT('',(-0.002,0.00337954553264904,0.0578916810507658));
#6358=CARTESIAN_POINT('',(-0.003,0.00337954553264904,0.0578916810507658));
#6359=CARTESIAN_POINT('',(-0.002,0.00342307185423386,0.057874428479407));
#6360=CARTESIAN_POINT('',(-0.003,0.00342307185423386,0.057874428479407));
#6361=CARTESIAN_POINT('',(-0.002,0.00347232239328554,0.0578486694903301));
#6362=CARTESIAN_POINT('',(-0.003,0.00347232239328554,0.0578486694903301));
#6363=CARTESIAN_POINT('',(-0.002,0.00352353896427844,0.057808665243714));
#6364=CARTESIAN_POINT('',(-0.003,0.00352353896427844,0.057808665243714));
#6365=CARTESIAN_POINT('',(-0.002,0.00356834440251895,0.057747109823317));
#6366=CARTESIAN_POINT('',(-0.003,0.00356834440251895,0.057747109823317));
#6367=CARTESIAN_POINT('',(-0.002,0.00359566925337543,0.057673907731417));
#6368=CARTESIAN_POINT('',(-0.003,0.00359566925337543,0.057673907731417));
#6369=CARTESIAN_POINT('',(-0.002,0.0035985161242349,0.0576212150367121));
#6370=CARTESIAN_POINT('',(-0.003,0.0035985161242349,0.0576212150367121));
#6371=CARTESIAN_POINT('',(-0.002,0.0036,0.05759375));
#6372=CARTESIAN_POINT('',(-0.003,0.0036,0.05759375));
#6373=CARTESIAN_POINT('',(-0.003,0.00300281249999999,0.0579386458333333));
#6374=CARTESIAN_POINT('',(-0.003,0.00302857941897522,0.0579383146129506));
#6375=CARTESIAN_POINT('',(-0.003,0.00307819532454952,0.0579376768262112));
#6376=CARTESIAN_POINT('',(-0.003,0.00314974536785163,0.0579342701960055));
#6377=CARTESIAN_POINT('',(-0.003,0.00321569521854706,0.0579277028665896));
#6378=CARTESIAN_POINT('',(-0.003,0.00327592656149657,0.0579186342210968));
#6379=CARTESIAN_POINT('',(-0.003,0.00333037135177559,0.0579059262377293));
#6380=CARTESIAN_POINT('',(-0.003,0.00337954553264904,0.0578916810507658));
#6381=CARTESIAN_POINT('',(-0.003,0.00342307185423386,0.057874428479407));
#6382=CARTESIAN_POINT('',(-0.003,0.00347232239328554,0.0578486694903301));
#6383=CARTESIAN_POINT('',(-0.003,0.00352353896427844,0.057808665243714));
#6384=CARTESIAN_POINT('',(-0.003,0.00356834440251895,0.057747109823317));
#6385=CARTESIAN_POINT('',(-0.003,0.00359566925337543,0.057673907731417));
#6386=CARTESIAN_POINT('',(-0.003,0.0035985161242349,0.0576212150367121));
#6387=CARTESIAN_POINT('',(-0.003,0.0036,0.05759375));
#6388=CARTESIAN_POINT('',(-0.003,0.00300281249999999,0.0579386458333333));
#6389=CARTESIAN_POINT('',(-0.002,0.00300281249999999,0.0579386458333333));
#6390=CARTESIAN_POINT('',(-0.002,0.00294666666666666,0.0579386458333333));
#6391=CARTESIAN_POINT('',(-0.003,0.00294666666666666,0.0579386458333333));
#6392=CARTESIAN_POINT('',(-0.003,-0.046,0.));
#6393=CARTESIAN_POINT('',(-0.003,-0.046,0.));
#6394=(
GEOMETRIC_REPRESENTATION_CONTEXT(3)
GLOBAL_UNCERTAINTY_ASSIGNED_CONTEXT((#6395))
GLOBAL_UNIT_ASSIGNED_CONTEXT((#6398,#6397,#6396))
REPRESENTATION_CONTEXT('id2','TOP_LEVEL_ASSEMBLY_PART')
);
#6395=UNCERTAINTY_MEASURE_WITH_UNIT(LENGTH_MEASURE(2.E-5),#6398,
'DISTANCE_ACCURACY_VALUE','Maximum Tolerance applied to model');
#6396=(
NAMED_UNIT(*)
SI_UNIT($,.STERADIAN.)
SOLID_ANGLE_UNIT()
);
#6397=(
NAMED_UNIT(*)
PLANE_ANGLE_UNIT()
SI_UNIT($,.RADIAN.)
);
#6398=(
LENGTH_UNIT()
NAMED_UNIT(*)
SI_UNIT($,.METRE.)
);
#6399=PRODUCT_DEFINITION_SHAPE('','',#6400);
#6400=PRODUCT_DEFINITION('','',#6402,#6401);
#6401=PRODUCT_DEFINITION_CONTEXT('',#6408,'design');
#6402=PRODUCT_DEFINITION_FORMATION_WITH_SPECIFIED_SOURCE('','',#6404,
 .NOT_KNOWN.);
#6403=PRODUCT_RELATED_PRODUCT_CATEGORY('','',(#6404));
#6404=PRODUCT('id2','id2','id2',(#6406));
#6405=PRODUCT_CATEGORY('','');
#6406=PRODUCT_CONTEXT('',#6408,'mechanical');
#6407=APPLICATION_PROTOCOL_DEFINITION('international standard',
'ap242_managed_model_based_3d_engineering',2020,#6408);
#6408=APPLICATION_CONTEXT('managed model based 3d engineering');
ENDSEC;
END-ISO-10303-21;
