ISO-10303-21;
HEADER;
/* Generated by software containing ST-Developer
 * from STEP Tools, Inc. (www.steptools.com) 
 */
/* OPTION: using custom renumber hook */

FILE_DESCRIPTION(
/* description */ ('STEP AP242 Edition 2',
'CAx-IF Rec.Pracs.---Representation and Presentation of Product Manufa
cturing Information (PMI)---4.0---2014-10-13',
'CAx-IF Rec.Pracs.---3D Tessellated Geometry---0.4---2014-09-14','2;1',
'CAx-IF Rec.Pracs.---User Defined Attributes---1.5---2016-08-15'),
/* implementation_level */ '2;1');

FILE_NAME(
/* name */ 'Top - Top',
/* time_stamp */ '2026-09-28T19:15:20Z',
/* author */ (''),
/* organization */ (''),
/* preprocessor_version */ 'ST-DEVELOPER v20',
/* originating_system */ 'ONSHAPE BY PTC INC, 1.221',
/* authorisation */ '  ');

FILE_SCHEMA (('AP242_MANAGED_MODEL_BASED_3D_ENGINEERING_MIM_LF { 1 0 10303 442 3 1 4 }'));
ENDSEC;

DATA;
#10=SHAPE_REPRESENTATION_RELATIONSHIP('','',#1477,#11);
#11=ADVANCED_BREP_SHAPE_REPRESENTATION('',(#1475),#2618);
#12=CONICAL_SURFACE('',#1668,0.0015,0.0349065850398867);
#13=CONICAL_SURFACE('',#1671,0.0015,0.0349065850398867);
#14=CONICAL_SURFACE('',#1674,0.0015,0.0349065850398867);
#15=CONICAL_SURFACE('',#1677,0.0015,0.0349065850398867);
#16=TOROIDAL_SURFACE('',#1591,0.0042,0.0002);
#17=TOROIDAL_SURFACE('',#1593,0.0042,0.0002);
#18=TOROIDAL_SURFACE('',#1599,0.0042,0.0002);
#19=TOROIDAL_SURFACE('',#1601,0.0042,0.0002);
#20=TOROIDAL_SURFACE('',#1604,0.0042,0.0002);
#21=TOROIDAL_SURFACE('',#1611,0.0042,0.0002);
#22=TOROIDAL_SURFACE('',#1613,0.0042,0.0002);
#23=TOROIDAL_SURFACE('',#1619,0.0042,0.0002);
#24=TOROIDAL_SURFACE('',#1620,0.0042,0.0002);
#25=TOROIDAL_SURFACE('',#1627,0.0042,0.0002);
#26=TOROIDAL_SURFACE('',#1629,0.0042,0.0002);
#27=TOROIDAL_SURFACE('',#1635,0.0042,0.0002);
#28=TOROIDAL_SURFACE('',#1643,0.0004,0.0002);
#29=TOROIDAL_SURFACE('',#1645,0.0004,0.0002);
#30=TOROIDAL_SURFACE('',#1647,0.0028,0.0002);
#31=TOROIDAL_SURFACE('',#1649,0.0028,0.0002);
#32=TOROIDAL_SURFACE('',#1657,0.0028,0.0002);
#33=TOROIDAL_SURFACE('',#1659,0.0028,0.0002);
#34=TOROIDAL_SURFACE('',#1663,0.0004,0.0002);
#35=TOROIDAL_SURFACE('',#1665,0.0004,0.0002);
#36=CYLINDRICAL_SURFACE('',#1517,0.003);
#37=CYLINDRICAL_SURFACE('',#1520,0.003);
#38=CYLINDRICAL_SURFACE('',#1523,0.003);
#39=CYLINDRICAL_SURFACE('',#1526,0.003);
#40=CYLINDRICAL_SURFACE('',#1560,0.004);
#41=CYLINDRICAL_SURFACE('',#1562,0.004);
#42=CYLINDRICAL_SURFACE('',#1564,0.004);
#43=CYLINDRICAL_SURFACE('',#1566,0.004);
#44=CYLINDRICAL_SURFACE('',#1568,0.004);
#45=CYLINDRICAL_SURFACE('',#1570,0.004);
#46=CYLINDRICAL_SURFACE('',#1572,0.004);
#47=CYLINDRICAL_SURFACE('',#1574,0.004);
#48=CYLINDRICAL_SURFACE('',#1576,0.004);
#49=CYLINDRICAL_SURFACE('',#1578,0.004);
#50=CYLINDRICAL_SURFACE('',#1580,0.004);
#51=CYLINDRICAL_SURFACE('',#1582,0.004);
#52=CYLINDRICAL_SURFACE('',#1584,0.00325);
#53=CYLINDRICAL_SURFACE('',#1585,0.00325);
#54=CYLINDRICAL_SURFACE('',#1586,0.00325);
#55=CYLINDRICAL_SURFACE('',#1587,0.00325);
#56=CYLINDRICAL_SURFACE('',#1588,0.0002);
#57=CYLINDRICAL_SURFACE('',#1595,0.0002);
#58=CYLINDRICAL_SURFACE('',#1597,0.0002);
#59=CYLINDRICAL_SURFACE('',#1603,0.0002);
#60=CYLINDRICAL_SURFACE('',#1607,0.0002);
#61=CYLINDRICAL_SURFACE('',#1609,0.0002);
#62=CYLINDRICAL_SURFACE('',#1615,0.0002);
#63=CYLINDRICAL_SURFACE('',#1617,0.0002);
#64=CYLINDRICAL_SURFACE('',#1623,0.0002);
#65=CYLINDRICAL_SURFACE('',#1625,0.0002);
#66=CYLINDRICAL_SURFACE('',#1631,0.0002);
#67=CYLINDRICAL_SURFACE('',#1633,0.0002);
#68=CYLINDRICAL_SURFACE('',#1636,0.0002);
#69=CYLINDRICAL_SURFACE('',#1638,0.0002);
#70=CYLINDRICAL_SURFACE('',#1641,0.0002);
#71=CYLINDRICAL_SURFACE('',#1651,0.0002);
#72=CYLINDRICAL_SURFACE('',#1653,0.0002);
#73=CYLINDRICAL_SURFACE('',#1655,0.0002);
#74=CYLINDRICAL_SURFACE('',#1661,0.0002);
#75=CYLINDRICAL_SURFACE('',#1667,0.0002);
#76=LINE('',#2197,#176);
#77=LINE('',#2201,#177);
#78=LINE('',#2205,#178);
#79=LINE('',#2209,#179);
#80=LINE('',#2215,#180);
#81=LINE('',#2221,#181);
#82=LINE('',#2227,#182);
#83=LINE('',#2233,#183);
#84=LINE('',#2235,#184);
#85=LINE('',#2240,#185);
#86=LINE('',#2244,#186);
#87=LINE('',#2248,#187);
#88=LINE('',#2251,#188);
#89=LINE('',#2256,#189);
#90=LINE('',#2260,#190);
#91=LINE('',#2264,#191);
#92=LINE('',#2270,#192);
#93=LINE('',#2276,#193);
#94=LINE('',#2282,#194);
#95=LINE('',#2288,#195);
#96=LINE('',#2294,#196);
#97=LINE('',#2298,#197);
#98=LINE('',#2302,#198);
#99=LINE('',#2306,#199);
#100=LINE('',#2308,#200);
#101=LINE('',#2312,#201);
#102=LINE('',#2314,#202);
#103=LINE('',#2316,#203);
#104=LINE('',#2318,#204);
#105=LINE('',#2322,#205);
#106=LINE('',#2325,#206);
#107=LINE('',#2326,#207);
#108=LINE('',#2328,#208);
#109=LINE('',#2332,#209);
#110=LINE('',#2334,#210);
#111=LINE('',#2336,#211);
#112=LINE('',#2338,#212);
#113=LINE('',#2342,#213);
#114=LINE('',#2345,#214);
#115=LINE('',#2346,#215);
#116=LINE('',#2348,#216);
#117=LINE('',#2351,#217);
#118=LINE('',#2353,#218);
#119=LINE('',#2355,#219);
#120=LINE('',#2357,#220);
#121=LINE('',#2360,#221);
#122=LINE('',#2362,#222);
#123=LINE('',#2364,#223);
#124=LINE('',#2366,#224);
#125=LINE('',#2368,#225);
#126=LINE('',#2370,#226);
#127=LINE('',#2372,#227);
#128=LINE('',#2374,#228);
#129=LINE('',#2376,#229);
#130=LINE('',#2378,#230);
#131=LINE('',#2380,#231);
#132=LINE('',#2382,#232);
#133=LINE('',#2385,#233);
#134=LINE('',#2387,#234);
#135=LINE('',#2389,#235);
#136=LINE('',#2391,#236);
#137=LINE('',#2394,#237);
#138=LINE('',#2396,#238);
#139=LINE('',#2398,#239);
#140=LINE('',#2400,#240);
#141=LINE('',#2402,#241);
#142=LINE('',#2404,#242);
#143=LINE('',#2406,#243);
#144=LINE('',#2408,#244);
#145=LINE('',#2410,#245);
#146=LINE('',#2412,#246);
#147=LINE('',#2414,#247);
#148=LINE('',#2419,#248);
#149=LINE('',#2423,#249);
#150=LINE('',#2427,#250);
#151=LINE('',#2431,#251);
#152=LINE('',#2437,#252);
#153=LINE('',#2438,#253);
#154=LINE('',#2440,#254);
#155=LINE('',#2441,#255);
#156=LINE('',#2443,#256);
#157=LINE('',#2444,#257);
#158=LINE('',#2446,#258);
#159=LINE('',#2447,#259);
#160=LINE('',#2449,#260);
#161=LINE('',#2452,#261);
#162=LINE('',#2454,#262);
#163=LINE('',#2456,#263);
#164=LINE('',#2458,#264);
#165=LINE('',#2461,#265);
#166=LINE('',#2463,#266);
#167=LINE('',#2465,#267);
#168=LINE('',#2472,#268);
#169=LINE('',#2475,#269);
#170=LINE('',#2477,#270);
#171=LINE('',#2479,#271);
#172=LINE('',#2481,#272);
#173=LINE('',#2484,#273);
#174=LINE('',#2486,#274);
#175=LINE('',#2488,#275);
#176=VECTOR('',#1694,1.);
#177=VECTOR('',#1697,1.);
#178=VECTOR('',#1700,1.);
#179=VECTOR('',#1703,1.);
#180=VECTOR('',#1708,1.);
#181=VECTOR('',#1713,1.);
#182=VECTOR('',#1718,1.);
#183=VECTOR('',#1723,1.);
#184=VECTOR('',#1726,1.);
#185=VECTOR('',#1729,1.);
#186=VECTOR('',#1732,1.);
#187=VECTOR('',#1735,1.);
#188=VECTOR('',#1738,1.);
#189=VECTOR('',#1741,1.);
#190=VECTOR('',#1744,1.);
#191=VECTOR('',#1747,1.);
#192=VECTOR('',#1752,1.);
#193=VECTOR('',#1757,1.);
#194=VECTOR('',#1762,1.);
#195=VECTOR('',#1767,1.);
#196=VECTOR('',#1772,1.);
#197=VECTOR('',#1775,1.);
#198=VECTOR('',#1778,1.);
#199=VECTOR('',#1781,1.);
#200=VECTOR('',#1784,1.);
#201=VECTOR('',#1787,1.);
#202=VECTOR('',#1790,1.);
#203=VECTOR('',#1791,1.);
#204=VECTOR('',#1794,1.);
#205=VECTOR('',#1799,1.);
#206=VECTOR('',#1800,1.);
#207=VECTOR('',#1801,1.);
#208=VECTOR('',#1804,1.);
#209=VECTOR('',#1807,1.);
#210=VECTOR('',#1810,1.);
#211=VECTOR('',#1811,1.);
#212=VECTOR('',#1814,1.);
#213=VECTOR('',#1819,1.);
#214=VECTOR('',#1820,1.);
#215=VECTOR('',#1821,1.);
#216=VECTOR('',#1824,1.);
#217=VECTOR('',#1825,1.);
#218=VECTOR('',#1826,1.);
#219=VECTOR('',#1827,1.);
#220=VECTOR('',#1830,1.);
#221=VECTOR('',#1831,1.);
#222=VECTOR('',#1832,1.);
#223=VECTOR('',#1833,1.);
#224=VECTOR('',#1834,1.);
#225=VECTOR('',#1835,1.);
#226=VECTOR('',#1836,1.);
#227=VECTOR('',#1837,1.);
#228=VECTOR('',#1838,1.);
#229=VECTOR('',#1839,1.);
#230=VECTOR('',#1840,1.);
#231=VECTOR('',#1841,1.);
#232=VECTOR('',#1844,1.);
#233=VECTOR('',#1845,1.);
#234=VECTOR('',#1846,1.);
#235=VECTOR('',#1847,1.);
#236=VECTOR('',#1850,1.);
#237=VECTOR('',#1851,1.);
#238=VECTOR('',#1852,1.);
#239=VECTOR('',#1853,1.);
#240=VECTOR('',#1854,1.);
#241=VECTOR('',#1855,1.);
#242=VECTOR('',#1856,1.);
#243=VECTOR('',#1857,1.);
#244=VECTOR('',#1858,1.);
#245=VECTOR('',#1859,1.);
#246=VECTOR('',#1860,1.);
#247=VECTOR('',#1861,1.);
#248=VECTOR('',#1866,1.);
#249=VECTOR('',#1869,1.);
#250=VECTOR('',#1872,1.);
#251=VECTOR('',#1875,1.);
#252=VECTOR('',#1886,1.);
#253=VECTOR('',#1887,1.);
#254=VECTOR('',#1890,1.);
#255=VECTOR('',#1891,1.);
#256=VECTOR('',#1894,1.);
#257=VECTOR('',#1895,1.);
#258=VECTOR('',#1898,1.);
#259=VECTOR('',#1899,1.);
#260=VECTOR('',#1902,1.);
#261=VECTOR('',#1903,1.);
#262=VECTOR('',#1904,1.);
#263=VECTOR('',#1905,1.);
#264=VECTOR('',#1908,1.);
#265=VECTOR('',#1909,1.);
#266=VECTOR('',#1910,1.);
#267=VECTOR('',#1911,1.);
#268=VECTOR('',#1924,1.);
#269=VECTOR('',#1925,1.);
#270=VECTOR('',#1926,1.);
#271=VECTOR('',#1927,1.);
#272=VECTOR('',#1930,1.);
#273=VECTOR('',#1931,1.);
#274=VECTOR('',#1932,1.);
#275=VECTOR('',#1933,1.);
#276=ORIENTED_EDGE('',*,*,#700,.F.);
#277=ORIENTED_EDGE('',*,*,#701,.F.);
#278=ORIENTED_EDGE('',*,*,#702,.F.);
#279=ORIENTED_EDGE('',*,*,#703,.F.);
#280=ORIENTED_EDGE('',*,*,#704,.T.);
#281=ORIENTED_EDGE('',*,*,#705,.F.);
#282=ORIENTED_EDGE('',*,*,#706,.T.);
#283=ORIENTED_EDGE('',*,*,#707,.F.);
#284=ORIENTED_EDGE('',*,*,#708,.T.);
#285=ORIENTED_EDGE('',*,*,#709,.F.);
#286=ORIENTED_EDGE('',*,*,#710,.T.);
#287=ORIENTED_EDGE('',*,*,#711,.F.);
#288=ORIENTED_EDGE('',*,*,#712,.F.);
#289=ORIENTED_EDGE('',*,*,#713,.T.);
#290=ORIENTED_EDGE('',*,*,#714,.F.);
#291=ORIENTED_EDGE('',*,*,#715,.T.);
#292=ORIENTED_EDGE('',*,*,#716,.F.);
#293=ORIENTED_EDGE('',*,*,#717,.F.);
#294=ORIENTED_EDGE('',*,*,#718,.F.);
#295=ORIENTED_EDGE('',*,*,#719,.T.);
#296=ORIENTED_EDGE('',*,*,#720,.F.);
#297=ORIENTED_EDGE('',*,*,#721,.T.);
#298=ORIENTED_EDGE('',*,*,#722,.F.);
#299=ORIENTED_EDGE('',*,*,#723,.F.);
#300=ORIENTED_EDGE('',*,*,#724,.T.);
#301=ORIENTED_EDGE('',*,*,#725,.T.);
#302=ORIENTED_EDGE('',*,*,#726,.T.);
#303=ORIENTED_EDGE('',*,*,#727,.T.);
#304=ORIENTED_EDGE('',*,*,#728,.T.);
#305=ORIENTED_EDGE('',*,*,#729,.T.);
#306=ORIENTED_EDGE('',*,*,#730,.T.);
#307=ORIENTED_EDGE('',*,*,#731,.T.);
#308=ORIENTED_EDGE('',*,*,#732,.T.);
#309=ORIENTED_EDGE('',*,*,#733,.T.);
#310=ORIENTED_EDGE('',*,*,#734,.T.);
#311=ORIENTED_EDGE('',*,*,#735,.T.);
#312=ORIENTED_EDGE('',*,*,#736,.T.);
#313=ORIENTED_EDGE('',*,*,#737,.T.);
#314=ORIENTED_EDGE('',*,*,#738,.T.);
#315=ORIENTED_EDGE('',*,*,#739,.T.);
#316=ORIENTED_EDGE('',*,*,#740,.T.);
#317=ORIENTED_EDGE('',*,*,#741,.T.);
#318=ORIENTED_EDGE('',*,*,#742,.T.);
#319=ORIENTED_EDGE('',*,*,#743,.F.);
#320=ORIENTED_EDGE('',*,*,#744,.T.);
#321=ORIENTED_EDGE('',*,*,#745,.F.);
#322=ORIENTED_EDGE('',*,*,#746,.T.);
#323=ORIENTED_EDGE('',*,*,#747,.T.);
#324=ORIENTED_EDGE('',*,*,#748,.T.);
#325=ORIENTED_EDGE('',*,*,#749,.F.);
#326=ORIENTED_EDGE('',*,*,#750,.T.);
#327=ORIENTED_EDGE('',*,*,#751,.F.);
#328=ORIENTED_EDGE('',*,*,#752,.T.);
#329=ORIENTED_EDGE('',*,*,#753,.T.);
#330=ORIENTED_EDGE('',*,*,#754,.T.);
#331=ORIENTED_EDGE('',*,*,#755,.T.);
#332=ORIENTED_EDGE('',*,*,#756,.T.);
#333=ORIENTED_EDGE('',*,*,#757,.T.);
#334=ORIENTED_EDGE('',*,*,#758,.T.);
#335=ORIENTED_EDGE('',*,*,#759,.T.);
#336=ORIENTED_EDGE('',*,*,#760,.F.);
#337=ORIENTED_EDGE('',*,*,#761,.T.);
#338=ORIENTED_EDGE('',*,*,#762,.T.);
#339=ORIENTED_EDGE('',*,*,#718,.T.);
#340=ORIENTED_EDGE('',*,*,#763,.F.);
#341=ORIENTED_EDGE('',*,*,#764,.T.);
#342=ORIENTED_EDGE('',*,*,#760,.T.);
#343=ORIENTED_EDGE('',*,*,#717,.T.);
#344=ORIENTED_EDGE('',*,*,#765,.T.);
#345=ORIENTED_EDGE('',*,*,#766,.T.);
#346=ORIENTED_EDGE('',*,*,#763,.T.);
#347=ORIENTED_EDGE('',*,*,#716,.T.);
#348=ORIENTED_EDGE('',*,*,#767,.T.);
#349=ORIENTED_EDGE('',*,*,#768,.T.);
#350=ORIENTED_EDGE('',*,*,#714,.T.);
#351=ORIENTED_EDGE('',*,*,#769,.T.);
#352=ORIENTED_EDGE('',*,*,#770,.F.);
#353=ORIENTED_EDGE('',*,*,#771,.T.);
#354=ORIENTED_EDGE('',*,*,#772,.T.);
#355=ORIENTED_EDGE('',*,*,#712,.T.);
#356=ORIENTED_EDGE('',*,*,#773,.F.);
#357=ORIENTED_EDGE('',*,*,#774,.T.);
#358=ORIENTED_EDGE('',*,*,#770,.T.);
#359=ORIENTED_EDGE('',*,*,#723,.T.);
#360=ORIENTED_EDGE('',*,*,#775,.T.);
#361=ORIENTED_EDGE('',*,*,#776,.T.);
#362=ORIENTED_EDGE('',*,*,#773,.T.);
#363=ORIENTED_EDGE('',*,*,#722,.T.);
#364=ORIENTED_EDGE('',*,*,#777,.T.);
#365=ORIENTED_EDGE('',*,*,#778,.T.);
#366=ORIENTED_EDGE('',*,*,#720,.T.);
#367=ORIENTED_EDGE('',*,*,#779,.T.);
#368=ORIENTED_EDGE('',*,*,#780,.T.);
#369=ORIENTED_EDGE('',*,*,#781,.T.);
#370=ORIENTED_EDGE('',*,*,#782,.T.);
#371=ORIENTED_EDGE('',*,*,#783,.T.);
#372=ORIENTED_EDGE('',*,*,#784,.T.);
#373=ORIENTED_EDGE('',*,*,#785,.T.);
#374=ORIENTED_EDGE('',*,*,#786,.T.);
#375=ORIENTED_EDGE('',*,*,#787,.T.);
#376=ORIENTED_EDGE('',*,*,#788,.T.);
#377=ORIENTED_EDGE('',*,*,#789,.T.);
#378=ORIENTED_EDGE('',*,*,#790,.T.);
#379=ORIENTED_EDGE('',*,*,#791,.T.);
#380=ORIENTED_EDGE('',*,*,#792,.T.);
#381=ORIENTED_EDGE('',*,*,#793,.T.);
#382=ORIENTED_EDGE('',*,*,#794,.T.);
#383=ORIENTED_EDGE('',*,*,#795,.T.);
#384=ORIENTED_EDGE('',*,*,#796,.T.);
#385=ORIENTED_EDGE('',*,*,#797,.T.);
#386=ORIENTED_EDGE('',*,*,#798,.T.);
#387=ORIENTED_EDGE('',*,*,#799,.T.);
#388=ORIENTED_EDGE('',*,*,#800,.T.);
#389=ORIENTED_EDGE('',*,*,#801,.T.);
#390=ORIENTED_EDGE('',*,*,#802,.T.);
#391=ORIENTED_EDGE('',*,*,#803,.T.);
#392=ORIENTED_EDGE('',*,*,#804,.T.);
#393=ORIENTED_EDGE('',*,*,#805,.T.);
#394=ORIENTED_EDGE('',*,*,#806,.T.);
#395=ORIENTED_EDGE('',*,*,#807,.T.);
#396=ORIENTED_EDGE('',*,*,#808,.T.);
#397=ORIENTED_EDGE('',*,*,#809,.T.);
#398=ORIENTED_EDGE('',*,*,#810,.T.);
#399=ORIENTED_EDGE('',*,*,#811,.T.);
#400=ORIENTED_EDGE('',*,*,#812,.F.);
#401=ORIENTED_EDGE('',*,*,#813,.T.);
#402=ORIENTED_EDGE('',*,*,#814,.F.);
#403=ORIENTED_EDGE('',*,*,#815,.T.);
#404=ORIENTED_EDGE('',*,*,#816,.F.);
#405=ORIENTED_EDGE('',*,*,#817,.T.);
#406=ORIENTED_EDGE('',*,*,#818,.F.);
#407=ORIENTED_EDGE('',*,*,#819,.T.);
#408=ORIENTED_EDGE('',*,*,#799,.F.);
#409=ORIENTED_EDGE('',*,*,#820,.T.);
#410=ORIENTED_EDGE('',*,*,#803,.F.);
#411=ORIENTED_EDGE('',*,*,#821,.T.);
#412=ORIENTED_EDGE('',*,*,#783,.F.);
#413=ORIENTED_EDGE('',*,*,#822,.T.);
#414=ORIENTED_EDGE('',*,*,#795,.F.);
#415=ORIENTED_EDGE('',*,*,#823,.T.);
#416=ORIENTED_EDGE('',*,*,#709,.T.);
#417=ORIENTED_EDGE('',*,*,#824,.T.);
#418=ORIENTED_EDGE('',*,*,#815,.F.);
#419=ORIENTED_EDGE('',*,*,#825,.T.);
#420=ORIENTED_EDGE('',*,*,#817,.F.);
#421=ORIENTED_EDGE('',*,*,#826,.T.);
#422=ORIENTED_EDGE('',*,*,#707,.T.);
#423=ORIENTED_EDGE('',*,*,#827,.T.);
#424=ORIENTED_EDGE('',*,*,#705,.T.);
#425=ORIENTED_EDGE('',*,*,#828,.T.);
#426=ORIENTED_EDGE('',*,*,#819,.F.);
#427=ORIENTED_EDGE('',*,*,#829,.T.);
#428=ORIENTED_EDGE('',*,*,#813,.F.);
#429=ORIENTED_EDGE('',*,*,#830,.T.);
#430=ORIENTED_EDGE('',*,*,#711,.T.);
#431=ORIENTED_EDGE('',*,*,#831,.T.);
#432=ORIENTED_EDGE('',*,*,#832,.T.);
#433=ORIENTED_EDGE('',*,*,#833,.T.);
#434=ORIENTED_EDGE('',*,*,#834,.T.);
#435=ORIENTED_EDGE('',*,*,#835,.T.);
#436=ORIENTED_EDGE('',*,*,#836,.T.);
#437=ORIENTED_EDGE('',*,*,#837,.T.);
#438=ORIENTED_EDGE('',*,*,#838,.T.);
#439=ORIENTED_EDGE('',*,*,#839,.T.);
#440=ORIENTED_EDGE('',*,*,#835,.F.);
#441=ORIENTED_EDGE('',*,*,#840,.T.);
#442=ORIENTED_EDGE('',*,*,#807,.F.);
#443=ORIENTED_EDGE('',*,*,#841,.T.);
#444=ORIENTED_EDGE('',*,*,#839,.F.);
#445=ORIENTED_EDGE('',*,*,#842,.T.);
#446=ORIENTED_EDGE('',*,*,#791,.F.);
#447=ORIENTED_EDGE('',*,*,#843,.T.);
#448=ORIENTED_EDGE('',*,*,#844,.T.);
#449=ORIENTED_EDGE('',*,*,#845,.T.);
#450=ORIENTED_EDGE('',*,*,#846,.T.);
#451=ORIENTED_EDGE('',*,*,#847,.T.);
#452=ORIENTED_EDGE('',*,*,#848,.T.);
#453=ORIENTED_EDGE('',*,*,#849,.T.);
#454=ORIENTED_EDGE('',*,*,#850,.T.);
#455=ORIENTED_EDGE('',*,*,#851,.T.);
#456=ORIENTED_EDGE('',*,*,#847,.F.);
#457=ORIENTED_EDGE('',*,*,#852,.T.);
#458=ORIENTED_EDGE('',*,*,#811,.F.);
#459=ORIENTED_EDGE('',*,*,#853,.T.);
#460=ORIENTED_EDGE('',*,*,#851,.F.);
#461=ORIENTED_EDGE('',*,*,#854,.T.);
#462=ORIENTED_EDGE('',*,*,#787,.F.);
#463=ORIENTED_EDGE('',*,*,#855,.T.);
#464=ORIENTED_EDGE('',*,*,#838,.F.);
#465=ORIENTED_EDGE('',*,*,#856,.T.);
#466=ORIENTED_EDGE('',*,*,#792,.F.);
#467=ORIENTED_EDGE('',*,*,#842,.F.);
#468=ORIENTED_EDGE('',*,*,#790,.F.);
#469=ORIENTED_EDGE('',*,*,#857,.T.);
#470=ORIENTED_EDGE('',*,*,#832,.F.);
#471=ORIENTED_EDGE('',*,*,#843,.F.);
#472=ORIENTED_EDGE('',*,*,#834,.F.);
#473=ORIENTED_EDGE('',*,*,#858,.T.);
#474=ORIENTED_EDGE('',*,*,#808,.F.);
#475=ORIENTED_EDGE('',*,*,#840,.F.);
#476=ORIENTED_EDGE('',*,*,#806,.F.);
#477=ORIENTED_EDGE('',*,*,#859,.T.);
#478=ORIENTED_EDGE('',*,*,#836,.F.);
#479=ORIENTED_EDGE('',*,*,#841,.F.);
#480=ORIENTED_EDGE('',*,*,#810,.F.);
#481=ORIENTED_EDGE('',*,*,#860,.T.);
#482=ORIENTED_EDGE('',*,*,#848,.F.);
#483=ORIENTED_EDGE('',*,*,#853,.F.);
#484=ORIENTED_EDGE('',*,*,#846,.F.);
#485=ORIENTED_EDGE('',*,*,#861,.T.);
#486=ORIENTED_EDGE('',*,*,#800,.F.);
#487=ORIENTED_EDGE('',*,*,#852,.F.);
#488=ORIENTED_EDGE('',*,*,#850,.F.);
#489=ORIENTED_EDGE('',*,*,#862,.T.);
#490=ORIENTED_EDGE('',*,*,#788,.F.);
#491=ORIENTED_EDGE('',*,*,#854,.F.);
#492=ORIENTED_EDGE('',*,*,#786,.F.);
#493=ORIENTED_EDGE('',*,*,#863,.T.);
#494=ORIENTED_EDGE('',*,*,#844,.F.);
#495=ORIENTED_EDGE('',*,*,#855,.F.);
#496=ORIENTED_EDGE('',*,*,#782,.F.);
#497=ORIENTED_EDGE('',*,*,#864,.T.);
#498=ORIENTED_EDGE('',*,*,#784,.F.);
#499=ORIENTED_EDGE('',*,*,#822,.F.);
#500=ORIENTED_EDGE('',*,*,#802,.F.);
#501=ORIENTED_EDGE('',*,*,#865,.T.);
#502=ORIENTED_EDGE('',*,*,#780,.F.);
#503=ORIENTED_EDGE('',*,*,#821,.F.);
#504=ORIENTED_EDGE('',*,*,#798,.F.);
#505=ORIENTED_EDGE('',*,*,#866,.T.);
#506=ORIENTED_EDGE('',*,*,#804,.F.);
#507=ORIENTED_EDGE('',*,*,#820,.F.);
#508=ORIENTED_EDGE('',*,*,#794,.F.);
#509=ORIENTED_EDGE('',*,*,#867,.T.);
#510=ORIENTED_EDGE('',*,*,#796,.F.);
#511=ORIENTED_EDGE('',*,*,#823,.F.);
#512=ORIENTED_EDGE('',*,*,#814,.T.);
#513=ORIENTED_EDGE('',*,*,#831,.F.);
#514=ORIENTED_EDGE('',*,*,#710,.F.);
#515=ORIENTED_EDGE('',*,*,#825,.F.);
#516=ORIENTED_EDGE('',*,*,#704,.F.);
#517=ORIENTED_EDGE('',*,*,#830,.F.);
#518=ORIENTED_EDGE('',*,*,#812,.T.);
#519=ORIENTED_EDGE('',*,*,#828,.F.);
#520=ORIENTED_EDGE('',*,*,#706,.F.);
#521=ORIENTED_EDGE('',*,*,#829,.F.);
#522=ORIENTED_EDGE('',*,*,#818,.T.);
#523=ORIENTED_EDGE('',*,*,#827,.F.);
#524=ORIENTED_EDGE('',*,*,#708,.F.);
#525=ORIENTED_EDGE('',*,*,#826,.F.);
#526=ORIENTED_EDGE('',*,*,#816,.T.);
#527=ORIENTED_EDGE('',*,*,#824,.F.);
#528=ORIENTED_EDGE('',*,*,#868,.F.);
#529=ORIENTED_EDGE('',*,*,#781,.F.);
#530=ORIENTED_EDGE('',*,*,#869,.F.);
#531=ORIENTED_EDGE('',*,*,#757,.F.);
#532=ORIENTED_EDGE('',*,*,#869,.T.);
#533=ORIENTED_EDGE('',*,*,#865,.F.);
#534=ORIENTED_EDGE('',*,*,#870,.F.);
#535=ORIENTED_EDGE('',*,*,#758,.F.);
#536=ORIENTED_EDGE('',*,*,#868,.T.);
#537=ORIENTED_EDGE('',*,*,#756,.F.);
#538=ORIENTED_EDGE('',*,*,#871,.F.);
#539=ORIENTED_EDGE('',*,*,#864,.F.);
#540=ORIENTED_EDGE('',*,*,#870,.T.);
#541=ORIENTED_EDGE('',*,*,#801,.F.);
#542=ORIENTED_EDGE('',*,*,#872,.F.);
#543=ORIENTED_EDGE('',*,*,#759,.F.);
#544=ORIENTED_EDGE('',*,*,#871,.T.);
#545=ORIENTED_EDGE('',*,*,#755,.F.);
#546=ORIENTED_EDGE('',*,*,#873,.F.);
#547=ORIENTED_EDGE('',*,*,#785,.F.);
#548=ORIENTED_EDGE('',*,*,#872,.T.);
#549=ORIENTED_EDGE('',*,*,#861,.F.);
#550=ORIENTED_EDGE('',*,*,#874,.F.);
#551=ORIENTED_EDGE('',*,*,#752,.F.);
#552=ORIENTED_EDGE('',*,*,#873,.T.);
#553=ORIENTED_EDGE('',*,*,#754,.F.);
#554=ORIENTED_EDGE('',*,*,#875,.F.);
#555=ORIENTED_EDGE('',*,*,#863,.F.);
#556=ORIENTED_EDGE('',*,*,#874,.T.);
#557=ORIENTED_EDGE('',*,*,#845,.F.);
#558=ORIENTED_EDGE('',*,*,#875,.T.);
#559=ORIENTED_EDGE('',*,*,#753,.F.);
#560=ORIENTED_EDGE('',*,*,#876,.F.);
#561=ORIENTED_EDGE('',*,*,#860,.F.);
#562=ORIENTED_EDGE('',*,*,#877,.F.);
#563=ORIENTED_EDGE('',*,*,#729,.F.);
#564=ORIENTED_EDGE('',*,*,#877,.T.);
#565=ORIENTED_EDGE('',*,*,#809,.F.);
#566=ORIENTED_EDGE('',*,*,#878,.F.);
#567=ORIENTED_EDGE('',*,*,#730,.F.);
#568=ORIENTED_EDGE('',*,*,#876,.T.);
#569=ORIENTED_EDGE('',*,*,#728,.F.);
#570=ORIENTED_EDGE('',*,*,#879,.F.);
#571=ORIENTED_EDGE('',*,*,#849,.F.);
#572=ORIENTED_EDGE('',*,*,#878,.T.);
#573=ORIENTED_EDGE('',*,*,#858,.F.);
#574=ORIENTED_EDGE('',*,*,#880,.F.);
#575=ORIENTED_EDGE('',*,*,#731,.F.);
#576=ORIENTED_EDGE('',*,*,#879,.T.);
#577=ORIENTED_EDGE('',*,*,#727,.F.);
#578=ORIENTED_EDGE('',*,*,#881,.F.);
#579=ORIENTED_EDGE('',*,*,#862,.F.);
#580=ORIENTED_EDGE('',*,*,#880,.T.);
#581=ORIENTED_EDGE('',*,*,#833,.F.);
#582=ORIENTED_EDGE('',*,*,#882,.F.);
#583=ORIENTED_EDGE('',*,*,#724,.F.);
#584=ORIENTED_EDGE('',*,*,#881,.T.);
#585=ORIENTED_EDGE('',*,*,#726,.F.);
#586=ORIENTED_EDGE('',*,*,#883,.F.);
#587=ORIENTED_EDGE('',*,*,#789,.F.);
#588=ORIENTED_EDGE('',*,*,#882,.T.);
#589=ORIENTED_EDGE('',*,*,#857,.F.);
#590=ORIENTED_EDGE('',*,*,#883,.T.);
#591=ORIENTED_EDGE('',*,*,#725,.F.);
#592=ORIENTED_EDGE('',*,*,#884,.F.);
#593=ORIENTED_EDGE('',*,*,#859,.F.);
#594=ORIENTED_EDGE('',*,*,#885,.F.);
#595=ORIENTED_EDGE('',*,*,#737,.F.);
#596=ORIENTED_EDGE('',*,*,#885,.T.);
#597=ORIENTED_EDGE('',*,*,#805,.F.);
#598=ORIENTED_EDGE('',*,*,#886,.F.);
#599=ORIENTED_EDGE('',*,*,#738,.F.);
#600=ORIENTED_EDGE('',*,*,#884,.T.);
#601=ORIENTED_EDGE('',*,*,#736,.F.);
#602=ORIENTED_EDGE('',*,*,#887,.F.);
#603=ORIENTED_EDGE('',*,*,#837,.F.);
#604=ORIENTED_EDGE('',*,*,#886,.T.);
#605=ORIENTED_EDGE('',*,*,#866,.F.);
#606=ORIENTED_EDGE('',*,*,#888,.F.);
#607=ORIENTED_EDGE('',*,*,#739,.F.);
#608=ORIENTED_EDGE('',*,*,#887,.T.);
#609=ORIENTED_EDGE('',*,*,#735,.F.);
#610=ORIENTED_EDGE('',*,*,#889,.F.);
#611=ORIENTED_EDGE('',*,*,#856,.F.);
#612=ORIENTED_EDGE('',*,*,#888,.T.);
#613=ORIENTED_EDGE('',*,*,#797,.F.);
#614=ORIENTED_EDGE('',*,*,#890,.F.);
#615=ORIENTED_EDGE('',*,*,#732,.F.);
#616=ORIENTED_EDGE('',*,*,#889,.T.);
#617=ORIENTED_EDGE('',*,*,#734,.F.);
#618=ORIENTED_EDGE('',*,*,#891,.F.);
#619=ORIENTED_EDGE('',*,*,#793,.F.);
#620=ORIENTED_EDGE('',*,*,#890,.T.);
#621=ORIENTED_EDGE('',*,*,#867,.F.);
#622=ORIENTED_EDGE('',*,*,#891,.T.);
#623=ORIENTED_EDGE('',*,*,#733,.F.);
#624=ORIENTED_EDGE('',*,*,#713,.F.);
#625=ORIENTED_EDGE('',*,*,#772,.F.);
#626=ORIENTED_EDGE('',*,*,#892,.F.);
#627=ORIENTED_EDGE('',*,*,#769,.F.);
#628=ORIENTED_EDGE('',*,*,#893,.F.);
#629=ORIENTED_EDGE('',*,*,#767,.F.);
#630=ORIENTED_EDGE('',*,*,#894,.F.);
#631=ORIENTED_EDGE('',*,*,#750,.F.);
#632=ORIENTED_EDGE('',*,*,#715,.F.);
#633=ORIENTED_EDGE('',*,*,#768,.F.);
#634=ORIENTED_EDGE('',*,*,#895,.F.);
#635=ORIENTED_EDGE('',*,*,#765,.F.);
#636=ORIENTED_EDGE('',*,*,#894,.T.);
#637=ORIENTED_EDGE('',*,*,#892,.T.);
#638=ORIENTED_EDGE('',*,*,#896,.F.);
#639=ORIENTED_EDGE('',*,*,#751,.T.);
#640=ORIENTED_EDGE('',*,*,#893,.T.);
#641=ORIENTED_EDGE('',*,*,#749,.T.);
#642=ORIENTED_EDGE('',*,*,#897,.F.);
#643=ORIENTED_EDGE('',*,*,#895,.T.);
#644=ORIENTED_EDGE('',*,*,#896,.T.);
#645=ORIENTED_EDGE('',*,*,#771,.F.);
#646=ORIENTED_EDGE('',*,*,#898,.F.);
#647=ORIENTED_EDGE('',*,*,#740,.F.);
#648=ORIENTED_EDGE('',*,*,#897,.T.);
#649=ORIENTED_EDGE('',*,*,#748,.F.);
#650=ORIENTED_EDGE('',*,*,#899,.F.);
#651=ORIENTED_EDGE('',*,*,#766,.F.);
#652=ORIENTED_EDGE('',*,*,#898,.T.);
#653=ORIENTED_EDGE('',*,*,#774,.F.);
#654=ORIENTED_EDGE('',*,*,#900,.F.);
#655=ORIENTED_EDGE('',*,*,#741,.F.);
#656=ORIENTED_EDGE('',*,*,#899,.T.);
#657=ORIENTED_EDGE('',*,*,#747,.F.);
#658=ORIENTED_EDGE('',*,*,#901,.F.);
#659=ORIENTED_EDGE('',*,*,#764,.F.);
#660=ORIENTED_EDGE('',*,*,#721,.F.);
#661=ORIENTED_EDGE('',*,*,#778,.F.);
#662=ORIENTED_EDGE('',*,*,#902,.F.);
#663=ORIENTED_EDGE('',*,*,#775,.F.);
#664=ORIENTED_EDGE('',*,*,#900,.T.);
#665=ORIENTED_EDGE('',*,*,#776,.F.);
#666=ORIENTED_EDGE('',*,*,#903,.F.);
#667=ORIENTED_EDGE('',*,*,#742,.F.);
#668=ORIENTED_EDGE('',*,*,#901,.T.);
#669=ORIENTED_EDGE('',*,*,#746,.F.);
#670=ORIENTED_EDGE('',*,*,#904,.F.);
#671=ORIENTED_EDGE('',*,*,#761,.F.);
#672=ORIENTED_EDGE('',*,*,#719,.F.);
#673=ORIENTED_EDGE('',*,*,#762,.F.);
#674=ORIENTED_EDGE('',*,*,#905,.F.);
#675=ORIENTED_EDGE('',*,*,#779,.F.);
#676=ORIENTED_EDGE('',*,*,#903,.T.);
#677=ORIENTED_EDGE('',*,*,#902,.T.);
#678=ORIENTED_EDGE('',*,*,#906,.F.);
#679=ORIENTED_EDGE('',*,*,#743,.T.);
#680=ORIENTED_EDGE('',*,*,#904,.T.);
#681=ORIENTED_EDGE('',*,*,#745,.T.);
#682=ORIENTED_EDGE('',*,*,#907,.F.);
#683=ORIENTED_EDGE('',*,*,#905,.T.);
#684=ORIENTED_EDGE('',*,*,#906,.T.);
#685=ORIENTED_EDGE('',*,*,#777,.F.);
#686=ORIENTED_EDGE('',*,*,#907,.T.);
#687=ORIENTED_EDGE('',*,*,#744,.F.);
#688=ORIENTED_EDGE('',*,*,#908,.F.);
#689=ORIENTED_EDGE('',*,*,#703,.T.);
#690=ORIENTED_EDGE('',*,*,#908,.T.);
#691=ORIENTED_EDGE('',*,*,#909,.F.);
#692=ORIENTED_EDGE('',*,*,#702,.T.);
#693=ORIENTED_EDGE('',*,*,#909,.T.);
#694=ORIENTED_EDGE('',*,*,#910,.F.);
#695=ORIENTED_EDGE('',*,*,#701,.T.);
#696=ORIENTED_EDGE('',*,*,#910,.T.);
#697=ORIENTED_EDGE('',*,*,#911,.F.);
#698=ORIENTED_EDGE('',*,*,#700,.T.);
#699=ORIENTED_EDGE('',*,*,#911,.T.);
#700=EDGE_CURVE('',#912,#912,#1044,.F.);
#701=EDGE_CURVE('',#913,#913,#1045,.F.);
#702=EDGE_CURVE('',#914,#914,#1046,.F.);
#703=EDGE_CURVE('',#915,#915,#1047,.F.);
#704=EDGE_CURVE('',#916,#917,#1048,.F.);
#705=EDGE_CURVE('',#918,#917,#76,.T.);
#706=EDGE_CURVE('',#918,#919,#1049,.F.);
#707=EDGE_CURVE('',#920,#919,#77,.T.);
#708=EDGE_CURVE('',#920,#921,#1050,.F.);
#709=EDGE_CURVE('',#922,#921,#78,.T.);
#710=EDGE_CURVE('',#922,#923,#1051,.F.);
#711=EDGE_CURVE('',#916,#923,#79,.T.);
#712=EDGE_CURVE('',#924,#925,#1052,.T.);
#713=EDGE_CURVE('',#924,#926,#1053,.T.);
#714=EDGE_CURVE('',#927,#926,#80,.T.);
#715=EDGE_CURVE('',#927,#928,#1054,.T.);
#716=EDGE_CURVE('',#929,#928,#1055,.T.);
#717=EDGE_CURVE('',#930,#929,#81,.T.);
#718=EDGE_CURVE('',#931,#930,#1056,.T.);
#719=EDGE_CURVE('',#931,#932,#1057,.T.);
#720=EDGE_CURVE('',#933,#932,#82,.T.);
#721=EDGE_CURVE('',#933,#934,#1058,.T.);
#722=EDGE_CURVE('',#935,#934,#1059,.T.);
#723=EDGE_CURVE('',#925,#935,#83,.T.);
#724=EDGE_CURVE('',#936,#937,#84,.T.);
#725=EDGE_CURVE('',#937,#938,#1060,.F.);
#726=EDGE_CURVE('',#938,#939,#85,.F.);
#727=EDGE_CURVE('',#939,#940,#1061,.F.);
#728=EDGE_CURVE('',#940,#941,#86,.T.);
#729=EDGE_CURVE('',#941,#942,#1062,.F.);
#730=EDGE_CURVE('',#942,#943,#87,.F.);
#731=EDGE_CURVE('',#943,#936,#1063,.F.);
#732=EDGE_CURVE('',#944,#945,#88,.F.);
#733=EDGE_CURVE('',#945,#946,#1064,.F.);
#734=EDGE_CURVE('',#946,#947,#89,.F.);
#735=EDGE_CURVE('',#947,#948,#1065,.F.);
#736=EDGE_CURVE('',#948,#949,#90,.T.);
#737=EDGE_CURVE('',#949,#950,#1066,.F.);
#738=EDGE_CURVE('',#950,#951,#91,.F.);
#739=EDGE_CURVE('',#951,#944,#1067,.F.);
#740=EDGE_CURVE('',#952,#953,#1068,.T.);
#741=EDGE_CURVE('',#953,#954,#92,.T.);
#742=EDGE_CURVE('',#954,#955,#1069,.T.);
#743=EDGE_CURVE('',#956,#955,#1070,.T.);
#744=EDGE_CURVE('',#956,#957,#93,.T.);
#745=EDGE_CURVE('',#958,#957,#1071,.T.);
#746=EDGE_CURVE('',#958,#959,#1072,.T.);
#747=EDGE_CURVE('',#959,#960,#94,.T.);
#748=EDGE_CURVE('',#960,#961,#1073,.T.);
#749=EDGE_CURVE('',#962,#961,#1074,.T.);
#750=EDGE_CURVE('',#962,#963,#95,.T.);
#751=EDGE_CURVE('',#952,#963,#1075,.T.);
#752=EDGE_CURVE('',#964,#965,#1076,.F.);
#753=EDGE_CURVE('',#965,#966,#96,.T.);
#754=EDGE_CURVE('',#966,#967,#1077,.F.);
#755=EDGE_CURVE('',#967,#968,#97,.F.);
#756=EDGE_CURVE('',#968,#969,#1078,.F.);
#757=EDGE_CURVE('',#969,#970,#98,.F.);
#758=EDGE_CURVE('',#970,#971,#1079,.F.);
#759=EDGE_CURVE('',#971,#964,#99,.F.);
#760=EDGE_CURVE('',#972,#930,#100,.T.);
#761=EDGE_CURVE('',#972,#973,#1080,.F.);
#762=EDGE_CURVE('',#973,#931,#101,.T.);
#763=EDGE_CURVE('',#974,#929,#102,.T.);
#764=EDGE_CURVE('',#974,#972,#103,.F.);
#765=EDGE_CURVE('',#928,#975,#104,.F.);
#766=EDGE_CURVE('',#975,#974,#1081,.F.);
#767=EDGE_CURVE('',#976,#977,#105,.F.);
#768=EDGE_CURVE('',#977,#927,#106,.F.);
#769=EDGE_CURVE('',#926,#976,#107,.T.);
#770=EDGE_CURVE('',#978,#925,#108,.T.);
#771=EDGE_CURVE('',#978,#979,#1082,.F.);
#772=EDGE_CURVE('',#979,#924,#109,.T.);
#773=EDGE_CURVE('',#980,#935,#110,.T.);
#774=EDGE_CURVE('',#980,#978,#111,.F.);
#775=EDGE_CURVE('',#934,#981,#112,.F.);
#776=EDGE_CURVE('',#981,#980,#1083,.F.);
#777=EDGE_CURVE('',#982,#983,#113,.F.);
#778=EDGE_CURVE('',#983,#933,#114,.F.);
#779=EDGE_CURVE('',#932,#982,#115,.T.);
#780=EDGE_CURVE('',#984,#985,#116,.F.);
#781=EDGE_CURVE('',#985,#986,#117,.T.);
#782=EDGE_CURVE('',#986,#987,#118,.T.);
#783=EDGE_CURVE('',#987,#984,#119,.T.);
#784=EDGE_CURVE('',#988,#989,#120,.F.);
#785=EDGE_CURVE('',#989,#990,#121,.T.);
#786=EDGE_CURVE('',#990,#991,#122,.F.);
#787=EDGE_CURVE('',#991,#992,#123,.T.);
#788=EDGE_CURVE('',#992,#993,#124,.T.);
#789=EDGE_CURVE('',#993,#994,#125,.T.);
#790=EDGE_CURVE('',#994,#995,#126,.F.);
#791=EDGE_CURVE('',#995,#996,#127,.T.);
#792=EDGE_CURVE('',#996,#997,#128,.T.);
#793=EDGE_CURVE('',#997,#998,#129,.T.);
#794=EDGE_CURVE('',#998,#999,#130,.T.);
#795=EDGE_CURVE('',#999,#988,#131,.T.);
#796=EDGE_CURVE('',#1000,#1001,#132,.F.);
#797=EDGE_CURVE('',#1001,#1002,#133,.T.);
#798=EDGE_CURVE('',#1002,#1003,#134,.T.);
#799=EDGE_CURVE('',#1003,#1000,#135,.T.);
#800=EDGE_CURVE('',#1004,#1005,#136,.T.);
#801=EDGE_CURVE('',#1005,#1006,#137,.T.);
#802=EDGE_CURVE('',#1006,#1007,#138,.T.);
#803=EDGE_CURVE('',#1007,#1008,#139,.T.);
#804=EDGE_CURVE('',#1008,#1009,#140,.F.);
#805=EDGE_CURVE('',#1009,#1010,#141,.T.);
#806=EDGE_CURVE('',#1010,#1011,#142,.F.);
#807=EDGE_CURVE('',#1011,#1012,#143,.T.);
#808=EDGE_CURVE('',#1012,#1013,#144,.T.);
#809=EDGE_CURVE('',#1013,#1014,#145,.T.);
#810=EDGE_CURVE('',#1014,#1015,#146,.F.);
#811=EDGE_CURVE('',#1015,#1004,#147,.T.);
#812=EDGE_CURVE('',#1016,#1017,#1084,.T.);
#813=EDGE_CURVE('',#1016,#1018,#148,.T.);
#814=EDGE_CURVE('',#1019,#1018,#1085,.T.);
#815=EDGE_CURVE('',#1019,#1020,#149,.T.);
#816=EDGE_CURVE('',#1021,#1020,#1086,.T.);
#817=EDGE_CURVE('',#1021,#1022,#150,.T.);
#818=EDGE_CURVE('',#1023,#1022,#1087,.T.);
#819=EDGE_CURVE('',#1023,#1017,#151,.T.);
#820=EDGE_CURVE('',#1003,#1008,#1088,.F.);
#821=EDGE_CURVE('',#1007,#984,#1089,.F.);
#822=EDGE_CURVE('',#987,#988,#1090,.F.);
#823=EDGE_CURVE('',#999,#1000,#1091,.F.);
#824=EDGE_CURVE('',#921,#1020,#152,.T.);
#825=EDGE_CURVE('',#1019,#922,#153,.F.);
#826=EDGE_CURVE('',#1021,#920,#154,.F.);
#827=EDGE_CURVE('',#919,#1022,#155,.T.);
#828=EDGE_CURVE('',#917,#1017,#156,.T.);
#829=EDGE_CURVE('',#1023,#918,#157,.F.);
#830=EDGE_CURVE('',#1016,#916,#158,.F.);
#831=EDGE_CURVE('',#923,#1018,#159,.T.);
#832=EDGE_CURVE('',#1024,#1025,#160,.T.);
#833=EDGE_CURVE('',#1025,#1026,#161,.F.);
#834=EDGE_CURVE('',#1026,#1027,#162,.F.);
#835=EDGE_CURVE('',#1027,#1024,#163,.T.);
#836=EDGE_CURVE('',#1028,#1029,#164,.T.);
#837=EDGE_CURVE('',#1029,#1030,#165,.F.);
#838=EDGE_CURVE('',#1030,#1031,#166,.F.);
#839=EDGE_CURVE('',#1031,#1028,#167,.T.);
#840=EDGE_CURVE('',#1027,#1012,#1092,.T.);
#841=EDGE_CURVE('',#1011,#1028,#1093,.T.);
#842=EDGE_CURVE('',#1031,#996,#1094,.T.);
#843=EDGE_CURVE('',#995,#1024,#1095,.T.);
#844=EDGE_CURVE('',#1032,#1033,#168,.T.);
#845=EDGE_CURVE('',#1033,#1034,#169,.F.);
#846=EDGE_CURVE('',#1034,#1035,#170,.F.);
#847=EDGE_CURVE('',#1035,#1032,#171,.T.);
#848=EDGE_CURVE('',#1036,#1037,#172,.T.);
#849=EDGE_CURVE('',#1037,#1038,#173,.F.);
#850=EDGE_CURVE('',#1038,#1039,#174,.F.);
#851=EDGE_CURVE('',#1039,#1036,#175,.T.);
#852=EDGE_CURVE('',#1035,#1004,#1096,.T.);
#853=EDGE_CURVE('',#1015,#1036,#1097,.T.);
#854=EDGE_CURVE('',#1039,#992,#1098,.T.);
#855=EDGE_CURVE('',#991,#1032,#1099,.T.);
#856=EDGE_CURVE('',#1030,#997,#1100,.T.);
#857=EDGE_CURVE('',#994,#1025,#1101,.T.);
#858=EDGE_CURVE('',#1026,#1013,#1102,.T.);
#859=EDGE_CURVE('',#1010,#1029,#1103,.T.);
#860=EDGE_CURVE('',#1014,#1037,#1104,.T.);
#861=EDGE_CURVE('',#1034,#1005,#1105,.T.);
#862=EDGE_CURVE('',#1038,#993,#1106,.T.);
#863=EDGE_CURVE('',#990,#1033,#1107,.T.);
#864=EDGE_CURVE('',#986,#989,#1108,.T.);
#865=EDGE_CURVE('',#1006,#985,#1109,.T.);
#866=EDGE_CURVE('',#1002,#1009,#1110,.T.);
#867=EDGE_CURVE('',#998,#1001,#1111,.T.);
#868=EDGE_CURVE('',#986,#969,#1112,.T.);
#869=EDGE_CURVE('',#970,#985,#1113,.T.);
#870=EDGE_CURVE('',#971,#1006,#1114,.T.);
#871=EDGE_CURVE('',#989,#968,#1115,.T.);
#872=EDGE_CURVE('',#964,#1005,#1116,.T.);
#873=EDGE_CURVE('',#990,#967,#1117,.T.);
#874=EDGE_CURVE('',#965,#1034,#1118,.T.);
#875=EDGE_CURVE('',#1033,#966,#1119,.T.);
#876=EDGE_CURVE('',#1037,#941,#1120,.T.);
#877=EDGE_CURVE('',#942,#1014,#1121,.T.);
#878=EDGE_CURVE('',#943,#1013,#1122,.T.);
#879=EDGE_CURVE('',#1038,#940,#1123,.T.);
#880=EDGE_CURVE('',#936,#1026,#1124,.T.);
#881=EDGE_CURVE('',#993,#939,#1125,.T.);
#882=EDGE_CURVE('',#937,#1025,#1126,.T.);
#883=EDGE_CURVE('',#994,#938,#1127,.T.);
#884=EDGE_CURVE('',#1029,#949,#1128,.T.);
#885=EDGE_CURVE('',#950,#1010,#1129,.T.);
#886=EDGE_CURVE('',#951,#1009,#1130,.T.);
#887=EDGE_CURVE('',#1030,#948,#1131,.T.);
#888=EDGE_CURVE('',#944,#1002,#1132,.T.);
#889=EDGE_CURVE('',#997,#947,#1133,.T.);
#890=EDGE_CURVE('',#945,#1001,#1134,.T.);
#891=EDGE_CURVE('',#998,#946,#1135,.T.);
#892=EDGE_CURVE('',#976,#979,#1136,.F.);
#893=EDGE_CURVE('',#977,#962,#1137,.T.);
#894=EDGE_CURVE('',#963,#976,#1138,.T.);
#895=EDGE_CURVE('',#975,#977,#1139,.F.);
#896=EDGE_CURVE('',#952,#979,#1140,.F.);
#897=EDGE_CURVE('',#975,#961,#1141,.F.);
#898=EDGE_CURVE('',#953,#978,#1142,.T.);
#899=EDGE_CURVE('',#974,#960,#1143,.T.);
#900=EDGE_CURVE('',#954,#980,#1144,.T.);
#901=EDGE_CURVE('',#972,#959,#1145,.T.);
#902=EDGE_CURVE('',#981,#983,#1146,.F.);
#903=EDGE_CURVE('',#955,#981,#1147,.T.);
#904=EDGE_CURVE('',#973,#958,#1148,.T.);
#905=EDGE_CURVE('',#982,#973,#1149,.F.);
#906=EDGE_CURVE('',#956,#983,#1150,.F.);
#907=EDGE_CURVE('',#982,#957,#1151,.F.);
#908=EDGE_CURVE('',#1040,#1040,#1152,.T.);
#909=EDGE_CURVE('',#1041,#1041,#1153,.T.);
#910=EDGE_CURVE('',#1042,#1042,#1154,.T.);
#911=EDGE_CURVE('',#1043,#1043,#1155,.T.);
#912=VERTEX_POINT('',#2187);
#913=VERTEX_POINT('',#2189);
#914=VERTEX_POINT('',#2191);
#915=VERTEX_POINT('',#2193);
#916=VERTEX_POINT('',#2195);
#917=VERTEX_POINT('',#2196);
#918=VERTEX_POINT('',#2198);
#919=VERTEX_POINT('',#2200);
#920=VERTEX_POINT('',#2202);
#921=VERTEX_POINT('',#2204);
#922=VERTEX_POINT('',#2206);
#923=VERTEX_POINT('',#2208);
#924=VERTEX_POINT('',#2211);
#925=VERTEX_POINT('',#2212);
#926=VERTEX_POINT('',#2214);
#927=VERTEX_POINT('',#2216);
#928=VERTEX_POINT('',#2218);
#929=VERTEX_POINT('',#2220);
#930=VERTEX_POINT('',#2222);
#931=VERTEX_POINT('',#2224);
#932=VERTEX_POINT('',#2226);
#933=VERTEX_POINT('',#2228);
#934=VERTEX_POINT('',#2230);
#935=VERTEX_POINT('',#2232);
#936=VERTEX_POINT('',#2236);
#937=VERTEX_POINT('',#2237);
#938=VERTEX_POINT('',#2239);
#939=VERTEX_POINT('',#2241);
#940=VERTEX_POINT('',#2243);
#941=VERTEX_POINT('',#2245);
#942=VERTEX_POINT('',#2247);
#943=VERTEX_POINT('',#2249);
#944=VERTEX_POINT('',#2252);
#945=VERTEX_POINT('',#2253);
#946=VERTEX_POINT('',#2255);
#947=VERTEX_POINT('',#2257);
#948=VERTEX_POINT('',#2259);
#949=VERTEX_POINT('',#2261);
#950=VERTEX_POINT('',#2263);
#951=VERTEX_POINT('',#2265);
#952=VERTEX_POINT('',#2268);
#953=VERTEX_POINT('',#2269);
#954=VERTEX_POINT('',#2271);
#955=VERTEX_POINT('',#2273);
#956=VERTEX_POINT('',#2275);
#957=VERTEX_POINT('',#2277);
#958=VERTEX_POINT('',#2279);
#959=VERTEX_POINT('',#2281);
#960=VERTEX_POINT('',#2283);
#961=VERTEX_POINT('',#2285);
#962=VERTEX_POINT('',#2287);
#963=VERTEX_POINT('',#2289);
#964=VERTEX_POINT('',#2292);
#965=VERTEX_POINT('',#2293);
#966=VERTEX_POINT('',#2295);
#967=VERTEX_POINT('',#2297);
#968=VERTEX_POINT('',#2299);
#969=VERTEX_POINT('',#2301);
#970=VERTEX_POINT('',#2303);
#971=VERTEX_POINT('',#2305);
#972=VERTEX_POINT('',#2309);
#973=VERTEX_POINT('',#2311);
#974=VERTEX_POINT('',#2315);
#975=VERTEX_POINT('',#2319);
#976=VERTEX_POINT('',#2323);
#977=VERTEX_POINT('',#2324);
#978=VERTEX_POINT('',#2329);
#979=VERTEX_POINT('',#2331);
#980=VERTEX_POINT('',#2335);
#981=VERTEX_POINT('',#2339);
#982=VERTEX_POINT('',#2343);
#983=VERTEX_POINT('',#2344);
#984=VERTEX_POINT('',#2349);
#985=VERTEX_POINT('',#2350);
#986=VERTEX_POINT('',#2352);
#987=VERTEX_POINT('',#2354);
#988=VERTEX_POINT('',#2358);
#989=VERTEX_POINT('',#2359);
#990=VERTEX_POINT('',#2361);
#991=VERTEX_POINT('',#2363);
#992=VERTEX_POINT('',#2365);
#993=VERTEX_POINT('',#2367);
#994=VERTEX_POINT('',#2369);
#995=VERTEX_POINT('',#2371);
#996=VERTEX_POINT('',#2373);
#997=VERTEX_POINT('',#2375);
#998=VERTEX_POINT('',#2377);
#999=VERTEX_POINT('',#2379);
#1000=VERTEX_POINT('',#2383);
#1001=VERTEX_POINT('',#2384);
#1002=VERTEX_POINT('',#2386);
#1003=VERTEX_POINT('',#2388);
#1004=VERTEX_POINT('',#2392);
#1005=VERTEX_POINT('',#2393);
#1006=VERTEX_POINT('',#2395);
#1007=VERTEX_POINT('',#2397);
#1008=VERTEX_POINT('',#2399);
#1009=VERTEX_POINT('',#2401);
#1010=VERTEX_POINT('',#2403);
#1011=VERTEX_POINT('',#2405);
#1012=VERTEX_POINT('',#2407);
#1013=VERTEX_POINT('',#2409);
#1014=VERTEX_POINT('',#2411);
#1015=VERTEX_POINT('',#2413);
#1016=VERTEX_POINT('',#2417);
#1017=VERTEX_POINT('',#2418);
#1018=VERTEX_POINT('',#2420);
#1019=VERTEX_POINT('',#2422);
#1020=VERTEX_POINT('',#2424);
#1021=VERTEX_POINT('',#2426);
#1022=VERTEX_POINT('',#2428);
#1023=VERTEX_POINT('',#2430);
#1024=VERTEX_POINT('',#2450);
#1025=VERTEX_POINT('',#2451);
#1026=VERTEX_POINT('',#2453);
#1027=VERTEX_POINT('',#2455);
#1028=VERTEX_POINT('',#2459);
#1029=VERTEX_POINT('',#2460);
#1030=VERTEX_POINT('',#2462);
#1031=VERTEX_POINT('',#2464);
#1032=VERTEX_POINT('',#2473);
#1033=VERTEX_POINT('',#2474);
#1034=VERTEX_POINT('',#2476);
#1035=VERTEX_POINT('',#2478);
#1036=VERTEX_POINT('',#2482);
#1037=VERTEX_POINT('',#2483);
#1038=VERTEX_POINT('',#2485);
#1039=VERTEX_POINT('',#2487);
#1040=VERTEX_POINT('',#2604);
#1041=VERTEX_POINT('',#2608);
#1042=VERTEX_POINT('',#2612);
#1043=VERTEX_POINT('',#2616);
#1044=CIRCLE('',#1480,0.0015);
#1045=CIRCLE('',#1481,0.0015);
#1046=CIRCLE('',#1482,0.0015);
#1047=CIRCLE('',#1483,0.0015);
#1048=CIRCLE('',#1484,0.00325);
#1049=CIRCLE('',#1485,0.00325);
#1050=CIRCLE('',#1486,0.00325);
#1051=CIRCLE('',#1487,0.00325);
#1052=CIRCLE('',#1488,0.003);
#1053=CIRCLE('',#1489,0.0002);
#1054=CIRCLE('',#1490,0.0002);
#1055=CIRCLE('',#1491,0.003);
#1056=CIRCLE('',#1492,0.003);
#1057=CIRCLE('',#1493,0.0002);
#1058=CIRCLE('',#1494,0.0002);
#1059=CIRCLE('',#1495,0.003);
#1060=CIRCLE('',#1497,0.0042);
#1061=CIRCLE('',#1498,0.0042);
#1062=CIRCLE('',#1499,0.0042);
#1063=CIRCLE('',#1500,0.0042);
#1064=CIRCLE('',#1501,0.0042);
#1065=CIRCLE('',#1502,0.0042);
#1066=CIRCLE('',#1503,0.0042);
#1067=CIRCLE('',#1504,0.0042);
#1068=CIRCLE('',#1505,0.0028);
#1069=CIRCLE('',#1506,0.0028);
#1070=CIRCLE('',#1507,0.0004);
#1071=CIRCLE('',#1508,0.0004);
#1072=CIRCLE('',#1509,0.0028);
#1073=CIRCLE('',#1510,0.0028);
#1074=CIRCLE('',#1511,0.0004);
#1075=CIRCLE('',#1512,0.0004);
#1076=CIRCLE('',#1513,0.0042);
#1077=CIRCLE('',#1514,0.0042);
#1078=CIRCLE('',#1515,0.0042);
#1079=CIRCLE('',#1516,0.0042);
#1080=CIRCLE('',#1518,0.003);
#1081=CIRCLE('',#1521,0.003);
#1082=CIRCLE('',#1524,0.003);
#1083=CIRCLE('',#1527,0.003);
#1084=CIRCLE('',#1534,0.00325);
#1085=CIRCLE('',#1535,0.00325);
#1086=CIRCLE('',#1536,0.00325);
#1087=CIRCLE('',#1537,0.00325);
#1088=CIRCLE('',#1538,0.004);
#1089=CIRCLE('',#1539,0.004);
#1090=CIRCLE('',#1540,0.004);
#1091=CIRCLE('',#1541,0.004);
#1092=CIRCLE('',#1549,0.004);
#1093=CIRCLE('',#1550,0.004);
#1094=CIRCLE('',#1551,0.004);
#1095=CIRCLE('',#1552,0.004);
#1096=CIRCLE('',#1556,0.004);
#1097=CIRCLE('',#1557,0.004);
#1098=CIRCLE('',#1558,0.004);
#1099=CIRCLE('',#1559,0.004);
#1100=CIRCLE('',#1561,0.004);
#1101=CIRCLE('',#1563,0.004);
#1102=CIRCLE('',#1565,0.004);
#1103=CIRCLE('',#1567,0.004);
#1104=CIRCLE('',#1569,0.004);
#1105=CIRCLE('',#1571,0.004);
#1106=CIRCLE('',#1573,0.004);
#1107=CIRCLE('',#1575,0.004);
#1108=CIRCLE('',#1577,0.004);
#1109=CIRCLE('',#1579,0.004);
#1110=CIRCLE('',#1581,0.004);
#1111=CIRCLE('',#1583,0.004);
#1112=CIRCLE('',#1589,0.0002);
#1113=CIRCLE('',#1590,0.0002);
#1114=CIRCLE('',#1592,0.0002);
#1115=CIRCLE('',#1594,0.0002);
#1116=CIRCLE('',#1596,0.0002);
#1117=CIRCLE('',#1598,0.0002);
#1118=CIRCLE('',#1600,0.0002);
#1119=CIRCLE('',#1602,0.0002);
#1120=CIRCLE('',#1605,0.0002);
#1121=CIRCLE('',#1606,0.0002);
#1122=CIRCLE('',#1608,0.0002);
#1123=CIRCLE('',#1610,0.0002);
#1124=CIRCLE('',#1612,0.0002);
#1125=CIRCLE('',#1614,0.0002);
#1126=CIRCLE('',#1616,0.0002);
#1127=CIRCLE('',#1618,0.0002);
#1128=CIRCLE('',#1621,0.0002);
#1129=CIRCLE('',#1622,0.0002);
#1130=CIRCLE('',#1624,0.0002);
#1131=CIRCLE('',#1626,0.0002);
#1132=CIRCLE('',#1628,0.0002);
#1133=CIRCLE('',#1630,0.0002);
#1134=CIRCLE('',#1632,0.0002);
#1135=CIRCLE('',#1634,0.0002);
#1136=CIRCLE('',#1637,0.0002);
#1137=CIRCLE('',#1639,0.0002);
#1138=CIRCLE('',#1640,0.0002);
#1139=CIRCLE('',#1642,0.0002);
#1140=CIRCLE('',#1644,0.0002);
#1141=CIRCLE('',#1646,0.0002);
#1142=CIRCLE('',#1648,0.0002);
#1143=CIRCLE('',#1650,0.0002);
#1144=CIRCLE('',#1652,0.0002);
#1145=CIRCLE('',#1654,0.0002);
#1146=CIRCLE('',#1656,0.0002);
#1147=CIRCLE('',#1658,0.0002);
#1148=CIRCLE('',#1660,0.0002);
#1149=CIRCLE('',#1662,0.0002);
#1150=CIRCLE('',#1664,0.0002);
#1151=CIRCLE('',#1666,0.0002);
#1152=CIRCLE('',#1669,0.00132539615254126);
#1153=CIRCLE('',#1672,0.00132539615254126);
#1154=CIRCLE('',#1675,0.00132539615254126);
#1155=CIRCLE('',#1678,0.00132539615254126);
#1156=EDGE_LOOP('',(#276));
#1157=EDGE_LOOP('',(#277));
#1158=EDGE_LOOP('',(#278));
#1159=EDGE_LOOP('',(#279));
#1160=EDGE_LOOP('',(#280,#281,#282,#283,#284,#285,#286,#287));
#1161=EDGE_LOOP('',(#288,#289,#290,#291,#292,#293,#294,#295,#296,#297,#298,
#299));
#1162=EDGE_LOOP('',(#300,#301,#302,#303,#304,#305,#306,#307));
#1163=EDGE_LOOP('',(#308,#309,#310,#311,#312,#313,#314,#315));
#1164=EDGE_LOOP('',(#316,#317,#318,#319,#320,#321,#322,#323,#324,#325,#326,
#327));
#1165=EDGE_LOOP('',(#328,#329,#330,#331,#332,#333,#334,#335));
#1166=EDGE_LOOP('',(#336,#337,#338,#339));
#1167=EDGE_LOOP('',(#340,#341,#342,#343));
#1168=EDGE_LOOP('',(#344,#345,#346,#347));
#1169=EDGE_LOOP('',(#348,#349,#350,#351));
#1170=EDGE_LOOP('',(#352,#353,#354,#355));
#1171=EDGE_LOOP('',(#356,#357,#358,#359));
#1172=EDGE_LOOP('',(#360,#361,#362,#363));
#1173=EDGE_LOOP('',(#364,#365,#366,#367));
#1174=EDGE_LOOP('',(#368,#369,#370,#371));
#1175=EDGE_LOOP('',(#372,#373,#374,#375,#376,#377,#378,#379,#380,#381,#382,
#383));
#1176=EDGE_LOOP('',(#384,#385,#386,#387));
#1177=EDGE_LOOP('',(#388,#389,#390,#391,#392,#393,#394,#395,#396,#397,#398,
#399));
#1178=EDGE_LOOP('',(#400,#401,#402,#403,#404,#405,#406,#407));
#1179=EDGE_LOOP('',(#408,#409,#410,#411,#412,#413,#414,#415));
#1180=EDGE_LOOP('',(#416,#417,#418,#419));
#1181=EDGE_LOOP('',(#420,#421,#422,#423));
#1182=EDGE_LOOP('',(#424,#425,#426,#427));
#1183=EDGE_LOOP('',(#428,#429,#430,#431));
#1184=EDGE_LOOP('',(#432,#433,#434,#435));
#1185=EDGE_LOOP('',(#436,#437,#438,#439));
#1186=EDGE_LOOP('',(#440,#441,#442,#443,#444,#445,#446,#447));
#1187=EDGE_LOOP('',(#448,#449,#450,#451));
#1188=EDGE_LOOP('',(#452,#453,#454,#455));
#1189=EDGE_LOOP('',(#456,#457,#458,#459,#460,#461,#462,#463));
#1190=EDGE_LOOP('',(#464,#465,#466,#467));
#1191=EDGE_LOOP('',(#468,#469,#470,#471));
#1192=EDGE_LOOP('',(#472,#473,#474,#475));
#1193=EDGE_LOOP('',(#476,#477,#478,#479));
#1194=EDGE_LOOP('',(#480,#481,#482,#483));
#1195=EDGE_LOOP('',(#484,#485,#486,#487));
#1196=EDGE_LOOP('',(#488,#489,#490,#491));
#1197=EDGE_LOOP('',(#492,#493,#494,#495));
#1198=EDGE_LOOP('',(#496,#497,#498,#499));
#1199=EDGE_LOOP('',(#500,#501,#502,#503));
#1200=EDGE_LOOP('',(#504,#505,#506,#507));
#1201=EDGE_LOOP('',(#508,#509,#510,#511));
#1202=EDGE_LOOP('',(#512,#513,#514,#515));
#1203=EDGE_LOOP('',(#516,#517,#518,#519));
#1204=EDGE_LOOP('',(#520,#521,#522,#523));
#1205=EDGE_LOOP('',(#524,#525,#526,#527));
#1206=EDGE_LOOP('',(#528,#529,#530,#531));
#1207=EDGE_LOOP('',(#532,#533,#534,#535));
#1208=EDGE_LOOP('',(#536,#537,#538,#539));
#1209=EDGE_LOOP('',(#540,#541,#542,#543));
#1210=EDGE_LOOP('',(#544,#545,#546,#547));
#1211=EDGE_LOOP('',(#548,#549,#550,#551));
#1212=EDGE_LOOP('',(#552,#553,#554,#555));
#1213=EDGE_LOOP('',(#556,#557,#558,#559));
#1214=EDGE_LOOP('',(#560,#561,#562,#563));
#1215=EDGE_LOOP('',(#564,#565,#566,#567));
#1216=EDGE_LOOP('',(#568,#569,#570,#571));
#1217=EDGE_LOOP('',(#572,#573,#574,#575));
#1218=EDGE_LOOP('',(#576,#577,#578,#579));
#1219=EDGE_LOOP('',(#580,#581,#582,#583));
#1220=EDGE_LOOP('',(#584,#585,#586,#587));
#1221=EDGE_LOOP('',(#588,#589,#590,#591));
#1222=EDGE_LOOP('',(#592,#593,#594,#595));
#1223=EDGE_LOOP('',(#596,#597,#598,#599));
#1224=EDGE_LOOP('',(#600,#601,#602,#603));
#1225=EDGE_LOOP('',(#604,#605,#606,#607));
#1226=EDGE_LOOP('',(#608,#609,#610,#611));
#1227=EDGE_LOOP('',(#612,#613,#614,#615));
#1228=EDGE_LOOP('',(#616,#617,#618,#619));
#1229=EDGE_LOOP('',(#620,#621,#622,#623));
#1230=EDGE_LOOP('',(#624,#625,#626,#627));
#1231=EDGE_LOOP('',(#628,#629,#630,#631));
#1232=EDGE_LOOP('',(#632,#633,#634,#635));
#1233=EDGE_LOOP('',(#636,#637,#638,#639));
#1234=EDGE_LOOP('',(#640,#641,#642,#643));
#1235=EDGE_LOOP('',(#644,#645,#646,#647));
#1236=EDGE_LOOP('',(#648,#649,#650,#651));
#1237=EDGE_LOOP('',(#652,#653,#654,#655));
#1238=EDGE_LOOP('',(#656,#657,#658,#659));
#1239=EDGE_LOOP('',(#660,#661,#662,#663));
#1240=EDGE_LOOP('',(#664,#665,#666,#667));
#1241=EDGE_LOOP('',(#668,#669,#670,#671));
#1242=EDGE_LOOP('',(#672,#673,#674,#675));
#1243=EDGE_LOOP('',(#676,#677,#678,#679));
#1244=EDGE_LOOP('',(#680,#681,#682,#683));
#1245=EDGE_LOOP('',(#684,#685,#686,#687));
#1246=EDGE_LOOP('',(#688));
#1247=EDGE_LOOP('',(#689));
#1248=EDGE_LOOP('',(#690));
#1249=EDGE_LOOP('',(#691));
#1250=EDGE_LOOP('',(#692));
#1251=EDGE_LOOP('',(#693));
#1252=EDGE_LOOP('',(#694));
#1253=EDGE_LOOP('',(#695));
#1254=EDGE_LOOP('',(#696));
#1255=EDGE_LOOP('',(#697));
#1256=EDGE_LOOP('',(#698));
#1257=EDGE_LOOP('',(#699));
#1258=FACE_BOUND('',#1156,.T.);
#1259=FACE_BOUND('',#1157,.T.);
#1260=FACE_BOUND('',#1158,.T.);
#1261=FACE_BOUND('',#1159,.T.);
#1262=FACE_BOUND('',#1160,.T.);
#1263=FACE_BOUND('',#1161,.T.);
#1264=FACE_BOUND('',#1162,.T.);
#1265=FACE_BOUND('',#1163,.T.);
#1266=FACE_BOUND('',#1164,.T.);
#1267=FACE_BOUND('',#1165,.T.);
#1268=FACE_BOUND('',#1166,.T.);
#1269=FACE_BOUND('',#1167,.T.);
#1270=FACE_BOUND('',#1168,.T.);
#1271=FACE_BOUND('',#1169,.T.);
#1272=FACE_BOUND('',#1170,.T.);
#1273=FACE_BOUND('',#1171,.T.);
#1274=FACE_BOUND('',#1172,.T.);
#1275=FACE_BOUND('',#1173,.T.);
#1276=FACE_BOUND('',#1174,.T.);
#1277=FACE_BOUND('',#1175,.T.);
#1278=FACE_BOUND('',#1176,.T.);
#1279=FACE_BOUND('',#1177,.T.);
#1280=FACE_BOUND('',#1178,.T.);
#1281=FACE_BOUND('',#1179,.T.);
#1282=FACE_BOUND('',#1180,.T.);
#1283=FACE_BOUND('',#1181,.T.);
#1284=FACE_BOUND('',#1182,.T.);
#1285=FACE_BOUND('',#1183,.T.);
#1286=FACE_BOUND('',#1184,.T.);
#1287=FACE_BOUND('',#1185,.T.);
#1288=FACE_BOUND('',#1186,.T.);
#1289=FACE_BOUND('',#1187,.T.);
#1290=FACE_BOUND('',#1188,.T.);
#1291=FACE_BOUND('',#1189,.T.);
#1292=FACE_BOUND('',#1190,.T.);
#1293=FACE_BOUND('',#1191,.T.);
#1294=FACE_BOUND('',#1192,.T.);
#1295=FACE_BOUND('',#1193,.T.);
#1296=FACE_BOUND('',#1194,.T.);
#1297=FACE_BOUND('',#1195,.T.);
#1298=FACE_BOUND('',#1196,.T.);
#1299=FACE_BOUND('',#1197,.T.);
#1300=FACE_BOUND('',#1198,.T.);
#1301=FACE_BOUND('',#1199,.T.);
#1302=FACE_BOUND('',#1200,.T.);
#1303=FACE_BOUND('',#1201,.T.);
#1304=FACE_BOUND('',#1202,.T.);
#1305=FACE_BOUND('',#1203,.T.);
#1306=FACE_BOUND('',#1204,.T.);
#1307=FACE_BOUND('',#1205,.T.);
#1308=FACE_BOUND('',#1206,.T.);
#1309=FACE_BOUND('',#1207,.T.);
#1310=FACE_BOUND('',#1208,.T.);
#1311=FACE_BOUND('',#1209,.T.);
#1312=FACE_BOUND('',#1210,.T.);
#1313=FACE_BOUND('',#1211,.T.);
#1314=FACE_BOUND('',#1212,.T.);
#1315=FACE_BOUND('',#1213,.T.);
#1316=FACE_BOUND('',#1214,.T.);
#1317=FACE_BOUND('',#1215,.T.);
#1318=FACE_BOUND('',#1216,.T.);
#1319=FACE_BOUND('',#1217,.T.);
#1320=FACE_BOUND('',#1218,.T.);
#1321=FACE_BOUND('',#1219,.T.);
#1322=FACE_BOUND('',#1220,.T.);
#1323=FACE_BOUND('',#1221,.T.);
#1324=FACE_BOUND('',#1222,.T.);
#1325=FACE_BOUND('',#1223,.T.);
#1326=FACE_BOUND('',#1224,.T.);
#1327=FACE_BOUND('',#1225,.T.);
#1328=FACE_BOUND('',#1226,.T.);
#1329=FACE_BOUND('',#1227,.T.);
#1330=FACE_BOUND('',#1228,.T.);
#1331=FACE_BOUND('',#1229,.T.);
#1332=FACE_BOUND('',#1230,.T.);
#1333=FACE_BOUND('',#1231,.T.);
#1334=FACE_BOUND('',#1232,.T.);
#1335=FACE_BOUND('',#1233,.T.);
#1336=FACE_BOUND('',#1234,.T.);
#1337=FACE_BOUND('',#1235,.T.);
#1338=FACE_BOUND('',#1236,.T.);
#1339=FACE_BOUND('',#1237,.T.);
#1340=FACE_BOUND('',#1238,.T.);
#1341=FACE_BOUND('',#1239,.T.);
#1342=FACE_BOUND('',#1240,.T.);
#1343=FACE_BOUND('',#1241,.T.);
#1344=FACE_BOUND('',#1242,.T.);
#1345=FACE_BOUND('',#1243,.T.);
#1346=FACE_BOUND('',#1244,.T.);
#1347=FACE_BOUND('',#1245,.T.);
#1348=FACE_BOUND('',#1246,.T.);
#1349=FACE_BOUND('',#1247,.T.);
#1350=FACE_BOUND('',#1248,.T.);
#1351=FACE_BOUND('',#1249,.T.);
#1352=FACE_BOUND('',#1250,.T.);
#1353=FACE_BOUND('',#1251,.T.);
#1354=FACE_BOUND('',#1252,.T.);
#1355=FACE_BOUND('',#1253,.T.);
#1356=FACE_BOUND('',#1254,.T.);
#1357=FACE_BOUND('',#1255,.T.);
#1358=FACE_BOUND('',#1256,.T.);
#1359=FACE_BOUND('',#1257,.T.);
#1360=PLANE('',#1479);
#1361=PLANE('',#1496);
#1362=PLANE('',#1519);
#1363=PLANE('',#1522);
#1364=PLANE('',#1525);
#1365=PLANE('',#1528);
#1366=PLANE('',#1529);
#1367=PLANE('',#1530);
#1368=PLANE('',#1531);
#1369=PLANE('',#1532);
#1370=PLANE('',#1533);
#1371=PLANE('',#1542);
#1372=PLANE('',#1543);
#1373=PLANE('',#1544);
#1374=PLANE('',#1545);
#1375=PLANE('',#1546);
#1376=PLANE('',#1547);
#1377=PLANE('',#1548);
#1378=PLANE('',#1553);
#1379=PLANE('',#1554);
#1380=PLANE('',#1555);
#1381=PLANE('',#1670);
#1382=PLANE('',#1673);
#1383=PLANE('',#1676);
#1384=PLANE('',#1679);
#1385=ADVANCED_FACE('',(#1258,#1259,#1260,#1261,#1262,#1263),#1360,.F.);
#1386=ADVANCED_FACE('',(#1264,#1265,#1266,#1267),#1361,.T.);
#1387=ADVANCED_FACE('',(#1268),#36,.T.);
#1388=ADVANCED_FACE('',(#1269),#1362,.F.);
#1389=ADVANCED_FACE('',(#1270),#37,.T.);
#1390=ADVANCED_FACE('',(#1271),#1363,.F.);
#1391=ADVANCED_FACE('',(#1272),#38,.T.);
#1392=ADVANCED_FACE('',(#1273),#1364,.F.);
#1393=ADVANCED_FACE('',(#1274),#39,.T.);
#1394=ADVANCED_FACE('',(#1275),#1365,.F.);
#1395=ADVANCED_FACE('',(#1276),#1366,.T.);
#1396=ADVANCED_FACE('',(#1277),#1367,.T.);
#1397=ADVANCED_FACE('',(#1278),#1368,.T.);
#1398=ADVANCED_FACE('',(#1279),#1369,.T.);
#1399=ADVANCED_FACE('',(#1280,#1281),#1370,.T.);
#1400=ADVANCED_FACE('',(#1282),#1371,.F.);
#1401=ADVANCED_FACE('',(#1283),#1372,.F.);
#1402=ADVANCED_FACE('',(#1284),#1373,.F.);
#1403=ADVANCED_FACE('',(#1285),#1374,.F.);
#1404=ADVANCED_FACE('',(#1286),#1375,.T.);
#1405=ADVANCED_FACE('',(#1287),#1376,.T.);
#1406=ADVANCED_FACE('',(#1288),#1377,.F.);
#1407=ADVANCED_FACE('',(#1289),#1378,.T.);
#1408=ADVANCED_FACE('',(#1290),#1379,.T.);
#1409=ADVANCED_FACE('',(#1291),#1380,.F.);
#1410=ADVANCED_FACE('',(#1292),#40,.F.);
#1411=ADVANCED_FACE('',(#1293),#41,.F.);
#1412=ADVANCED_FACE('',(#1294),#42,.F.);
#1413=ADVANCED_FACE('',(#1295),#43,.F.);
#1414=ADVANCED_FACE('',(#1296),#44,.F.);
#1415=ADVANCED_FACE('',(#1297),#45,.F.);
#1416=ADVANCED_FACE('',(#1298),#46,.F.);
#1417=ADVANCED_FACE('',(#1299),#47,.F.);
#1418=ADVANCED_FACE('',(#1300),#48,.F.);
#1419=ADVANCED_FACE('',(#1301),#49,.F.);
#1420=ADVANCED_FACE('',(#1302),#50,.F.);
#1421=ADVANCED_FACE('',(#1303),#51,.F.);
#1422=ADVANCED_FACE('',(#1304),#52,.F.);
#1423=ADVANCED_FACE('',(#1305),#53,.F.);
#1424=ADVANCED_FACE('',(#1306),#54,.F.);
#1425=ADVANCED_FACE('',(#1307),#55,.F.);
#1426=ADVANCED_FACE('',(#1308),#56,.T.);
#1427=ADVANCED_FACE('',(#1309),#16,.T.);
#1428=ADVANCED_FACE('',(#1310),#17,.T.);
#1429=ADVANCED_FACE('',(#1311),#57,.T.);
#1430=ADVANCED_FACE('',(#1312),#58,.T.);
#1431=ADVANCED_FACE('',(#1313),#18,.T.);
#1432=ADVANCED_FACE('',(#1314),#19,.T.);
#1433=ADVANCED_FACE('',(#1315),#59,.T.);
#1434=ADVANCED_FACE('',(#1316),#20,.T.);
#1435=ADVANCED_FACE('',(#1317),#60,.T.);
#1436=ADVANCED_FACE('',(#1318),#61,.T.);
#1437=ADVANCED_FACE('',(#1319),#21,.T.);
#1438=ADVANCED_FACE('',(#1320),#22,.T.);
#1439=ADVANCED_FACE('',(#1321),#62,.T.);
#1440=ADVANCED_FACE('',(#1322),#63,.T.);
#1441=ADVANCED_FACE('',(#1323),#23,.T.);
#1442=ADVANCED_FACE('',(#1324),#24,.T.);
#1443=ADVANCED_FACE('',(#1325),#64,.T.);
#1444=ADVANCED_FACE('',(#1326),#65,.T.);
#1445=ADVANCED_FACE('',(#1327),#25,.T.);
#1446=ADVANCED_FACE('',(#1328),#26,.T.);
#1447=ADVANCED_FACE('',(#1329),#66,.T.);
#1448=ADVANCED_FACE('',(#1330),#67,.T.);
#1449=ADVANCED_FACE('',(#1331),#27,.T.);
#1450=ADVANCED_FACE('',(#1332),#68,.F.);
#1451=ADVANCED_FACE('',(#1333),#69,.T.);
#1452=ADVANCED_FACE('',(#1334),#70,.F.);
#1453=ADVANCED_FACE('',(#1335),#28,.T.);
#1454=ADVANCED_FACE('',(#1336),#29,.T.);
#1455=ADVANCED_FACE('',(#1337),#30,.T.);
#1456=ADVANCED_FACE('',(#1338),#31,.T.);
#1457=ADVANCED_FACE('',(#1339),#71,.T.);
#1458=ADVANCED_FACE('',(#1340),#72,.T.);
#1459=ADVANCED_FACE('',(#1341),#73,.F.);
#1460=ADVANCED_FACE('',(#1342),#32,.T.);
#1461=ADVANCED_FACE('',(#1343),#33,.T.);
#1462=ADVANCED_FACE('',(#1344),#74,.F.);
#1463=ADVANCED_FACE('',(#1345),#34,.T.);
#1464=ADVANCED_FACE('',(#1346),#35,.T.);
#1465=ADVANCED_FACE('',(#1347),#75,.T.);
#1466=ADVANCED_FACE('',(#1348,#1349),#12,.T.);
#1467=ADVANCED_FACE('',(#1350),#1381,.T.);
#1468=ADVANCED_FACE('',(#1351,#1352),#13,.T.);
#1469=ADVANCED_FACE('',(#1353),#1382,.T.);
#1470=ADVANCED_FACE('',(#1354,#1355),#14,.T.);
#1471=ADVANCED_FACE('',(#1356),#1383,.T.);
#1472=ADVANCED_FACE('',(#1357,#1358),#15,.T.);
#1473=ADVANCED_FACE('',(#1359),#1384,.T.);
#1474=CLOSED_SHELL('',(#1385,#1386,#1387,#1388,#1389,#1390,#1391,#1392,
#1393,#1394,#1395,#1396,#1397,#1398,#1399,#1400,#1401,#1402,#1403,#1404,
#1405,#1406,#1407,#1408,#1409,#1410,#1411,#1412,#1413,#1414,#1415,#1416,
#1417,#1418,#1419,#1420,#1421,#1422,#1423,#1424,#1425,#1426,#1427,#1428,
#1429,#1430,#1431,#1432,#1433,#1434,#1435,#1436,#1437,#1438,#1439,#1440,
#1441,#1442,#1443,#1444,#1445,#1446,#1447,#1448,#1449,#1450,#1451,#1452,
#1453,#1454,#1455,#1456,#1457,#1458,#1459,#1460,#1461,#1462,#1463,#1464,
#1465,#1466,#1467,#1468,#1469,#1470,#1471,#1472,#1473));
#1475=MANIFOLD_SOLID_BREP($,#1474);
#1476=SHAPE_DEFINITION_REPRESENTATION(#2623,#1477);
#1477=SHAPE_REPRESENTATION('id2',(#1478),#2618);
#1478=AXIS2_PLACEMENT_3D('',#2184,#1680,#1681);
#1479=AXIS2_PLACEMENT_3D('',#2185,#1682,#1683);
#1480=AXIS2_PLACEMENT_3D('',#2186,#1684,#1685);
#1481=AXIS2_PLACEMENT_3D('',#2188,#1686,#1687);
#1482=AXIS2_PLACEMENT_3D('',#2190,#1688,#1689);
#1483=AXIS2_PLACEMENT_3D('',#2192,#1690,#1691);
#1484=AXIS2_PLACEMENT_3D('',#2194,#1692,#1693);
#1485=AXIS2_PLACEMENT_3D('',#2199,#1695,#1696);
#1486=AXIS2_PLACEMENT_3D('',#2203,#1698,#1699);
#1487=AXIS2_PLACEMENT_3D('',#2207,#1701,#1702);
#1488=AXIS2_PLACEMENT_3D('',#2210,#1704,#1705);
#1489=AXIS2_PLACEMENT_3D('',#2213,#1706,#1707);
#1490=AXIS2_PLACEMENT_3D('',#2217,#1709,#1710);
#1491=AXIS2_PLACEMENT_3D('',#2219,#1711,#1712);
#1492=AXIS2_PLACEMENT_3D('',#2223,#1714,#1715);
#1493=AXIS2_PLACEMENT_3D('',#2225,#1716,#1717);
#1494=AXIS2_PLACEMENT_3D('',#2229,#1719,#1720);
#1495=AXIS2_PLACEMENT_3D('',#2231,#1721,#1722);
#1496=AXIS2_PLACEMENT_3D('',#2234,#1724,#1725);
#1497=AXIS2_PLACEMENT_3D('',#2238,#1727,#1728);
#1498=AXIS2_PLACEMENT_3D('',#2242,#1730,#1731);
#1499=AXIS2_PLACEMENT_3D('',#2246,#1733,#1734);
#1500=AXIS2_PLACEMENT_3D('',#2250,#1736,#1737);
#1501=AXIS2_PLACEMENT_3D('',#2254,#1739,#1740);
#1502=AXIS2_PLACEMENT_3D('',#2258,#1742,#1743);
#1503=AXIS2_PLACEMENT_3D('',#2262,#1745,#1746);
#1504=AXIS2_PLACEMENT_3D('',#2266,#1748,#1749);
#1505=AXIS2_PLACEMENT_3D('',#2267,#1750,#1751);
#1506=AXIS2_PLACEMENT_3D('',#2272,#1753,#1754);
#1507=AXIS2_PLACEMENT_3D('',#2274,#1755,#1756);
#1508=AXIS2_PLACEMENT_3D('',#2278,#1758,#1759);
#1509=AXIS2_PLACEMENT_3D('',#2280,#1760,#1761);
#1510=AXIS2_PLACEMENT_3D('',#2284,#1763,#1764);
#1511=AXIS2_PLACEMENT_3D('',#2286,#1765,#1766);
#1512=AXIS2_PLACEMENT_3D('',#2290,#1768,#1769);
#1513=AXIS2_PLACEMENT_3D('',#2291,#1770,#1771);
#1514=AXIS2_PLACEMENT_3D('',#2296,#1773,#1774);
#1515=AXIS2_PLACEMENT_3D('',#2300,#1776,#1777);
#1516=AXIS2_PLACEMENT_3D('',#2304,#1779,#1780);
#1517=AXIS2_PLACEMENT_3D('',#2307,#1782,#1783);
#1518=AXIS2_PLACEMENT_3D('',#2310,#1785,#1786);
#1519=AXIS2_PLACEMENT_3D('',#2313,#1788,#1789);
#1520=AXIS2_PLACEMENT_3D('',#2317,#1792,#1793);
#1521=AXIS2_PLACEMENT_3D('',#2320,#1795,#1796);
#1522=AXIS2_PLACEMENT_3D('',#2321,#1797,#1798);
#1523=AXIS2_PLACEMENT_3D('',#2327,#1802,#1803);
#1524=AXIS2_PLACEMENT_3D('',#2330,#1805,#1806);
#1525=AXIS2_PLACEMENT_3D('',#2333,#1808,#1809);
#1526=AXIS2_PLACEMENT_3D('',#2337,#1812,#1813);
#1527=AXIS2_PLACEMENT_3D('',#2340,#1815,#1816);
#1528=AXIS2_PLACEMENT_3D('',#2341,#1817,#1818);
#1529=AXIS2_PLACEMENT_3D('',#2347,#1822,#1823);
#1530=AXIS2_PLACEMENT_3D('',#2356,#1828,#1829);
#1531=AXIS2_PLACEMENT_3D('',#2381,#1842,#1843);
#1532=AXIS2_PLACEMENT_3D('',#2390,#1848,#1849);
#1533=AXIS2_PLACEMENT_3D('',#2415,#1862,#1863);
#1534=AXIS2_PLACEMENT_3D('',#2416,#1864,#1865);
#1535=AXIS2_PLACEMENT_3D('',#2421,#1867,#1868);
#1536=AXIS2_PLACEMENT_3D('',#2425,#1870,#1871);
#1537=AXIS2_PLACEMENT_3D('',#2429,#1873,#1874);
#1538=AXIS2_PLACEMENT_3D('',#2432,#1876,#1877);
#1539=AXIS2_PLACEMENT_3D('',#2433,#1878,#1879);
#1540=AXIS2_PLACEMENT_3D('',#2434,#1880,#1881);
#1541=AXIS2_PLACEMENT_3D('',#2435,#1882,#1883);
#1542=AXIS2_PLACEMENT_3D('',#2436,#1884,#1885);
#1543=AXIS2_PLACEMENT_3D('',#2439,#1888,#1889);
#1544=AXIS2_PLACEMENT_3D('',#2442,#1892,#1893);
#1545=AXIS2_PLACEMENT_3D('',#2445,#1896,#1897);
#1546=AXIS2_PLACEMENT_3D('',#2448,#1900,#1901);
#1547=AXIS2_PLACEMENT_3D('',#2457,#1906,#1907);
#1548=AXIS2_PLACEMENT_3D('',#2466,#1912,#1913);
#1549=AXIS2_PLACEMENT_3D('',#2467,#1914,#1915);
#1550=AXIS2_PLACEMENT_3D('',#2468,#1916,#1917);
#1551=AXIS2_PLACEMENT_3D('',#2469,#1918,#1919);
#1552=AXIS2_PLACEMENT_3D('',#2470,#1920,#1921);
#1553=AXIS2_PLACEMENT_3D('',#2471,#1922,#1923);
#1554=AXIS2_PLACEMENT_3D('',#2480,#1928,#1929);
#1555=AXIS2_PLACEMENT_3D('',#2489,#1934,#1935);
#1556=AXIS2_PLACEMENT_3D('',#2490,#1936,#1937);
#1557=AXIS2_PLACEMENT_3D('',#2491,#1938,#1939);
#1558=AXIS2_PLACEMENT_3D('',#2492,#1940,#1941);
#1559=AXIS2_PLACEMENT_3D('',#2493,#1942,#1943);
#1560=AXIS2_PLACEMENT_3D('',#2494,#1944,#1945);
#1561=AXIS2_PLACEMENT_3D('',#2495,#1946,#1947);
#1562=AXIS2_PLACEMENT_3D('',#2496,#1948,#1949);
#1563=AXIS2_PLACEMENT_3D('',#2497,#1950,#1951);
#1564=AXIS2_PLACEMENT_3D('',#2498,#1952,#1953);
#1565=AXIS2_PLACEMENT_3D('',#2499,#1954,#1955);
#1566=AXIS2_PLACEMENT_3D('',#2500,#1956,#1957);
#1567=AXIS2_PLACEMENT_3D('',#2501,#1958,#1959);
#1568=AXIS2_PLACEMENT_3D('',#2502,#1960,#1961);
#1569=AXIS2_PLACEMENT_3D('',#2503,#1962,#1963);
#1570=AXIS2_PLACEMENT_3D('',#2504,#1964,#1965);
#1571=AXIS2_PLACEMENT_3D('',#2505,#1966,#1967);
#1572=AXIS2_PLACEMENT_3D('',#2506,#1968,#1969);
#1573=AXIS2_PLACEMENT_3D('',#2507,#1970,#1971);
#1574=AXIS2_PLACEMENT_3D('',#2508,#1972,#1973);
#1575=AXIS2_PLACEMENT_3D('',#2509,#1974,#1975);
#1576=AXIS2_PLACEMENT_3D('',#2510,#1976,#1977);
#1577=AXIS2_PLACEMENT_3D('',#2511,#1978,#1979);
#1578=AXIS2_PLACEMENT_3D('',#2512,#1980,#1981);
#1579=AXIS2_PLACEMENT_3D('',#2513,#1982,#1983);
#1580=AXIS2_PLACEMENT_3D('',#2514,#1984,#1985);
#1581=AXIS2_PLACEMENT_3D('',#2515,#1986,#1987);
#1582=AXIS2_PLACEMENT_3D('',#2516,#1988,#1989);
#1583=AXIS2_PLACEMENT_3D('',#2517,#1990,#1991);
#1584=AXIS2_PLACEMENT_3D('',#2518,#1992,#1993);
#1585=AXIS2_PLACEMENT_3D('',#2519,#1994,#1995);
#1586=AXIS2_PLACEMENT_3D('',#2520,#1996,#1997);
#1587=AXIS2_PLACEMENT_3D('',#2521,#1998,#1999);
#1588=AXIS2_PLACEMENT_3D('',#2522,#2000,#2001);
#1589=AXIS2_PLACEMENT_3D('',#2523,#2002,#2003);
#1590=AXIS2_PLACEMENT_3D('',#2524,#2004,#2005);
#1591=AXIS2_PLACEMENT_3D('',#2525,#2006,#2007);
#1592=AXIS2_PLACEMENT_3D('',#2526,#2008,#2009);
#1593=AXIS2_PLACEMENT_3D('',#2527,#2010,#2011);
#1594=AXIS2_PLACEMENT_3D('',#2528,#2012,#2013);
#1595=AXIS2_PLACEMENT_3D('',#2529,#2014,#2015);
#1596=AXIS2_PLACEMENT_3D('',#2530,#2016,#2017);
#1597=AXIS2_PLACEMENT_3D('',#2531,#2018,#2019);
#1598=AXIS2_PLACEMENT_3D('',#2532,#2020,#2021);
#1599=AXIS2_PLACEMENT_3D('',#2533,#2022,#2023);
#1600=AXIS2_PLACEMENT_3D('',#2534,#2024,#2025);
#1601=AXIS2_PLACEMENT_3D('',#2535,#2026,#2027);
#1602=AXIS2_PLACEMENT_3D('',#2536,#2028,#2029);
#1603=AXIS2_PLACEMENT_3D('',#2537,#2030,#2031);
#1604=AXIS2_PLACEMENT_3D('',#2538,#2032,#2033);
#1605=AXIS2_PLACEMENT_3D('',#2539,#2034,#2035);
#1606=AXIS2_PLACEMENT_3D('',#2540,#2036,#2037);
#1607=AXIS2_PLACEMENT_3D('',#2541,#2038,#2039);
#1608=AXIS2_PLACEMENT_3D('',#2542,#2040,#2041);
#1609=AXIS2_PLACEMENT_3D('',#2543,#2042,#2043);
#1610=AXIS2_PLACEMENT_3D('',#2544,#2044,#2045);
#1611=AXIS2_PLACEMENT_3D('',#2545,#2046,#2047);
#1612=AXIS2_PLACEMENT_3D('',#2546,#2048,#2049);
#1613=AXIS2_PLACEMENT_3D('',#2547,#2050,#2051);
#1614=AXIS2_PLACEMENT_3D('',#2548,#2052,#2053);
#1615=AXIS2_PLACEMENT_3D('',#2549,#2054,#2055);
#1616=AXIS2_PLACEMENT_3D('',#2550,#2056,#2057);
#1617=AXIS2_PLACEMENT_3D('',#2551,#2058,#2059);
#1618=AXIS2_PLACEMENT_3D('',#2552,#2060,#2061);
#1619=AXIS2_PLACEMENT_3D('',#2553,#2062,#2063);
#1620=AXIS2_PLACEMENT_3D('',#2554,#2064,#2065);
#1621=AXIS2_PLACEMENT_3D('',#2555,#2066,#2067);
#1622=AXIS2_PLACEMENT_3D('',#2556,#2068,#2069);
#1623=AXIS2_PLACEMENT_3D('',#2557,#2070,#2071);
#1624=AXIS2_PLACEMENT_3D('',#2558,#2072,#2073);
#1625=AXIS2_PLACEMENT_3D('',#2559,#2074,#2075);
#1626=AXIS2_PLACEMENT_3D('',#2560,#2076,#2077);
#1627=AXIS2_PLACEMENT_3D('',#2561,#2078,#2079);
#1628=AXIS2_PLACEMENT_3D('',#2562,#2080,#2081);
#1629=AXIS2_PLACEMENT_3D('',#2563,#2082,#2083);
#1630=AXIS2_PLACEMENT_3D('',#2564,#2084,#2085);
#1631=AXIS2_PLACEMENT_3D('',#2565,#2086,#2087);
#1632=AXIS2_PLACEMENT_3D('',#2566,#2088,#2089);
#1633=AXIS2_PLACEMENT_3D('',#2567,#2090,#2091);
#1634=AXIS2_PLACEMENT_3D('',#2568,#2092,#2093);
#1635=AXIS2_PLACEMENT_3D('',#2569,#2094,#2095);
#1636=AXIS2_PLACEMENT_3D('',#2570,#2096,#2097);
#1637=AXIS2_PLACEMENT_3D('',#2571,#2098,#2099);
#1638=AXIS2_PLACEMENT_3D('',#2572,#2100,#2101);
#1639=AXIS2_PLACEMENT_3D('',#2573,#2102,#2103);
#1640=AXIS2_PLACEMENT_3D('',#2574,#2104,#2105);
#1641=AXIS2_PLACEMENT_3D('',#2575,#2106,#2107);
#1642=AXIS2_PLACEMENT_3D('',#2576,#2108,#2109);
#1643=AXIS2_PLACEMENT_3D('',#2577,#2110,#2111);
#1644=AXIS2_PLACEMENT_3D('',#2578,#2112,#2113);
#1645=AXIS2_PLACEMENT_3D('',#2579,#2114,#2115);
#1646=AXIS2_PLACEMENT_3D('',#2580,#2116,#2117);
#1647=AXIS2_PLACEMENT_3D('',#2581,#2118,#2119);
#1648=AXIS2_PLACEMENT_3D('',#2582,#2120,#2121);
#1649=AXIS2_PLACEMENT_3D('',#2583,#2122,#2123);
#1650=AXIS2_PLACEMENT_3D('',#2584,#2124,#2125);
#1651=AXIS2_PLACEMENT_3D('',#2585,#2126,#2127);
#1652=AXIS2_PLACEMENT_3D('',#2586,#2128,#2129);
#1653=AXIS2_PLACEMENT_3D('',#2587,#2130,#2131);
#1654=AXIS2_PLACEMENT_3D('',#2588,#2132,#2133);
#1655=AXIS2_PLACEMENT_3D('',#2589,#2134,#2135);
#1656=AXIS2_PLACEMENT_3D('',#2590,#2136,#2137);
#1657=AXIS2_PLACEMENT_3D('',#2591,#2138,#2139);
#1658=AXIS2_PLACEMENT_3D('',#2592,#2140,#2141);
#1659=AXIS2_PLACEMENT_3D('',#2593,#2142,#2143);
#1660=AXIS2_PLACEMENT_3D('',#2594,#2144,#2145);
#1661=AXIS2_PLACEMENT_3D('',#2595,#2146,#2147);
#1662=AXIS2_PLACEMENT_3D('',#2596,#2148,#2149);
#1663=AXIS2_PLACEMENT_3D('',#2597,#2150,#2151);
#1664=AXIS2_PLACEMENT_3D('',#2598,#2152,#2153);
#1665=AXIS2_PLACEMENT_3D('',#2599,#2154,#2155);
#1666=AXIS2_PLACEMENT_3D('',#2600,#2156,#2157);
#1667=AXIS2_PLACEMENT_3D('',#2601,#2158,#2159);
#1668=AXIS2_PLACEMENT_3D('',#2602,#2160,#2161);
#1669=AXIS2_PLACEMENT_3D('',#2603,#2162,#2163);
#1670=AXIS2_PLACEMENT_3D('',#2605,#2164,#2165);
#1671=AXIS2_PLACEMENT_3D('',#2606,#2166,#2167);
#1672=AXIS2_PLACEMENT_3D('',#2607,#2168,#2169);
#1673=AXIS2_PLACEMENT_3D('',#2609,#2170,#2171);
#1674=AXIS2_PLACEMENT_3D('',#2610,#2172,#2173);
#1675=AXIS2_PLACEMENT_3D('',#2611,#2174,#2175);
#1676=AXIS2_PLACEMENT_3D('',#2613,#2176,#2177);
#1677=AXIS2_PLACEMENT_3D('',#2614,#2178,#2179);
#1678=AXIS2_PLACEMENT_3D('',#2615,#2180,#2181);
#1679=AXIS2_PLACEMENT_3D('',#2617,#2182,#2183);
#1680=DIRECTION('',(0.,0.,1.));
#1681=DIRECTION('',(1.,0.,0.));
#1682=DIRECTION('',(0.,-1.,0.));
#1683=DIRECTION('',(1.,0.,0.));
#1684=DIRECTION('',(0.,-1.,0.));
#1685=DIRECTION('',(1.,0.,0.));
#1686=DIRECTION('',(0.,-1.,0.));
#1687=DIRECTION('',(1.,0.,0.));
#1688=DIRECTION('',(0.,-1.,0.));
#1689=DIRECTION('',(1.,0.,0.));
#1690=DIRECTION('',(0.,-1.,0.));
#1691=DIRECTION('',(1.,0.,0.));
#1692=DIRECTION('',(0.,-1.,0.));
#1693=DIRECTION('',(1.,0.,0.));
#1694=DIRECTION('',(1.,0.,0.));
#1695=DIRECTION('',(0.,-1.,0.));
#1696=DIRECTION('',(1.,0.,0.));
#1697=DIRECTION('',(0.,0.,1.));
#1698=DIRECTION('',(0.,-1.,0.));
#1699=DIRECTION('',(1.,0.,0.));
#1700=DIRECTION('',(-1.,0.,0.));
#1701=DIRECTION('',(0.,-1.,0.));
#1702=DIRECTION('',(1.,0.,0.));
#1703=DIRECTION('',(0.,0.,-1.));
#1704=DIRECTION('',(0.,-1.,0.));
#1705=DIRECTION('',(1.,0.,0.));
#1706=DIRECTION('',(0.,-1.,0.));
#1707=DIRECTION('',(1.,0.,0.));
#1708=DIRECTION('',(1.,0.,0.));
#1709=DIRECTION('',(0.,-1.,0.));
#1710=DIRECTION('',(1.,0.,0.));
#1711=DIRECTION('',(0.,-1.,0.));
#1712=DIRECTION('',(1.,0.,0.));
#1713=DIRECTION('',(1.23908819712629E-16,0.,-1.));
#1714=DIRECTION('',(0.,-1.,0.));
#1715=DIRECTION('',(1.,0.,0.));
#1716=DIRECTION('',(0.,-1.,0.));
#1717=DIRECTION('',(1.,0.,0.));
#1718=DIRECTION('',(-1.,0.,0.));
#1719=DIRECTION('',(0.,-1.,0.));
#1720=DIRECTION('',(1.,0.,0.));
#1721=DIRECTION('',(0.,-1.,0.));
#1722=DIRECTION('',(1.,0.,0.));
#1723=DIRECTION('',(0.,0.,1.));
#1724=DIRECTION('',(0.,-1.,0.));
#1725=DIRECTION('',(1.,0.,0.));
#1726=DIRECTION('',(0.,0.,-1.));
#1727=DIRECTION('',(0.,-1.,0.));
#1728=DIRECTION('',(1.,0.,0.));
#1729=DIRECTION('',(1.,0.,0.));
#1730=DIRECTION('',(0.,-1.,0.));
#1731=DIRECTION('',(1.,0.,0.));
#1732=DIRECTION('',(-1.6326809185664E-16,0.,1.));
#1733=DIRECTION('',(0.,-1.,0.));
#1734=DIRECTION('',(1.,0.,0.));
#1735=DIRECTION('',(-1.,0.,0.));
#1736=DIRECTION('',(0.,-1.,0.));
#1737=DIRECTION('',(1.,0.,0.));
#1738=DIRECTION('',(0.,0.,1.));
#1739=DIRECTION('',(0.,-1.,0.));
#1740=DIRECTION('',(1.,0.,0.));
#1741=DIRECTION('',(1.,0.,0.));
#1742=DIRECTION('',(0.,-1.,0.));
#1743=DIRECTION('',(1.,0.,0.));
#1744=DIRECTION('',(0.,0.,1.));
#1745=DIRECTION('',(0.,-1.,0.));
#1746=DIRECTION('',(1.,0.,0.));
#1747=DIRECTION('',(-1.,0.,0.));
#1748=DIRECTION('',(0.,-1.,0.));
#1749=DIRECTION('',(1.,0.,0.));
#1750=DIRECTION('',(0.,-1.,0.));
#1751=DIRECTION('',(1.,0.,0.));
#1752=DIRECTION('',(0.,0.,1.));
#1753=DIRECTION('',(0.,-1.,0.));
#1754=DIRECTION('',(1.,0.,0.));
#1755=DIRECTION('',(0.,-1.,0.));
#1756=DIRECTION('',(1.,0.,0.));
#1757=DIRECTION('',(-1.,0.,0.));
#1758=DIRECTION('',(0.,-1.,0.));
#1759=DIRECTION('',(1.,0.,0.));
#1760=DIRECTION('',(0.,-1.,0.));
#1761=DIRECTION('',(1.,0.,0.));
#1762=DIRECTION('',(1.23908819712629E-16,0.,-1.));
#1763=DIRECTION('',(0.,-1.,0.));
#1764=DIRECTION('',(1.,0.,0.));
#1765=DIRECTION('',(0.,-1.,0.));
#1766=DIRECTION('',(1.,0.,0.));
#1767=DIRECTION('',(1.,0.,0.));
#1768=DIRECTION('',(0.,-1.,0.));
#1769=DIRECTION('',(1.,0.,0.));
#1770=DIRECTION('',(0.,-1.,0.));
#1771=DIRECTION('',(1.,0.,0.));
#1772=DIRECTION('',(1.6326809185664E-16,0.,-1.));
#1773=DIRECTION('',(0.,-1.,0.));
#1774=DIRECTION('',(1.,0.,0.));
#1775=DIRECTION('',(1.,0.,0.));
#1776=DIRECTION('',(0.,-1.,0.));
#1777=DIRECTION('',(1.,0.,0.));
#1778=DIRECTION('',(0.,0.,-1.));
#1779=DIRECTION('',(0.,-1.,0.));
#1780=DIRECTION('',(1.,0.,0.));
#1781=DIRECTION('',(-1.,0.,0.));
#1782=DIRECTION('',(0.,1.,0.));
#1783=DIRECTION('',(-1.,0.,0.));
#1784=DIRECTION('',(0.,1.,0.));
#1785=DIRECTION('',(0.,-1.,0.));
#1786=DIRECTION('',(1.,0.,0.));
#1787=DIRECTION('',(0.,1.,0.));
#1788=DIRECTION('',(1.,0.,1.23908819712629E-16));
#1789=DIRECTION('',(-1.23908819712629E-16,0.,1.));
#1790=DIRECTION('',(0.,1.,0.));
#1791=DIRECTION('',(1.23908819712629E-16,0.,-1.));
#1792=DIRECTION('',(0.,1.,0.));
#1793=DIRECTION('',(-1.,0.,0.));
#1794=DIRECTION('',(0.,1.,0.));
#1795=DIRECTION('',(0.,-1.,0.));
#1796=DIRECTION('',(1.,0.,0.));
#1797=DIRECTION('',(0.,0.,1.));
#1798=DIRECTION('',(0.,-1.,0.));
#1799=DIRECTION('',(1.,0.,0.));
#1800=DIRECTION('',(0.,-1.,0.));
#1801=DIRECTION('',(0.,-1.,0.));
#1802=DIRECTION('',(0.,1.,0.));
#1803=DIRECTION('',(-1.,0.,0.));
#1804=DIRECTION('',(0.,1.,0.));
#1805=DIRECTION('',(0.,-1.,0.));
#1806=DIRECTION('',(1.,0.,0.));
#1807=DIRECTION('',(0.,1.,0.));
#1808=DIRECTION('',(-1.,0.,0.));
#1809=DIRECTION('',(0.,-1.,0.));
#1810=DIRECTION('',(0.,1.,0.));
#1811=DIRECTION('',(0.,0.,1.));
#1812=DIRECTION('',(0.,1.,0.));
#1813=DIRECTION('',(-1.,0.,0.));
#1814=DIRECTION('',(0.,1.,0.));
#1815=DIRECTION('',(0.,-1.,0.));
#1816=DIRECTION('',(1.,0.,0.));
#1817=DIRECTION('',(0.,0.,-1.));
#1818=DIRECTION('',(0.,1.,0.));
#1819=DIRECTION('',(-1.,0.,0.));
#1820=DIRECTION('',(0.,-1.,0.));
#1821=DIRECTION('',(0.,-1.,0.));
#1822=DIRECTION('',(1.,0.,0.));
#1823=DIRECTION('',(0.,1.,0.));
#1824=DIRECTION('',(0.,1.,0.));
#1825=DIRECTION('',(0.,0.,-1.));
#1826=DIRECTION('',(0.,1.,0.));
#1827=DIRECTION('',(0.,0.,1.));
#1828=DIRECTION('',(0.,0.,1.));
#1829=DIRECTION('',(0.,-1.,0.));
#1830=DIRECTION('',(0.,1.,0.));
#1831=DIRECTION('',(1.,0.,0.));
#1832=DIRECTION('',(0.,-1.,0.));
#1833=DIRECTION('',(1.,0.,0.));
#1834=DIRECTION('',(0.,-1.,0.));
#1835=DIRECTION('',(1.,0.,0.));
#1836=DIRECTION('',(0.,-1.,0.));
#1837=DIRECTION('',(1.,0.,0.));
#1838=DIRECTION('',(0.,-1.,0.));
#1839=DIRECTION('',(1.,0.,0.));
#1840=DIRECTION('',(0.,1.,0.));
#1841=DIRECTION('',(-1.,0.,0.));
#1842=DIRECTION('',(-1.,0.,0.));
#1843=DIRECTION('',(0.,-1.,0.));
#1844=DIRECTION('',(0.,1.,0.));
#1845=DIRECTION('',(0.,0.,1.));
#1846=DIRECTION('',(0.,1.,0.));
#1847=DIRECTION('',(0.,0.,-1.));
#1848=DIRECTION('',(0.,0.,-1.));
#1849=DIRECTION('',(0.,1.,0.));
#1850=DIRECTION('',(0.,-1.,0.));
#1851=DIRECTION('',(-1.,0.,0.));
#1852=DIRECTION('',(0.,1.,0.));
#1853=DIRECTION('',(1.,0.,0.));
#1854=DIRECTION('',(0.,1.,0.));
#1855=DIRECTION('',(-1.,0.,0.));
#1856=DIRECTION('',(0.,-1.,0.));
#1857=DIRECTION('',(-1.,0.,0.));
#1858=DIRECTION('',(0.,-1.,0.));
#1859=DIRECTION('',(-1.,0.,0.));
#1860=DIRECTION('',(0.,-1.,0.));
#1861=DIRECTION('',(-1.,0.,0.));
#1862=DIRECTION('',(0.,1.,0.));
#1863=DIRECTION('',(-1.,0.,0.));
#1864=DIRECTION('',(0.,1.,0.));
#1865=DIRECTION('',(-1.,0.,0.));
#1866=DIRECTION('',(0.,0.,-1.));
#1867=DIRECTION('',(0.,1.,0.));
#1868=DIRECTION('',(-1.,0.,0.));
#1869=DIRECTION('',(-1.,0.,0.));
#1870=DIRECTION('',(0.,1.,0.));
#1871=DIRECTION('',(-1.,0.,0.));
#1872=DIRECTION('',(0.,0.,1.));
#1873=DIRECTION('',(0.,1.,0.));
#1874=DIRECTION('',(-1.,0.,0.));
#1875=DIRECTION('',(1.,0.,0.));
#1876=DIRECTION('',(0.,1.,0.));
#1877=DIRECTION('',(-1.,0.,0.));
#1878=DIRECTION('',(0.,1.,0.));
#1879=DIRECTION('',(-1.,0.,0.));
#1880=DIRECTION('',(0.,1.,0.));
#1881=DIRECTION('',(-1.,0.,0.));
#1882=DIRECTION('',(0.,1.,0.));
#1883=DIRECTION('',(-1.,0.,0.));
#1884=DIRECTION('',(0.,0.,1.));
#1885=DIRECTION('',(0.,-1.,0.));
#1886=DIRECTION('',(0.,1.,0.));
#1887=DIRECTION('',(0.,1.,0.));
#1888=DIRECTION('',(1.,0.,0.));
#1889=DIRECTION('',(0.,1.,0.));
#1890=DIRECTION('',(0.,1.,0.));
#1891=DIRECTION('',(0.,1.,0.));
#1892=DIRECTION('',(0.,0.,-1.));
#1893=DIRECTION('',(0.,1.,0.));
#1894=DIRECTION('',(0.,1.,0.));
#1895=DIRECTION('',(0.,1.,0.));
#1896=DIRECTION('',(-1.,0.,0.));
#1897=DIRECTION('',(0.,-1.,0.));
#1898=DIRECTION('',(0.,1.,0.));
#1899=DIRECTION('',(0.,1.,0.));
#1900=DIRECTION('',(-1.,0.,0.));
#1901=DIRECTION('',(0.,-1.,0.));
#1902=DIRECTION('',(0.,-1.,0.));
#1903=DIRECTION('',(0.,0.,-1.));
#1904=DIRECTION('',(0.,-1.,0.));
#1905=DIRECTION('',(0.,0.,-1.));
#1906=DIRECTION('',(1.,0.,0.));
#1907=DIRECTION('',(0.,1.,0.));
#1908=DIRECTION('',(0.,-1.,0.));
#1909=DIRECTION('',(0.,0.,1.));
#1910=DIRECTION('',(0.,-1.,0.));
#1911=DIRECTION('',(0.,0.,1.));
#1912=DIRECTION('',(0.,-1.,0.));
#1913=DIRECTION('',(1.,0.,0.));
#1914=DIRECTION('',(0.,-1.,0.));
#1915=DIRECTION('',(1.,0.,0.));
#1916=DIRECTION('',(0.,-1.,0.));
#1917=DIRECTION('',(1.,0.,0.));
#1918=DIRECTION('',(0.,-1.,0.));
#1919=DIRECTION('',(1.,0.,0.));
#1920=DIRECTION('',(0.,-1.,0.));
#1921=DIRECTION('',(1.,0.,0.));
#1922=DIRECTION('',(-1.,0.,-1.6326809185664E-16));
#1923=DIRECTION('',(1.6326809185664E-16,0.,-1.));
#1924=DIRECTION('',(0.,-1.,0.));
#1925=DIRECTION('',(1.6326809185664E-16,0.,-1.));
#1926=DIRECTION('',(0.,-1.,0.));
#1927=DIRECTION('',(1.6326809185664E-16,0.,-1.));
#1928=DIRECTION('',(1.,0.,1.6326809185664E-16));
#1929=DIRECTION('',(-1.6326809185664E-16,0.,1.));
#1930=DIRECTION('',(0.,-1.,0.));
#1931=DIRECTION('',(-1.6326809185664E-16,0.,1.));
#1932=DIRECTION('',(0.,-1.,0.));
#1933=DIRECTION('',(-1.6326809185664E-16,0.,1.));
#1934=DIRECTION('',(0.,-1.,0.));
#1935=DIRECTION('',(1.,0.,0.));
#1936=DIRECTION('',(0.,-1.,0.));
#1937=DIRECTION('',(1.,0.,0.));
#1938=DIRECTION('',(0.,-1.,0.));
#1939=DIRECTION('',(1.,0.,0.));
#1940=DIRECTION('',(0.,-1.,0.));
#1941=DIRECTION('',(1.,0.,0.));
#1942=DIRECTION('',(0.,-1.,0.));
#1943=DIRECTION('',(1.,0.,0.));
#1944=DIRECTION('',(0.,1.,0.));
#1945=DIRECTION('',(-1.,0.,0.));
#1946=DIRECTION('',(0.,-1.,0.));
#1947=DIRECTION('',(1.,0.,0.));
#1948=DIRECTION('',(0.,1.,0.));
#1949=DIRECTION('',(-1.,0.,0.));
#1950=DIRECTION('',(0.,-1.,0.));
#1951=DIRECTION('',(1.,0.,0.));
#1952=DIRECTION('',(0.,1.,0.));
#1953=DIRECTION('',(-1.,0.,0.));
#1954=DIRECTION('',(0.,-1.,0.));
#1955=DIRECTION('',(1.,0.,0.));
#1956=DIRECTION('',(0.,1.,0.));
#1957=DIRECTION('',(-1.,0.,0.));
#1958=DIRECTION('',(0.,-1.,0.));
#1959=DIRECTION('',(1.,0.,0.));
#1960=DIRECTION('',(0.,1.,0.));
#1961=DIRECTION('',(-1.,0.,0.));
#1962=DIRECTION('',(0.,-1.,0.));
#1963=DIRECTION('',(1.,0.,0.));
#1964=DIRECTION('',(0.,1.,0.));
#1965=DIRECTION('',(-1.,0.,0.));
#1966=DIRECTION('',(0.,-1.,0.));
#1967=DIRECTION('',(1.,0.,0.));
#1968=DIRECTION('',(0.,1.,0.));
#1969=DIRECTION('',(-1.,0.,0.));
#1970=DIRECTION('',(0.,-1.,0.));
#1971=DIRECTION('',(1.,0.,0.));
#1972=DIRECTION('',(0.,1.,0.));
#1973=DIRECTION('',(-1.,0.,0.));
#1974=DIRECTION('',(0.,-1.,0.));
#1975=DIRECTION('',(1.,0.,0.));
#1976=DIRECTION('',(0.,-1.,0.));
#1977=DIRECTION('',(1.,0.,0.));
#1978=DIRECTION('',(0.,-1.,0.));
#1979=DIRECTION('',(1.,0.,0.));
#1980=DIRECTION('',(0.,-1.,0.));
#1981=DIRECTION('',(1.,0.,0.));
#1982=DIRECTION('',(0.,-1.,0.));
#1983=DIRECTION('',(1.,0.,0.));
#1984=DIRECTION('',(0.,-1.,0.));
#1985=DIRECTION('',(1.,0.,0.));
#1986=DIRECTION('',(0.,-1.,0.));
#1987=DIRECTION('',(1.,0.,0.));
#1988=DIRECTION('',(0.,-1.,0.));
#1989=DIRECTION('',(1.,0.,0.));
#1990=DIRECTION('',(0.,-1.,0.));
#1991=DIRECTION('',(1.,0.,0.));
#1992=DIRECTION('',(0.,1.,0.));
#1993=DIRECTION('',(-1.,0.,0.));
#1994=DIRECTION('',(0.,1.,0.));
#1995=DIRECTION('',(-1.,0.,0.));
#1996=DIRECTION('',(0.,1.,0.));
#1997=DIRECTION('',(-1.,0.,0.));
#1998=DIRECTION('',(0.,1.,0.));
#1999=DIRECTION('',(-1.,0.,0.));
#2000=DIRECTION('',(0.,0.,-1.));
#2001=DIRECTION('',(0.,1.,0.));
#2002=DIRECTION('',(0.,0.,-1.));
#2003=DIRECTION('',(0.,1.,0.));
#2004=DIRECTION('',(0.,0.,1.));
#2005=DIRECTION('',(0.,-1.,0.));
#2006=DIRECTION('',(0.,-1.,0.));
#2007=DIRECTION('',(1.,0.,0.));
#2008=DIRECTION('',(1.,0.,0.));
#2009=DIRECTION('',(0.,1.,0.));
#2010=DIRECTION('',(0.,-1.,0.));
#2011=DIRECTION('',(1.,0.,0.));
#2012=DIRECTION('',(1.,0.,0.));
#2013=DIRECTION('',(0.,1.,0.));
#2014=DIRECTION('',(-1.,0.,0.));
#2015=DIRECTION('',(0.,-1.,0.));
#2016=DIRECTION('',(1.,0.,0.));
#2017=DIRECTION('',(0.,1.,0.));
#2018=DIRECTION('',(1.,0.,0.));
#2019=DIRECTION('',(0.,1.,0.));
#2020=DIRECTION('',(1.,0.,0.));
#2021=DIRECTION('',(0.,1.,0.));
#2022=DIRECTION('',(0.,-1.,0.));
#2023=DIRECTION('',(1.,0.,0.));
#2024=DIRECTION('',(0.,0.,-1.));
#2025=DIRECTION('',(0.,1.,0.));
#2026=DIRECTION('',(0.,-1.,0.));
#2027=DIRECTION('',(1.,0.,0.));
#2028=DIRECTION('',(0.,0.,1.));
#2029=DIRECTION('',(0.,-1.,0.));
#2030=DIRECTION('',(1.6326809185664E-16,0.,-1.));
#2031=DIRECTION('',(1.,0.,1.6326809185664E-16));
#2032=DIRECTION('',(0.,-1.,0.));
#2033=DIRECTION('',(1.,0.,0.));
#2034=DIRECTION('',(0.,0.,-1.));
#2035=DIRECTION('',(0.,1.,0.));
#2036=DIRECTION('',(1.,0.,0.));
#2037=DIRECTION('',(0.,1.,0.));
#2038=DIRECTION('',(-1.,0.,0.));
#2039=DIRECTION('',(0.,-1.,0.));
#2040=DIRECTION('',(1.,0.,0.));
#2041=DIRECTION('',(0.,1.,0.));
#2042=DIRECTION('',(-1.6326809185664E-16,0.,1.));
#2043=DIRECTION('',(-1.,0.,-1.6326809185664E-16));
#2044=DIRECTION('',(0.,0.,-1.));
#2045=DIRECTION('',(0.,1.,0.));
#2046=DIRECTION('',(0.,-1.,0.));
#2047=DIRECTION('',(1.,0.,0.));
#2048=DIRECTION('',(0.,0.,-1.));
#2049=DIRECTION('',(0.,1.,0.));
#2050=DIRECTION('',(0.,-1.,0.));
#2051=DIRECTION('',(1.,0.,0.));
#2052=DIRECTION('',(1.,0.,0.));
#2053=DIRECTION('',(0.,1.,0.));
#2054=DIRECTION('',(0.,0.,-1.));
#2055=DIRECTION('',(0.,1.,0.));
#2056=DIRECTION('',(0.,0.,-1.));
#2057=DIRECTION('',(0.,1.,0.));
#2058=DIRECTION('',(1.,0.,0.));
#2059=DIRECTION('',(0.,1.,0.));
#2060=DIRECTION('',(1.,0.,0.));
#2061=DIRECTION('',(0.,1.,0.));
#2062=DIRECTION('',(0.,-1.,0.));
#2063=DIRECTION('',(1.,0.,0.));
#2064=DIRECTION('',(0.,-1.,0.));
#2065=DIRECTION('',(1.,0.,0.));
#2066=DIRECTION('',(0.,0.,-1.));
#2067=DIRECTION('',(0.,1.,0.));
#2068=DIRECTION('',(1.,0.,0.));
#2069=DIRECTION('',(0.,1.,0.));
#2070=DIRECTION('',(-1.,0.,0.));
#2071=DIRECTION('',(0.,-1.,0.));
#2072=DIRECTION('',(1.,0.,0.));
#2073=DIRECTION('',(0.,1.,0.));
#2074=DIRECTION('',(0.,0.,1.));
#2075=DIRECTION('',(0.,-1.,0.));
#2076=DIRECTION('',(0.,0.,-1.));
#2077=DIRECTION('',(0.,1.,0.));
#2078=DIRECTION('',(0.,-1.,0.));
#2079=DIRECTION('',(1.,0.,0.));
#2080=DIRECTION('',(0.,0.,-1.));
#2081=DIRECTION('',(0.,1.,0.));
#2082=DIRECTION('',(0.,-1.,0.));
#2083=DIRECTION('',(1.,0.,0.));
#2084=DIRECTION('',(1.,0.,0.));
#2085=DIRECTION('',(0.,1.,0.));
#2086=DIRECTION('',(0.,0.,1.));
#2087=DIRECTION('',(0.,-1.,0.));
#2088=DIRECTION('',(0.,0.,-1.));
#2089=DIRECTION('',(0.,1.,0.));
#2090=DIRECTION('',(1.,0.,0.));
#2091=DIRECTION('',(0.,1.,0.));
#2092=DIRECTION('',(1.,0.,0.));
#2093=DIRECTION('',(0.,1.,0.));
#2094=DIRECTION('',(0.,-1.,0.));
#2095=DIRECTION('',(1.,0.,0.));
#2096=DIRECTION('',(0.,1.,0.));
#2097=DIRECTION('',(-1.,0.,0.));
#2098=DIRECTION('',(0.,-1.,0.));
#2099=DIRECTION('',(1.,0.,0.));
#2100=DIRECTION('',(-1.,0.,0.));
#2101=DIRECTION('',(0.,-1.,0.));
#2102=DIRECTION('',(-1.,0.,0.));
#2103=DIRECTION('',(0.,-1.,0.));
#2104=DIRECTION('',(1.,0.,0.));
#2105=DIRECTION('',(0.,1.,0.));
#2106=DIRECTION('',(0.,1.,0.));
#2107=DIRECTION('',(-1.,0.,0.));
#2108=DIRECTION('',(0.,-1.,0.));
#2109=DIRECTION('',(1.,0.,0.));
#2110=DIRECTION('',(0.,-1.,0.));
#2111=DIRECTION('',(1.,0.,0.));
#2112=DIRECTION('',(-0.375000000000021,0.,0.927024810886949));
#2113=DIRECTION('',(-0.927024810886949,0.,-0.375000000000021));
#2114=DIRECTION('',(0.,-1.,0.));
#2115=DIRECTION('',(1.,0.,0.));
#2116=DIRECTION('',(0.375000000000027,0.,0.927024810886947));
#2117=DIRECTION('',(-0.927024810886947,0.,0.375000000000027));
#2118=DIRECTION('',(0.,-1.,0.));
#2119=DIRECTION('',(1.,0.,0.));
#2120=DIRECTION('',(0.,0.,1.));
#2121=DIRECTION('',(0.,-1.,0.));
#2122=DIRECTION('',(0.,-1.,0.));
#2123=DIRECTION('',(1.,0.,0.));
#2124=DIRECTION('',(0.,0.,1.));
#2125=DIRECTION('',(0.,-1.,0.));
#2126=DIRECTION('',(0.,0.,-1.));
#2127=DIRECTION('',(0.,1.,0.));
#2128=DIRECTION('',(0.,0.,1.));
#2129=DIRECTION('',(0.,-1.,0.));
#2130=DIRECTION('',(-1.23908819712629E-16,0.,1.));
#2131=DIRECTION('',(-1.,0.,-1.23908819712629E-16));
#2132=DIRECTION('',(-1.23908819712629E-16,-5.23934624937935E-33,1.));
#2133=DIRECTION('',(-1.,0.,-1.23908819712629E-16));
#2134=DIRECTION('',(0.,1.,0.));
#2135=DIRECTION('',(-1.,0.,0.));
#2136=DIRECTION('',(0.,-1.,0.));
#2137=DIRECTION('',(1.,0.,0.));
#2138=DIRECTION('',(0.,-1.,0.));
#2139=DIRECTION('',(1.,0.,0.));
#2140=DIRECTION('',(-0.374999999999992,0.,-0.927024810886961));
#2141=DIRECTION('',(0.927024810886961,0.,-0.374999999999992));
#2142=DIRECTION('',(0.,-1.,0.));
#2143=DIRECTION('',(1.,0.,0.));
#2144=DIRECTION('',(0.375,0.,-0.927024810886958));
#2145=DIRECTION('',(0.927024810886958,0.,0.375));
#2146=DIRECTION('',(0.,1.,0.));
#2147=DIRECTION('',(-1.,0.,0.));
#2148=DIRECTION('',(0.,-1.,0.));
#2149=DIRECTION('',(1.,0.,0.));
#2150=DIRECTION('',(0.,-1.,0.));
#2151=DIRECTION('',(1.,0.,0.));
#2152=DIRECTION('',(1.,0.,0.));
#2153=DIRECTION('',(0.,1.,0.));
#2154=DIRECTION('',(0.,-1.,0.));
#2155=DIRECTION('',(1.,0.,0.));
#2156=DIRECTION('',(-1.,0.,0.));
#2157=DIRECTION('',(0.,-1.,0.));
#2158=DIRECTION('',(1.,0.,0.));
#2159=DIRECTION('',(0.,1.,0.));
#2160=DIRECTION('',(0.,-1.,0.));
#2161=DIRECTION('',(1.,0.,0.));
#2162=DIRECTION('',(0.,1.,0.));
#2163=DIRECTION('',(-1.,0.,0.));
#2164=DIRECTION('',(0.,1.,0.));
#2165=DIRECTION('',(-1.,0.,0.));
#2166=DIRECTION('',(0.,-1.,0.));
#2167=DIRECTION('',(1.,0.,0.));
#2168=DIRECTION('',(0.,1.,0.));
#2169=DIRECTION('',(-1.,0.,0.));
#2170=DIRECTION('',(0.,1.,0.));
#2171=DIRECTION('',(-1.,0.,0.));
#2172=DIRECTION('',(0.,-1.,0.));
#2173=DIRECTION('',(1.,0.,0.));
#2174=DIRECTION('',(0.,1.,0.));
#2175=DIRECTION('',(-1.,0.,0.));
#2176=DIRECTION('',(0.,1.,0.));
#2177=DIRECTION('',(-1.,0.,0.));
#2178=DIRECTION('',(0.,-1.,0.));
#2179=DIRECTION('',(1.,0.,0.));
#2180=DIRECTION('',(0.,1.,0.));
#2181=DIRECTION('',(-1.,0.,0.));
#2182=DIRECTION('',(0.,1.,0.));
#2183=DIRECTION('',(-1.,0.,0.));
#2184=CARTESIAN_POINT('',(0.,0.,0.));
#2185=CARTESIAN_POINT('',(0.003,0.,0.));
#2186=CARTESIAN_POINT('',(0.189,0.,-0.091));
#2187=CARTESIAN_POINT('',(0.1905,0.,-0.091));
#2188=CARTESIAN_POINT('',(0.003,0.,-0.091));
#2189=CARTESIAN_POINT('',(0.0045,0.,-0.091));
#2190=CARTESIAN_POINT('',(0.003,0.,0.));
#2191=CARTESIAN_POINT('',(0.0045,0.,0.));
#2192=CARTESIAN_POINT('',(0.189,0.,0.));
#2193=CARTESIAN_POINT('',(0.1905,0.,0.));
#2194=CARTESIAN_POINT('',(0.189,0.,0.));
#2195=CARTESIAN_POINT('',(0.19,0.,-0.00309232921921326));
#2196=CARTESIAN_POINT('',(0.185907670780786,0.,-0.001));
#2197=CARTESIAN_POINT('',(0.002,0.,-0.001));
#2198=CARTESIAN_POINT('',(0.00609232921921324,0.,-0.001));
#2199=CARTESIAN_POINT('',(0.003,0.,0.));
#2200=CARTESIAN_POINT('',(0.002,0.,-0.00309232921921325));
#2201=CARTESIAN_POINT('',(0.002,0.,-0.09));
#2202=CARTESIAN_POINT('',(0.002,0.,-0.0879076707807868));
#2203=CARTESIAN_POINT('',(0.003,0.,-0.091));
#2204=CARTESIAN_POINT('',(0.00609232921921326,0.,-0.09));
#2205=CARTESIAN_POINT('',(0.19,0.,-0.09));
#2206=CARTESIAN_POINT('',(0.185907670780786,0.,-0.09));
#2207=CARTESIAN_POINT('',(0.189,0.,-0.091));
#2208=CARTESIAN_POINT('',(0.19,0.,-0.0879076707807868));
#2209=CARTESIAN_POINT('',(0.19,0.,-0.001));
#2210=CARTESIAN_POINT('',(0.189,0.,-0.091));
#2211=CARTESIAN_POINT('',(0.186218925567339,0.,-0.092125));
#2212=CARTESIAN_POINT('',(0.192,0.,-0.091));
#2213=CARTESIAN_POINT('',(0.186033520605162,0.,-0.0922));
#2214=CARTESIAN_POINT('',(0.186033520605162,0.,-0.092));
#2215=CARTESIAN_POINT('',(0.0058284271247462,0.,-0.092));
#2216=CARTESIAN_POINT('',(0.00596647939483827,0.,-0.092));
#2217=CARTESIAN_POINT('',(0.00596647939483827,0.,-0.0922));
#2218=CARTESIAN_POINT('',(0.00578107443266089,0.,-0.092125));
#2219=CARTESIAN_POINT('',(0.003,0.,-0.091));
#2220=CARTESIAN_POINT('',(1.12757025938492E-17,0.,-0.091));
#2221=CARTESIAN_POINT('',(0.,0.,0.));
#2222=CARTESIAN_POINT('',(0.,0.,0.));
#2223=CARTESIAN_POINT('',(0.003,0.,0.));
#2224=CARTESIAN_POINT('',(0.00578107443266087,0.,0.001125));
#2225=CARTESIAN_POINT('',(0.00596647939483827,0.,0.0012));
#2226=CARTESIAN_POINT('',(0.00596647939483827,0.,0.001));
#2227=CARTESIAN_POINT('',(0.00582842712474619,0.,0.001));
#2228=CARTESIAN_POINT('',(0.186033520605162,0.,0.001));
#2229=CARTESIAN_POINT('',(0.186033520605162,0.,0.0012));
#2230=CARTESIAN_POINT('',(0.186218925567339,0.,0.001125));
#2231=CARTESIAN_POINT('',(0.189,0.,0.));
#2232=CARTESIAN_POINT('',(0.192,0.,0.));
#2233=CARTESIAN_POINT('',(0.192,0.,0.));
#2234=CARTESIAN_POINT('',(0.003,-0.002,0.));
#2235=CARTESIAN_POINT('',(0.1257,-0.002,0.));
#2236=CARTESIAN_POINT('',(0.1257,-0.002,-0.007));
#2237=CARTESIAN_POINT('',(0.1257,-0.002,-0.084));
#2238=CARTESIAN_POINT('',(0.1215,-0.002,-0.084));
#2239=CARTESIAN_POINT('',(0.1215,-0.002,-0.0882));
#2240=CARTESIAN_POINT('',(0.003,-0.002,-0.0882));
#2241=CARTESIAN_POINT('',(0.0725,-0.002,-0.0882));
#2242=CARTESIAN_POINT('',(0.0725,-0.002,-0.084));
#2243=CARTESIAN_POINT('',(0.0683,-0.002,-0.084));
#2244=CARTESIAN_POINT('',(0.0683,-0.002,1.06614063982386E-17));
#2245=CARTESIAN_POINT('',(0.0683,-0.002,-0.007));
#2246=CARTESIAN_POINT('',(0.0725,-0.002,-0.007));
#2247=CARTESIAN_POINT('',(0.0725,-0.002,-0.0028));
#2248=CARTESIAN_POINT('',(0.003,-0.002,-0.0028));
#2249=CARTESIAN_POINT('',(0.1215,-0.002,-0.0028));
#2250=CARTESIAN_POINT('',(0.1215,-0.002,-0.007));
#2251=CARTESIAN_POINT('',(0.1882,-0.002,0.));
#2252=CARTESIAN_POINT('',(0.1882,-0.002,-0.007));
#2253=CARTESIAN_POINT('',(0.1882,-0.002,-0.084));
#2254=CARTESIAN_POINT('',(0.184,-0.002,-0.084));
#2255=CARTESIAN_POINT('',(0.184,-0.002,-0.0882));
#2256=CARTESIAN_POINT('',(0.003,-0.002,-0.0882));
#2257=CARTESIAN_POINT('',(0.1355,-0.002,-0.0882));
#2258=CARTESIAN_POINT('',(0.1355,-0.002,-0.084));
#2259=CARTESIAN_POINT('',(0.1313,-0.002,-0.084));
#2260=CARTESIAN_POINT('',(0.1313,-0.002,0.));
#2261=CARTESIAN_POINT('',(0.1313,-0.002,-0.007));
#2262=CARTESIAN_POINT('',(0.1355,-0.002,-0.007));
#2263=CARTESIAN_POINT('',(0.1355,-0.002,-0.0028));
#2264=CARTESIAN_POINT('',(0.003,-0.002,-0.0028));
#2265=CARTESIAN_POINT('',(0.184,-0.002,-0.0028));
#2266=CARTESIAN_POINT('',(0.184,-0.002,-0.007));
#2267=CARTESIAN_POINT('',(0.189,-0.002,-0.091));
#2268=CARTESIAN_POINT('',(0.186404330529516,-0.002,-0.09205));
#2269=CARTESIAN_POINT('',(0.1918,-0.002,-0.091));
#2270=CARTESIAN_POINT('',(0.1918,-0.002,0.));
#2271=CARTESIAN_POINT('',(0.1918,-0.002,0.));
#2272=CARTESIAN_POINT('',(0.189,-0.002,0.));
#2273=CARTESIAN_POINT('',(0.186404330529516,-0.002,0.00105));
#2274=CARTESIAN_POINT('',(0.186033520605162,-0.002,0.0012));
#2275=CARTESIAN_POINT('',(0.186033520605162,-0.002,0.0008));
#2276=CARTESIAN_POINT('',(0.00582842712474619,-0.002,0.0008));
#2277=CARTESIAN_POINT('',(0.00596647939483827,-0.002,0.0008));
#2278=CARTESIAN_POINT('',(0.00596647939483827,-0.002,0.0012));
#2279=CARTESIAN_POINT('',(0.00559566947048348,-0.002,0.00105));
#2280=CARTESIAN_POINT('',(0.003,-0.002,0.));
#2281=CARTESIAN_POINT('',(0.0002,-0.002,2.47817639425259E-20));
#2282=CARTESIAN_POINT('',(0.000200000000000012,-0.002,-0.091));
#2283=CARTESIAN_POINT('',(0.000200000000000012,-0.002,-0.091));
#2284=CARTESIAN_POINT('',(0.003,-0.002,-0.091));
#2285=CARTESIAN_POINT('',(0.0055956694704835,-0.002,-0.09205));
#2286=CARTESIAN_POINT('',(0.00596647939483827,-0.002,-0.0922));
#2287=CARTESIAN_POINT('',(0.00596647939483827,-0.002,-0.0918));
#2288=CARTESIAN_POINT('',(0.186171572875254,-0.002,-0.0918));
#2289=CARTESIAN_POINT('',(0.186033520605162,-0.002,-0.0918));
#2290=CARTESIAN_POINT('',(0.186033520605162,-0.002,-0.0922));
#2291=CARTESIAN_POINT('',(0.0585,-0.002,-0.007));
#2292=CARTESIAN_POINT('',(0.0585,-0.002,-0.0028));
#2293=CARTESIAN_POINT('',(0.0627,-0.002,-0.007));
#2294=CARTESIAN_POINT('',(0.0627,-0.002,9.74710508384145E-18));
#2295=CARTESIAN_POINT('',(0.0627,-0.002,-0.084));
#2296=CARTESIAN_POINT('',(0.0585,-0.002,-0.084));
#2297=CARTESIAN_POINT('',(0.0585,-0.002,-0.0882));
#2298=CARTESIAN_POINT('',(0.003,-0.002,-0.0882));
#2299=CARTESIAN_POINT('',(0.008,-0.002,-0.0882));
#2300=CARTESIAN_POINT('',(0.008,-0.002,-0.084));
#2301=CARTESIAN_POINT('',(0.0038,-0.002,-0.084));
#2302=CARTESIAN_POINT('',(0.0038,-0.002,0.));
#2303=CARTESIAN_POINT('',(0.0038,-0.002,-0.007));
#2304=CARTESIAN_POINT('',(0.008,-0.002,-0.007));
#2305=CARTESIAN_POINT('',(0.008,-0.002,-0.0028));
#2306=CARTESIAN_POINT('',(0.003,-0.002,-0.0028));
#2307=CARTESIAN_POINT('',(0.003,-0.002,0.));
#2308=CARTESIAN_POINT('',(0.,-0.002,0.));
#2309=CARTESIAN_POINT('',(0.,-0.0018,0.));
#2310=CARTESIAN_POINT('',(0.003,-0.0018,0.));
#2311=CARTESIAN_POINT('',(0.00578107443266087,-0.0018,0.001125));
#2312=CARTESIAN_POINT('',(0.00578107443266087,-0.002,0.001125));
#2313=CARTESIAN_POINT('',(0.,-0.002,0.));
#2314=CARTESIAN_POINT('',(1.12757025938492E-17,-0.002,-0.091));
#2315=CARTESIAN_POINT('',(1.12757025938492E-17,-0.0018,-0.091));
#2316=CARTESIAN_POINT('',(1.11862362308546E-51,-0.0018,-9.02779661431517E-36));
#2317=CARTESIAN_POINT('',(0.003,-0.002,-0.091));
#2318=CARTESIAN_POINT('',(0.00578107443266089,-0.002,-0.092125));
#2319=CARTESIAN_POINT('',(0.00578107443266089,-0.0018,-0.092125));
#2320=CARTESIAN_POINT('',(0.003,-0.0018,-0.091));
#2321=CARTESIAN_POINT('',(0.0058284271247462,-0.002,-0.092));
#2322=CARTESIAN_POINT('',(0.0058284271247462,-0.0018,-0.092));
#2323=CARTESIAN_POINT('',(0.186033520605162,-0.0018,-0.092));
#2324=CARTESIAN_POINT('',(0.00596647939483827,-0.0018,-0.092));
#2325=CARTESIAN_POINT('',(0.00596647939483827,0.,-0.092));
#2326=CARTESIAN_POINT('',(0.186033520605162,-0.002,-0.092));
#2327=CARTESIAN_POINT('',(0.189,-0.002,-0.091));
#2328=CARTESIAN_POINT('',(0.192,-0.002,-0.091));
#2329=CARTESIAN_POINT('',(0.192,-0.0018,-0.091));
#2330=CARTESIAN_POINT('',(0.189,-0.0018,-0.091));
#2331=CARTESIAN_POINT('',(0.186218925567339,-0.0018,-0.092125));
#2332=CARTESIAN_POINT('',(0.186218925567339,-0.002,-0.092125));
#2333=CARTESIAN_POINT('',(0.192,-0.002,0.));
#2334=CARTESIAN_POINT('',(0.192,-0.002,0.));
#2335=CARTESIAN_POINT('',(0.192,-0.0018,0.));
#2336=CARTESIAN_POINT('',(0.192,-0.0018,-0.091));
#2337=CARTESIAN_POINT('',(0.189,-0.002,0.));
#2338=CARTESIAN_POINT('',(0.186218925567339,-0.002,0.001125));
#2339=CARTESIAN_POINT('',(0.186218925567339,-0.0018,0.001125));
#2340=CARTESIAN_POINT('',(0.189,-0.0018,0.));
#2341=CARTESIAN_POINT('',(0.00582842712474619,-0.002,0.001));
#2342=CARTESIAN_POINT('',(0.186171572875254,-0.0018,0.001));
#2343=CARTESIAN_POINT('',(0.00596647939483827,-0.0018,0.001));
#2344=CARTESIAN_POINT('',(0.186033520605162,-0.0018,0.001));
#2345=CARTESIAN_POINT('',(0.186033520605162,0.,0.001));
#2346=CARTESIAN_POINT('',(0.00596647939483827,-0.002,0.001));
#2347=CARTESIAN_POINT('',(0.004,-0.002,-0.003));
#2348=CARTESIAN_POINT('',(0.004,-0.002,-0.007));
#2349=CARTESIAN_POINT('',(0.004,0.005,-0.007));
#2350=CARTESIAN_POINT('',(0.004,-0.0018,-0.007));
#2351=CARTESIAN_POINT('',(0.004,-0.0018,-0.003));
#2352=CARTESIAN_POINT('',(0.004,-0.0018,-0.084));
#2353=CARTESIAN_POINT('',(0.004,0.005,-0.084));
#2354=CARTESIAN_POINT('',(0.004,0.005,-0.084));
#2355=CARTESIAN_POINT('',(0.004,0.005,-0.088));
#2356=CARTESIAN_POINT('',(0.004,-0.002,-0.088));
#2357=CARTESIAN_POINT('',(0.008,-0.002,-0.088));
#2358=CARTESIAN_POINT('',(0.008,0.005,-0.088));
#2359=CARTESIAN_POINT('',(0.008,-0.0018,-0.088));
#2360=CARTESIAN_POINT('',(0.004,-0.0018,-0.088));
#2361=CARTESIAN_POINT('',(0.0585,-0.0018,-0.088));
#2362=CARTESIAN_POINT('',(0.0585,0.,-0.088));
#2363=CARTESIAN_POINT('',(0.0585,0.,-0.088));
#2364=CARTESIAN_POINT('',(0.0625,0.,-0.088));
#2365=CARTESIAN_POINT('',(0.0725,0.,-0.088));
#2366=CARTESIAN_POINT('',(0.0725,-0.002,-0.088));
#2367=CARTESIAN_POINT('',(0.0725,-0.0018,-0.088));
#2368=CARTESIAN_POINT('',(0.004,-0.0018,-0.088));
#2369=CARTESIAN_POINT('',(0.1215,-0.0018,-0.088));
#2370=CARTESIAN_POINT('',(0.1215,0.,-0.088));
#2371=CARTESIAN_POINT('',(0.1215,0.,-0.088));
#2372=CARTESIAN_POINT('',(0.1255,0.,-0.088));
#2373=CARTESIAN_POINT('',(0.1355,0.,-0.088));
#2374=CARTESIAN_POINT('',(0.1355,-0.002,-0.088));
#2375=CARTESIAN_POINT('',(0.1355,-0.0018,-0.088));
#2376=CARTESIAN_POINT('',(0.004,-0.0018,-0.088));
#2377=CARTESIAN_POINT('',(0.184,-0.0018,-0.088));
#2378=CARTESIAN_POINT('',(0.184,0.005,-0.088));
#2379=CARTESIAN_POINT('',(0.184,0.005,-0.088));
#2380=CARTESIAN_POINT('',(0.188,0.005,-0.088));
#2381=CARTESIAN_POINT('',(0.188,-0.002,-0.003));
#2382=CARTESIAN_POINT('',(0.188,-0.002,-0.084));
#2383=CARTESIAN_POINT('',(0.188,0.005,-0.084));
#2384=CARTESIAN_POINT('',(0.188,-0.0018,-0.084));
#2385=CARTESIAN_POINT('',(0.188,-0.0018,-0.003));
#2386=CARTESIAN_POINT('',(0.188,-0.0018,-0.007));
#2387=CARTESIAN_POINT('',(0.188,0.005,-0.007));
#2388=CARTESIAN_POINT('',(0.188,0.005,-0.007));
#2389=CARTESIAN_POINT('',(0.188,0.005,-0.003));
#2390=CARTESIAN_POINT('',(0.004,-0.002,-0.003));
#2391=CARTESIAN_POINT('',(0.0585,-0.002,-0.003));
#2392=CARTESIAN_POINT('',(0.0585,0.,-0.003));
#2393=CARTESIAN_POINT('',(0.0585,-0.0018,-0.003));
#2394=CARTESIAN_POINT('',(0.004,-0.0018,-0.003));
#2395=CARTESIAN_POINT('',(0.008,-0.0018,-0.003));
#2396=CARTESIAN_POINT('',(0.008,0.005,-0.003));
#2397=CARTESIAN_POINT('',(0.008,0.005,-0.003));
#2398=CARTESIAN_POINT('',(0.004,0.005,-0.003));
#2399=CARTESIAN_POINT('',(0.184,0.005,-0.003));
#2400=CARTESIAN_POINT('',(0.184,-0.002,-0.003));
#2401=CARTESIAN_POINT('',(0.184,-0.0018,-0.003));
#2402=CARTESIAN_POINT('',(0.004,-0.0018,-0.003));
#2403=CARTESIAN_POINT('',(0.1355,-0.0018,-0.003));
#2404=CARTESIAN_POINT('',(0.1355,0.,-0.003));
#2405=CARTESIAN_POINT('',(0.1355,0.,-0.003));
#2406=CARTESIAN_POINT('',(0.1255,0.,-0.003));
#2407=CARTESIAN_POINT('',(0.1215,0.,-0.003));
#2408=CARTESIAN_POINT('',(0.1215,-0.002,-0.003));
#2409=CARTESIAN_POINT('',(0.1215,-0.0018,-0.003));
#2410=CARTESIAN_POINT('',(0.004,-0.0018,-0.003));
#2411=CARTESIAN_POINT('',(0.0725,-0.0018,-0.003));
#2412=CARTESIAN_POINT('',(0.0725,0.,-0.003));
#2413=CARTESIAN_POINT('',(0.0725,0.,-0.003));
#2414=CARTESIAN_POINT('',(0.0625,0.,-0.003));
#2415=CARTESIAN_POINT('',(0.,0.005,0.));
#2416=CARTESIAN_POINT('',(0.189,0.005,0.));
#2417=CARTESIAN_POINT('',(0.19,0.005,-0.00309232921921326));
#2418=CARTESIAN_POINT('',(0.185907670780786,0.005,-0.001));
#2419=CARTESIAN_POINT('',(0.19,0.005,-0.001));
#2420=CARTESIAN_POINT('',(0.19,0.005,-0.0879076707807868));
#2421=CARTESIAN_POINT('',(0.189,0.005,-0.091));
#2422=CARTESIAN_POINT('',(0.185907670780786,0.005,-0.09));
#2423=CARTESIAN_POINT('',(0.19,0.005,-0.09));
#2424=CARTESIAN_POINT('',(0.00609232921921326,0.005,-0.09));
#2425=CARTESIAN_POINT('',(0.003,0.005,-0.091));
#2426=CARTESIAN_POINT('',(0.002,0.005,-0.0879076707807868));
#2427=CARTESIAN_POINT('',(0.002,0.005,-0.09));
#2428=CARTESIAN_POINT('',(0.002,0.005,-0.00309232921921325));
#2429=CARTESIAN_POINT('',(0.003,0.005,0.));
#2430=CARTESIAN_POINT('',(0.00609232921921325,0.005,-0.001));
#2431=CARTESIAN_POINT('',(0.002,0.005,-0.001));
#2432=CARTESIAN_POINT('',(0.184,0.005,-0.007));
#2433=CARTESIAN_POINT('',(0.008,0.005,-0.007));
#2434=CARTESIAN_POINT('',(0.008,0.005,-0.084));
#2435=CARTESIAN_POINT('',(0.184,0.005,-0.084));
#2436=CARTESIAN_POINT('',(0.19,0.005,-0.09));
#2437=CARTESIAN_POINT('',(0.00609232921921326,-0.00919238815542513,-0.09));
#2438=CARTESIAN_POINT('',(0.185907670780786,-0.00919238815542513,-0.09));
#2439=CARTESIAN_POINT('',(0.002,0.005,-0.09));
#2440=CARTESIAN_POINT('',(0.002,-0.00919238815542513,-0.0879076707807868));
#2441=CARTESIAN_POINT('',(0.002,-0.00919238815542513,-0.00309232921921325));
#2442=CARTESIAN_POINT('',(0.002,0.005,-0.001));
#2443=CARTESIAN_POINT('',(0.185907670780786,-0.00919238815542513,-0.001));
#2444=CARTESIAN_POINT('',(0.00609232921921324,-0.00919238815542513,-0.001));
#2445=CARTESIAN_POINT('',(0.19,0.005,-0.001));
#2446=CARTESIAN_POINT('',(0.19,-0.00919238815542513,-0.00309232921921326));
#2447=CARTESIAN_POINT('',(0.19,-0.00919238815542513,-0.0879076707807868));
#2448=CARTESIAN_POINT('',(0.1255,0.,-0.003));
#2449=CARTESIAN_POINT('',(0.1255,-0.002,-0.084));
#2450=CARTESIAN_POINT('',(0.1255,0.,-0.084));
#2451=CARTESIAN_POINT('',(0.1255,-0.0018,-0.084));
#2452=CARTESIAN_POINT('',(0.1255,-0.0018,-0.003));
#2453=CARTESIAN_POINT('',(0.1255,-0.0018,-0.007));
#2454=CARTESIAN_POINT('',(0.1255,0.,-0.007));
#2455=CARTESIAN_POINT('',(0.1255,0.,-0.007));
#2456=CARTESIAN_POINT('',(0.1255,0.,-0.003));
#2457=CARTESIAN_POINT('',(0.1315,0.,-0.003));
#2458=CARTESIAN_POINT('',(0.1315,-0.002,-0.007));
#2459=CARTESIAN_POINT('',(0.1315,0.,-0.007));
#2460=CARTESIAN_POINT('',(0.1315,-0.0018,-0.007));
#2461=CARTESIAN_POINT('',(0.1315,-0.0018,-0.003));
#2462=CARTESIAN_POINT('',(0.1315,-0.0018,-0.084));
#2463=CARTESIAN_POINT('',(0.1315,0.,-0.084));
#2464=CARTESIAN_POINT('',(0.1315,0.,-0.084));
#2465=CARTESIAN_POINT('',(0.1315,0.,-0.003));
#2466=CARTESIAN_POINT('',(0.,0.,0.));
#2467=CARTESIAN_POINT('',(0.1215,0.,-0.007));
#2468=CARTESIAN_POINT('',(0.1355,0.,-0.007));
#2469=CARTESIAN_POINT('',(0.1355,0.,-0.084));
#2470=CARTESIAN_POINT('',(0.1215,0.,-0.084));
#2471=CARTESIAN_POINT('',(0.0625,0.,-0.003));
#2472=CARTESIAN_POINT('',(0.0625,-0.002,-0.084));
#2473=CARTESIAN_POINT('',(0.0625,0.,-0.084));
#2474=CARTESIAN_POINT('',(0.0625,-0.0018,-0.084));
#2475=CARTESIAN_POINT('',(0.0625,-0.0018,-0.003));
#2476=CARTESIAN_POINT('',(0.0625,-0.0018,-0.007));
#2477=CARTESIAN_POINT('',(0.0625,0.,-0.007));
#2478=CARTESIAN_POINT('',(0.0625,0.,-0.007));
#2479=CARTESIAN_POINT('',(0.0625,0.,-0.003));
#2480=CARTESIAN_POINT('',(0.0685,0.,-0.003));
#2481=CARTESIAN_POINT('',(0.0685,-0.002,-0.007));
#2482=CARTESIAN_POINT('',(0.0685,0.,-0.007));
#2483=CARTESIAN_POINT('',(0.0685,-0.0018,-0.007));
#2484=CARTESIAN_POINT('',(0.0685,-0.0018,-0.003));
#2485=CARTESIAN_POINT('',(0.0685,-0.0018,-0.084));
#2486=CARTESIAN_POINT('',(0.0685,0.,-0.084));
#2487=CARTESIAN_POINT('',(0.0685,0.,-0.084));
#2488=CARTESIAN_POINT('',(0.0685,0.,-0.003));
#2489=CARTESIAN_POINT('',(0.,0.,0.));
#2490=CARTESIAN_POINT('',(0.0585,0.,-0.007));
#2491=CARTESIAN_POINT('',(0.0725,0.,-0.007));
#2492=CARTESIAN_POINT('',(0.0725,0.,-0.084));
#2493=CARTESIAN_POINT('',(0.0585,0.,-0.084));
#2494=CARTESIAN_POINT('',(0.1355,-0.002,-0.084));
#2495=CARTESIAN_POINT('',(0.1355,-0.0018,-0.084));
#2496=CARTESIAN_POINT('',(0.1215,0.,-0.084));
#2497=CARTESIAN_POINT('',(0.1215,-0.0018,-0.084));
#2498=CARTESIAN_POINT('',(0.1215,-0.002,-0.007));
#2499=CARTESIAN_POINT('',(0.1215,-0.0018,-0.007));
#2500=CARTESIAN_POINT('',(0.1355,0.,-0.007));
#2501=CARTESIAN_POINT('',(0.1355,-0.0018,-0.007));
#2502=CARTESIAN_POINT('',(0.0725,0.,-0.007));
#2503=CARTESIAN_POINT('',(0.0725,-0.0018,-0.007));
#2504=CARTESIAN_POINT('',(0.0585,-0.002,-0.007));
#2505=CARTESIAN_POINT('',(0.0585,-0.0018,-0.007));
#2506=CARTESIAN_POINT('',(0.0725,-0.002,-0.084));
#2507=CARTESIAN_POINT('',(0.0725,-0.0018,-0.084));
#2508=CARTESIAN_POINT('',(0.0585,0.,-0.084));
#2509=CARTESIAN_POINT('',(0.0585,-0.0018,-0.084));
#2510=CARTESIAN_POINT('',(0.008,-0.002,-0.084));
#2511=CARTESIAN_POINT('',(0.008,-0.0018,-0.084));
#2512=CARTESIAN_POINT('',(0.008,-0.002,-0.007));
#2513=CARTESIAN_POINT('',(0.008,-0.0018,-0.007));
#2514=CARTESIAN_POINT('',(0.184,-0.002,-0.007));
#2515=CARTESIAN_POINT('',(0.184,-0.0018,-0.007));
#2516=CARTESIAN_POINT('',(0.184,-0.002,-0.084));
#2517=CARTESIAN_POINT('',(0.184,-0.0018,-0.084));
#2518=CARTESIAN_POINT('',(0.189,-0.00919238815542513,-0.091));
#2519=CARTESIAN_POINT('',(0.189,-0.00919238815542513,0.));
#2520=CARTESIAN_POINT('',(0.003,-0.00919238815542513,0.));
#2521=CARTESIAN_POINT('',(0.003,-0.00919238815542513,-0.091));
#2522=CARTESIAN_POINT('',(0.0038,-0.0018,-0.003));
#2523=CARTESIAN_POINT('',(0.0038,-0.0018,-0.084));
#2524=CARTESIAN_POINT('',(0.0038,-0.0018,-0.007));
#2525=CARTESIAN_POINT('',(0.008,-0.0018,-0.007));
#2526=CARTESIAN_POINT('',(0.008,-0.0018,-0.0028));
#2527=CARTESIAN_POINT('',(0.008,-0.0018,-0.084));
#2528=CARTESIAN_POINT('',(0.008,-0.0018,-0.0882));
#2529=CARTESIAN_POINT('',(0.004,-0.0018,-0.0028));
#2530=CARTESIAN_POINT('',(0.0585,-0.0018,-0.0028));
#2531=CARTESIAN_POINT('',(0.004,-0.0018,-0.0882));
#2532=CARTESIAN_POINT('',(0.0585,-0.0018,-0.0882));
#2533=CARTESIAN_POINT('',(0.0585,-0.0018,-0.007));
#2534=CARTESIAN_POINT('',(0.0627,-0.0018,-0.007));
#2535=CARTESIAN_POINT('',(0.0585,-0.0018,-0.084));
#2536=CARTESIAN_POINT('',(0.0627,-0.0018,-0.084));
#2537=CARTESIAN_POINT('',(0.0627,-0.0018,9.74710508384145E-18));
#2538=CARTESIAN_POINT('',(0.0725,-0.0018,-0.007));
#2539=CARTESIAN_POINT('',(0.0683,-0.0018,-0.007));
#2540=CARTESIAN_POINT('',(0.0725,-0.0018,-0.0028));
#2541=CARTESIAN_POINT('',(0.004,-0.0018,-0.0028));
#2542=CARTESIAN_POINT('',(0.1215,-0.0018,-0.0028));
#2543=CARTESIAN_POINT('',(0.0683,-0.0018,1.06614063982386E-17));
#2544=CARTESIAN_POINT('',(0.0683,-0.0018,-0.084));
#2545=CARTESIAN_POINT('',(0.1215,-0.0018,-0.007));
#2546=CARTESIAN_POINT('',(0.1257,-0.0018,-0.007));
#2547=CARTESIAN_POINT('',(0.0725,-0.0018,-0.084));
#2548=CARTESIAN_POINT('',(0.0725,-0.0018,-0.0882));
#2549=CARTESIAN_POINT('',(0.1257,-0.0018,0.));
#2550=CARTESIAN_POINT('',(0.1257,-0.0018,-0.084));
#2551=CARTESIAN_POINT('',(0.004,-0.0018,-0.0882));
#2552=CARTESIAN_POINT('',(0.1215,-0.0018,-0.0882));
#2553=CARTESIAN_POINT('',(0.1215,-0.0018,-0.084));
#2554=CARTESIAN_POINT('',(0.1355,-0.0018,-0.007));
#2555=CARTESIAN_POINT('',(0.1313,-0.0018,-0.007));
#2556=CARTESIAN_POINT('',(0.1355,-0.0018,-0.0028));
#2557=CARTESIAN_POINT('',(0.004,-0.0018,-0.0028));
#2558=CARTESIAN_POINT('',(0.184,-0.0018,-0.0028));
#2559=CARTESIAN_POINT('',(0.1313,-0.0018,0.));
#2560=CARTESIAN_POINT('',(0.1313,-0.0018,-0.084));
#2561=CARTESIAN_POINT('',(0.184,-0.0018,-0.007));
#2562=CARTESIAN_POINT('',(0.1882,-0.0018,-0.007));
#2563=CARTESIAN_POINT('',(0.1355,-0.0018,-0.084));
#2564=CARTESIAN_POINT('',(0.1355,-0.0018,-0.0882));
#2565=CARTESIAN_POINT('',(0.1882,-0.0018,-0.003));
#2566=CARTESIAN_POINT('',(0.1882,-0.0018,-0.084));
#2567=CARTESIAN_POINT('',(0.004,-0.0018,-0.0882));
#2568=CARTESIAN_POINT('',(0.184,-0.0018,-0.0882));
#2569=CARTESIAN_POINT('',(0.184,-0.0018,-0.084));
#2570=CARTESIAN_POINT('',(0.186033520605162,-0.002,-0.0922));
#2571=CARTESIAN_POINT('',(0.186033520605162,-0.0018,-0.0922));
#2572=CARTESIAN_POINT('',(0.003,-0.0018,-0.0918));
#2573=CARTESIAN_POINT('',(0.00596647939483827,-0.0018,-0.0918));
#2574=CARTESIAN_POINT('',(0.186033520605162,-0.0018,-0.0918));
#2575=CARTESIAN_POINT('',(0.00596647939483827,-0.002,-0.0922));
#2576=CARTESIAN_POINT('',(0.00596647939483827,-0.0018,-0.0922));
#2577=CARTESIAN_POINT('',(0.186033520605162,-0.0018,-0.0922));
#2578=CARTESIAN_POINT('',(0.186404330529516,-0.0018,-0.09205));
#2579=CARTESIAN_POINT('',(0.00596647939483827,-0.0018,-0.0922));
#2580=CARTESIAN_POINT('',(0.0055956694704835,-0.0018,-0.09205));
#2581=CARTESIAN_POINT('',(0.189,-0.0018,-0.091));
#2582=CARTESIAN_POINT('',(0.1918,-0.0018,-0.091));
#2583=CARTESIAN_POINT('',(0.003,-0.0018,-0.091));
#2584=CARTESIAN_POINT('',(0.000200000000000011,-0.0018,-0.091));
#2585=CARTESIAN_POINT('',(0.1918,-0.0018,0.));
#2586=CARTESIAN_POINT('',(0.1918,-0.0018,0.));
#2587=CARTESIAN_POINT('',(0.0002,-0.0018,-3.46944695195362E-19));
#2588=CARTESIAN_POINT('',(0.0002,-0.0018,2.47817639425258E-20));
#2589=CARTESIAN_POINT('',(0.186033520605162,-0.002,0.0012));
#2590=CARTESIAN_POINT('',(0.186033520605162,-0.0018,0.0012));
#2591=CARTESIAN_POINT('',(0.189,-0.0018,0.));
#2592=CARTESIAN_POINT('',(0.186404330529516,-0.0018,0.00105));
#2593=CARTESIAN_POINT('',(0.003,-0.0018,0.));
#2594=CARTESIAN_POINT('',(0.00559566947048348,-0.0018,0.00105));
#2595=CARTESIAN_POINT('',(0.00596647939483827,-0.002,0.0012));
#2596=CARTESIAN_POINT('',(0.00596647939483827,-0.0018,0.0012));
#2597=CARTESIAN_POINT('',(0.186033520605162,-0.0018,0.0012));
#2598=CARTESIAN_POINT('',(0.186033520605162,-0.0018,0.0008));
#2599=CARTESIAN_POINT('',(0.00596647939483827,-0.0018,0.0012));
#2600=CARTESIAN_POINT('',(0.00596647939483827,-0.0018,0.0008));
#2601=CARTESIAN_POINT('',(0.003,-0.0018,0.0008));
#2602=CARTESIAN_POINT('',(0.189,0.,0.));
#2603=CARTESIAN_POINT('',(0.189,0.005,0.));
#2604=CARTESIAN_POINT('',(0.187674603847459,0.005,0.));
#2605=CARTESIAN_POINT('',(0.189,0.005,0.));
#2606=CARTESIAN_POINT('',(0.003,0.,0.));
#2607=CARTESIAN_POINT('',(0.003,0.005,0.));
#2608=CARTESIAN_POINT('',(0.00167460384745874,0.005,0.));
#2609=CARTESIAN_POINT('',(0.003,0.005,0.));
#2610=CARTESIAN_POINT('',(0.003,0.,-0.091));
#2611=CARTESIAN_POINT('',(0.003,0.005,-0.091));
#2612=CARTESIAN_POINT('',(0.00167460384745874,0.005,-0.091));
#2613=CARTESIAN_POINT('',(0.003,0.005,-0.091));
#2614=CARTESIAN_POINT('',(0.189,0.,-0.091));
#2615=CARTESIAN_POINT('',(0.189,0.005,-0.091));
#2616=CARTESIAN_POINT('',(0.187674603847459,0.005,-0.091));
#2617=CARTESIAN_POINT('',(0.189,0.005,-0.091));
#2618=(
GEOMETRIC_REPRESENTATION_CONTEXT(3)
GLOBAL_UNCERTAINTY_ASSIGNED_CONTEXT((#2619))
GLOBAL_UNIT_ASSIGNED_CONTEXT((#2622,#2621,#2620))
REPRESENTATION_CONTEXT('id2','TOP_LEVEL_ASSEMBLY_PART')
);
#2619=UNCERTAINTY_MEASURE_WITH_UNIT(LENGTH_MEASURE(1.E-8),#2622,
'DISTANCE_ACCURACY_VALUE','Maximum Tolerance applied to model');
#2620=(
NAMED_UNIT(*)
SI_UNIT($,.STERADIAN.)
SOLID_ANGLE_UNIT()
);
#2621=(
NAMED_UNIT(*)
PLANE_ANGLE_UNIT()
SI_UNIT($,.RADIAN.)
);
#2622=(
LENGTH_UNIT()
NAMED_UNIT(*)
SI_UNIT($,.METRE.)
);
#2623=PRODUCT_DEFINITION_SHAPE('','',#2624);
#2624=PRODUCT_DEFINITION('','',#2626,#2625);
#2625=PRODUCT_DEFINITION_CONTEXT('',#2632,'design');
#2626=PRODUCT_DEFINITION_FORMATION_WITH_SPECIFIED_SOURCE('','',#2628,
 .NOT_KNOWN.);
#2627=PRODUCT_RELATED_PRODUCT_CATEGORY('','',(#2628));
#2628=PRODUCT('id2','id2','id2',(#2630));
#2629=PRODUCT_CATEGORY('','');
#2630=PRODUCT_CONTEXT('',#2632,'mechanical');
#2631=APPLICATION_PROTOCOL_DEFINITION('international standard',
'ap242_managed_model_based_3d_engineering',2020,#2632);
#2632=APPLICATION_CONTEXT('managed model based 3d engineering');
ENDSEC;
END-ISO-10303-21;
